timestamp_utc,protocol_version,device_id,app_version,build_mode,model_id,model_sha256,architecture,quantization,input_dtype,output_dtype,input_shape,runtime,requested_delegate,effective_delegate,delegate_error,threads,trial_id,randomized_order_index,phase,run_index,latency_ms,model_load_ms,process_pss_mb,process_rss_mb,battery_percent,charging_state,battery_saver,thermal_status,soc_temperature_c,gpu_temperature_c,battery_temperature_c,screen_policy,background_load_policy,error
2026-08-22T12:06:40.583125Z,1.2.0,realme_RMX3760_api35,1.2.0+3,release,mobilenet_v3_small_full_int8,7eb4e5feb3ad6a7ffe9c7d81f9f7b78d520a334323c091aaddccb8859c84991b,mobilenet_v3_small,full_int8,int8,int8,1x224x224x3,xnnpack_cpu,xnnpack,xnnpack_initialized_partition_unverified,Bad state: failed precondition,1,1,0,configuration_error,-1,,0.000000,145.7568359375,258.1953125,85.0,charging,false,0,,,42.8,FLAG_KEEP_SCREEN_ON,no_load_injected_background_apps_unverified,Bad state: failed precondition
2026-08-22T12:06:54.907096Z,1.2.0,realme_RMX3760_api35,1.2.0+3,release,efficientnet_b0_dynamic_int8,9d69d6ea033bbb5181ebf3fb5abb873a8c4407262e32f3bf25bf6bbe411052c9,efficientnet_b0,dynamic_int8,float32,float32,1x224x224x3,builtin_cpu,none,none_builtin,,4,1,1,measured,0,465.780000,6.983000,180.4287109375,297.18359375,85.0,charging,false,0,,,42.9,FLAG_KEEP_SCREEN_ON,no_load_injected_background_apps_unverified,
2026-08-22T12:06:55.436574Z,1.2.0,realme_RMX3760_api35,1.2.0+3,release,efficientnet_b0_dynamic_int8,9d69d6ea033bbb5181ebf3fb5abb873a8c4407262e32f3bf25bf6bbe411052c9,efficientnet_b0,dynamic_int8,float32,float32,1x224x224x3,builtin_cpu,none,none_builtin,,4,1,1,measured,1,469.997000,6.983000,180.5615234375,297.0859375,85.0,charging,false,0,,,42.9,FLAG_KEEP_SCREEN_ON,no_load_injected_background_apps_unverified,
2026-08-22T12:06:55.964356Z,1.2.0,realme_RMX3760_api35,1.2.0+3,release,efficientnet_b0_dynamic_int8,9d69d6ea033bbb5181ebf3fb5abb873a8c4407262e32f3bf25bf6bbe411052c9,efficientnet_b0,dynamic_int8,float32,float32,1x224x224x3,builtin_cpu,none,none_builtin,,4,1,1,measured,2,470.822000,6.983000,180.1484375,296.828125,85.0,charging,false,0,,,42.9,FLAG_KEEP_SCREEN_ON,no_load_injected_background_apps_unverified,
2026-08-22T12:06:56.478184Z,1.2.0,realme_RMX3760_api35,1.2.0+3,release,efficientnet_b0_dynamic_int8,9d69d6ea033bbb5181ebf3fb5abb873a8c4407262e32f3bf25bf6bbe411052c9,efficientnet_b0,dynamic_int8,float32,float32,1x224x224x3,builtin_cpu,none,none_builtin,,4,1,1,measured,3,455.382000,6.983000,180.6640625,297.16796875,85.0,charging,false,0,,,42.9,FLAG_KEEP_SCREEN_ON,no_load_injected_background_apps_unverified,
2026-08-22T12:06:57.083533Z,1.2.0,realme_RMX3760_api35,1.2.0+3,release,efficientnet_b0_dynamic_int8,9d69d6ea033bbb5181ebf3fb5abb873a8c4407262e32f3bf25bf6bbe411052c9,efficientnet_b0,dynamic_int8,float32,float32,1x224x224x3,builtin_cpu,none,none_builtin,,4,1,1,measured,4,551.367000,6.983000,180.6796875,297.1640625,85.0,charging,false,0,,,42.9,FLAG_KEEP_SCREEN_ON,no_load_injected_background_apps_unverified,
2026-08-22T12:06:57.619483Z,1.2.0,realme_RMX3760_api35,1.2.0+3,release,efficientnet_b0_dynamic_int8,9d69d6ea033bbb5181ebf3fb5abb873a8c4407262e32f3bf25bf6bbe411052c9,efficientnet_b0,dynamic_int8,float32,float32,1x224x224x3,builtin_cpu,none,none_builtin,,4,1,1,measured,5,478.293000,6.983000,180.71875,297.31640625,85.0,charging,false,0,,,42.9,FLAG_KEEP_SCREEN_ON,no_load_injected_background_apps_unverified,
2026-08-22T12:06:58.167034Z,1.2.0,realme_RMX3760_api35,1.2.0+3,release,efficientnet_b0_dynamic_int8,9d69d6ea033bbb5181ebf3fb5abb873a8c4407262e32f3bf25bf6bbe411052c9,efficientnet_b0,dynamic_int8,float32,float32,1x224x224x3,builtin_cpu,none,none_builtin,,4,1,1,measured,6,490.006000,6.983000,180.796875,297.35546875,85.0,charging,false,0,,,42.9,FLAG_KEEP_SCREEN_ON,no_load_injected_background_apps_unverified,
2026-08-22T12:06:58.684089Z,1.2.0,realme_RMX3760_api35,1.2.0+3,release,efficientnet_b0_dynamic_int8,9d69d6ea033bbb5181ebf3fb5abb873a8c4407262e32f3bf25bf6bbe411052c9,efficientnet_b0,dynamic_int8,float32,float32,1x224x224x3,builtin_cpu,none,none_builtin,,4,1,1,measured,7,459.682000,6.983000,180.8203125,297.22265625,85.0,charging,false,0,,,42.9,FLAG_KEEP_SCREEN_ON,no_load_injected_background_apps_unverified,
2026-08-22T12:06:59.190170Z,1.2.0,realme_RMX3760_api35,1.2.0+3,release,efficientnet_b0_dynamic_int8,9d69d6ea033bbb5181ebf3fb5abb873a8c4407262e32f3bf25bf6bbe411052c9,efficientnet_b0,dynamic_int8,float32,float32,1x224x224x3,builtin_cpu,none,none_builtin,,4,1,1,measured,8,448.350000,6.983000,180.73046875,297.29296875,85.0,charging,false,0,,,42.9,FLAG_KEEP_SCREEN_ON,no_load_injected_background_apps_unverified,
2026-08-22T12:06:59.722446Z,1.2.0,realme_RMX3760_api35,1.2.0+3,release,efficientnet_b0_dynamic_int8,9d69d6ea033bbb5181ebf3fb5abb873a8c4407262e32f3bf25bf6bbe411052c9,efficientnet_b0,dynamic_int8,float32,float32,1x224x224x3,builtin_cpu,none,none_builtin,,4,1,1,measured,9,474.508000,6.983000,180.75390625,297.46875,85.0,charging,false,0,,,42.9,FLAG_KEEP_SCREEN_ON,no_load_injected_background_apps_unverified,
2026-08-22T12:07:00.269066Z,1.2.0,realme_RMX3760_api35,1.2.0+3,release,efficientnet_b0_dynamic_int8,9d69d6ea033bbb5181ebf3fb5abb873a8c4407262e32f3bf25bf6bbe411052c9,efficientnet_b0,dynamic_int8,float32,float32,1x224x224x3,builtin_cpu,none,none_builtin,,4,1,1,measured,10,486.630000,6.983000,180.66796875,297.2421875,85.0,charging,false,0,,,42.9,FLAG_KEEP_SCREEN_ON,no_load_injected_background_apps_unverified,
2026-08-22T12:07:00.794643Z,1.2.0,realme_RMX3760_api35,1.2.0+3,release,efficientnet_b0_dynamic_int8,9d69d6ea033bbb5181ebf3fb5abb873a8c4407262e32f3bf25bf6bbe411052c9,efficientnet_b0,dynamic_int8,float32,float32,1x224x224x3,builtin_cpu,none,none_builtin,,4,1,1,measured,11,467.657000,6.983000,180.7578125,297.41015625,85.0,charging,false,0,,,42.9,FLAG_KEEP_SCREEN_ON,no_load_injected_background_apps_unverified,
2026-08-22T12:07:01.321698Z,1.2.0,realme_RMX3760_api35,1.2.0+3,release,efficientnet_b0_dynamic_int8,9d69d6ea033bbb5181ebf3fb5abb873a8c4407262e32f3bf25bf6bbe411052c9,efficientnet_b0,dynamic_int8,float32,float32,1x224x224x3,builtin_cpu,none,none_builtin,,4,1,1,measured,12,468.789000,6.983000,180.7421875,297.23828125,85.0,charging,false,0,,,42.9,FLAG_KEEP_SCREEN_ON,no_load_injected_background_apps_unverified,
2026-08-22T12:07:01.834099Z,1.2.0,realme_RMX3760_api35,1.2.0+3,release,efficientnet_b0_dynamic_int8,9d69d6ea033bbb5181ebf3fb5abb873a8c4407262e32f3bf25bf6bbe411052c9,efficientnet_b0,dynamic_int8,float32,float32,1x224x224x3,builtin_cpu,none,none_builtin,,4,1,1,measured,13,454.625000,6.983000,180.890625,297.3515625,85.0,charging,false,0,,,42.9,FLAG_KEEP_SCREEN_ON,no_load_injected_background_apps_unverified,
2026-08-22T12:07:02.346531Z,1.2.0,realme_RMX3760_api35,1.2.0+3,release,efficientnet_b0_dynamic_int8,9d69d6ea033bbb5181ebf3fb5abb873a8c4407262e32f3bf25bf6bbe411052c9,efficientnet_b0,dynamic_int8,float32,float32,1x224x224x3,builtin_cpu,none,none_builtin,,4,1,1,measured,14,454.779000,6.983000,180.9140625,297.34765625,85.0,charging,false,0,,,42.9,FLAG_KEEP_SCREEN_ON,no_load_injected_background_apps_unverified,
2026-08-22T12:07:02.851909Z,1.2.0,realme_RMX3760_api35,1.2.0+3,release,efficientnet_b0_dynamic_int8,9d69d6ea033bbb5181ebf3fb5abb873a8c4407262e32f3bf25bf6bbe411052c9,efficientnet_b0,dynamic_int8,float32,float32,1x224x224x3,builtin_cpu,none,none_builtin,,4,1,1,measured,15,448.364000,6.983000,180.9375,297.4765625,85.0,charging,false,0,,,42.9,FLAG_KEEP_SCREEN_ON,no_load_injected_background_apps_unverified,
2026-08-22T12:07:03.350204Z,1.2.0,realme_RMX3760_api35,1.2.0+3,release,efficientnet_b0_dynamic_int8,9d69d6ea033bbb5181ebf3fb5abb873a8c4407262e32f3bf25bf6bbe411052c9,efficientnet_b0,dynamic_int8,float32,float32,1x224x224x3,builtin_cpu,none,none_builtin,,4,1,1,measured,16,440.931000,6.983000,180.859375,297.4453125,85.0,charging,false,0,,,42.9,FLAG_KEEP_SCREEN_ON,no_load_injected_background_apps_unverified,
2026-08-22T12:07:03.872326Z,1.2.0,realme_RMX3760_api35,1.2.0+3,release,efficientnet_b0_dynamic_int8,9d69d6ea033bbb5181ebf3fb5abb873a8c4407262e32f3bf25bf6bbe411052c9,efficientnet_b0,dynamic_int8,float32,float32,1x224x224x3,builtin_cpu,none,none_builtin,,4,1,1,measured,17,464.444000,6.983000,181.392578125,297.984375,85.0,charging,false,0,,,42.9,FLAG_KEEP_SCREEN_ON,no_load_injected_background_apps_unverified,
2026-08-22T12:07:04.373392Z,1.2.0,realme_RMX3760_api35,1.2.0+3,release,efficientnet_b0_dynamic_int8,9d69d6ea033bbb5181ebf3fb5abb873a8c4407262e32f3bf25bf6bbe411052c9,efficientnet_b0,dynamic_int8,float32,float32,1x224x224x3,builtin_cpu,none,none_builtin,,4,1,1,measured,18,442.118000,6.983000,181.408203125,297.8359375,85.0,charging,false,0,,,42.9,FLAG_KEEP_SCREEN_ON,no_load_injected_background_apps_unverified,
2026-08-22T12:07:04.894246Z,1.2.0,realme_RMX3760_api35,1.2.0+3,release,efficientnet_b0_dynamic_int8,9d69d6ea033bbb5181ebf3fb5abb873a8c4407262e32f3bf25bf6bbe411052c9,efficientnet_b0,dynamic_int8,float32,float32,1x224x224x3,builtin_cpu,none,none_builtin,,4,1,1,measured,19,463.366000,6.983000,181.548828125,298.07421875,85.0,charging,false,0,,,42.9,FLAG_KEEP_SCREEN_ON,no_load_injected_background_apps_unverified,
2026-08-22T12:07:05.391344Z,1.2.0,realme_RMX3760_api35,1.2.0+3,release,efficientnet_b0_dynamic_int8,9d69d6ea033bbb5181ebf3fb5abb873a8c4407262e32f3bf25bf6bbe411052c9,efficientnet_b0,dynamic_int8,float32,float32,1x224x224x3,builtin_cpu,none,none_builtin,,4,1,1,measured,20,438.916000,6.983000,181.576171875,298.22265625,85.0,charging,false,0,,,42.9,FLAG_KEEP_SCREEN_ON,no_load_injected_background_apps_unverified,
2026-08-22T12:07:05.889726Z,1.2.0,realme_RMX3760_api35,1.2.0+3,release,efficientnet_b0_dynamic_int8,9d69d6ea033bbb5181ebf3fb5abb873a8c4407262e32f3bf25bf6bbe411052c9,efficientnet_b0,dynamic_int8,float32,float32,1x224x224x3,builtin_cpu,none,none_builtin,,4,1,1,measured,21,437.441000,6.983000,181.595703125,298.21484375,85.0,charging,false,0,,,42.9,FLAG_KEEP_SCREEN_ON,no_load_injected_background_apps_unverified,
2026-08-22T12:07:06.386688Z,1.2.0,realme_RMX3760_api35,1.2.0+3,release,efficientnet_b0_dynamic_int8,9d69d6ea033bbb5181ebf3fb5abb873a8c4407262e32f3bf25bf6bbe411052c9,efficientnet_b0,dynamic_int8,float32,float32,1x224x224x3,builtin_cpu,none,none_builtin,,4,1,1,measured,22,438.450000,6.983000,181.626953125,298.21484375,85.0,charging,false,0,,,42.9,FLAG_KEEP_SCREEN_ON,no_load_injected_background_apps_unverified,
2026-08-22T12:07:06.894586Z,1.2.0,realme_RMX3760_api35,1.2.0+3,release,efficientnet_b0_dynamic_int8,9d69d6ea033bbb5181ebf3fb5abb873a8c4407262e32f3bf25bf6bbe411052c9,efficientnet_b0,dynamic_int8,float32,float32,1x224x224x3,builtin_cpu,none,none_builtin,,4,1,1,measured,23,450.383000,6.983000,181.646484375,298.0703125,85.0,charging,false,0,,,42.8,FLAG_KEEP_SCREEN_ON,no_load_injected_background_apps_unverified,
2026-08-22T12:07:07.402134Z,1.2.0,realme_RMX3760_api35,1.2.0+3,release,efficientnet_b0_dynamic_int8,9d69d6ea033bbb5181ebf3fb5abb873a8c4407262e32f3bf25bf6bbe411052c9,efficientnet_b0,dynamic_int8,float32,float32,1x224x224x3,builtin_cpu,none,none_builtin,,4,1,1,measured,24,449.973000,6.983000,181.544921875,297.9453125,85.0,charging,false,0,,,42.8,FLAG_KEEP_SCREEN_ON,no_load_injected_background_apps_unverified,
2026-08-22T12:07:07.917057Z,1.2.0,realme_RMX3760_api35,1.2.0+3,release,efficientnet_b0_dynamic_int8,9d69d6ea033bbb5181ebf3fb5abb873a8c4407262e32f3bf25bf6bbe411052c9,efficientnet_b0,dynamic_int8,float32,float32,1x224x224x3,builtin_cpu,none,none_builtin,,4,1,1,measured,25,458.470000,6.983000,180.62109375,297.86328125,85.0,charging,false,0,,,42.8,FLAG_KEEP_SCREEN_ON,no_load_injected_background_apps_unverified,
2026-08-22T12:07:08.441325Z,1.2.0,realme_RMX3760_api35,1.2.0+3,release,efficientnet_b0_dynamic_int8,9d69d6ea033bbb5181ebf3fb5abb873a8c4407262e32f3bf25bf6bbe411052c9,efficientnet_b0,dynamic_int8,float32,float32,1x224x224x3,builtin_cpu,none,none_builtin,,4,1,1,measured,26,468.386000,6.983000,180.546875,297.7734375,85.0,charging,false,0,,,42.8,FLAG_KEEP_SCREEN_ON,no_load_injected_background_apps_unverified,
2026-08-22T12:07:08.963518Z,1.2.0,realme_RMX3760_api35,1.2.0+3,release,efficientnet_b0_dynamic_int8,9d69d6ea033bbb5181ebf3fb5abb873a8c4407262e32f3bf25bf6bbe411052c9,efficientnet_b0,dynamic_int8,float32,float32,1x224x224x3,builtin_cpu,none,none_builtin,,4,1,1,measured,27,465.621000,6.983000,180.59375,297.8046875,85.0,charging,false,0,,,42.8,FLAG_KEEP_SCREEN_ON,no_load_injected_background_apps_unverified,
2026-08-22T12:07:09.461263Z,1.2.0,realme_RMX3760_api35,1.2.0+3,release,efficientnet_b0_dynamic_int8,9d69d6ea033bbb5181ebf3fb5abb873a8c4407262e32f3bf25bf6bbe411052c9,efficientnet_b0,dynamic_int8,float32,float32,1x224x224x3,builtin_cpu,none,none_builtin,,4,1,1,measured,28,439.835000,6.983000,180.50390625,297.59375,85.0,charging,false,0,,,42.8,FLAG_KEEP_SCREEN_ON,no_load_injected_background_apps_unverified,
2026-08-22T12:07:09.977813Z,1.2.0,realme_RMX3760_api35,1.2.0+3,release,efficientnet_b0_dynamic_int8,9d69d6ea033bbb5181ebf3fb5abb873a8c4407262e32f3bf25bf6bbe411052c9,efficientnet_b0,dynamic_int8,float32,float32,1x224x224x3,builtin_cpu,none,none_builtin,,4,1,1,measured,29,459.183000,6.983000,180.66796875,298.05859375,85.0,charging,false,0,,,42.8,FLAG_KEEP_SCREEN_ON,no_load_injected_background_apps_unverified,
2026-08-22T12:07:10.486395Z,1.2.0,realme_RMX3760_api35,1.2.0+3,release,efficientnet_b0_dynamic_int8,9d69d6ea033bbb5181ebf3fb5abb873a8c4407262e32f3bf25bf6bbe411052c9,efficientnet_b0,dynamic_int8,float32,float32,1x224x224x3,builtin_cpu,none,none_builtin,,4,1,1,measured,30,451.543000,6.983000,180.73828125,297.9609375,85.0,charging,false,0,,,42.8,FLAG_KEEP_SCREEN_ON,no_load_injected_background_apps_unverified,
2026-08-22T12:07:10.983716Z,1.2.0,realme_RMX3760_api35,1.2.0+3,release,efficientnet_b0_dynamic_int8,9d69d6ea033bbb5181ebf3fb5abb873a8c4407262e32f3bf25bf6bbe411052c9,efficientnet_b0,dynamic_int8,float32,float32,1x224x224x3,builtin_cpu,none,none_builtin,,4,1,1,measured,31,440.908000,6.983000,180.75,298.09375,85.0,charging,false,0,,,42.8,FLAG_KEEP_SCREEN_ON,no_load_injected_background_apps_unverified,
2026-08-22T12:07:11.477502Z,1.2.0,realme_RMX3760_api35,1.2.0+3,release,efficientnet_b0_dynamic_int8,9d69d6ea033bbb5181ebf3fb5abb873a8c4407262e32f3bf25bf6bbe411052c9,efficientnet_b0,dynamic_int8,float32,float32,1x224x224x3,builtin_cpu,none,none_builtin,,4,1,1,measured,32,435.922000,6.983000,180.76953125,298.09375,85.0,charging,false,0,,,42.8,FLAG_KEEP_SCREEN_ON,no_load_injected_background_apps_unverified,
2026-08-22T12:07:11.993254Z,1.2.0,realme_RMX3760_api35,1.2.0+3,release,efficientnet_b0_dynamic_int8,9d69d6ea033bbb5181ebf3fb5abb873a8c4407262e32f3bf25bf6bbe411052c9,efficientnet_b0,dynamic_int8,float32,float32,1x224x224x3,builtin_cpu,none,none_builtin,,4,1,1,measured,33,458.009000,6.983000,180.79296875,297.9296875,85.0,charging,false,0,,,42.8,FLAG_KEEP_SCREEN_ON,no_load_injected_background_apps_unverified,
2026-08-22T12:07:12.490851Z,1.2.0,realme_RMX3760_api35,1.2.0+3,release,efficientnet_b0_dynamic_int8,9d69d6ea033bbb5181ebf3fb5abb873a8c4407262e32f3bf25bf6bbe411052c9,efficientnet_b0,dynamic_int8,float32,float32,1x224x224x3,builtin_cpu,none,none_builtin,,4,1,1,measured,34,440.666000,6.983000,180.71484375,297.66015625,85.0,charging,false,0,,,42.8,FLAG_KEEP_SCREEN_ON,no_load_injected_background_apps_unverified,
2026-08-22T12:07:13.024005Z,1.2.0,realme_RMX3760_api35,1.2.0+3,release,efficientnet_b0_dynamic_int8,9d69d6ea033bbb5181ebf3fb5abb873a8c4407262e32f3bf25bf6bbe411052c9,efficientnet_b0,dynamic_int8,float32,float32,1x224x224x3,builtin_cpu,none,none_builtin,,4,1,1,measured,35,475.518000,6.983000,180.73046875,297.9921875,85.0,charging,false,0,,,42.8,FLAG_KEEP_SCREEN_ON,no_load_injected_background_apps_unverified,
2026-08-22T12:07:13.518195Z,1.2.0,realme_RMX3760_api35,1.2.0+3,release,efficientnet_b0_dynamic_int8,9d69d6ea033bbb5181ebf3fb5abb873a8c4407262e32f3bf25bf6bbe411052c9,efficientnet_b0,dynamic_int8,float32,float32,1x224x224x3,builtin_cpu,none,none_builtin,,4,1,1,measured,36,436.762000,6.983000,180.75390625,298.16796875,85.0,charging,false,0,,,42.8,FLAG_KEEP_SCREEN_ON,no_load_injected_background_apps_unverified,
2026-08-22T12:07:14.055302Z,1.2.0,realme_RMX3760_api35,1.2.0+3,release,efficientnet_b0_dynamic_int8,9d69d6ea033bbb5181ebf3fb5abb873a8c4407262e32f3bf25bf6bbe411052c9,efficientnet_b0,dynamic_int8,float32,float32,1x224x224x3,builtin_cpu,none,none_builtin,,4,1,1,measured,37,476.973000,6.983000,180.75390625,298.04296875,85.0,charging,false,0,,,42.8,FLAG_KEEP_SCREEN_ON,no_load_injected_background_apps_unverified,
2026-08-22T12:07:14.597301Z,1.2.0,realme_RMX3760_api35,1.2.0+3,release,efficientnet_b0_dynamic_int8,9d69d6ea033bbb5181ebf3fb5abb873a8c4407262e32f3bf25bf6bbe411052c9,efficientnet_b0,dynamic_int8,float32,float32,1x224x224x3,builtin_cpu,none,none_builtin,,4,1,1,measured,38,482.908000,6.983000,180.8251953125,299.4609375,85.0,charging,false,0,,,42.8,FLAG_KEEP_SCREEN_ON,no_load_injected_background_apps_unverified,
2026-08-22T12:07:15.216965Z,1.2.0,realme_RMX3760_api35,1.2.0+3,release,efficientnet_b0_dynamic_int8,9d69d6ea033bbb5181ebf3fb5abb873a8c4407262e32f3bf25bf6bbe411052c9,efficientnet_b0,dynamic_int8,float32,float32,1x224x224x3,builtin_cpu,none,none_builtin,,4,1,1,measured,39,561.513000,6.983000,180.80859375,299.58984375,85.0,charging,false,0,,,42.8,FLAG_KEEP_SCREEN_ON,no_load_injected_background_apps_unverified,
2026-08-22T12:07:15.787393Z,1.2.0,realme_RMX3760_api35,1.2.0+3,release,efficientnet_b0_dynamic_int8,9d69d6ea033bbb5181ebf3fb5abb873a8c4407262e32f3bf25bf6bbe411052c9,efficientnet_b0,dynamic_int8,float32,float32,1x224x224x3,builtin_cpu,none,none_builtin,,4,1,1,measured,40,512.213000,6.983000,180.826171875,299.44140625,85.0,charging,false,0,,,42.8,FLAG_KEEP_SCREEN_ON,no_load_injected_background_apps_unverified,
2026-08-22T12:07:16.309463Z,1.2.0,realme_RMX3760_api35,1.2.0+3,release,efficientnet_b0_dynamic_int8,9d69d6ea033bbb5181ebf3fb5abb873a8c4407262e32f3bf25bf6bbe411052c9,efficientnet_b0,dynamic_int8,float32,float32,1x224x224x3,builtin_cpu,none,none_builtin,,4,1,1,measured,41,460.836000,6.983000,180.884765625,299.4453125,85.0,charging,false,0,,,42.8,FLAG_KEEP_SCREEN_ON,no_load_injected_background_apps_unverified,
2026-08-22T12:07:16.825669Z,1.2.0,realme_RMX3760_api35,1.2.0+3,release,efficientnet_b0_dynamic_int8,9d69d6ea033bbb5181ebf3fb5abb873a8c4407262e32f3bf25bf6bbe411052c9,efficientnet_b0,dynamic_int8,float32,float32,1x224x224x3,builtin_cpu,none,none_builtin,,4,1,1,measured,42,457.846000,6.983000,180.833984375,299.32421875,85.0,charging,false,0,,,42.8,FLAG_KEEP_SCREEN_ON,no_load_injected_background_apps_unverified,
2026-08-22T12:07:17.350305Z,1.2.0,realme_RMX3760_api35,1.2.0+3,release,efficientnet_b0_dynamic_int8,9d69d6ea033bbb5181ebf3fb5abb873a8c4407262e32f3bf25bf6bbe411052c9,efficientnet_b0,dynamic_int8,float32,float32,1x224x224x3,builtin_cpu,none,none_builtin,,4,1,1,measured,43,466.779000,6.983000,180.861328125,299.37890625,85.0,charging,false,0,,,42.8,FLAG_KEEP_SCREEN_ON,no_load_injected_background_apps_unverified,
2026-08-22T12:07:17.927427Z,1.2.0,realme_RMX3760_api35,1.2.0+3,release,efficientnet_b0_dynamic_int8,9d69d6ea033bbb5181ebf3fb5abb873a8c4407262e32f3bf25bf6bbe411052c9,efficientnet_b0,dynamic_int8,float32,float32,1x224x224x3,builtin_cpu,none,none_builtin,,4,1,1,measured,44,517.086000,6.983000,180.8515625,299.46875,85.0,charging,false,0,,,42.8,FLAG_KEEP_SCREEN_ON,no_load_injected_background_apps_unverified,
2026-08-22T12:07:18.458821Z,1.2.0,realme_RMX3760_api35,1.2.0+3,release,efficientnet_b0_dynamic_int8,9d69d6ea033bbb5181ebf3fb5abb873a8c4407262e32f3bf25bf6bbe411052c9,efficientnet_b0,dynamic_int8,float32,float32,1x224x224x3,builtin_cpu,none,none_builtin,,4,1,1,measured,45,472.658000,6.983000,180.7578125,299.8046875,85.0,charging,false,0,,,42.8,FLAG_KEEP_SCREEN_ON,no_load_injected_background_apps_unverified,
2026-08-22T12:07:19.007639Z,1.2.0,realme_RMX3760_api35,1.2.0+3,release,efficientnet_b0_dynamic_int8,9d69d6ea033bbb5181ebf3fb5abb873a8c4407262e32f3bf25bf6bbe411052c9,efficientnet_b0,dynamic_int8,float32,float32,1x224x224x3,builtin_cpu,none,none_builtin,,4,1,1,measured,46,485.787000,6.983000,180.7626953125,299.78515625,85.0,charging,false,0,,,42.8,FLAG_KEEP_SCREEN_ON,no_load_injected_background_apps_unverified,
2026-08-22T12:07:19.536024Z,1.2.0,realme_RMX3760_api35,1.2.0+3,release,efficientnet_b0_dynamic_int8,9d69d6ea033bbb5181ebf3fb5abb873a8c4407262e32f3bf25bf6bbe411052c9,efficientnet_b0,dynamic_int8,float32,float32,1x224x224x3,builtin_cpu,none,none_builtin,,4,1,1,measured,47,471.275000,6.983000,180.76171875,299.6328125,85.0,charging,false,0,,,42.8,FLAG_KEEP_SCREEN_ON,no_load_injected_background_apps_unverified,
2026-08-22T12:07:20.054083Z,1.2.0,realme_RMX3760_api35,1.2.0+3,release,efficientnet_b0_dynamic_int8,9d69d6ea033bbb5181ebf3fb5abb873a8c4407262e32f3bf25bf6bbe411052c9,efficientnet_b0,dynamic_int8,float32,float32,1x224x224x3,builtin_cpu,none,none_builtin,,4,1,1,measured,48,456.990000,6.983000,180.7255859375,299.5703125,85.0,charging,false,0,,,42.8,FLAG_KEEP_SCREEN_ON,no_load_injected_background_apps_unverified,
2026-08-22T12:07:20.558674Z,1.2.0,realme_RMX3760_api35,1.2.0+3,release,efficientnet_b0_dynamic_int8,9d69d6ea033bbb5181ebf3fb5abb873a8c4407262e32f3bf25bf6bbe411052c9,efficientnet_b0,dynamic_int8,float32,float32,1x224x224x3,builtin_cpu,none,none_builtin,,4,1,1,measured,49,447.837000,6.983000,180.7724609375,299.9296875,85.0,charging,false,0,,,42.8,FLAG_KEEP_SCREEN_ON,no_load_injected_background_apps_unverified,
2026-08-22T12:07:21.054908Z,1.2.0,realme_RMX3760_api35,1.2.0+3,release,efficientnet_b0_dynamic_int8,9d69d6ea033bbb5181ebf3fb5abb873a8c4407262e32f3bf25bf6bbe411052c9,efficientnet_b0,dynamic_int8,float32,float32,1x224x224x3,builtin_cpu,none,none_builtin,,4,1,1,measured,50,438.552000,6.983000,180.7958984375,299.9296875,85.0,charging,false,0,,,42.8,FLAG_KEEP_SCREEN_ON,no_load_injected_background_apps_unverified,
2026-08-22T12:07:21.573662Z,1.2.0,realme_RMX3760_api35,1.2.0+3,release,efficientnet_b0_dynamic_int8,9d69d6ea033bbb5181ebf3fb5abb873a8c4407262e32f3bf25bf6bbe411052c9,efficientnet_b0,dynamic_int8,float32,float32,1x224x224x3,builtin_cpu,none,none_builtin,,4,1,1,measured,51,460.784000,6.983000,180.8349609375,299.7734375,85.0,charging,false,0,,,42.9,FLAG_KEEP_SCREEN_ON,no_load_injected_background_apps_unverified,
2026-08-22T12:07:22.083447Z,1.2.0,realme_RMX3760_api35,1.2.0+3,release,efficientnet_b0_dynamic_int8,9d69d6ea033bbb5181ebf3fb5abb873a8c4407262e32f3bf25bf6bbe411052c9,efficientnet_b0,dynamic_int8,float32,float32,1x224x224x3,builtin_cpu,none,none_builtin,,4,1,1,measured,52,452.798000,6.983000,180.8388671875,299.74609375,85.0,charging,false,0,,,42.9,FLAG_KEEP_SCREEN_ON,no_load_injected_background_apps_unverified,
2026-08-22T12:07:22.599719Z,1.2.0,realme_RMX3760_api35,1.2.0+3,release,efficientnet_b0_dynamic_int8,9d69d6ea033bbb5181ebf3fb5abb873a8c4407262e32f3bf25bf6bbe411052c9,efficientnet_b0,dynamic_int8,float32,float32,1x224x224x3,builtin_cpu,none,none_builtin,,4,1,1,measured,53,459.542000,6.983000,180.8896484375,300.01171875,85.0,charging,false,0,,,42.9,FLAG_KEEP_SCREEN_ON,no_load_injected_background_apps_unverified,
2026-08-22T12:07:23.107458Z,1.2.0,realme_RMX3760_api35,1.2.0+3,release,efficientnet_b0_dynamic_int8,9d69d6ea033bbb5181ebf3fb5abb873a8c4407262e32f3bf25bf6bbe411052c9,efficientnet_b0,dynamic_int8,float32,float32,1x224x224x3,builtin_cpu,none,none_builtin,,4,1,1,measured,54,450.370000,6.983000,180.9091796875,300.015625,85.0,charging,false,0,,,42.9,FLAG_KEEP_SCREEN_ON,no_load_injected_background_apps_unverified,
2026-08-22T12:07:23.632652Z,1.2.0,realme_RMX3760_api35,1.2.0+3,release,efficientnet_b0_dynamic_int8,9d69d6ea033bbb5181ebf3fb5abb873a8c4407262e32f3bf25bf6bbe411052c9,efficientnet_b0,dynamic_int8,float32,float32,1x224x224x3,builtin_cpu,none,none_builtin,,4,1,1,measured,55,468.524000,6.983000,180.9658203125,300.19140625,85.0,charging,false,0,,,42.9,FLAG_KEEP_SCREEN_ON,no_load_injected_background_apps_unverified,
2026-08-22T12:07:24.134221Z,1.2.0,realme_RMX3760_api35,1.2.0+3,release,efficientnet_b0_dynamic_int8,9d69d6ea033bbb5181ebf3fb5abb873a8c4407262e32f3bf25bf6bbe411052c9,efficientnet_b0,dynamic_int8,float32,float32,1x224x224x3,builtin_cpu,none,none_builtin,,4,1,1,measured,56,444.480000,6.983000,180.958984375,300.19140625,85.0,charging,false,0,,,42.9,FLAG_KEEP_SCREEN_ON,no_load_injected_background_apps_unverified,
2026-08-22T12:07:24.630001Z,1.2.0,realme_RMX3760_api35,1.2.0+3,release,efficientnet_b0_dynamic_int8,9d69d6ea033bbb5181ebf3fb5abb873a8c4407262e32f3bf25bf6bbe411052c9,efficientnet_b0,dynamic_int8,float32,float32,1x224x224x3,builtin_cpu,none,none_builtin,,4,1,1,measured,57,438.533000,6.983000,180.982421875,300.19140625,85.0,charging,false,0,,,42.9,FLAG_KEEP_SCREEN_ON,no_load_injected_background_apps_unverified,
2026-08-22T12:07:25.193036Z,1.2.0,realme_RMX3760_api35,1.2.0+3,release,efficientnet_b0_dynamic_int8,9d69d6ea033bbb5181ebf3fb5abb873a8c4407262e32f3bf25bf6bbe411052c9,efficientnet_b0,dynamic_int8,float32,float32,1x224x224x3,builtin_cpu,none,none_builtin,,4,1,1,measured,58,501.381000,6.983000,181.115234375,300.04296875,85.0,charging,false,0,,,42.9,FLAG_KEEP_SCREEN_ON,no_load_injected_background_apps_unverified,
2026-08-22T12:07:25.761971Z,1.2.0,realme_RMX3760_api35,1.2.0+3,release,efficientnet_b0_dynamic_int8,9d69d6ea033bbb5181ebf3fb5abb873a8c4407262e32f3bf25bf6bbe411052c9,efficientnet_b0,dynamic_int8,float32,float32,1x224x224x3,builtin_cpu,none,none_builtin,,4,1,1,measured,59,514.444000,6.983000,181.08203125,300.015625,85.0,charging,false,0,,,42.9,FLAG_KEEP_SCREEN_ON,no_load_injected_background_apps_unverified,
2026-08-22T12:07:26.321420Z,1.2.0,realme_RMX3760_api35,1.2.0+3,release,efficientnet_b0_dynamic_int8,9d69d6ea033bbb5181ebf3fb5abb873a8c4407262e32f3bf25bf6bbe411052c9,efficientnet_b0,dynamic_int8,float32,float32,1x224x224x3,builtin_cpu,none,none_builtin,,4,1,1,measured,60,498.487000,6.983000,181.0322265625,299.9375,85.0,charging,false,0,,,42.9,FLAG_KEEP_SCREEN_ON,no_load_injected_background_apps_unverified,
2026-08-22T12:07:26.858159Z,1.2.0,realme_RMX3760_api35,1.2.0+3,release,efficientnet_b0_dynamic_int8,9d69d6ea033bbb5181ebf3fb5abb873a8c4407262e32f3bf25bf6bbe411052c9,efficientnet_b0,dynamic_int8,float32,float32,1x224x224x3,builtin_cpu,none,none_builtin,,4,1,1,measured,61,476.076000,6.983000,181.0478515625,299.9453125,85.0,charging,false,0,,,42.9,FLAG_KEEP_SCREEN_ON,no_load_injected_background_apps_unverified,
2026-08-22T12:07:27.388179Z,1.2.0,realme_RMX3760_api35,1.2.0+3,release,efficientnet_b0_dynamic_int8,9d69d6ea033bbb5181ebf3fb5abb873a8c4407262e32f3bf25bf6bbe411052c9,efficientnet_b0,dynamic_int8,float32,float32,1x224x224x3,builtin_cpu,none,none_builtin,,4,1,1,measured,62,471.606000,6.983000,181.087890625,300.19140625,85.0,charging,false,0,,,42.9,FLAG_KEEP_SCREEN_ON,no_load_injected_background_apps_unverified,
2026-08-22T12:07:27.928579Z,1.2.0,realme_RMX3760_api35,1.2.0+3,release,efficientnet_b0_dynamic_int8,9d69d6ea033bbb5181ebf3fb5abb873a8c4407262e32f3bf25bf6bbe411052c9,efficientnet_b0,dynamic_int8,float32,float32,1x224x224x3,builtin_cpu,none,none_builtin,,4,1,1,measured,63,483.097000,6.983000,181.146484375,300.21484375,85.0,charging,false,0,,,42.9,FLAG_KEEP_SCREEN_ON,no_load_injected_background_apps_unverified,
2026-08-22T12:07:28.437225Z,1.2.0,realme_RMX3760_api35,1.2.0+3,release,efficientnet_b0_dynamic_int8,9d69d6ea033bbb5181ebf3fb5abb873a8c4407262e32f3bf25bf6bbe411052c9,efficientnet_b0,dynamic_int8,float32,float32,1x224x224x3,builtin_cpu,none,none_builtin,,4,1,1,measured,64,449.826000,6.983000,181.169921875,300.37109375,85.0,charging,false,0,,,42.9,FLAG_KEEP_SCREEN_ON,no_load_injected_background_apps_unverified,
2026-08-22T12:07:28.974144Z,1.2.0,realme_RMX3760_api35,1.2.0+3,release,efficientnet_b0_dynamic_int8,9d69d6ea033bbb5181ebf3fb5abb873a8c4407262e32f3bf25bf6bbe411052c9,efficientnet_b0,dynamic_int8,float32,float32,1x224x224x3,builtin_cpu,none,none_builtin,,4,1,1,measured,65,479.935000,6.983000,181.197265625,300.22265625,85.0,charging,false,0,,,42.9,FLAG_KEEP_SCREEN_ON,no_load_injected_background_apps_unverified,
2026-08-22T12:07:29.495083Z,1.2.0,realme_RMX3760_api35,1.2.0+3,release,efficientnet_b0_dynamic_int8,9d69d6ea033bbb5181ebf3fb5abb873a8c4407262e32f3bf25bf6bbe411052c9,efficientnet_b0,dynamic_int8,float32,float32,1x224x224x3,builtin_cpu,none,none_builtin,,4,1,1,measured,66,464.038000,6.983000,181.216796875,300.22265625,85.0,charging,false,0,,,42.9,FLAG_KEEP_SCREEN_ON,no_load_injected_background_apps_unverified,
2026-08-22T12:07:29.995064Z,1.2.0,realme_RMX3760_api35,1.2.0+3,release,efficientnet_b0_dynamic_int8,9d69d6ea033bbb5181ebf3fb5abb873a8c4407262e32f3bf25bf6bbe411052c9,efficientnet_b0,dynamic_int8,float32,float32,1x224x224x3,builtin_cpu,none,none_builtin,,4,1,1,measured,67,443.163000,6.983000,181.240234375,300.359375,85.0,charging,false,0,,,42.9,FLAG_KEEP_SCREEN_ON,no_load_injected_background_apps_unverified,
2026-08-22T12:07:30.505577Z,1.2.0,realme_RMX3760_api35,1.2.0+3,release,efficientnet_b0_dynamic_int8,9d69d6ea033bbb5181ebf3fb5abb873a8c4407262e32f3bf25bf6bbe411052c9,efficientnet_b0,dynamic_int8,float32,float32,1x224x224x3,builtin_cpu,none,none_builtin,,4,1,1,measured,68,452.645000,6.983000,181.279296875,300.18359375,85.0,charging,false,0,,,42.9,FLAG_KEEP_SCREEN_ON,no_load_injected_background_apps_unverified,
2026-08-22T12:07:31.037412Z,1.2.0,realme_RMX3760_api35,1.2.0+3,release,efficientnet_b0_dynamic_int8,9d69d6ea033bbb5181ebf3fb5abb873a8c4407262e32f3bf25bf6bbe411052c9,efficientnet_b0,dynamic_int8,float32,float32,1x224x224x3,builtin_cpu,none,none_builtin,,4,1,1,measured,69,475.563000,6.983000,181.2177734375,300.21875,85.0,charging,false,0,,,42.9,FLAG_KEEP_SCREEN_ON,no_load_injected_background_apps_unverified,
2026-08-22T12:07:31.536252Z,1.2.0,realme_RMX3760_api35,1.2.0+3,release,efficientnet_b0_dynamic_int8,9d69d6ea033bbb5181ebf3fb5abb873a8c4407262e32f3bf25bf6bbe411052c9,efficientnet_b0,dynamic_int8,float32,float32,1x224x224x3,builtin_cpu,none,none_builtin,,4,1,1,measured,70,442.332000,6.983000,181.1494140625,300.5,85.0,charging,false,0,,,42.9,FLAG_KEEP_SCREEN_ON,no_load_injected_background_apps_unverified,
2026-08-22T12:07:32.060462Z,1.2.0,realme_RMX3760_api35,1.2.0+3,release,efficientnet_b0_dynamic_int8,9d69d6ea033bbb5181ebf3fb5abb873a8c4407262e32f3bf25bf6bbe411052c9,efficientnet_b0,dynamic_int8,float32,float32,1x224x224x3,builtin_cpu,none,none_builtin,,4,1,1,measured,71,467.350000,6.983000,181.232421875,300.421875,85.0,charging,false,0,,,42.9,FLAG_KEEP_SCREEN_ON,no_load_injected_background_apps_unverified,
2026-08-22T12:07:32.637832Z,1.2.0,realme_RMX3760_api35,1.2.0+3,release,efficientnet_b0_dynamic_int8,9d69d6ea033bbb5181ebf3fb5abb873a8c4407262e32f3bf25bf6bbe411052c9,efficientnet_b0,dynamic_int8,float32,float32,1x224x224x3,builtin_cpu,none,none_builtin,,4,1,1,measured,72,479.354000,6.983000,181.16796875,300.4140625,85.0,charging,false,0,,,42.9,FLAG_KEEP_SCREEN_ON,no_load_injected_background_apps_unverified,
2026-08-22T12:07:33.254482Z,1.2.0,realme_RMX3760_api35,1.2.0+3,release,efficientnet_b0_dynamic_int8,9d69d6ea033bbb5181ebf3fb5abb873a8c4407262e32f3bf25bf6bbe411052c9,efficientnet_b0,dynamic_int8,float32,float32,1x224x224x3,builtin_cpu,none,none_builtin,,4,1,1,measured,73,548.410000,6.983000,180.666015625,299.87109375,85.0,charging,false,0,,,42.9,FLAG_KEEP_SCREEN_ON,no_load_injected_background_apps_unverified,
2026-08-22T12:07:33.751020Z,1.2.0,realme_RMX3760_api35,1.2.0+3,release,efficientnet_b0_dynamic_int8,9d69d6ea033bbb5181ebf3fb5abb873a8c4407262e32f3bf25bf6bbe411052c9,efficientnet_b0,dynamic_int8,float32,float32,1x224x224x3,builtin_cpu,none,none_builtin,,4,1,1,measured,74,439.721000,6.983000,181.052734375,300.3828125,85.0,charging,false,0,,,42.9,FLAG_KEEP_SCREEN_ON,no_load_injected_background_apps_unverified,
2026-08-22T12:07:34.246428Z,1.2.0,realme_RMX3760_api35,1.2.0+3,release,efficientnet_b0_dynamic_int8,9d69d6ea033bbb5181ebf3fb5abb873a8c4407262e32f3bf25bf6bbe411052c9,efficientnet_b0,dynamic_int8,float32,float32,1x224x224x3,builtin_cpu,none,none_builtin,,4,1,1,measured,75,437.942000,6.983000,180.677734375,299.984375,85.0,charging,false,0,,,42.9,FLAG_KEEP_SCREEN_ON,no_load_injected_background_apps_unverified,
2026-08-22T12:07:34.765365Z,1.2.0,realme_RMX3760_api35,1.2.0+3,release,efficientnet_b0_dynamic_int8,9d69d6ea033bbb5181ebf3fb5abb873a8c4407262e32f3bf25bf6bbe411052c9,efficientnet_b0,dynamic_int8,float32,float32,1x224x224x3,builtin_cpu,none,none_builtin,,4,1,1,measured,76,462.800000,6.983000,181.251953125,300.5390625,85.0,charging,false,0,,,42.9,FLAG_KEEP_SCREEN_ON,no_load_injected_background_apps_unverified,
2026-08-22T12:07:35.354521Z,1.2.0,realme_RMX3760_api35,1.2.0+3,release,efficientnet_b0_dynamic_int8,9d69d6ea033bbb5181ebf3fb5abb873a8c4407262e32f3bf25bf6bbe411052c9,efficientnet_b0,dynamic_int8,float32,float32,1x224x224x3,builtin_cpu,none,none_builtin,,4,1,1,measured,77,531.466000,6.983000,181.26953125,300.3828125,85.0,charging,false,0,,,42.9,FLAG_KEEP_SCREEN_ON,no_load_injected_background_apps_unverified,
2026-08-22T12:07:35.850303Z,1.2.0,realme_RMX3760_api35,1.2.0+3,release,efficientnet_b0_dynamic_int8,9d69d6ea033bbb5181ebf3fb5abb873a8c4407262e32f3bf25bf6bbe411052c9,efficientnet_b0,dynamic_int8,float32,float32,1x224x224x3,builtin_cpu,none,none_builtin,,4,1,1,measured,78,435.147000,6.983000,181.29296875,300.74609375,85.0,charging,false,0,,,42.9,FLAG_KEEP_SCREEN_ON,no_load_injected_background_apps_unverified,
2026-08-22T12:07:36.357507Z,1.2.0,realme_RMX3760_api35,1.2.0+3,release,efficientnet_b0_dynamic_int8,9d69d6ea033bbb5181ebf3fb5abb873a8c4407262e32f3bf25bf6bbe411052c9,efficientnet_b0,dynamic_int8,float32,float32,1x224x224x3,builtin_cpu,none,none_builtin,,4,1,1,measured,79,448.638000,6.983000,181.3076171875,300.74609375,85.0,charging,false,0,,,42.9,FLAG_KEEP_SCREEN_ON,no_load_injected_background_apps_unverified,
2026-08-22T12:07:36.867105Z,1.2.0,realme_RMX3760_api35,1.2.0+3,release,efficientnet_b0_dynamic_int8,9d69d6ea033bbb5181ebf3fb5abb873a8c4407262e32f3bf25bf6bbe411052c9,efficientnet_b0,dynamic_int8,float32,float32,1x224x224x3,builtin_cpu,none,none_builtin,,4,1,1,measured,80,452.401000,6.983000,181.3408203125,300.59765625,85.0,charging,false,0,,,42.9,FLAG_KEEP_SCREEN_ON,no_load_injected_background_apps_unverified,
2026-08-22T12:07:37.387135Z,1.2.0,realme_RMX3760_api35,1.2.0+3,release,efficientnet_b0_dynamic_int8,9d69d6ea033bbb5181ebf3fb5abb873a8c4407262e32f3bf25bf6bbe411052c9,efficientnet_b0,dynamic_int8,float32,float32,1x224x224x3,builtin_cpu,none,none_builtin,,4,1,1,measured,81,462.553000,6.983000,181.3486328125,300.57421875,85.0,charging,false,0,,,42.9,FLAG_KEEP_SCREEN_ON,no_load_injected_background_apps_unverified,
2026-08-22T12:07:37.882624Z,1.2.0,realme_RMX3760_api35,1.2.0+3,release,efficientnet_b0_dynamic_int8,9d69d6ea033bbb5181ebf3fb5abb873a8c4407262e32f3bf25bf6bbe411052c9,efficientnet_b0,dynamic_int8,float32,float32,1x224x224x3,builtin_cpu,none,none_builtin,,4,1,1,measured,82,436.155000,6.983000,181.3798828125,300.72265625,85.0,charging,false,0,,,42.9,FLAG_KEEP_SCREEN_ON,no_load_injected_background_apps_unverified,
2026-08-22T12:07:38.390697Z,1.2.0,realme_RMX3760_api35,1.2.0+3,release,efficientnet_b0_dynamic_int8,9d69d6ea033bbb5181ebf3fb5abb873a8c4407262e32f3bf25bf6bbe411052c9,efficientnet_b0,dynamic_int8,float32,float32,1x224x224x3,builtin_cpu,none,none_builtin,,4,1,1,measured,83,448.669000,6.983000,180.8603515625,300.17578125,85.0,charging,false,0,,,42.9,FLAG_KEEP_SCREEN_ON,no_load_injected_background_apps_unverified,
2026-08-22T12:07:38.894224Z,1.2.0,realme_RMX3760_api35,1.2.0+3,release,efficientnet_b0_dynamic_int8,9d69d6ea033bbb5181ebf3fb5abb873a8c4407262e32f3bf25bf6bbe411052c9,efficientnet_b0,dynamic_int8,float32,float32,1x224x224x3,builtin_cpu,none,none_builtin,,4,1,1,measured,84,444.248000,6.983000,181.3681640625,300.515625,85.0,charging,false,0,,,42.9,FLAG_KEEP_SCREEN_ON,no_load_injected_background_apps_unverified,
2026-08-22T12:07:39.406858Z,1.2.0,realme_RMX3760_api35,1.2.0+3,release,efficientnet_b0_dynamic_int8,9d69d6ea033bbb5181ebf3fb5abb873a8c4407262e32f3bf25bf6bbe411052c9,efficientnet_b0,dynamic_int8,float32,float32,1x224x224x3,builtin_cpu,none,none_builtin,,4,1,1,measured,85,455.347000,6.983000,181.3955078125,300.49609375,85.0,charging,false,0,,,42.9,FLAG_KEEP_SCREEN_ON,no_load_injected_background_apps_unverified,
2026-08-22T12:07:39.933977Z,1.2.0,realme_RMX3760_api35,1.2.0+3,release,efficientnet_b0_dynamic_int8,9d69d6ea033bbb5181ebf3fb5abb873a8c4407262e32f3bf25bf6bbe411052c9,efficientnet_b0,dynamic_int8,float32,float32,1x224x224x3,builtin_cpu,none,none_builtin,,4,1,1,measured,86,469.409000,6.983000,181.4072265625,301.53125,85.0,charging,false,0,,,42.9,FLAG_KEEP_SCREEN_ON,no_load_injected_background_apps_unverified,
2026-08-22T12:07:40.443653Z,1.2.0,realme_RMX3760_api35,1.2.0+3,release,efficientnet_b0_dynamic_int8,9d69d6ea033bbb5181ebf3fb5abb873a8c4407262e32f3bf25bf6bbe411052c9,efficientnet_b0,dynamic_int8,float32,float32,1x224x224x3,builtin_cpu,none,none_builtin,,4,1,1,measured,87,452.676000,6.983000,181.3994140625,301.74609375,85.0,charging,false,0,,,42.9,FLAG_KEEP_SCREEN_ON,no_load_injected_background_apps_unverified,
2026-08-22T12:07:40.950035Z,1.2.0,realme_RMX3760_api35,1.2.0+3,release,efficientnet_b0_dynamic_int8,9d69d6ea033bbb5181ebf3fb5abb873a8c4407262e32f3bf25bf6bbe411052c9,efficientnet_b0,dynamic_int8,float32,float32,1x224x224x3,builtin_cpu,none,none_builtin,,4,1,1,measured,88,448.726000,6.983000,181.4501953125,301.76953125,85.0,charging,false,0,,,42.9,FLAG_KEEP_SCREEN_ON,no_load_injected_background_apps_unverified,
2026-08-22T12:07:41.455415Z,1.2.0,realme_RMX3760_api35,1.2.0+3,release,efficientnet_b0_dynamic_int8,9d69d6ea033bbb5181ebf3fb5abb873a8c4407262e32f3bf25bf6bbe411052c9,efficientnet_b0,dynamic_int8,float32,float32,1x224x224x3,builtin_cpu,none,none_builtin,,4,1,1,measured,89,447.382000,6.983000,181.4736328125,301.91015625,85.0,charging,false,0,,,42.9,FLAG_KEEP_SCREEN_ON,no_load_injected_background_apps_unverified,
2026-08-22T12:07:41.975467Z,1.2.0,realme_RMX3760_api35,1.2.0+3,release,efficientnet_b0_dynamic_int8,9d69d6ea033bbb5181ebf3fb5abb873a8c4407262e32f3bf25bf6bbe411052c9,efficientnet_b0,dynamic_int8,float32,float32,1x224x224x3,builtin_cpu,none,none_builtin,,4,1,1,measured,90,463.101000,6.983000,181.4931640625,301.91015625,85.0,charging,false,0,,,42.9,FLAG_KEEP_SCREEN_ON,no_load_injected_background_apps_unverified,
2026-08-22T12:07:42.490238Z,1.2.0,realme_RMX3760_api35,1.2.0+3,release,efficientnet_b0_dynamic_int8,9d69d6ea033bbb5181ebf3fb5abb873a8c4407262e32f3bf25bf6bbe411052c9,efficientnet_b0,dynamic_int8,float32,float32,1x224x224x3,builtin_cpu,none,none_builtin,,4,1,1,measured,91,457.038000,6.983000,181.4150390625,301.5,85.0,charging,false,0,,,42.9,FLAG_KEEP_SCREEN_ON,no_load_injected_background_apps_unverified,
2026-08-22T12:07:43.022458Z,1.2.0,realme_RMX3760_api35,1.2.0+3,release,efficientnet_b0_dynamic_int8,9d69d6ea033bbb5181ebf3fb5abb873a8c4407262e32f3bf25bf6bbe411052c9,efficientnet_b0,dynamic_int8,float32,float32,1x224x224x3,builtin_cpu,none,none_builtin,,4,1,1,measured,92,475.699000,6.983000,181.5078125,301.7265625,85.0,charging,false,0,,,42.9,FLAG_KEEP_SCREEN_ON,no_load_injected_background_apps_unverified,
2026-08-22T12:07:43.541720Z,1.2.0,realme_RMX3760_api35,1.2.0+3,release,efficientnet_b0_dynamic_int8,9d69d6ea033bbb5181ebf3fb5abb873a8c4407262e32f3bf25bf6bbe411052c9,efficientnet_b0,dynamic_int8,float32,float32,1x224x224x3,builtin_cpu,none,none_builtin,,4,1,1,measured,93,461.079000,6.983000,181.5283203125,301.72265625,85.0,charging,false,0,,,43.0,FLAG_KEEP_SCREEN_ON,no_load_injected_background_apps_unverified,
2026-08-22T12:07:44.078566Z,1.2.0,realme_RMX3760_api35,1.2.0+3,release,efficientnet_b0_dynamic_int8,9d69d6ea033bbb5181ebf3fb5abb873a8c4407262e32f3bf25bf6bbe411052c9,efficientnet_b0,dynamic_int8,float32,float32,1x224x224x3,builtin_cpu,none,none_builtin,,4,1,1,measured,94,479.455000,6.983000,181.548828125,301.71875,85.0,charging,false,0,,,43.0,FLAG_KEEP_SCREEN_ON,no_load_injected_background_apps_unverified,
2026-08-22T12:07:44.573893Z,1.2.0,realme_RMX3760_api35,1.2.0+3,release,efficientnet_b0_dynamic_int8,9d69d6ea033bbb5181ebf3fb5abb873a8c4407262e32f3bf25bf6bbe411052c9,efficientnet_b0,dynamic_int8,float32,float32,1x224x224x3,builtin_cpu,none,none_builtin,,4,1,1,measured,95,437.129000,6.983000,181.380859375,301.63671875,85.0,charging,false,0,,,43.0,FLAG_KEEP_SCREEN_ON,no_load_injected_background_apps_unverified,
2026-08-22T12:07:45.070741Z,1.2.0,realme_RMX3760_api35,1.2.0+3,release,efficientnet_b0_dynamic_int8,9d69d6ea033bbb5181ebf3fb5abb873a8c4407262e32f3bf25bf6bbe411052c9,efficientnet_b0,dynamic_int8,float32,float32,1x224x224x3,builtin_cpu,none,none_builtin,,4,1,1,measured,96,439.985000,6.983000,181.435546875,301.90234375,85.0,charging,false,0,,,43.0,FLAG_KEEP_SCREEN_ON,no_load_injected_background_apps_unverified,
2026-08-22T12:07:45.570821Z,1.2.0,realme_RMX3760_api35,1.2.0+3,release,efficientnet_b0_dynamic_int8,9d69d6ea033bbb5181ebf3fb5abb873a8c4407262e32f3bf25bf6bbe411052c9,efficientnet_b0,dynamic_int8,float32,float32,1x224x224x3,builtin_cpu,none,none_builtin,,4,1,1,measured,97,443.173000,6.983000,181.427734375,301.765625,85.0,charging,false,0,,,43.0,FLAG_KEEP_SCREEN_ON,no_load_injected_background_apps_unverified,
2026-08-22T12:07:46.079488Z,1.2.0,realme_RMX3760_api35,1.2.0+3,release,efficientnet_b0_dynamic_int8,9d69d6ea033bbb5181ebf3fb5abb873a8c4407262e32f3bf25bf6bbe411052c9,efficientnet_b0,dynamic_int8,float32,float32,1x224x224x3,builtin_cpu,none,none_builtin,,4,1,1,measured,98,452.072000,6.983000,181.595703125,301.85546875,85.0,charging,false,0,,,43.0,FLAG_KEEP_SCREEN_ON,no_load_injected_background_apps_unverified,
2026-08-22T12:07:46.584066Z,1.2.0,realme_RMX3760_api35,1.2.0+3,release,efficientnet_b0_dynamic_int8,9d69d6ea033bbb5181ebf3fb5abb873a8c4407262e32f3bf25bf6bbe411052c9,efficientnet_b0,dynamic_int8,float32,float32,1x224x224x3,builtin_cpu,none,none_builtin,,4,1,1,measured,99,444.301000,6.983000,181.548828125,301.76171875,85.0,charging,false,0,,,43.0,FLAG_KEEP_SCREEN_ON,no_load_injected_background_apps_unverified,
2026-08-22T12:07:55.178279Z,1.2.0,realme_RMX3760_api35,1.2.0+3,release,mobilenet_v2_float32,bec15e3963d46e241acd9c906831107e97b4c00b81c895257a4321545dcd738d,mobilenet_v2,float32,float32,float32,1x224x224x3,xnnpack_cpu,xnnpack,xnnpack_initialized_partition_unverified,,1,1,2,measured,0,393.176000,21.583000,199.830078125,320.94140625,85.0,charging,false,0,,,42.9,FLAG_KEEP_SCREEN_ON,no_load_injected_background_apps_unverified,
2026-08-22T12:07:55.623864Z,1.2.0,realme_RMX3760_api35,1.2.0+3,release,mobilenet_v2_float32,bec15e3963d46e241acd9c906831107e97b4c00b81c895257a4321545dcd738d,mobilenet_v2,float32,float32,float32,1x224x224x3,xnnpack_cpu,xnnpack,xnnpack_initialized_partition_unverified,,1,1,2,measured,1,386.972000,21.583000,200.376953125,321.5234375,85.0,charging,false,0,,,42.9,FLAG_KEEP_SCREEN_ON,no_load_injected_background_apps_unverified,
2026-08-22T12:07:56.087792Z,1.2.0,realme_RMX3760_api35,1.2.0+3,release,mobilenet_v2_float32,bec15e3963d46e241acd9c906831107e97b4c00b81c895257a4321545dcd738d,mobilenet_v2,float32,float32,float32,1x224x224x3,xnnpack_cpu,xnnpack,xnnpack_initialized_partition_unverified,,1,1,2,measured,2,403.926000,21.583000,199.912109375,321.09765625,85.0,charging,false,0,,,42.9,FLAG_KEEP_SCREEN_ON,no_load_injected_background_apps_unverified,
2026-08-22T12:07:56.554768Z,1.2.0,realme_RMX3760_api35,1.2.0+3,release,mobilenet_v2_float32,bec15e3963d46e241acd9c906831107e97b4c00b81c895257a4321545dcd738d,mobilenet_v2,float32,float32,float32,1x224x224x3,xnnpack_cpu,xnnpack,xnnpack_initialized_partition_unverified,,1,1,2,measured,3,408.882000,21.583000,199.826171875,320.99609375,85.0,charging,false,0,,,42.9,FLAG_KEEP_SCREEN_ON,no_load_injected_background_apps_unverified,
2026-08-22T12:07:56.999181Z,1.2.0,realme_RMX3760_api35,1.2.0+3,release,mobilenet_v2_float32,bec15e3963d46e241acd9c906831107e97b4c00b81c895257a4321545dcd738d,mobilenet_v2,float32,float32,float32,1x224x224x3,xnnpack_cpu,xnnpack,xnnpack_initialized_partition_unverified,,1,1,2,measured,4,383.253000,21.583000,200.318359375,321.43359375,85.0,charging,false,0,,,42.9,FLAG_KEEP_SCREEN_ON,no_load_injected_background_apps_unverified,
2026-08-22T12:07:57.462582Z,1.2.0,realme_RMX3760_api35,1.2.0+3,release,mobilenet_v2_float32,bec15e3963d46e241acd9c906831107e97b4c00b81c895257a4321545dcd738d,mobilenet_v2,float32,float32,float32,1x224x224x3,xnnpack_cpu,xnnpack,xnnpack_initialized_partition_unverified,,1,1,2,measured,5,405.311000,21.583000,199.998046875,321.1328125,85.0,charging,false,0,,,42.9,FLAG_KEEP_SCREEN_ON,no_load_injected_background_apps_unverified,
2026-08-22T12:07:57.927182Z,1.2.0,realme_RMX3760_api35,1.2.0+3,release,mobilenet_v2_float32,bec15e3963d46e241acd9c906831107e97b4c00b81c895257a4321545dcd738d,mobilenet_v2,float32,float32,float32,1x224x224x3,xnnpack_cpu,xnnpack,xnnpack_initialized_partition_unverified,,1,1,2,measured,6,407.260000,21.583000,200.513671875,321.69140625,85.0,charging,false,0,,,42.9,FLAG_KEEP_SCREEN_ON,no_load_injected_background_apps_unverified,
2026-08-22T12:07:58.395502Z,1.2.0,realme_RMX3760_api35,1.2.0+3,release,mobilenet_v2_float32,bec15e3963d46e241acd9c906831107e97b4c00b81c895257a4321545dcd738d,mobilenet_v2,float32,float32,float32,1x224x224x3,xnnpack_cpu,xnnpack,xnnpack_initialized_partition_unverified,,1,1,2,measured,7,410.759000,21.583000,200.509765625,321.66796875,85.0,charging,false,0,,,42.9,FLAG_KEEP_SCREEN_ON,no_load_injected_background_apps_unverified,
2026-08-22T12:07:58.860446Z,1.2.0,realme_RMX3760_api35,1.2.0+3,release,mobilenet_v2_float32,bec15e3963d46e241acd9c906831107e97b4c00b81c895257a4321545dcd738d,mobilenet_v2,float32,float32,float32,1x224x224x3,xnnpack_cpu,xnnpack,xnnpack_initialized_partition_unverified,,1,1,2,measured,8,407.613000,21.583000,199.380859375,320.5703125,85.0,charging,false,0,,,42.9,FLAG_KEEP_SCREEN_ON,no_load_injected_background_apps_unverified,
2026-08-22T12:07:59.327595Z,1.2.0,realme_RMX3760_api35,1.2.0+3,release,mobilenet_v2_float32,bec15e3963d46e241acd9c906831107e97b4c00b81c895257a4321545dcd738d,mobilenet_v2,float32,float32,float32,1x224x224x3,xnnpack_cpu,xnnpack,xnnpack_initialized_partition_unverified,,1,1,2,measured,9,409.999000,21.583000,200.525390625,321.6875,85.0,charging,false,0,,,42.9,FLAG_KEEP_SCREEN_ON,no_load_injected_background_apps_unverified,
2026-08-22T12:07:59.779833Z,1.2.0,realme_RMX3760_api35,1.2.0+3,release,mobilenet_v2_float32,bec15e3963d46e241acd9c906831107e97b4c00b81c895257a4321545dcd738d,mobilenet_v2,float32,float32,float32,1x224x224x3,xnnpack_cpu,xnnpack,xnnpack_initialized_partition_unverified,,1,1,2,measured,10,395.219000,21.583000,200.572265625,321.70703125,85.0,charging,false,0,,,42.9,FLAG_KEEP_SCREEN_ON,no_load_injected_background_apps_unverified,
2026-08-22T12:08:00.247587Z,1.2.0,realme_RMX3760_api35,1.2.0+3,release,mobilenet_v2_float32,bec15e3963d46e241acd9c906831107e97b4c00b81c895257a4321545dcd738d,mobilenet_v2,float32,float32,float32,1x224x224x3,xnnpack_cpu,xnnpack,xnnpack_initialized_partition_unverified,,1,1,2,measured,11,410.416000,21.583000,200.095703125,321.27734375,85.0,charging,false,0,,,42.9,FLAG_KEEP_SCREEN_ON,no_load_injected_background_apps_unverified,
2026-08-22T12:08:00.690623Z,1.2.0,realme_RMX3760_api35,1.2.0+3,release,mobilenet_v2_float32,bec15e3963d46e241acd9c906831107e97b4c00b81c895257a4321545dcd738d,mobilenet_v2,float32,float32,float32,1x224x224x3,xnnpack_cpu,xnnpack,xnnpack_initialized_partition_unverified,,1,1,2,measured,12,385.175000,21.583000,199.880859375,321.0390625,85.0,charging,false,0,,,42.9,FLAG_KEEP_SCREEN_ON,no_load_injected_background_apps_unverified,
2026-08-22T12:08:01.132727Z,1.2.0,realme_RMX3760_api35,1.2.0+3,release,mobilenet_v2_float32,bec15e3963d46e241acd9c906831107e97b4c00b81c895257a4321545dcd738d,mobilenet_v2,float32,float32,float32,1x224x224x3,xnnpack_cpu,xnnpack,xnnpack_initialized_partition_unverified,,1,1,2,measured,13,383.041000,21.583000,200.505859375,321.6796875,85.0,charging,false,0,,,42.9,FLAG_KEEP_SCREEN_ON,no_load_injected_background_apps_unverified,
2026-08-22T12:08:01.589764Z,1.2.0,realme_RMX3760_api35,1.2.0+3,release,mobilenet_v2_float32,bec15e3963d46e241acd9c906831107e97b4c00b81c895257a4321545dcd738d,mobilenet_v2,float32,float32,float32,1x224x224x3,xnnpack_cpu,xnnpack,xnnpack_initialized_partition_unverified,,1,1,2,measured,14,399.033000,21.583000,200.029296875,321.2109375,85.0,charging,false,0,,,42.9,FLAG_KEEP_SCREEN_ON,no_load_injected_background_apps_unverified,
2026-08-22T12:08:02.044640Z,1.2.0,realme_RMX3760_api35,1.2.0+3,release,mobilenet_v2_float32,bec15e3963d46e241acd9c906831107e97b4c00b81c895257a4321545dcd738d,mobilenet_v2,float32,float32,float32,1x224x224x3,xnnpack_cpu,xnnpack,xnnpack_initialized_partition_unverified,,1,1,2,measured,15,397.571000,21.583000,200.552734375,321.70703125,85.0,charging,false,0,,,42.9,FLAG_KEEP_SCREEN_ON,no_load_injected_background_apps_unverified,
2026-08-22T12:08:02.506657Z,1.2.0,realme_RMX3760_api35,1.2.0+3,release,mobilenet_v2_float32,bec15e3963d46e241acd9c906831107e97b4c00b81c895257a4321545dcd738d,mobilenet_v2,float32,float32,float32,1x224x224x3,xnnpack_cpu,xnnpack,xnnpack_initialized_partition_unverified,,1,1,2,measured,16,403.994000,21.583000,200.666015625,321.80078125,85.0,charging,false,0,,,42.9,FLAG_KEEP_SCREEN_ON,no_load_injected_background_apps_unverified,
2026-08-22T12:08:02.954042Z,1.2.0,realme_RMX3760_api35,1.2.0+3,release,mobilenet_v2_float32,bec15e3963d46e241acd9c906831107e97b4c00b81c895257a4321545dcd738d,mobilenet_v2,float32,float32,float32,1x224x224x3,xnnpack_cpu,xnnpack,xnnpack_initialized_partition_unverified,,1,1,2,measured,17,388.801000,21.583000,199.462890625,320.52734375,85.0,charging,false,0,,,42.9,FLAG_KEEP_SCREEN_ON,no_load_injected_background_apps_unverified,
2026-08-22T12:08:03.403670Z,1.2.0,realme_RMX3760_api35,1.2.0+3,release,mobilenet_v2_float32,bec15e3963d46e241acd9c906831107e97b4c00b81c895257a4321545dcd738d,mobilenet_v2,float32,float32,float32,1x224x224x3,xnnpack_cpu,xnnpack,xnnpack_initialized_partition_unverified,,1,1,2,measured,18,392.234000,21.583000,200.216796875,321.3671875,85.0,charging,false,0,,,42.9,FLAG_KEEP_SCREEN_ON,no_load_injected_background_apps_unverified,
2026-08-22T12:08:03.859049Z,1.2.0,realme_RMX3760_api35,1.2.0+3,release,mobilenet_v2_float32,bec15e3963d46e241acd9c906831107e97b4c00b81c895257a4321545dcd738d,mobilenet_v2,float32,float32,float32,1x224x224x3,xnnpack_cpu,xnnpack,xnnpack_initialized_partition_unverified,,1,1,2,measured,19,398.194000,21.583000,199.509765625,320.67578125,85.0,charging,false,0,,,42.9,FLAG_KEEP_SCREEN_ON,no_load_injected_background_apps_unverified,
2026-08-22T12:08:04.296222Z,1.2.0,realme_RMX3760_api35,1.2.0+3,release,mobilenet_v2_float32,bec15e3963d46e241acd9c906831107e97b4c00b81c895257a4321545dcd738d,mobilenet_v2,float32,float32,float32,1x224x224x3,xnnpack_cpu,xnnpack,xnnpack_initialized_partition_unverified,,1,1,2,measured,20,376.057000,21.583000,200.6171875,321.796875,85.0,charging,false,0,,,42.9,FLAG_KEEP_SCREEN_ON,no_load_injected_background_apps_unverified,
2026-08-22T12:08:04.759202Z,1.2.0,realme_RMX3760_api35,1.2.0+3,release,mobilenet_v2_float32,bec15e3963d46e241acd9c906831107e97b4c00b81c895257a4321545dcd738d,mobilenet_v2,float32,float32,float32,1x224x224x3,xnnpack_cpu,xnnpack,xnnpack_initialized_partition_unverified,,1,1,2,measured,21,404.865000,21.583000,199.5322265625,320.734375,85.0,charging,false,0,,,42.9,FLAG_KEEP_SCREEN_ON,no_load_injected_background_apps_unverified,
2026-08-22T12:08:05.214056Z,1.2.0,realme_RMX3760_api35,1.2.0+3,release,mobilenet_v2_float32,bec15e3963d46e241acd9c906831107e97b4c00b81c895257a4321545dcd738d,mobilenet_v2,float32,float32,float32,1x224x224x3,xnnpack_cpu,xnnpack,xnnpack_initialized_partition_unverified,,1,1,2,measured,22,394.620000,21.583000,200.8115234375,322.0,85.0,charging,false,0,,,42.9,FLAG_KEEP_SCREEN_ON,no_load_injected_background_apps_unverified,
2026-08-22T12:08:05.683497Z,1.2.0,realme_RMX3760_api35,1.2.0+3,release,mobilenet_v2_float32,bec15e3963d46e241acd9c906831107e97b4c00b81c895257a4321545dcd738d,mobilenet_v2,float32,float32,float32,1x224x224x3,xnnpack_cpu,xnnpack,xnnpack_initialized_partition_unverified,,1,1,2,measured,23,412.080000,21.583000,200.8466796875,322.0546875,85.0,charging,false,0,,,42.9,FLAG_KEEP_SCREEN_ON,no_load_injected_background_apps_unverified,
2026-08-22T12:08:06.156818Z,1.2.0,realme_RMX3760_api35,1.2.0+3,release,mobilenet_v2_float32,bec15e3963d46e241acd9c906831107e97b4c00b81c895257a4321545dcd738d,mobilenet_v2,float32,float32,float32,1x224x224x3,xnnpack_cpu,xnnpack,xnnpack_initialized_partition_unverified,,1,1,2,measured,24,414.972000,21.583000,200.8662109375,321.92578125,85.0,charging,false,0,,,42.9,FLAG_KEEP_SCREEN_ON,no_load_injected_background_apps_unverified,
2026-08-22T12:08:06.608797Z,1.2.0,realme_RMX3760_api35,1.2.0+3,release,mobilenet_v2_float32,bec15e3963d46e241acd9c906831107e97b4c00b81c895257a4321545dcd738d,mobilenet_v2,float32,float32,float32,1x224x224x3,xnnpack_cpu,xnnpack,xnnpack_initialized_partition_unverified,,1,1,2,measured,25,395.413000,21.583000,200.8857421875,321.921875,85.0,charging,false,0,,,42.9,FLAG_KEEP_SCREEN_ON,no_load_injected_background_apps_unverified,
2026-08-22T12:08:07.061736Z,1.2.0,realme_RMX3760_api35,1.2.0+3,release,mobilenet_v2_float32,bec15e3963d46e241acd9c906831107e97b4c00b81c895257a4321545dcd738d,mobilenet_v2,float32,float32,float32,1x224x224x3,xnnpack_cpu,xnnpack,xnnpack_initialized_partition_unverified,,1,1,2,measured,26,392.715000,21.583000,200.9052734375,322.08984375,85.0,charging,false,0,,,42.9,FLAG_KEEP_SCREEN_ON,no_load_injected_background_apps_unverified,
2026-08-22T12:08:07.514379Z,1.2.0,realme_RMX3760_api35,1.2.0+3,release,mobilenet_v2_float32,bec15e3963d46e241acd9c906831107e97b4c00b81c895257a4321545dcd738d,mobilenet_v2,float32,float32,float32,1x224x224x3,xnnpack_cpu,xnnpack,xnnpack_initialized_partition_unverified,,1,1,2,measured,27,394.245000,21.583000,200.9287109375,322.13671875,85.0,charging,false,0,,,42.9,FLAG_KEEP_SCREEN_ON,no_load_injected_background_apps_unverified,
2026-08-22T12:08:07.966407Z,1.2.0,realme_RMX3760_api35,1.2.0+3,release,mobilenet_v2_float32,bec15e3963d46e241acd9c906831107e97b4c00b81c895257a4321545dcd738d,mobilenet_v2,float32,float32,float32,1x224x224x3,xnnpack_cpu,xnnpack,xnnpack_initialized_partition_unverified,,1,1,2,measured,28,394.002000,21.583000,204.6748046875,321.6640625,85.0,charging,false,0,,,42.9,FLAG_KEEP_SCREEN_ON,no_load_injected_background_apps_unverified,
2026-08-22T12:08:08.420073Z,1.2.0,realme_RMX3760_api35,1.2.0+3,release,mobilenet_v2_float32,bec15e3963d46e241acd9c906831107e97b4c00b81c895257a4321545dcd738d,mobilenet_v2,float32,float32,float32,1x224x224x3,xnnpack_cpu,xnnpack,xnnpack_initialized_partition_unverified,,1,1,2,measured,29,395.898000,21.583000,205.1982421875,322.15625,85.0,charging,false,0,,,42.9,FLAG_KEEP_SCREEN_ON,no_load_injected_background_apps_unverified,
2026-08-22T12:08:08.880154Z,1.2.0,realme_RMX3760_api35,1.2.0+3,release,mobilenet_v2_float32,bec15e3963d46e241acd9c906831107e97b4c00b81c895257a4321545dcd738d,mobilenet_v2,float32,float32,float32,1x224x224x3,xnnpack_cpu,xnnpack,xnnpack_initialized_partition_unverified,,1,1,2,measured,30,403.600000,21.583000,204.7294921875,321.703125,85.0,charging,false,0,,,42.9,FLAG_KEEP_SCREEN_ON,no_load_injected_background_apps_unverified,
2026-08-22T12:08:09.346328Z,1.2.0,realme_RMX3760_api35,1.2.0+3,release,mobilenet_v2_float32,bec15e3963d46e241acd9c906831107e97b4c00b81c895257a4321545dcd738d,mobilenet_v2,float32,float32,float32,1x224x224x3,xnnpack_cpu,xnnpack,xnnpack_initialized_partition_unverified,,1,1,2,measured,31,408.168000,21.583000,205.2314453125,322.078125,85.0,charging,false,0,,,42.9,FLAG_KEEP_SCREEN_ON,no_load_injected_background_apps_unverified,
2026-08-22T12:08:09.798255Z,1.2.0,realme_RMX3760_api35,1.2.0+3,release,mobilenet_v2_float32,bec15e3963d46e241acd9c906831107e97b4c00b81c895257a4321545dcd738d,mobilenet_v2,float32,float32,float32,1x224x224x3,xnnpack_cpu,xnnpack,xnnpack_initialized_partition_unverified,,1,1,2,measured,32,393.930000,21.583000,205.2509765625,322.234375,85.0,charging,false,0,,,42.9,FLAG_KEEP_SCREEN_ON,no_load_injected_background_apps_unverified,
2026-08-22T12:08:10.255903Z,1.2.0,realme_RMX3760_api35,1.2.0+3,release,mobilenet_v2_float32,bec15e3963d46e241acd9c906831107e97b4c00b81c895257a4321545dcd738d,mobilenet_v2,float32,float32,float32,1x224x224x3,xnnpack_cpu,xnnpack,xnnpack_initialized_partition_unverified,,1,1,2,measured,33,400.348000,21.583000,204.1923828125,321.171875,85.0,charging,false,0,,,42.9,FLAG_KEEP_SCREEN_ON,no_load_injected_background_apps_unverified,
2026-08-22T12:08:10.686599Z,1.2.0,realme_RMX3760_api35,1.2.0+3,release,mobilenet_v2_float32,bec15e3963d46e241acd9c906831107e97b4c00b81c895257a4321545dcd738d,mobilenet_v2,float32,float32,float32,1x224x224x3,xnnpack_cpu,xnnpack,xnnpack_initialized_partition_unverified,,1,1,2,measured,34,373.166000,21.583000,205.2236328125,322.19140625,85.0,charging,false,0,,,42.9,FLAG_KEEP_SCREEN_ON,no_load_injected_background_apps_unverified,
2026-08-22T12:08:11.115719Z,1.2.0,realme_RMX3760_api35,1.2.0+3,release,mobilenet_v2_float32,bec15e3963d46e241acd9c906831107e97b4c00b81c895257a4321545dcd738d,mobilenet_v2,float32,float32,float32,1x224x224x3,xnnpack_cpu,xnnpack,xnnpack_initialized_partition_unverified,,1,1,2,measured,35,370.958000,21.583000,204.8681640625,321.71875,85.0,charging,false,0,,,42.9,FLAG_KEEP_SCREEN_ON,no_load_injected_background_apps_unverified,
2026-08-22T12:08:11.576124Z,1.2.0,realme_RMX3760_api35,1.2.0+3,release,mobilenet_v2_float32,bec15e3963d46e241acd9c906831107e97b4c00b81c895257a4321545dcd738d,mobilenet_v2,float32,float32,float32,1x224x224x3,xnnpack_cpu,xnnpack,xnnpack_initialized_partition_unverified,,1,1,2,measured,36,403.173000,21.583000,205.2939453125,322.25390625,85.0,charging,false,0,,,42.9,FLAG_KEEP_SCREEN_ON,no_load_injected_background_apps_unverified,
2026-08-22T12:08:12.023817Z,1.2.0,realme_RMX3760_api35,1.2.0+3,release,mobilenet_v2_float32,bec15e3963d46e241acd9c906831107e97b4c00b81c895257a4321545dcd738d,mobilenet_v2,float32,float32,float32,1x224x224x3,xnnpack_cpu,xnnpack,xnnpack_initialized_partition_unverified,,1,1,2,measured,37,390.527000,21.583000,204.8408203125,321.81640625,85.0,charging,false,0,,,42.9,FLAG_KEEP_SCREEN_ON,no_load_injected_background_apps_unverified,
2026-08-22T12:08:12.463361Z,1.2.0,realme_RMX3760_api35,1.2.0+3,release,mobilenet_v2_float32,bec15e3963d46e241acd9c906831107e97b4c00b81c895257a4321545dcd738d,mobilenet_v2,float32,float32,float32,1x224x224x3,xnnpack_cpu,xnnpack,xnnpack_initialized_partition_unverified,,1,1,2,measured,38,381.729000,21.583000,204.8681640625,321.84765625,85.0,charging,false,0,,,42.9,FLAG_KEEP_SCREEN_ON,no_load_injected_background_apps_unverified,
2026-08-22T12:08:12.923758Z,1.2.0,realme_RMX3760_api35,1.2.0+3,release,mobilenet_v2_float32,bec15e3963d46e241acd9c906831107e97b4c00b81c895257a4321545dcd738d,mobilenet_v2,float32,float32,float32,1x224x224x3,xnnpack_cpu,xnnpack,xnnpack_initialized_partition_unverified,,1,1,2,measured,39,403.648000,21.583000,204.9111328125,321.859375,85.0,charging,false,0,,,42.9,FLAG_KEEP_SCREEN_ON,no_load_injected_background_apps_unverified,
2026-08-22T12:08:13.374669Z,1.2.0,realme_RMX3760_api35,1.2.0+3,release,mobilenet_v2_float32,bec15e3963d46e241acd9c906831107e97b4c00b81c895257a4321545dcd738d,mobilenet_v2,float32,float32,float32,1x224x224x3,xnnpack_cpu,xnnpack,xnnpack_initialized_partition_unverified,,1,1,2,measured,40,392.902000,21.583000,205.3212890625,322.25390625,85.0,charging,false,0,,,42.9,FLAG_KEEP_SCREEN_ON,no_load_injected_background_apps_unverified,
2026-08-22T12:08:13.839174Z,1.2.0,realme_RMX3760_api35,1.2.0+3,release,mobilenet_v2_float32,bec15e3963d46e241acd9c906831107e97b4c00b81c895257a4321545dcd738d,mobilenet_v2,float32,float32,float32,1x224x224x3,xnnpack_cpu,xnnpack,xnnpack_initialized_partition_unverified,,1,1,2,measured,41,406.854000,21.583000,205.4150390625,322.3203125,85.0,charging,false,0,,,42.9,FLAG_KEEP_SCREEN_ON,no_load_injected_background_apps_unverified,
2026-08-22T12:08:14.372052Z,1.2.0,realme_RMX3760_api35,1.2.0+3,release,mobilenet_v2_float32,bec15e3963d46e241acd9c906831107e97b4c00b81c895257a4321545dcd738d,mobilenet_v2,float32,float32,float32,1x224x224x3,xnnpack_cpu,xnnpack,xnnpack_initialized_partition_unverified,,1,1,2,measured,42,473.682000,21.583000,205.2666015625,322.28125,85.0,charging,false,0,,,42.9,FLAG_KEEP_SCREEN_ON,no_load_injected_background_apps_unverified,
2026-08-22T12:08:14.926708Z,1.2.0,realme_RMX3760_api35,1.2.0+3,release,mobilenet_v2_float32,bec15e3963d46e241acd9c906831107e97b4c00b81c895257a4321545dcd738d,mobilenet_v2,float32,float32,float32,1x224x224x3,xnnpack_cpu,xnnpack,xnnpack_initialized_partition_unverified,,1,1,2,measured,43,491.527000,21.583000,205.2880859375,322.26171875,85.0,charging,false,0,,,42.9,FLAG_KEEP_SCREEN_ON,no_load_injected_background_apps_unverified,
2026-08-22T12:08:15.386833Z,1.2.0,realme_RMX3760_api35,1.2.0+3,release,mobilenet_v2_float32,bec15e3963d46e241acd9c906831107e97b4c00b81c895257a4321545dcd738d,mobilenet_v2,float32,float32,float32,1x224x224x3,xnnpack_cpu,xnnpack,xnnpack_initialized_partition_unverified,,1,1,2,measured,44,402.286000,21.583000,204.8974609375,321.60546875,85.0,charging,false,0,,,42.9,FLAG_KEEP_SCREEN_ON,no_load_injected_background_apps_unverified,
2026-08-22T12:08:15.850567Z,1.2.0,realme_RMX3760_api35,1.2.0+3,release,mobilenet_v2_float32,bec15e3963d46e241acd9c906831107e97b4c00b81c895257a4321545dcd738d,mobilenet_v2,float32,float32,float32,1x224x224x3,xnnpack_cpu,xnnpack,xnnpack_initialized_partition_unverified,,1,1,2,measured,45,402.569000,21.583000,205.3154296875,322.1171875,85.0,charging,false,0,,,42.9,FLAG_KEEP_SCREEN_ON,no_load_injected_background_apps_unverified,
2026-08-22T12:08:16.410321Z,1.2.0,realme_RMX3760_api35,1.2.0+3,release,mobilenet_v2_float32,bec15e3963d46e241acd9c906831107e97b4c00b81c895257a4321545dcd738d,mobilenet_v2,float32,float32,float32,1x224x224x3,xnnpack_cpu,xnnpack,xnnpack_initialized_partition_unverified,,1,1,2,measured,46,486.830000,21.583000,207.7666015625,324.4140625,85.0,charging,false,0,,,42.9,FLAG_KEEP_SCREEN_ON,no_load_injected_background_apps_unverified,
2026-08-22T12:08:16.939417Z,1.2.0,realme_RMX3760_api35,1.2.0+3,release,mobilenet_v2_float32,bec15e3963d46e241acd9c906831107e97b4c00b81c895257a4321545dcd738d,mobilenet_v2,float32,float32,float32,1x224x224x3,xnnpack_cpu,xnnpack,xnnpack_initialized_partition_unverified,,1,1,2,measured,47,470.763000,21.583000,204.43359375,321.1015625,85.0,charging,false,0,,,42.9,FLAG_KEEP_SCREEN_ON,no_load_injected_background_apps_unverified,
2026-08-22T12:08:17.503275Z,1.2.0,realme_RMX3760_api35,1.2.0+3,release,mobilenet_v2_float32,bec15e3963d46e241acd9c906831107e97b4c00b81c895257a4321545dcd738d,mobilenet_v2,float32,float32,float32,1x224x224x3,xnnpack_cpu,xnnpack,xnnpack_initialized_partition_unverified,,1,1,2,measured,48,504.304000,21.583000,204.21875,320.7890625,85.0,charging,false,0,,,42.9,FLAG_KEEP_SCREEN_ON,no_load_injected_background_apps_unverified,
2026-08-22T12:08:17.987842Z,1.2.0,realme_RMX3760_api35,1.2.0+3,release,mobilenet_v2_float32,bec15e3963d46e241acd9c906831107e97b4c00b81c895257a4321545dcd738d,mobilenet_v2,float32,float32,float32,1x224x224x3,xnnpack_cpu,xnnpack,xnnpack_initialized_partition_unverified,,1,1,2,measured,49,427.056000,21.583000,204.890625,321.4453125,85.0,charging,false,0,,,42.9,FLAG_KEEP_SCREEN_ON,no_load_injected_background_apps_unverified,
2026-08-22T12:08:18.450490Z,1.2.0,realme_RMX3760_api35,1.2.0+3,release,mobilenet_v2_float32,bec15e3963d46e241acd9c906831107e97b4c00b81c895257a4321545dcd738d,mobilenet_v2,float32,float32,float32,1x224x224x3,xnnpack_cpu,xnnpack,xnnpack_initialized_partition_unverified,,1,1,2,measured,50,404.291000,21.583000,204.41796875,320.99609375,85.0,charging,false,0,,,42.9,FLAG_KEEP_SCREEN_ON,no_load_injected_background_apps_unverified,
2026-08-22T12:08:18.903204Z,1.2.0,realme_RMX3760_api35,1.2.0+3,release,mobilenet_v2_float32,bec15e3963d46e241acd9c906831107e97b4c00b81c895257a4321545dcd738d,mobilenet_v2,float32,float32,float32,1x224x224x3,xnnpack_cpu,xnnpack,xnnpack_initialized_partition_unverified,,1,1,2,measured,51,395.009000,21.583000,204.94140625,321.4921875,85.0,charging,false,0,,,42.9,FLAG_KEEP_SCREEN_ON,no_load_injected_background_apps_unverified,
2026-08-22T12:08:19.368327Z,1.2.0,realme_RMX3760_api35,1.2.0+3,release,mobilenet_v2_float32,bec15e3963d46e241acd9c906831107e97b4c00b81c895257a4321545dcd738d,mobilenet_v2,float32,float32,float32,1x224x224x3,xnnpack_cpu,xnnpack,xnnpack_initialized_partition_unverified,,1,1,2,measured,52,408.001000,21.583000,204.28515625,320.86328125,85.0,charging,false,0,,,42.9,FLAG_KEEP_SCREEN_ON,no_load_injected_background_apps_unverified,
2026-08-22T12:08:19.830989Z,1.2.0,realme_RMX3760_api35,1.2.0+3,release,mobilenet_v2_float32,bec15e3963d46e241acd9c906831107e97b4c00b81c895257a4321545dcd738d,mobilenet_v2,float32,float32,float32,1x224x224x3,xnnpack_cpu,xnnpack,xnnpack_initialized_partition_unverified,,1,1,2,measured,53,404.851000,21.583000,204.48046875,321.05078125,85.0,charging,false,0,,,42.9,FLAG_KEEP_SCREEN_ON,no_load_injected_background_apps_unverified,
2026-08-22T12:08:20.304909Z,1.2.0,realme_RMX3760_api35,1.2.0+3,release,mobilenet_v2_float32,bec15e3963d46e241acd9c906831107e97b4c00b81c895257a4321545dcd738d,mobilenet_v2,float32,float32,float32,1x224x224x3,xnnpack_cpu,xnnpack,xnnpack_initialized_partition_unverified,,1,1,2,measured,54,416.518000,21.583000,204.8935546875,321.4453125,85.0,charging,false,0,,,42.9,FLAG_KEEP_SCREEN_ON,no_load_injected_background_apps_unverified,
2026-08-22T12:08:20.751199Z,1.2.0,realme_RMX3760_api35,1.2.0+3,release,mobilenet_v2_float32,bec15e3963d46e241acd9c906831107e97b4c00b81c895257a4321545dcd738d,mobilenet_v2,float32,float32,float32,1x224x224x3,xnnpack_cpu,xnnpack,xnnpack_initialized_partition_unverified,,1,1,2,measured,55,388.218000,21.583000,204.4873046875,321.05078125,85.0,charging,false,0,,,42.9,FLAG_KEEP_SCREEN_ON,no_load_injected_background_apps_unverified,
2026-08-22T12:08:21.215030Z,1.2.0,realme_RMX3760_api35,1.2.0+3,release,mobilenet_v2_float32,bec15e3963d46e241acd9c906831107e97b4c00b81c895257a4321545dcd738d,mobilenet_v2,float32,float32,float32,1x224x224x3,xnnpack_cpu,xnnpack,xnnpack_initialized_partition_unverified,,1,1,2,measured,56,406.143000,21.583000,204.306640625,320.859375,85.0,charging,false,0,,,42.9,FLAG_KEEP_SCREEN_ON,no_load_injected_background_apps_unverified,
2026-08-22T12:08:21.650318Z,1.2.0,realme_RMX3760_api35,1.2.0+3,release,mobilenet_v2_float32,bec15e3963d46e241acd9c906831107e97b4c00b81c895257a4321545dcd738d,mobilenet_v2,float32,float32,float32,1x224x224x3,xnnpack_cpu,xnnpack,xnnpack_initialized_partition_unverified,,1,1,2,measured,57,377.113000,21.583000,204.943359375,321.4921875,85.0,charging,false,0,,,42.9,FLAG_KEEP_SCREEN_ON,no_load_injected_background_apps_unverified,
2026-08-22T12:08:22.099777Z,1.2.0,realme_RMX3760_api35,1.2.0+3,release,mobilenet_v2_float32,bec15e3963d46e241acd9c906831107e97b4c00b81c895257a4321545dcd738d,mobilenet_v2,float32,float32,float32,1x224x224x3,xnnpack_cpu,xnnpack,xnnpack_initialized_partition_unverified,,1,1,2,measured,58,390.225000,21.583000,204.025390625,320.59765625,85.0,charging,false,0,,,42.9,FLAG_KEEP_SCREEN_ON,no_load_injected_background_apps_unverified,
2026-08-22T12:08:22.547737Z,1.2.0,realme_RMX3760_api35,1.2.0+3,release,mobilenet_v2_float32,bec15e3963d46e241acd9c906831107e97b4c00b81c895257a4321545dcd738d,mobilenet_v2,float32,float32,float32,1x224x224x3,xnnpack_cpu,xnnpack,xnnpack_initialized_partition_unverified,,1,1,2,measured,59,390.105000,21.583000,210.287109375,321.1015625,85.0,charging,false,0,,,42.9,FLAG_KEEP_SCREEN_ON,no_load_injected_background_apps_unverified,
2026-08-22T12:08:23.006886Z,1.2.0,realme_RMX3760_api35,1.2.0+3,release,mobilenet_v2_float32,bec15e3963d46e241acd9c906831107e97b4c00b81c895257a4321545dcd738d,mobilenet_v2,float32,float32,float32,1x224x224x3,xnnpack_cpu,xnnpack,xnnpack_initialized_partition_unverified,,1,1,2,measured,60,401.696000,21.583000,209.806640625,320.64453125,85.0,charging,false,0,,,42.9,FLAG_KEEP_SCREEN_ON,no_load_injected_background_apps_unverified,
2026-08-22T12:08:23.475975Z,1.2.0,realme_RMX3760_api35,1.2.0+3,release,mobilenet_v2_float32,bec15e3963d46e241acd9c906831107e97b4c00b81c895257a4321545dcd738d,mobilenet_v2,float32,float32,float32,1x224x224x3,xnnpack_cpu,xnnpack,xnnpack_initialized_partition_unverified,,1,1,2,measured,61,410.683000,21.583000,209.8017578125,320.63671875,85.0,charging,false,0,,,42.9,FLAG_KEEP_SCREEN_ON,no_load_injected_background_apps_unverified,
2026-08-22T12:08:23.983683Z,1.2.0,realme_RMX3760_api35,1.2.0+3,release,mobilenet_v2_float32,bec15e3963d46e241acd9c906831107e97b4c00b81c895257a4321545dcd738d,mobilenet_v2,float32,float32,float32,1x224x224x3,xnnpack_cpu,xnnpack,xnnpack_initialized_partition_unverified,,1,1,2,measured,62,449.706000,21.583000,209.767578125,320.55078125,85.0,charging,false,0,,,42.9,FLAG_KEEP_SCREEN_ON,no_load_injected_background_apps_unverified,
2026-08-22T12:08:24.513258Z,1.2.0,realme_RMX3760_api35,1.2.0+3,release,mobilenet_v2_float32,bec15e3963d46e241acd9c906831107e97b4c00b81c895257a4321545dcd738d,mobilenet_v2,float32,float32,float32,1x224x224x3,xnnpack_cpu,xnnpack,xnnpack_initialized_partition_unverified,,1,1,2,measured,63,433.973000,21.583000,214.2861328125,325.1015625,85.0,charging,false,0,,,42.9,FLAG_KEEP_SCREEN_ON,no_load_injected_background_apps_unverified,
2026-08-22T12:08:25.007069Z,1.2.0,realme_RMX3760_api35,1.2.0+3,release,mobilenet_v2_float32,bec15e3963d46e241acd9c906831107e97b4c00b81c895257a4321545dcd738d,mobilenet_v2,float32,float32,float32,1x224x224x3,xnnpack_cpu,xnnpack,xnnpack_initialized_partition_unverified,,1,1,2,measured,64,436.425000,21.583000,210.6962890625,321.1015625,85.0,charging,false,0,,,42.9,FLAG_KEEP_SCREEN_ON,no_load_injected_background_apps_unverified,
2026-08-22T12:08:25.487119Z,1.2.0,realme_RMX3760_api35,1.2.0+3,release,mobilenet_v2_float32,bec15e3963d46e241acd9c906831107e97b4c00b81c895257a4321545dcd738d,mobilenet_v2,float32,float32,float32,1x224x224x3,xnnpack_cpu,xnnpack,xnnpack_initialized_partition_unverified,,1,1,2,measured,65,422.690000,21.583000,209.9033203125,320.3359375,85.0,charging,false,0,,,42.9,FLAG_KEEP_SCREEN_ON,no_load_injected_background_apps_unverified,
2026-08-22T12:08:25.923910Z,1.2.0,realme_RMX3760_api35,1.2.0+3,release,mobilenet_v2_float32,bec15e3963d46e241acd9c906831107e97b4c00b81c895257a4321545dcd738d,mobilenet_v2,float32,float32,float32,1x224x224x3,xnnpack_cpu,xnnpack,xnnpack_initialized_partition_unverified,,1,1,2,measured,66,379.778000,21.583000,211.2626953125,321.671875,85.0,charging,false,0,,,42.9,FLAG_KEEP_SCREEN_ON,no_load_injected_background_apps_unverified,
2026-08-22T12:08:26.386936Z,1.2.0,realme_RMX3760_api35,1.2.0+3,release,mobilenet_v2_float32,bec15e3963d46e241acd9c906831107e97b4c00b81c895257a4321545dcd738d,mobilenet_v2,float32,float32,float32,1x224x224x3,xnnpack_cpu,xnnpack,xnnpack_initialized_partition_unverified,,1,1,2,measured,67,406.079000,21.583000,210.7939453125,321.1796875,85.0,charging,false,0,,,42.9,FLAG_KEEP_SCREEN_ON,no_load_injected_background_apps_unverified,
2026-08-22T12:08:26.826313Z,1.2.0,realme_RMX3760_api35,1.2.0+3,release,mobilenet_v2_float32,bec15e3963d46e241acd9c906831107e97b4c00b81c895257a4321545dcd738d,mobilenet_v2,float32,float32,float32,1x224x224x3,xnnpack_cpu,xnnpack,xnnpack_initialized_partition_unverified,,1,1,2,measured,68,381.305000,21.583000,211.3095703125,321.72265625,85.0,charging,false,0,,,42.9,FLAG_KEEP_SCREEN_ON,no_load_injected_background_apps_unverified,
2026-08-22T12:08:27.304034Z,1.2.0,realme_RMX3760_api35,1.2.0+3,release,mobilenet_v2_float32,bec15e3963d46e241acd9c906831107e97b4c00b81c895257a4321545dcd738d,mobilenet_v2,float32,float32,float32,1x224x224x3,xnnpack_cpu,xnnpack,xnnpack_initialized_partition_unverified,,1,1,2,measured,69,420.975000,21.583000,210.0908203125,320.52734375,85.0,charging,false,0,,,42.9,FLAG_KEEP_SCREEN_ON,no_load_injected_background_apps_unverified,
2026-08-22T12:08:27.751748Z,1.2.0,realme_RMX3760_api35,1.2.0+3,release,mobilenet_v2_float32,bec15e3963d46e241acd9c906831107e97b4c00b81c895257a4321545dcd738d,mobilenet_v2,float32,float32,float32,1x224x224x3,xnnpack_cpu,xnnpack,xnnpack_initialized_partition_unverified,,1,1,2,measured,70,390.370000,21.583000,210.7275390625,321.1640625,85.0,charging,false,0,,,42.9,FLAG_KEEP_SCREEN_ON,no_load_injected_background_apps_unverified,
2026-08-22T12:08:28.202959Z,1.2.0,realme_RMX3760_api35,1.2.0+3,release,mobilenet_v2_float32,bec15e3963d46e241acd9c906831107e97b4c00b81c895257a4321545dcd738d,mobilenet_v2,float32,float32,float32,1x224x224x3,xnnpack_cpu,xnnpack,xnnpack_initialized_partition_unverified,,1,1,2,measured,71,393.770000,21.583000,210.3017578125,320.73828125,85.0,charging,false,0,,,42.9,FLAG_KEEP_SCREEN_ON,no_load_injected_background_apps_unverified,
2026-08-22T12:08:28.651543Z,1.2.0,realme_RMX3760_api35,1.2.0+3,release,mobilenet_v2_float32,bec15e3963d46e241acd9c906831107e97b4c00b81c895257a4321545dcd738d,mobilenet_v2,float32,float32,float32,1x224x224x3,xnnpack_cpu,xnnpack,xnnpack_initialized_partition_unverified,,1,1,2,measured,72,391.670000,21.583000,211.3251953125,321.73046875,85.0,charging,false,0,,,42.9,FLAG_KEEP_SCREEN_ON,no_load_injected_background_apps_unverified,
2026-08-22T12:08:29.102782Z,1.2.0,realme_RMX3760_api35,1.2.0+3,release,mobilenet_v2_float32,bec15e3963d46e241acd9c906831107e97b4c00b81c895257a4321545dcd738d,mobilenet_v2,float32,float32,float32,1x224x224x3,xnnpack_cpu,xnnpack,xnnpack_initialized_partition_unverified,,1,1,2,measured,73,393.292000,21.583000,210.4189453125,320.828125,85.0,charging,false,0,,,42.9,FLAG_KEEP_SCREEN_ON,no_load_injected_background_apps_unverified,
2026-08-22T12:08:29.579442Z,1.2.0,realme_RMX3760_api35,1.2.0+3,release,mobilenet_v2_float32,bec15e3963d46e241acd9c906831107e97b4c00b81c895257a4321545dcd738d,mobilenet_v2,float32,float32,float32,1x224x224x3,xnnpack_cpu,xnnpack,xnnpack_initialized_partition_unverified,,1,1,2,measured,74,419.129000,21.583000,211.4423828125,321.83984375,85.0,charging,false,0,,,42.9,FLAG_KEEP_SCREEN_ON,no_load_injected_background_apps_unverified,
2026-08-22T12:08:30.020568Z,1.2.0,realme_RMX3760_api35,1.2.0+3,release,mobilenet_v2_float32,bec15e3963d46e241acd9c906831107e97b4c00b81c895257a4321545dcd738d,mobilenet_v2,float32,float32,float32,1x224x224x3,xnnpack_cpu,xnnpack,xnnpack_initialized_partition_unverified,,1,1,2,measured,75,383.515000,21.583000,210.9658203125,321.40234375,85.0,charging,false,0,,,42.9,FLAG_KEEP_SCREEN_ON,no_load_injected_background_apps_unverified,
2026-08-22T12:08:30.486663Z,1.2.0,realme_RMX3760_api35,1.2.0+3,release,mobilenet_v2_float32,bec15e3963d46e241acd9c906831107e97b4c00b81c895257a4321545dcd738d,mobilenet_v2,float32,float32,float32,1x224x224x3,xnnpack_cpu,xnnpack,xnnpack_initialized_partition_unverified,,1,1,2,measured,76,408.547000,21.583000,211.3330078125,321.7265625,85.0,charging,false,0,,,42.9,FLAG_KEEP_SCREEN_ON,no_load_injected_background_apps_unverified,
2026-08-22T12:08:30.934022Z,1.2.0,realme_RMX3760_api35,1.2.0+3,release,mobilenet_v2_float32,bec15e3963d46e241acd9c906831107e97b4c00b81c895257a4321545dcd738d,mobilenet_v2,float32,float32,float32,1x224x224x3,xnnpack_cpu,xnnpack,xnnpack_initialized_partition_unverified,,1,1,2,measured,77,388.902000,21.583000,210.41015625,320.84375,85.0,charging,false,0,,,42.9,FLAG_KEEP_SCREEN_ON,no_load_injected_background_apps_unverified,
2026-08-22T12:08:31.386405Z,1.2.0,realme_RMX3760_api35,1.2.0+3,release,mobilenet_v2_float32,bec15e3963d46e241acd9c906831107e97b4c00b81c895257a4321545dcd738d,mobilenet_v2,float32,float32,float32,1x224x224x3,xnnpack_cpu,xnnpack,xnnpack_initialized_partition_unverified,,1,1,2,measured,78,394.168000,21.583000,210.89453125,321.328125,85.0,charging,false,0,,,42.9,FLAG_KEEP_SCREEN_ON,no_load_injected_background_apps_unverified,
2026-08-22T12:08:31.821565Z,1.2.0,realme_RMX3760_api35,1.2.0+3,release,mobilenet_v2_float32,bec15e3963d46e241acd9c906831107e97b4c00b81c895257a4321545dcd738d,mobilenet_v2,float32,float32,float32,1x224x224x3,xnnpack_cpu,xnnpack,xnnpack_initialized_partition_unverified,,1,1,2,measured,79,378.263000,21.583000,214.46875,324.90234375,85.0,charging,false,0,,,42.9,FLAG_KEEP_SCREEN_ON,no_load_injected_background_apps_unverified,
2026-08-22T12:08:32.271011Z,1.2.0,realme_RMX3760_api35,1.2.0+3,release,mobilenet_v2_float32,bec15e3963d46e241acd9c906831107e97b4c00b81c895257a4321545dcd738d,mobilenet_v2,float32,float32,float32,1x224x224x3,xnnpack_cpu,xnnpack,xnnpack_initialized_partition_unverified,,1,1,2,measured,80,392.165000,21.583000,211.10546875,321.515625,85.0,charging,false,0,,,42.9,FLAG_KEEP_SCREEN_ON,no_load_injected_background_apps_unverified,
2026-08-22T12:08:32.718209Z,1.2.0,realme_RMX3760_api35,1.2.0+3,release,mobilenet_v2_float32,bec15e3963d46e241acd9c906831107e97b4c00b81c895257a4321545dcd738d,mobilenet_v2,float32,float32,float32,1x224x224x3,xnnpack_cpu,xnnpack,xnnpack_initialized_partition_unverified,,1,1,2,measured,81,388.926000,21.583000,210.72265625,321.09375,85.0,charging,false,0,,,42.9,FLAG_KEEP_SCREEN_ON,no_load_injected_background_apps_unverified,
2026-08-22T12:08:33.165645Z,1.2.0,realme_RMX3760_api35,1.2.0+3,release,mobilenet_v2_float32,bec15e3963d46e241acd9c906831107e97b4c00b81c895257a4321545dcd738d,mobilenet_v2,float32,float32,float32,1x224x224x3,xnnpack_cpu,xnnpack,xnnpack_initialized_partition_unverified,,1,1,2,measured,82,387.909000,21.583000,211.65234375,322.0546875,85.0,charging,false,0,,,42.9,FLAG_KEEP_SCREEN_ON,no_load_injected_background_apps_unverified,
2026-08-22T12:08:33.616148Z,1.2.0,realme_RMX3760_api35,1.2.0+3,release,mobilenet_v2_float32,bec15e3963d46e241acd9c906831107e97b4c00b81c895257a4321545dcd738d,mobilenet_v2,float32,float32,float32,1x224x224x3,xnnpack_cpu,xnnpack,xnnpack_initialized_partition_unverified,,1,1,2,measured,83,393.749000,21.583000,210.37890625,320.7265625,85.0,charging,false,0,,,42.9,FLAG_KEEP_SCREEN_ON,no_load_injected_background_apps_unverified,
2026-08-22T12:08:34.063195Z,1.2.0,realme_RMX3760_api35,1.2.0+3,release,mobilenet_v2_float32,bec15e3963d46e241acd9c906831107e97b4c00b81c895257a4321545dcd738d,mobilenet_v2,float32,float32,float32,1x224x224x3,xnnpack_cpu,xnnpack,xnnpack_initialized_partition_unverified,,1,1,2,measured,84,389.991000,21.583000,211.6171875,322.0234375,85.0,charging,false,0,,,42.9,FLAG_KEEP_SCREEN_ON,no_load_injected_background_apps_unverified,
2026-08-22T12:08:34.511215Z,1.2.0,realme_RMX3760_api35,1.2.0+3,release,mobilenet_v2_float32,bec15e3963d46e241acd9c906831107e97b4c00b81c895257a4321545dcd738d,mobilenet_v2,float32,float32,float32,1x224x224x3,xnnpack_cpu,xnnpack,xnnpack_initialized_partition_unverified,,1,1,2,measured,85,390.410000,21.583000,211.140625,321.56640625,85.0,charging,false,0,,,42.9,FLAG_KEEP_SCREEN_ON,no_load_injected_background_apps_unverified,
2026-08-22T12:08:34.955074Z,1.2.0,realme_RMX3760_api35,1.2.0+3,release,mobilenet_v2_float32,bec15e3963d46e241acd9c906831107e97b4c00b81c895257a4321545dcd738d,mobilenet_v2,float32,float32,float32,1x224x224x3,xnnpack_cpu,xnnpack,xnnpack_initialized_partition_unverified,,1,1,2,measured,86,386.422000,21.583000,211.66015625,322.07421875,85.0,charging,false,0,,,42.9,FLAG_KEEP_SCREEN_ON,no_load_injected_background_apps_unverified,
2026-08-22T12:08:35.407343Z,1.2.0,realme_RMX3760_api35,1.2.0+3,release,mobilenet_v2_float32,bec15e3963d46e241acd9c906831107e97b4c00b81c895257a4321545dcd738d,mobilenet_v2,float32,float32,float32,1x224x224x3,xnnpack_cpu,xnnpack,xnnpack_initialized_partition_unverified,,1,1,2,measured,87,394.348000,21.583000,211.1875,321.57421875,85.0,charging,false,0,,,42.9,FLAG_KEEP_SCREEN_ON,no_load_injected_background_apps_unverified,
2026-08-22T12:08:35.860630Z,1.2.0,realme_RMX3760_api35,1.2.0+3,release,mobilenet_v2_float32,bec15e3963d46e241acd9c906831107e97b4c00b81c895257a4321545dcd738d,mobilenet_v2,float32,float32,float32,1x224x224x3,xnnpack_cpu,xnnpack,xnnpack_initialized_partition_unverified,,1,1,2,measured,88,392.677000,21.583000,211.0859375,321.51953125,85.0,charging,false,0,,,42.9,FLAG_KEEP_SCREEN_ON,no_load_injected_background_apps_unverified,
2026-08-22T12:08:36.314696Z,1.2.0,realme_RMX3760_api35,1.2.0+3,release,mobilenet_v2_float32,bec15e3963d46e241acd9c906831107e97b4c00b81c895257a4321545dcd738d,mobilenet_v2,float32,float32,float32,1x224x224x3,xnnpack_cpu,xnnpack,xnnpack_initialized_partition_unverified,,1,1,2,measured,89,395.372000,21.583000,211.17578125,321.5859375,85.0,charging,false,0,,,42.9,FLAG_KEEP_SCREEN_ON,no_load_injected_background_apps_unverified,
2026-08-22T12:08:36.775896Z,1.2.0,realme_RMX3760_api35,1.2.0+3,release,mobilenet_v2_float32,bec15e3963d46e241acd9c906831107e97b4c00b81c895257a4321545dcd738d,mobilenet_v2,float32,float32,float32,1x224x224x3,xnnpack_cpu,xnnpack,xnnpack_initialized_partition_unverified,,1,1,2,measured,90,404.075000,21.583000,211.2890625,321.6953125,85.0,charging,false,0,,,42.8,FLAG_KEEP_SCREEN_ON,no_load_injected_background_apps_unverified,
2026-08-22T12:08:37.242707Z,1.2.0,realme_RMX3760_api35,1.2.0+3,release,mobilenet_v2_float32,bec15e3963d46e241acd9c906831107e97b4c00b81c895257a4321545dcd738d,mobilenet_v2,float32,float32,float32,1x224x224x3,xnnpack_cpu,xnnpack,xnnpack_initialized_partition_unverified,,1,1,2,measured,91,408.948000,21.583000,210.8125,321.24609375,85.0,charging,false,0,,,42.8,FLAG_KEEP_SCREEN_ON,no_load_injected_background_apps_unverified,
2026-08-22T12:08:37.686506Z,1.2.0,realme_RMX3760_api35,1.2.0+3,release,mobilenet_v2_float32,bec15e3963d46e241acd9c906831107e97b4c00b81c895257a4321545dcd738d,mobilenet_v2,float32,float32,float32,1x224x224x3,xnnpack_cpu,xnnpack,xnnpack_initialized_partition_unverified,,1,1,2,measured,92,385.647000,21.583000,211.8359375,322.2421875,85.0,charging,false,0,,,42.8,FLAG_KEEP_SCREEN_ON,no_load_injected_background_apps_unverified,
2026-08-22T12:08:38.140142Z,1.2.0,realme_RMX3760_api35,1.2.0+3,release,mobilenet_v2_float32,bec15e3963d46e241acd9c906831107e97b4c00b81c895257a4321545dcd738d,mobilenet_v2,float32,float32,float32,1x224x224x3,xnnpack_cpu,xnnpack,xnnpack_initialized_partition_unverified,,1,1,2,measured,93,396.794000,21.583000,210.8515625,321.28515625,85.0,charging,false,0,,,42.8,FLAG_KEEP_SCREEN_ON,no_load_injected_background_apps_unverified,
2026-08-22T12:08:38.586559Z,1.2.0,realme_RMX3760_api35,1.2.0+3,release,mobilenet_v2_float32,bec15e3963d46e241acd9c906831107e97b4c00b81c895257a4321545dcd738d,mobilenet_v2,float32,float32,float32,1x224x224x3,xnnpack_cpu,xnnpack,xnnpack_initialized_partition_unverified,,1,1,2,measured,94,388.717000,21.583000,211.3671875,321.76171875,85.0,charging,false,0,,,42.8,FLAG_KEEP_SCREEN_ON,no_load_injected_background_apps_unverified,
2026-08-22T12:08:39.039022Z,1.2.0,realme_RMX3760_api35,1.2.0+3,release,mobilenet_v2_float32,bec15e3963d46e241acd9c906831107e97b4c00b81c895257a4321545dcd738d,mobilenet_v2,float32,float32,float32,1x224x224x3,xnnpack_cpu,xnnpack,xnnpack_initialized_partition_unverified,,1,1,2,measured,95,395.281000,21.583000,210.89453125,321.328125,85.0,charging,false,0,,,42.8,FLAG_KEEP_SCREEN_ON,no_load_injected_background_apps_unverified,
2026-08-22T12:08:39.502370Z,1.2.0,realme_RMX3760_api35,1.2.0+3,release,mobilenet_v2_float32,bec15e3963d46e241acd9c906831107e97b4c00b81c895257a4321545dcd738d,mobilenet_v2,float32,float32,float32,1x224x224x3,xnnpack_cpu,xnnpack,xnnpack_initialized_partition_unverified,,1,1,2,measured,96,405.276000,21.583000,211.97265625,322.37890625,85.0,charging,false,0,,,42.8,FLAG_KEEP_SCREEN_ON,no_load_injected_background_apps_unverified,
2026-08-22T12:08:39.955935Z,1.2.0,realme_RMX3760_api35,1.2.0+3,release,mobilenet_v2_float32,bec15e3963d46e241acd9c906831107e97b4c00b81c895257a4321545dcd738d,mobilenet_v2,float32,float32,float32,1x224x224x3,xnnpack_cpu,xnnpack,xnnpack_initialized_partition_unverified,,1,1,2,measured,97,396.592000,21.583000,211.45703125,321.875,85.0,charging,false,0,,,42.8,FLAG_KEEP_SCREEN_ON,no_load_injected_background_apps_unverified,
2026-08-22T12:08:40.410686Z,1.2.0,realme_RMX3760_api35,1.2.0+3,release,mobilenet_v2_float32,bec15e3963d46e241acd9c906831107e97b4c00b81c895257a4321545dcd738d,mobilenet_v2,float32,float32,float32,1x224x224x3,xnnpack_cpu,xnnpack,xnnpack_initialized_partition_unverified,,1,1,2,measured,98,397.036000,21.583000,211.48046875,321.875,85.0,charging,false,0,,,42.8,FLAG_KEEP_SCREEN_ON,no_load_injected_background_apps_unverified,
2026-08-22T12:08:40.869978Z,1.2.0,realme_RMX3760_api35,1.2.0+3,release,mobilenet_v2_float32,bec15e3963d46e241acd9c906831107e97b4c00b81c895257a4321545dcd738d,mobilenet_v2,float32,float32,float32,1x224x224x3,xnnpack_cpu,xnnpack,xnnpack_initialized_partition_unverified,,1,1,2,measured,99,400.774000,21.583000,210.86328125,321.1875,85.0,charging,false,0,,,42.8,FLAG_KEEP_SCREEN_ON,no_load_injected_background_apps_unverified,
2026-08-22T12:08:50.059978Z,1.2.0,realme_RMX3760_api35,1.2.0+3,release,mobilenet_v2_float32,bec15e3963d46e241acd9c906831107e97b4c00b81c895257a4321545dcd738d,mobilenet_v2,float32,float32,float32,1x224x224x3,builtin_cpu,none,none_builtin,,2,1,3,measured,0,429.597000,7.048000,228.4921875,338.42578125,85.0,charging,false,0,,,42.8,FLAG_KEEP_SCREEN_ON,no_load_injected_background_apps_unverified,
2026-08-22T12:08:50.550483Z,1.2.0,realme_RMX3760_api35,1.2.0+3,release,mobilenet_v2_float32,bec15e3963d46e241acd9c906831107e97b4c00b81c895257a4321545dcd738d,mobilenet_v2,float32,float32,float32,1x224x224x3,builtin_cpu,none,none_builtin,,2,1,3,measured,1,432.147000,7.048000,229.19140625,339.19921875,85.0,charging,false,0,,,42.8,FLAG_KEEP_SCREEN_ON,no_load_injected_background_apps_unverified,
2026-08-22T12:08:51.015042Z,1.2.0,realme_RMX3760_api35,1.2.0+3,release,mobilenet_v2_float32,bec15e3963d46e241acd9c906831107e97b4c00b81c895257a4321545dcd738d,mobilenet_v2,float32,float32,float32,1x224x224x3,builtin_cpu,none,none_builtin,,2,1,3,measured,2,406.518000,7.048000,229.2109375,339.32421875,85.0,charging,false,0,,,42.8,FLAG_KEEP_SCREEN_ON,no_load_injected_background_apps_unverified,
2026-08-22T12:08:51.483004Z,1.2.0,realme_RMX3760_api35,1.2.0+3,release,mobilenet_v2_float32,bec15e3963d46e241acd9c906831107e97b4c00b81c895257a4321545dcd738d,mobilenet_v2,float32,float32,float32,1x224x224x3,builtin_cpu,none,none_builtin,,2,1,3,measured,3,409.630000,7.048000,228.734375,338.75,85.0,charging,false,0,,,42.8,FLAG_KEEP_SCREEN_ON,no_load_injected_background_apps_unverified,
2026-08-22T12:08:51.952667Z,1.2.0,realme_RMX3760_api35,1.2.0+3,release,mobilenet_v2_float32,bec15e3963d46e241acd9c906831107e97b4c00b81c895257a4321545dcd738d,mobilenet_v2,float32,float32,float32,1x224x224x3,builtin_cpu,none,none_builtin,,2,1,3,measured,4,412.317000,7.048000,229.25,339.1015625,85.0,charging,false,0,,,42.8,FLAG_KEEP_SCREEN_ON,no_load_injected_background_apps_unverified,
2026-08-22T12:08:52.444462Z,1.2.0,realme_RMX3760_api35,1.2.0+3,release,mobilenet_v2_float32,bec15e3963d46e241acd9c906831107e97b4c00b81c895257a4321545dcd738d,mobilenet_v2,float32,float32,float32,1x224x224x3,builtin_cpu,none,none_builtin,,2,1,3,measured,5,434.582000,7.048000,229.33984375,339.28125,85.0,charging,false,0,,,42.8,FLAG_KEEP_SCREEN_ON,no_load_injected_background_apps_unverified,
2026-08-22T12:08:52.939013Z,1.2.0,realme_RMX3760_api35,1.2.0+3,release,mobilenet_v2_float32,bec15e3963d46e241acd9c906831107e97b4c00b81c895257a4321545dcd738d,mobilenet_v2,float32,float32,float32,1x224x224x3,builtin_cpu,none,none_builtin,,2,1,3,measured,6,436.430000,7.048000,229.359375,339.140625,85.0,charging,false,0,,,42.8,FLAG_KEEP_SCREEN_ON,no_load_injected_background_apps_unverified,
2026-08-22T12:08:53.428372Z,1.2.0,realme_RMX3760_api35,1.2.0+3,release,mobilenet_v2_float32,bec15e3963d46e241acd9c906831107e97b4c00b81c895257a4321545dcd738d,mobilenet_v2,float32,float32,float32,1x224x224x3,builtin_cpu,none,none_builtin,,2,1,3,measured,7,432.092000,7.048000,228.8828125,338.85546875,85.0,charging,false,0,,,42.8,FLAG_KEEP_SCREEN_ON,no_load_injected_background_apps_unverified,
2026-08-22T12:08:53.907362Z,1.2.0,realme_RMX3760_api35,1.2.0+3,release,mobilenet_v2_float32,bec15e3963d46e241acd9c906831107e97b4c00b81c895257a4321545dcd738d,mobilenet_v2,float32,float32,float32,1x224x224x3,builtin_cpu,none,none_builtin,,2,1,3,measured,8,420.487000,7.048000,229.3984375,339.46484375,85.0,charging,false,0,,,42.8,FLAG_KEEP_SCREEN_ON,no_load_injected_background_apps_unverified,
2026-08-22T12:08:54.408473Z,1.2.0,realme_RMX3760_api35,1.2.0+3,release,mobilenet_v2_float32,bec15e3963d46e241acd9c906831107e97b4c00b81c895257a4321545dcd738d,mobilenet_v2,float32,float32,float32,1x224x224x3,builtin_cpu,none,none_builtin,,2,1,3,measured,9,443.535000,7.048000,228.72265625,338.62109375,85.0,charging,false,0,,,42.8,FLAG_KEEP_SCREEN_ON,no_load_injected_background_apps_unverified,
2026-08-22T12:08:54.876666Z,1.2.0,realme_RMX3760_api35,1.2.0+3,release,mobilenet_v2_float32,bec15e3963d46e241acd9c906831107e97b4c00b81c895257a4321545dcd738d,mobilenet_v2,float32,float32,float32,1x224x224x3,builtin_cpu,none,none_builtin,,2,1,3,measured,10,411.116000,7.048000,229.28515625,339.3203125,85.0,charging,false,0,,,42.8,FLAG_KEEP_SCREEN_ON,no_load_injected_background_apps_unverified,
2026-08-22T12:08:55.370570Z,1.2.0,realme_RMX3760_api35,1.2.0+3,release,mobilenet_v2_float32,bec15e3963d46e241acd9c906831107e97b4c00b81c895257a4321545dcd738d,mobilenet_v2,float32,float32,float32,1x224x224x3,builtin_cpu,none,none_builtin,,2,1,3,measured,11,435.396000,7.048000,229.4140625,339.4375,85.0,charging,false,0,,,42.8,FLAG_KEEP_SCREEN_ON,no_load_injected_background_apps_unverified,
2026-08-22T12:08:55.850709Z,1.2.0,realme_RMX3760_api35,1.2.0+3,release,mobilenet_v2_float32,bec15e3963d46e241acd9c906831107e97b4c00b81c895257a4321545dcd738d,mobilenet_v2,float32,float32,float32,1x224x224x3,builtin_cpu,none,none_builtin,,2,1,3,measured,12,421.617000,7.048000,232.9375,342.83203125,85.0,charging,false,0,,,42.8,FLAG_KEEP_SCREEN_ON,no_load_injected_background_apps_unverified,
2026-08-22T12:08:56.351113Z,1.2.0,realme_RMX3760_api35,1.2.0+3,release,mobilenet_v2_float32,bec15e3963d46e241acd9c906831107e97b4c00b81c895257a4321545dcd738d,mobilenet_v2,float32,float32,float32,1x224x224x3,builtin_cpu,none,none_builtin,,2,1,3,measured,13,442.295000,7.048000,229.51953125,339.4921875,85.0,charging,false,0,,,42.8,FLAG_KEEP_SCREEN_ON,no_load_injected_background_apps_unverified,
2026-08-22T12:08:56.831434Z,1.2.0,realme_RMX3760_api35,1.2.0+3,release,mobilenet_v2_float32,bec15e3963d46e241acd9c906831107e97b4c00b81c895257a4321545dcd738d,mobilenet_v2,float32,float32,float32,1x224x224x3,builtin_cpu,none,none_builtin,,2,1,3,measured,14,422.402000,7.048000,229.04296875,338.9140625,85.0,charging,false,0,,,42.8,FLAG_KEEP_SCREEN_ON,no_load_injected_background_apps_unverified,
2026-08-22T12:08:57.313527Z,1.2.0,realme_RMX3760_api35,1.2.0+3,release,mobilenet_v2_float32,bec15e3963d46e241acd9c906831107e97b4c00b81c895257a4321545dcd738d,mobilenet_v2,float32,float32,float32,1x224x224x3,builtin_cpu,none,none_builtin,,2,1,3,measured,15,422.163000,7.048000,229.56640625,339.8125,85.0,charging,false,0,,,42.8,FLAG_KEEP_SCREEN_ON,no_load_injected_background_apps_unverified,
2026-08-22T12:08:57.882724Z,1.2.0,realme_RMX3760_api35,1.2.0+3,release,mobilenet_v2_float32,bec15e3963d46e241acd9c906831107e97b4c00b81c895257a4321545dcd738d,mobilenet_v2,float32,float32,float32,1x224x224x3,builtin_cpu,none,none_builtin,,2,1,3,measured,16,510.593000,7.048000,229.5859375,339.6796875,85.0,charging,false,0,,,42.8,FLAG_KEEP_SCREEN_ON,no_load_injected_background_apps_unverified,
2026-08-22T12:08:58.375462Z,1.2.0,realme_RMX3760_api35,1.2.0+3,release,mobilenet_v2_float32,bec15e3963d46e241acd9c906831107e97b4c00b81c895257a4321545dcd738d,mobilenet_v2,float32,float32,float32,1x224x224x3,builtin_cpu,none,none_builtin,,2,1,3,measured,17,434.488000,7.048000,229.37109375,339.26953125,85.0,charging,false,0,,,42.8,FLAG_KEEP_SCREEN_ON,no_load_injected_background_apps_unverified,
2026-08-22T12:08:58.831434Z,1.2.0,realme_RMX3760_api35,1.2.0+3,release,mobilenet_v2_float32,bec15e3963d46e241acd9c906831107e97b4c00b81c895257a4321545dcd738d,mobilenet_v2,float32,float32,float32,1x224x224x3,builtin_cpu,none,none_builtin,,2,1,3,measured,18,397.687000,7.048000,229.453125,339.33203125,85.0,charging,false,0,,,42.8,FLAG_KEEP_SCREEN_ON,no_load_injected_background_apps_unverified,
2026-08-22T12:08:59.319170Z,1.2.0,realme_RMX3760_api35,1.2.0+3,release,mobilenet_v2_float32,bec15e3963d46e241acd9c906831107e97b4c00b81c895257a4321545dcd738d,mobilenet_v2,float32,float32,float32,1x224x224x3,builtin_cpu,none,none_builtin,,2,1,3,measured,19,427.769000,7.048000,229.48046875,339.44921875,85.0,charging,false,0,,,42.8,FLAG_KEEP_SCREEN_ON,no_load_injected_background_apps_unverified,
2026-08-22T12:08:59.807053Z,1.2.0,realme_RMX3760_api35,1.2.0+3,release,mobilenet_v2_float32,bec15e3963d46e241acd9c906831107e97b4c00b81c895257a4321545dcd738d,mobilenet_v2,float32,float32,float32,1x224x224x3,builtin_cpu,none,none_builtin,,2,1,3,measured,20,429.608000,7.048000,229.70703125,339.76953125,85.0,charging,false,0,,,42.8,FLAG_KEEP_SCREEN_ON,no_load_injected_background_apps_unverified,
2026-08-22T12:09:00.275034Z,1.2.0,realme_RMX3760_api35,1.2.0+3,release,mobilenet_v2_float32,bec15e3963d46e241acd9c906831107e97b4c00b81c895257a4321545dcd738d,mobilenet_v2,float32,float32,float32,1x224x224x3,builtin_cpu,none,none_builtin,,2,1,3,measured,21,409.665000,7.048000,228.48046875,338.515625,85.0,charging,false,0,,,42.8,FLAG_KEEP_SCREEN_ON,no_load_injected_background_apps_unverified,
2026-08-22T12:09:00.759301Z,1.2.0,realme_RMX3760_api35,1.2.0+3,release,mobilenet_v2_float32,bec15e3963d46e241acd9c906831107e97b4c00b81c895257a4321545dcd738d,mobilenet_v2,float32,float32,float32,1x224x224x3,builtin_cpu,none,none_builtin,,2,1,3,measured,22,425.979000,7.048000,229.5078125,339.640625,85.0,charging,false,0,,,42.8,FLAG_KEEP_SCREEN_ON,no_load_injected_background_apps_unverified,
2026-08-22T12:09:01.246917Z,1.2.0,realme_RMX3760_api35,1.2.0+3,release,mobilenet_v2_float32,bec15e3963d46e241acd9c906831107e97b4c00b81c895257a4321545dcd738d,mobilenet_v2,float32,float32,float32,1x224x224x3,builtin_cpu,none,none_builtin,,2,1,3,measured,23,428.960000,7.048000,229.54296875,339.5,85.0,charging,false,0,,,42.8,FLAG_KEEP_SCREEN_ON,no_load_injected_background_apps_unverified,
2026-08-22T12:09:01.731895Z,1.2.0,realme_RMX3760_api35,1.2.0+3,release,mobilenet_v2_float32,bec15e3963d46e241acd9c906831107e97b4c00b81c895257a4321545dcd738d,mobilenet_v2,float32,float32,float32,1x224x224x3,builtin_cpu,none,none_builtin,,2,1,3,measured,24,425.658000,7.048000,229.69140625,339.7421875,85.0,charging,false,0,,,42.8,FLAG_KEEP_SCREEN_ON,no_load_injected_background_apps_unverified,
2026-08-22T12:09:02.216455Z,1.2.0,realme_RMX3760_api35,1.2.0+3,release,mobilenet_v2_float32,bec15e3963d46e241acd9c906831107e97b4c00b81c895257a4321545dcd738d,mobilenet_v2,float32,float32,float32,1x224x224x3,builtin_cpu,none,none_builtin,,2,1,3,measured,25,427.714000,7.048000,229.265625,339.26171875,85.0,charging,false,0,,,42.8,FLAG_KEEP_SCREEN_ON,no_load_injected_background_apps_unverified,
2026-08-22T12:09:02.688530Z,1.2.0,realme_RMX3760_api35,1.2.0+3,release,mobilenet_v2_float32,bec15e3963d46e241acd9c906831107e97b4c00b81c895257a4321545dcd738d,mobilenet_v2,float32,float32,float32,1x224x224x3,builtin_cpu,none,none_builtin,,2,1,3,measured,26,414.860000,7.048000,229.7421875,339.5234375,85.0,charging,false,0,,,42.8,FLAG_KEEP_SCREEN_ON,no_load_injected_background_apps_unverified,
2026-08-22T12:09:03.135911Z,1.2.0,realme_RMX3760_api35,1.2.0+3,release,mobilenet_v2_float32,bec15e3963d46e241acd9c906831107e97b4c00b81c895257a4321545dcd738d,mobilenet_v2,float32,float32,float32,1x224x224x3,builtin_cpu,none,none_builtin,,2,1,3,measured,27,389.804000,7.048000,229.77734375,339.71484375,85.0,charging,false,0,,,42.8,FLAG_KEEP_SCREEN_ON,no_load_injected_background_apps_unverified,
2026-08-22T12:09:03.623183Z,1.2.0,realme_RMX3760_api35,1.2.0+3,release,mobilenet_v2_float32,bec15e3963d46e241acd9c906831107e97b4c00b81c895257a4321545dcd738d,mobilenet_v2,float32,float32,float32,1x224x224x3,builtin_cpu,none,none_builtin,,2,1,3,measured,28,428.889000,7.048000,229.83984375,339.6171875,85.0,charging,false,0,,,42.8,FLAG_KEEP_SCREEN_ON,no_load_injected_background_apps_unverified,
2026-08-22T12:09:04.097642Z,1.2.0,realme_RMX3760_api35,1.2.0+3,release,mobilenet_v2_float32,bec15e3963d46e241acd9c906831107e97b4c00b81c895257a4321545dcd738d,mobilenet_v2,float32,float32,float32,1x224x224x3,builtin_cpu,none,none_builtin,,2,1,3,measured,29,417.538000,7.048000,229.90234375,339.76953125,85.0,charging,false,0,,,42.8,FLAG_KEEP_SCREEN_ON,no_load_injected_background_apps_unverified,
2026-08-22T12:09:04.561061Z,1.2.0,realme_RMX3760_api35,1.2.0+3,release,mobilenet_v2_float32,bec15e3963d46e241acd9c906831107e97b4c00b81c895257a4321545dcd738d,mobilenet_v2,float32,float32,float32,1x224x224x3,builtin_cpu,none,none_builtin,,2,1,3,measured,30,405.747000,7.048000,229.80078125,339.75390625,85.0,charging,false,0,,,42.8,FLAG_KEEP_SCREEN_ON,no_load_injected_background_apps_unverified,
2026-08-22T12:09:05.046711Z,1.2.0,realme_RMX3760_api35,1.2.0+3,release,mobilenet_v2_float32,bec15e3963d46e241acd9c906831107e97b4c00b81c895257a4321545dcd738d,mobilenet_v2,float32,float32,float32,1x224x224x3,builtin_cpu,none,none_builtin,,2,1,3,measured,31,426.766000,7.048000,229.82421875,339.61328125,85.0,charging,false,0,,,42.8,FLAG_KEEP_SCREEN_ON,no_load_injected_background_apps_unverified,
2026-08-22T12:09:05.528287Z,1.2.0,realme_RMX3760_api35,1.2.0+3,release,mobilenet_v2_float32,bec15e3963d46e241acd9c906831107e97b4c00b81c895257a4321545dcd738d,mobilenet_v2,float32,float32,float32,1x224x224x3,builtin_cpu,none,none_builtin,,2,1,3,measured,32,424.142000,7.048000,229.04296875,338.8671875,85.0,charging,false,0,,,42.8,FLAG_KEEP_SCREEN_ON,no_load_injected_background_apps_unverified,
2026-08-22T12:09:06.007132Z,1.2.0,realme_RMX3760_api35,1.2.0+3,release,mobilenet_v2_float32,bec15e3963d46e241acd9c906831107e97b4c00b81c895257a4321545dcd738d,mobilenet_v2,float32,float32,float32,1x224x224x3,builtin_cpu,none,none_builtin,,2,1,3,measured,33,420.578000,7.048000,229.85546875,339.74609375,85.0,charging,false,0,,,42.8,FLAG_KEEP_SCREEN_ON,no_load_injected_background_apps_unverified,
2026-08-22T12:09:06.494904Z,1.2.0,realme_RMX3760_api35,1.2.0+3,release,mobilenet_v2_float32,bec15e3963d46e241acd9c906831107e97b4c00b81c895257a4321545dcd738d,mobilenet_v2,float32,float32,float32,1x224x224x3,builtin_cpu,none,none_builtin,,2,1,3,measured,34,429.374000,7.048000,229.375,339.40234375,85.0,charging,false,0,,,42.8,FLAG_KEEP_SCREEN_ON,no_load_injected_background_apps_unverified,
2026-08-22T12:09:06.948072Z,1.2.0,realme_RMX3760_api35,1.2.0+3,release,mobilenet_v2_float32,bec15e3963d46e241acd9c906831107e97b4c00b81c895257a4321545dcd738d,mobilenet_v2,float32,float32,float32,1x224x224x3,builtin_cpu,none,none_builtin,,2,1,3,measured,35,395.481000,7.048000,229.94921875,339.8125,85.0,charging,false,0,,,42.8,FLAG_KEEP_SCREEN_ON,no_load_injected_background_apps_unverified,
2026-08-22T12:09:07.424550Z,1.2.0,realme_RMX3760_api35,1.2.0+3,release,mobilenet_v2_float32,bec15e3963d46e241acd9c906831107e97b4c00b81c895257a4321545dcd738d,mobilenet_v2,float32,float32,float32,1x224x224x3,builtin_cpu,none,none_builtin,,2,1,3,measured,36,416.876000,7.048000,229.47265625,339.48046875,85.0,charging,false,0,,,42.8,FLAG_KEEP_SCREEN_ON,no_load_injected_background_apps_unverified,
2026-08-22T12:09:07.909404Z,1.2.0,realme_RMX3760_api35,1.2.0+3,release,mobilenet_v2_float32,bec15e3963d46e241acd9c906831107e97b4c00b81c895257a4321545dcd738d,mobilenet_v2,float32,float32,float32,1x224x224x3,builtin_cpu,none,none_builtin,,2,1,3,measured,37,424.540000,7.048000,230.0078125,340.11328125,85.0,charging,false,0,,,42.8,FLAG_KEEP_SCREEN_ON,no_load_injected_background_apps_unverified,
2026-08-22T12:09:08.399940Z,1.2.0,realme_RMX3760_api35,1.2.0+3,release,mobilenet_v2_float32,bec15e3963d46e241acd9c906831107e97b4c00b81c895257a4321545dcd738d,mobilenet_v2,float32,float32,float32,1x224x224x3,builtin_cpu,none,none_builtin,,2,1,3,measured,38,432.856000,7.048000,229.60546875,339.59375,85.0,charging,false,0,,,42.8,FLAG_KEEP_SCREEN_ON,no_load_injected_background_apps_unverified,
2026-08-22T12:09:08.883413Z,1.2.0,realme_RMX3760_api35,1.2.0+3,release,mobilenet_v2_float32,bec15e3963d46e241acd9c906831107e97b4c00b81c895257a4321545dcd738d,mobilenet_v2,float32,float32,float32,1x224x224x3,builtin_cpu,none,none_builtin,,2,1,3,measured,39,424.631000,7.048000,229.97265625,340.0546875,85.0,charging,false,0,,,42.8,FLAG_KEEP_SCREEN_ON,no_load_injected_background_apps_unverified,
2026-08-22T12:09:09.360153Z,1.2.0,realme_RMX3760_api35,1.2.0+3,release,mobilenet_v2_float32,bec15e3963d46e241acd9c906831107e97b4c00b81c895257a4321545dcd738d,mobilenet_v2,float32,float32,float32,1x224x224x3,builtin_cpu,none,none_builtin,,2,1,3,measured,40,416.381000,7.048000,229.4921875,339.72265625,85.0,charging,false,0,,,42.8,FLAG_KEEP_SCREEN_ON,no_load_injected_background_apps_unverified,
2026-08-22T12:09:09.837677Z,1.2.0,realme_RMX3760_api35,1.2.0+3,release,mobilenet_v2_float32,bec15e3963d46e241acd9c906831107e97b4c00b81c895257a4321545dcd738d,mobilenet_v2,float32,float32,float32,1x224x224x3,builtin_cpu,none,none_builtin,,2,1,3,measured,41,420.164000,7.048000,229.91796875,339.9609375,85.0,charging,false,0,,,42.8,FLAG_KEEP_SCREEN_ON,no_load_injected_background_apps_unverified,
2026-08-22T12:09:10.315001Z,1.2.0,realme_RMX3760_api35,1.2.0+3,release,mobilenet_v2_float32,bec15e3963d46e241acd9c906831107e97b4c00b81c895257a4321545dcd738d,mobilenet_v2,float32,float32,float32,1x224x224x3,builtin_cpu,none,none_builtin,,2,1,3,measured,42,418.580000,7.048000,230.21484375,340.12109375,85.0,charging,false,0,,,42.8,FLAG_KEEP_SCREEN_ON,no_load_injected_background_apps_unverified,
2026-08-22T12:09:10.798647Z,1.2.0,realme_RMX3760_api35,1.2.0+3,release,mobilenet_v2_float32,bec15e3963d46e241acd9c906831107e97b4c00b81c895257a4321545dcd738d,mobilenet_v2,float32,float32,float32,1x224x224x3,builtin_cpu,none,none_builtin,,2,1,3,measured,43,425.075000,7.048000,230.23828125,340.23828125,85.0,charging,false,0,,,42.8,FLAG_KEEP_SCREEN_ON,no_load_injected_background_apps_unverified,
2026-08-22T12:09:11.276411Z,1.2.0,realme_RMX3760_api35,1.2.0+3,release,mobilenet_v2_float32,bec15e3963d46e241acd9c906831107e97b4c00b81c895257a4321545dcd738d,mobilenet_v2,float32,float32,float32,1x224x224x3,builtin_cpu,none,none_builtin,,2,1,3,measured,44,420.476000,7.048000,229.7578125,339.94140625,85.0,charging,false,0,,,42.8,FLAG_KEEP_SCREEN_ON,no_load_injected_background_apps_unverified,
2026-08-22T12:09:11.747717Z,1.2.0,realme_RMX3760_api35,1.2.0+3,release,mobilenet_v2_float32,bec15e3963d46e241acd9c906831107e97b4c00b81c895257a4321545dcd738d,mobilenet_v2,float32,float32,float32,1x224x224x3,builtin_cpu,none,none_builtin,,2,1,3,measured,45,413.273000,7.048000,229.53125,339.546875,85.0,charging,false,0,,,42.8,FLAG_KEEP_SCREEN_ON,no_load_injected_background_apps_unverified,
2026-08-22T12:09:12.226771Z,1.2.0,realme_RMX3760_api35,1.2.0+3,release,mobilenet_v2_float32,bec15e3963d46e241acd9c906831107e97b4c00b81c895257a4321545dcd738d,mobilenet_v2,float32,float32,float32,1x224x224x3,builtin_cpu,none,none_builtin,,2,1,3,measured,46,420.355000,7.048000,229.703125,339.86328125,85.0,charging,false,0,,,42.8,FLAG_KEEP_SCREEN_ON,no_load_injected_background_apps_unverified,
2026-08-22T12:09:12.704979Z,1.2.0,realme_RMX3760_api35,1.2.0+3,release,mobilenet_v2_float32,bec15e3963d46e241acd9c906831107e97b4c00b81c895257a4321545dcd738d,mobilenet_v2,float32,float32,float32,1x224x224x3,builtin_cpu,none,none_builtin,,2,1,3,measured,47,421.182000,7.048000,230.26953125,340.265625,85.0,charging,false,0,,,42.8,FLAG_KEEP_SCREEN_ON,no_load_injected_background_apps_unverified,
2026-08-22T12:09:13.166074Z,1.2.0,realme_RMX3760_api35,1.2.0+3,release,mobilenet_v2_float32,bec15e3963d46e241acd9c906831107e97b4c00b81c895257a4321545dcd738d,mobilenet_v2,float32,float32,float32,1x224x224x3,builtin_cpu,none,none_builtin,,2,1,3,measured,48,404.437000,7.048000,230.3125,340.36328125,85.0,charging,false,0,,,42.8,FLAG_KEEP_SCREEN_ON,no_load_injected_background_apps_unverified,
2026-08-22T12:09:13.662688Z,1.2.0,realme_RMX3760_api35,1.2.0+3,release,mobilenet_v2_float32,bec15e3963d46e241acd9c906831107e97b4c00b81c895257a4321545dcd738d,mobilenet_v2,float32,float32,float32,1x224x224x3,builtin_cpu,none,none_builtin,,2,1,3,measured,49,437.170000,7.048000,229.84375,339.8125,85.0,charging,false,0,,,42.8,FLAG_KEEP_SCREEN_ON,no_load_injected_background_apps_unverified,
2026-08-22T12:09:14.156465Z,1.2.0,realme_RMX3760_api35,1.2.0+3,release,mobilenet_v2_float32,bec15e3963d46e241acd9c906831107e97b4c00b81c895257a4321545dcd738d,mobilenet_v2,float32,float32,float32,1x224x224x3,builtin_cpu,none,none_builtin,,2,1,3,measured,50,436.456000,7.048000,230.37109375,340.1875,85.0,charging,false,0,,,42.8,FLAG_KEEP_SCREEN_ON,no_load_injected_background_apps_unverified,
2026-08-22T12:09:14.619093Z,1.2.0,realme_RMX3760_api35,1.2.0+3,release,mobilenet_v2_float32,bec15e3963d46e241acd9c906831107e97b4c00b81c895257a4321545dcd738d,mobilenet_v2,float32,float32,float32,1x224x224x3,builtin_cpu,none,none_builtin,,2,1,3,measured,51,404.578000,7.048000,230.3984375,340.3046875,85.0,charging,false,0,,,42.9,FLAG_KEEP_SCREEN_ON,no_load_injected_background_apps_unverified,
2026-08-22T12:09:15.099219Z,1.2.0,realme_RMX3760_api35,1.2.0+3,release,mobilenet_v2_float32,bec15e3963d46e241acd9c906831107e97b4c00b81c895257a4321545dcd738d,mobilenet_v2,float32,float32,float32,1x224x224x3,builtin_cpu,none,none_builtin,,2,1,3,measured,52,421.997000,7.048000,230.16796875,339.703125,85.0,charging,false,0,,,42.9,FLAG_KEEP_SCREEN_ON,no_load_injected_background_apps_unverified,
2026-08-22T12:09:15.575107Z,1.2.0,realme_RMX3760_api35,1.2.0+3,release,mobilenet_v2_float32,bec15e3963d46e241acd9c906831107e97b4c00b81c895257a4321545dcd738d,mobilenet_v2,float32,float32,float32,1x224x224x3,builtin_cpu,none,none_builtin,,2,1,3,measured,53,417.656000,7.048000,229.7890625,339.69140625,85.0,charging,false,0,,,42.9,FLAG_KEEP_SCREEN_ON,no_load_injected_background_apps_unverified,
2026-08-22T12:09:16.052616Z,1.2.0,realme_RMX3760_api35,1.2.0+3,release,mobilenet_v2_float32,bec15e3963d46e241acd9c906831107e97b4c00b81c895257a4321545dcd738d,mobilenet_v2,float32,float32,float32,1x224x224x3,builtin_cpu,none,none_builtin,,2,1,3,measured,54,420.139000,7.048000,230.4765625,340.48828125,85.0,charging,false,0,,,42.9,FLAG_KEEP_SCREEN_ON,no_load_injected_background_apps_unverified,
2026-08-22T12:09:16.518574Z,1.2.0,realme_RMX3760_api35,1.2.0+3,release,mobilenet_v2_float32,bec15e3963d46e241acd9c906831107e97b4c00b81c895257a4321545dcd738d,mobilenet_v2,float32,float32,float32,1x224x224x3,builtin_cpu,none,none_builtin,,2,1,3,measured,55,407.532000,7.048000,230.00390625,339.921875,85.0,charging,false,0,,,42.9,FLAG_KEEP_SCREEN_ON,no_load_injected_background_apps_unverified,
2026-08-22T12:09:17.002645Z,1.2.0,realme_RMX3760_api35,1.2.0+3,release,mobilenet_v2_float32,bec15e3963d46e241acd9c906831107e97b4c00b81c895257a4321545dcd738d,mobilenet_v2,float32,float32,float32,1x224x224x3,builtin_cpu,none,none_builtin,,2,1,3,measured,56,425.629000,7.048000,230.38671875,340.1171875,85.0,charging,false,0,,,42.9,FLAG_KEEP_SCREEN_ON,no_load_injected_background_apps_unverified,
2026-08-22T12:09:17.495978Z,1.2.0,realme_RMX3760_api35,1.2.0+3,release,mobilenet_v2_float32,bec15e3963d46e241acd9c906831107e97b4c00b81c895257a4321545dcd738d,mobilenet_v2,float32,float32,float32,1x224x224x3,builtin_cpu,none,none_builtin,,2,1,3,measured,57,435.503000,7.048000,229.91015625,340.05859375,85.0,charging,false,0,,,42.9,FLAG_KEEP_SCREEN_ON,no_load_injected_background_apps_unverified,
2026-08-22T12:09:17.983096Z,1.2.0,realme_RMX3760_api35,1.2.0+3,release,mobilenet_v2_float32,bec15e3963d46e241acd9c906831107e97b4c00b81c895257a4321545dcd738d,mobilenet_v2,float32,float32,float32,1x224x224x3,builtin_cpu,none,none_builtin,,2,1,3,measured,58,428.854000,7.048000,230.34375,340.2265625,85.0,charging,false,0,,,42.9,FLAG_KEEP_SCREEN_ON,no_load_injected_background_apps_unverified,
2026-08-22T12:09:18.479169Z,1.2.0,realme_RMX3760_api35,1.2.0+3,release,mobilenet_v2_float32,bec15e3963d46e241acd9c906831107e97b4c00b81c895257a4321545dcd738d,mobilenet_v2,float32,float32,float32,1x224x224x3,builtin_cpu,none,none_builtin,,2,1,3,measured,59,437.867000,7.048000,230.015625,340.1484375,85.0,charging,false,0,,,42.9,FLAG_KEEP_SCREEN_ON,no_load_injected_background_apps_unverified,
2026-08-22T12:09:18.949897Z,1.2.0,realme_RMX3760_api35,1.2.0+3,release,mobilenet_v2_float32,bec15e3963d46e241acd9c906831107e97b4c00b81c895257a4321545dcd738d,mobilenet_v2,float32,float32,float32,1x224x224x3,builtin_cpu,none,none_builtin,,2,1,3,measured,60,411.076000,7.048000,230.53515625,340.7578125,85.0,charging,false,0,,,42.9,FLAG_KEEP_SCREEN_ON,no_load_injected_background_apps_unverified,
2026-08-22T12:09:19.441219Z,1.2.0,realme_RMX3760_api35,1.2.0+3,release,mobilenet_v2_float32,bec15e3963d46e241acd9c906831107e97b4c00b81c895257a4321545dcd738d,mobilenet_v2,float32,float32,float32,1x224x224x3,builtin_cpu,none,none_builtin,,2,1,3,measured,61,431.088000,7.048000,230.55859375,340.625,85.0,charging,false,0,,,42.9,FLAG_KEEP_SCREEN_ON,no_load_injected_background_apps_unverified,
2026-08-22T12:09:19.914997Z,1.2.0,realme_RMX3760_api35,1.2.0+3,release,mobilenet_v2_float32,bec15e3963d46e241acd9c906831107e97b4c00b81c895257a4321545dcd738d,mobilenet_v2,float32,float32,float32,1x224x224x3,builtin_cpu,none,none_builtin,,2,1,3,measured,62,415.371000,7.048000,229.94921875,339.8515625,85.0,charging,false,0,,,42.9,FLAG_KEEP_SCREEN_ON,no_load_injected_background_apps_unverified,
2026-08-22T12:09:20.378601Z,1.2.0,realme_RMX3760_api35,1.2.0+3,release,mobilenet_v2_float32,bec15e3963d46e241acd9c906831107e97b4c00b81c895257a4321545dcd738d,mobilenet_v2,float32,float32,float32,1x224x224x3,builtin_cpu,none,none_builtin,,2,1,3,measured,63,405.231000,7.048000,230.5546875,340.5234375,85.0,charging,false,0,,,42.9,FLAG_KEEP_SCREEN_ON,no_load_injected_background_apps_unverified,
2026-08-22T12:09:20.850720Z,1.2.0,realme_RMX3760_api35,1.2.0+3,release,mobilenet_v2_float32,bec15e3963d46e241acd9c906831107e97b4c00b81c895257a4321545dcd738d,mobilenet_v2,float32,float32,float32,1x224x224x3,builtin_cpu,none,none_builtin,,2,1,3,measured,64,413.640000,7.048000,230.1796875,340.38671875,85.0,charging,false,0,,,42.9,FLAG_KEEP_SCREEN_ON,no_load_injected_background_apps_unverified,
2026-08-22T12:09:21.331769Z,1.2.0,realme_RMX3760_api35,1.2.0+3,release,mobilenet_v2_float32,bec15e3963d46e241acd9c906831107e97b4c00b81c895257a4321545dcd738d,mobilenet_v2,float32,float32,float32,1x224x224x3,builtin_cpu,none,none_builtin,,2,1,3,measured,65,423.198000,7.048000,230.70703125,340.7421875,85.0,charging,false,0,,,42.9,FLAG_KEEP_SCREEN_ON,no_load_injected_background_apps_unverified,
2026-08-22T12:09:21.792133Z,1.2.0,realme_RMX3760_api35,1.2.0+3,release,mobilenet_v2_float32,bec15e3963d46e241acd9c906831107e97b4c00b81c895257a4321545dcd738d,mobilenet_v2,float32,float32,float32,1x224x224x3,builtin_cpu,none,none_builtin,,2,1,3,measured,66,403.386000,7.048000,230.7265625,340.6015625,85.0,charging,false,0,,,42.9,FLAG_KEEP_SCREEN_ON,no_load_injected_background_apps_unverified,
2026-08-22T12:09:22.251128Z,1.2.0,realme_RMX3760_api35,1.2.0+3,release,mobilenet_v2_float32,bec15e3963d46e241acd9c906831107e97b4c00b81c895257a4321545dcd738d,mobilenet_v2,float32,float32,float32,1x224x224x3,builtin_cpu,none,none_builtin,,2,1,3,measured,67,400.898000,7.048000,230.5,340.453125,85.0,charging,false,0,,,42.9,FLAG_KEEP_SCREEN_ON,no_load_injected_background_apps_unverified,
2026-08-22T12:09:22.739538Z,1.2.0,realme_RMX3760_api35,1.2.0+3,release,mobilenet_v2_float32,bec15e3963d46e241acd9c906831107e97b4c00b81c895257a4321545dcd738d,mobilenet_v2,float32,float32,float32,1x224x224x3,builtin_cpu,none,none_builtin,,2,1,3,measured,68,430.811000,7.048000,230.69921875,340.6953125,85.0,charging,false,0,,,42.9,FLAG_KEEP_SCREEN_ON,no_load_injected_background_apps_unverified,
2026-08-22T12:09:23.202107Z,1.2.0,realme_RMX3760_api35,1.2.0+3,release,mobilenet_v2_float32,bec15e3963d46e241acd9c906831107e97b4c00b81c895257a4321545dcd738d,mobilenet_v2,float32,float32,float32,1x224x224x3,builtin_cpu,none,none_builtin,,2,1,3,measured,69,404.930000,7.048000,230.5703125,340.4296875,85.0,charging,false,0,,,42.9,FLAG_KEEP_SCREEN_ON,no_load_injected_background_apps_unverified,
2026-08-22T12:09:23.698981Z,1.2.0,realme_RMX3760_api35,1.2.0+3,release,mobilenet_v2_float32,bec15e3963d46e241acd9c906831107e97b4c00b81c895257a4321545dcd738d,mobilenet_v2,float32,float32,float32,1x224x224x3,builtin_cpu,none,none_builtin,,2,1,3,measured,70,438.598000,7.048000,230.80078125,340.45703125,85.0,charging,false,0,,,42.9,FLAG_KEEP_SCREEN_ON,no_load_injected_background_apps_unverified,
2026-08-22T12:09:24.195124Z,1.2.0,realme_RMX3760_api35,1.2.0+3,release,mobilenet_v2_float32,bec15e3963d46e241acd9c906831107e97b4c00b81c895257a4321545dcd738d,mobilenet_v2,float32,float32,float32,1x224x224x3,builtin_cpu,none,none_builtin,,2,1,3,measured,71,437.856000,7.048000,230.3359375,340.3125,85.0,charging,false,0,,,42.9,FLAG_KEEP_SCREEN_ON,no_load_injected_background_apps_unverified,
2026-08-22T12:09:24.687407Z,1.2.0,realme_RMX3760_api35,1.2.0+3,release,mobilenet_v2_float32,bec15e3963d46e241acd9c906831107e97b4c00b81c895257a4321545dcd738d,mobilenet_v2,float32,float32,float32,1x224x224x3,builtin_cpu,none,none_builtin,,2,1,3,measured,72,434.429000,7.048000,230.85546875,340.92578125,85.0,charging,false,0,,,43.0,FLAG_KEEP_SCREEN_ON,no_load_injected_background_apps_unverified,
2026-08-22T12:09:25.128683Z,1.2.0,realme_RMX3760_api35,1.2.0+3,release,mobilenet_v2_float32,bec15e3963d46e241acd9c906831107e97b4c00b81c895257a4321545dcd738d,mobilenet_v2,float32,float32,float32,1x224x224x3,builtin_cpu,none,none_builtin,,2,1,3,measured,73,383.799000,7.048000,230.8828125,340.78515625,85.0,charging,false,0,,,43.0,FLAG_KEEP_SCREEN_ON,no_load_injected_background_apps_unverified,
2026-08-22T12:09:25.617204Z,1.2.0,realme_RMX3760_api35,1.2.0+3,release,mobilenet_v2_float32,bec15e3963d46e241acd9c906831107e97b4c00b81c895257a4321545dcd738d,mobilenet_v2,float32,float32,float32,1x224x224x3,builtin_cpu,none,none_builtin,,2,1,3,measured,74,431.623000,7.048000,230.91796875,340.8515625,85.0,charging,false,0,,,43.0,FLAG_KEEP_SCREEN_ON,no_load_injected_background_apps_unverified,
2026-08-22T12:09:26.086828Z,1.2.0,realme_RMX3760_api35,1.2.0+3,release,mobilenet_v2_float32,bec15e3963d46e241acd9c906831107e97b4c00b81c895257a4321545dcd738d,mobilenet_v2,float32,float32,float32,1x224x224x3,builtin_cpu,none,none_builtin,,2,1,3,measured,75,411.160000,7.048000,230.94140625,340.7734375,85.0,charging,false,0,,,43.0,FLAG_KEEP_SCREEN_ON,no_load_injected_background_apps_unverified,
2026-08-22T12:09:26.564402Z,1.2.0,realme_RMX3760_api35,1.2.0+3,release,mobilenet_v2_float32,bec15e3963d46e241acd9c906831107e97b4c00b81c895257a4321545dcd738d,mobilenet_v2,float32,float32,float32,1x224x224x3,builtin_cpu,none,none_builtin,,2,1,3,measured,76,419.896000,7.048000,230.47265625,340.5234375,85.0,charging,false,0,,,43.0,FLAG_KEEP_SCREEN_ON,no_load_injected_background_apps_unverified,
2026-08-22T12:09:27.036061Z,1.2.0,realme_RMX3760_api35,1.2.0+3,release,mobilenet_v2_float32,bec15e3963d46e241acd9c906831107e97b4c00b81c895257a4321545dcd738d,mobilenet_v2,float32,float32,float32,1x224x224x3,builtin_cpu,none,none_builtin,,2,1,3,measured,77,413.697000,7.048000,230.9921875,340.8828125,85.0,charging,false,0,,,43.0,FLAG_KEEP_SCREEN_ON,no_load_injected_background_apps_unverified,
2026-08-22T12:09:27.495647Z,1.2.0,realme_RMX3760_api35,1.2.0+3,release,mobilenet_v2_float32,bec15e3963d46e241acd9c906831107e97b4c00b81c895257a4321545dcd738d,mobilenet_v2,float32,float32,float32,1x224x224x3,builtin_cpu,none,none_builtin,,2,1,3,measured,78,401.744000,7.048000,231.01953125,340.734375,85.0,charging,false,0,,,43.0,FLAG_KEEP_SCREEN_ON,no_load_injected_background_apps_unverified,
2026-08-22T12:09:27.954903Z,1.2.0,realme_RMX3760_api35,1.2.0+3,release,mobilenet_v2_float32,bec15e3963d46e241acd9c906831107e97b4c00b81c895257a4321545dcd738d,mobilenet_v2,float32,float32,float32,1x224x224x3,builtin_cpu,none,none_builtin,,2,1,3,measured,79,400.850000,7.048000,231.04296875,340.8515625,85.0,charging,false,0,,,43.0,FLAG_KEEP_SCREEN_ON,no_load_injected_background_apps_unverified,
2026-08-22T12:09:28.436431Z,1.2.0,realme_RMX3760_api35,1.2.0+3,release,mobilenet_v2_float32,bec15e3963d46e241acd9c906831107e97b4c00b81c895257a4321545dcd738d,mobilenet_v2,float32,float32,float32,1x224x224x3,builtin_cpu,none,none_builtin,,2,1,3,measured,80,424.080000,7.048000,230.3359375,340.1796875,85.0,charging,false,0,,,43.0,FLAG_KEEP_SCREEN_ON,no_load_injected_background_apps_unverified,
2026-08-22T12:09:28.939250Z,1.2.0,realme_RMX3760_api35,1.2.0+3,release,mobilenet_v2_float32,bec15e3963d46e241acd9c906831107e97b4c00b81c895257a4321545dcd738d,mobilenet_v2,float32,float32,float32,1x224x224x3,builtin_cpu,none,none_builtin,,2,1,3,measured,81,444.894000,7.048000,230.94921875,340.796875,85.0,charging,false,0,,,43.0,FLAG_KEEP_SCREEN_ON,no_load_injected_background_apps_unverified,
2026-08-22T12:09:29.434896Z,1.2.0,realme_RMX3760_api35,1.2.0+3,release,mobilenet_v2_float32,bec15e3963d46e241acd9c906831107e97b4c00b81c895257a4321545dcd738d,mobilenet_v2,float32,float32,float32,1x224x224x3,builtin_cpu,none,none_builtin,,2,1,3,measured,82,437.280000,7.048000,230.46875,340.44921875,85.0,charging,false,0,,,43.0,FLAG_KEEP_SCREEN_ON,no_load_injected_background_apps_unverified,
2026-08-22T12:09:29.919150Z,1.2.0,realme_RMX3760_api35,1.2.0+3,release,mobilenet_v2_float32,bec15e3963d46e241acd9c906831107e97b4c00b81c895257a4321545dcd738d,mobilenet_v2,float32,float32,float32,1x224x224x3,builtin_cpu,none,none_builtin,,2,1,3,measured,83,425.634000,7.048000,230.99609375,341.07421875,85.0,charging,false,0,,,43.0,FLAG_KEEP_SCREEN_ON,no_load_injected_background_apps_unverified,
2026-08-22T12:09:30.410932Z,1.2.0,realme_RMX3760_api35,1.2.0+3,release,mobilenet_v2_float32,bec15e3963d46e241acd9c906831107e97b4c00b81c895257a4321545dcd738d,mobilenet_v2,float32,float32,float32,1x224x224x3,builtin_cpu,none,none_builtin,,2,1,3,measured,84,433.037000,7.048000,231.02734375,340.890625,85.0,charging,false,0,,,43.0,FLAG_KEEP_SCREEN_ON,no_load_injected_background_apps_unverified,
2026-08-22T12:09:30.906620Z,1.2.0,realme_RMX3760_api35,1.2.0+3,release,mobilenet_v2_float32,bec15e3963d46e241acd9c906831107e97b4c00b81c895257a4321545dcd738d,mobilenet_v2,float32,float32,float32,1x224x224x3,builtin_cpu,none,none_builtin,,2,1,3,measured,85,437.340000,7.048000,231.0625,341.0703125,85.0,charging,false,0,,,43.0,FLAG_KEEP_SCREEN_ON,no_load_injected_background_apps_unverified,
2026-08-22T12:09:31.387888Z,1.2.0,realme_RMX3760_api35,1.2.0+3,release,mobilenet_v2_float32,bec15e3963d46e241acd9c906831107e97b4c00b81c895257a4321545dcd738d,mobilenet_v2,float32,float32,float32,1x224x224x3,builtin_cpu,none,none_builtin,,2,1,3,measured,86,423.430000,7.048000,230.4296875,340.33203125,85.0,charging,false,0,,,43.0,FLAG_KEEP_SCREEN_ON,no_load_injected_background_apps_unverified,
2026-08-22T12:09:31.883206Z,1.2.0,realme_RMX3760_api35,1.2.0+3,release,mobilenet_v2_float32,bec15e3963d46e241acd9c906831107e97b4c00b81c895257a4321545dcd738d,mobilenet_v2,float32,float32,float32,1x224x224x3,builtin_cpu,none,none_builtin,,2,1,3,measured,87,436.978000,7.048000,231.25390625,341.3046875,85.0,charging,false,0,,,43.0,FLAG_KEEP_SCREEN_ON,no_load_injected_background_apps_unverified,
2026-08-22T12:09:32.359210Z,1.2.0,realme_RMX3760_api35,1.2.0+3,release,mobilenet_v2_float32,bec15e3963d46e241acd9c906831107e97b4c00b81c895257a4321545dcd738d,mobilenet_v2,float32,float32,float32,1x224x224x3,builtin_cpu,none,none_builtin,,2,1,3,measured,88,417.685000,7.048000,230.8203125,340.7890625,85.0,charging,false,0,,,43.0,FLAG_KEEP_SCREEN_ON,no_load_injected_background_apps_unverified,
2026-08-22T12:09:32.848726Z,1.2.0,realme_RMX3760_api35,1.2.0+3,release,mobilenet_v2_float32,bec15e3963d46e241acd9c906831107e97b4c00b81c895257a4321545dcd738d,mobilenet_v2,float32,float32,float32,1x224x224x3,builtin_cpu,none,none_builtin,,2,1,3,measured,89,432.161000,7.048000,231.078125,341.05859375,85.0,charging,false,0,,,43.0,FLAG_KEEP_SCREEN_ON,no_load_injected_background_apps_unverified,
2026-08-22T12:09:33.335553Z,1.2.0,realme_RMX3760_api35,1.2.0+3,release,mobilenet_v2_float32,bec15e3963d46e241acd9c906831107e97b4c00b81c895257a4321545dcd738d,mobilenet_v2,float32,float32,float32,1x224x224x3,builtin_cpu,none,none_builtin,,2,1,3,measured,90,429.244000,7.048000,230.49609375,340.31640625,85.0,charging,false,0,,,43.0,FLAG_KEEP_SCREEN_ON,no_load_injected_background_apps_unverified,
2026-08-22T12:09:33.824746Z,1.2.0,realme_RMX3760_api35,1.2.0+3,release,mobilenet_v2_float32,bec15e3963d46e241acd9c906831107e97b4c00b81c895257a4321545dcd738d,mobilenet_v2,float32,float32,float32,1x224x224x3,builtin_cpu,none,none_builtin,,2,1,3,measured,91,431.724000,7.048000,231.28125,341.1953125,85.0,charging,false,0,,,43.0,FLAG_KEEP_SCREEN_ON,no_load_injected_background_apps_unverified,
2026-08-22T12:09:34.318784Z,1.2.0,realme_RMX3760_api35,1.2.0+3,release,mobilenet_v2_float32,bec15e3963d46e241acd9c906831107e97b4c00b81c895257a4321545dcd738d,mobilenet_v2,float32,float32,float32,1x224x224x3,builtin_cpu,none,none_builtin,,2,1,3,measured,92,435.747000,7.048000,230.80859375,340.94140625,85.0,charging,false,0,,,43.0,FLAG_KEEP_SCREEN_ON,no_load_injected_background_apps_unverified,
2026-08-22T12:09:34.796388Z,1.2.0,realme_RMX3760_api35,1.2.0+3,release,mobilenet_v2_float32,bec15e3963d46e241acd9c906831107e97b4c00b81c895257a4321545dcd738d,mobilenet_v2,float32,float32,float32,1x224x224x3,builtin_cpu,none,none_builtin,,2,1,3,measured,93,420.219000,7.048000,231.3359375,341.296875,85.0,charging,false,0,,,43.0,FLAG_KEEP_SCREEN_ON,no_load_injected_background_apps_unverified,
2026-08-22T12:09:35.254502Z,1.2.0,realme_RMX3760_api35,1.2.0+3,release,mobilenet_v2_float32,bec15e3963d46e241acd9c906831107e97b4c00b81c895257a4321545dcd738d,mobilenet_v2,float32,float32,float32,1x224x224x3,builtin_cpu,none,none_builtin,,2,1,3,measured,94,399.364000,7.048000,231.3671875,341.15625,85.0,charging,false,0,,,43.0,FLAG_KEEP_SCREEN_ON,no_load_injected_background_apps_unverified,
2026-08-22T12:09:35.720565Z,1.2.0,realme_RMX3760_api35,1.2.0+3,release,mobilenet_v2_float32,bec15e3963d46e241acd9c906831107e97b4c00b81c895257a4321545dcd738d,mobilenet_v2,float32,float32,float32,1x224x224x3,builtin_cpu,none,none_builtin,,2,1,3,measured,95,408.799000,7.048000,231.39453125,341.27734375,85.0,charging,false,0,,,43.1,FLAG_KEEP_SCREEN_ON,no_load_injected_background_apps_unverified,
2026-08-22T12:09:36.199213Z,1.2.0,realme_RMX3760_api35,1.2.0+3,release,mobilenet_v2_float32,bec15e3963d46e241acd9c906831107e97b4c00b81c895257a4321545dcd738d,mobilenet_v2,float32,float32,float32,1x224x224x3,builtin_cpu,none,none_builtin,,2,1,3,measured,96,420.282000,7.048000,231.41796875,341.13671875,85.0,charging,false,0,,,43.1,FLAG_KEEP_SCREEN_ON,no_load_injected_background_apps_unverified,
2026-08-22T12:09:36.689227Z,1.2.0,realme_RMX3760_api35,1.2.0+3,release,mobilenet_v2_float32,bec15e3963d46e241acd9c906831107e97b4c00b81c895257a4321545dcd738d,mobilenet_v2,float32,float32,float32,1x224x224x3,builtin_cpu,none,none_builtin,,2,1,3,measured,97,433.105000,7.048000,231.4375,341.234375,85.0,charging,false,0,,,43.1,FLAG_KEEP_SCREEN_ON,no_load_injected_background_apps_unverified,
2026-08-22T12:09:37.158682Z,1.2.0,realme_RMX3760_api35,1.2.0+3,release,mobilenet_v2_float32,bec15e3963d46e241acd9c906831107e97b4c00b81c895257a4321545dcd738d,mobilenet_v2,float32,float32,float32,1x224x224x3,builtin_cpu,none,none_builtin,,2,1,3,measured,98,411.132000,7.048000,231.45703125,341.08203125,85.0,charging,false,0,,,43.1,FLAG_KEEP_SCREEN_ON,no_load_injected_background_apps_unverified,
2026-08-22T12:09:37.654504Z,1.2.0,realme_RMX3760_api35,1.2.0+3,release,mobilenet_v2_float32,bec15e3963d46e241acd9c906831107e97b4c00b81c895257a4321545dcd738d,mobilenet_v2,float32,float32,float32,1x224x224x3,builtin_cpu,none,none_builtin,,2,1,3,measured,99,437.576000,7.048000,231.5390625,341.26171875,85.0,charging,false,0,,,43.1,FLAG_KEEP_SCREEN_ON,no_load_injected_background_apps_unverified,
2026-08-22T12:09:46.023832Z,1.2.0,realme_RMX3760_api35,1.2.0+3,release,mobilenet_v2_float32,bec15e3963d46e241acd9c906831107e97b4c00b81c895257a4321545dcd738d,mobilenet_v2,float32,float32,float32,1x224x224x3,xnnpack_cpu,xnnpack,xnnpack_initialized_partition_unverified,,4,1,4,measured,0,393.604000,21.040000,231.26953125,341.6484375,85.0,charging,false,0,,,43.1,FLAG_KEEP_SCREEN_ON,no_load_injected_background_apps_unverified,
2026-08-22T12:09:46.459440Z,1.2.0,realme_RMX3760_api35,1.2.0+3,release,mobilenet_v2_float32,bec15e3963d46e241acd9c906831107e97b4c00b81c895257a4321545dcd738d,mobilenet_v2,float32,float32,float32,1x224x224x3,xnnpack_cpu,xnnpack,xnnpack_initialized_partition_unverified,,4,1,4,measured,1,377.366000,21.040000,231.3203125,341.6484375,85.0,charging,false,0,,,43.1,FLAG_KEEP_SCREEN_ON,no_load_injected_background_apps_unverified,
2026-08-22T12:09:46.923353Z,1.2.0,realme_RMX3760_api35,1.2.0+3,release,mobilenet_v2_float32,bec15e3963d46e241acd9c906831107e97b4c00b81c895257a4321545dcd738d,mobilenet_v2,float32,float32,float32,1x224x224x3,xnnpack_cpu,xnnpack,xnnpack_initialized_partition_unverified,,4,1,4,measured,2,405.746000,21.040000,231.43359375,341.75,85.0,charging,false,0,,,43.1,FLAG_KEEP_SCREEN_ON,no_load_injected_background_apps_unverified,
2026-08-22T12:09:47.359318Z,1.2.0,realme_RMX3760_api35,1.2.0+3,release,mobilenet_v2_float32,bec15e3963d46e241acd9c906831107e97b4c00b81c895257a4321545dcd738d,mobilenet_v2,float32,float32,float32,1x224x224x3,xnnpack_cpu,xnnpack,xnnpack_initialized_partition_unverified,,4,1,4,measured,3,377.323000,21.040000,231.46484375,341.74609375,85.0,charging,false,0,,,43.1,FLAG_KEEP_SCREEN_ON,no_load_injected_background_apps_unverified,
2026-08-22T12:09:47.816657Z,1.2.0,realme_RMX3760_api35,1.2.0+3,release,mobilenet_v2_float32,bec15e3963d46e241acd9c906831107e97b4c00b81c895257a4321545dcd738d,mobilenet_v2,float32,float32,float32,1x224x224x3,xnnpack_cpu,xnnpack,xnnpack_initialized_partition_unverified,,4,1,4,measured,4,399.705000,21.040000,231.484375,341.74609375,85.0,charging,false,0,,,43.1,FLAG_KEEP_SCREEN_ON,no_load_injected_background_apps_unverified,
2026-08-22T12:09:48.256690Z,1.2.0,realme_RMX3760_api35,1.2.0+3,release,mobilenet_v2_float32,bec15e3963d46e241acd9c906831107e97b4c00b81c895257a4321545dcd738d,mobilenet_v2,float32,float32,float32,1x224x224x3,xnnpack_cpu,xnnpack,xnnpack_initialized_partition_unverified,,4,1,4,measured,5,382.003000,21.040000,231.5078125,341.74609375,85.0,charging,false,0,,,43.1,FLAG_KEEP_SCREEN_ON,no_load_injected_background_apps_unverified,
2026-08-22T12:09:48.708405Z,1.2.0,realme_RMX3760_api35,1.2.0+3,release,mobilenet_v2_float32,bec15e3963d46e241acd9c906831107e97b4c00b81c895257a4321545dcd738d,mobilenet_v2,float32,float32,float32,1x224x224x3,xnnpack_cpu,xnnpack,xnnpack_initialized_partition_unverified,,4,1,4,measured,6,393.427000,21.040000,231.02734375,341.390625,85.0,charging,false,0,,,43.1,FLAG_KEEP_SCREEN_ON,no_load_injected_background_apps_unverified,
2026-08-22T12:09:49.171089Z,1.2.0,realme_RMX3760_api35,1.2.0+3,release,mobilenet_v2_float32,bec15e3963d46e241acd9c906831107e97b4c00b81c895257a4321545dcd738d,mobilenet_v2,float32,float32,float32,1x224x224x3,xnnpack_cpu,xnnpack,xnnpack_initialized_partition_unverified,,4,1,4,measured,7,400.740000,21.040000,231.5546875,341.87109375,85.0,charging,false,0,,,43.1,FLAG_KEEP_SCREEN_ON,no_load_injected_background_apps_unverified,
2026-08-22T12:09:49.635993Z,1.2.0,realme_RMX3760_api35,1.2.0+3,release,mobilenet_v2_float32,bec15e3963d46e241acd9c906831107e97b4c00b81c895257a4321545dcd738d,mobilenet_v2,float32,float32,float32,1x224x224x3,xnnpack_cpu,xnnpack,xnnpack_initialized_partition_unverified,,4,1,4,measured,8,403.952000,21.040000,232.0703125,342.4296875,85.0,charging,false,0,,,43.1,FLAG_KEEP_SCREEN_ON,no_load_injected_background_apps_unverified,
2026-08-22T12:09:50.060615Z,1.2.0,realme_RMX3760_api35,1.2.0+3,release,mobilenet_v2_float32,bec15e3963d46e241acd9c906831107e97b4c00b81c895257a4321545dcd738d,mobilenet_v2,float32,float32,float32,1x224x224x3,xnnpack_cpu,xnnpack,xnnpack_initialized_partition_unverified,,4,1,4,measured,9,366.228000,21.040000,235.46875,345.79296875,85.0,charging,false,0,,,43.1,FLAG_KEEP_SCREEN_ON,no_load_injected_background_apps_unverified,
2026-08-22T12:09:50.535643Z,1.2.0,realme_RMX3760_api35,1.2.0+3,release,mobilenet_v2_float32,bec15e3963d46e241acd9c906831107e97b4c00b81c895257a4321545dcd738d,mobilenet_v2,float32,float32,float32,1x224x224x3,xnnpack_cpu,xnnpack,xnnpack_initialized_partition_unverified,,4,1,4,measured,10,416.148000,21.040000,231.56640625,341.859375,85.0,charging,false,0,,,43.1,FLAG_KEEP_SCREEN_ON,no_load_injected_background_apps_unverified,
2026-08-22T12:09:50.982124Z,1.2.0,realme_RMX3760_api35,1.2.0+3,release,mobilenet_v2_float32,bec15e3963d46e241acd9c906831107e97b4c00b81c895257a4321545dcd738d,mobilenet_v2,float32,float32,float32,1x224x224x3,xnnpack_cpu,xnnpack,xnnpack_initialized_partition_unverified,,4,1,4,measured,11,385.833000,21.040000,231.0859375,341.43359375,85.0,charging,false,0,,,43.1,FLAG_KEEP_SCREEN_ON,no_load_injected_background_apps_unverified,
2026-08-22T12:09:51.443686Z,1.2.0,realme_RMX3760_api35,1.2.0+3,release,mobilenet_v2_float32,bec15e3963d46e241acd9c906831107e97b4c00b81c895257a4321545dcd738d,mobilenet_v2,float32,float32,float32,1x224x224x3,xnnpack_cpu,xnnpack,xnnpack_initialized_partition_unverified,,4,1,4,measured,12,402.830000,21.040000,232.109375,342.4296875,85.0,charging,false,0,,,43.0,FLAG_KEEP_SCREEN_ON,no_load_injected_background_apps_unverified,
2026-08-22T12:09:51.916557Z,1.2.0,realme_RMX3760_api35,1.2.0+3,release,mobilenet_v2_float32,bec15e3963d46e241acd9c906831107e97b4c00b81c895257a4321545dcd738d,mobilenet_v2,float32,float32,float32,1x224x224x3,xnnpack_cpu,xnnpack,xnnpack_initialized_partition_unverified,,4,1,4,measured,13,415.099000,21.040000,231.17578125,341.50390625,85.0,charging,false,0,,,43.0,FLAG_KEEP_SCREEN_ON,no_load_injected_background_apps_unverified,
2026-08-22T12:09:52.351485Z,1.2.0,realme_RMX3760_api35,1.2.0+3,release,mobilenet_v2_float32,bec15e3963d46e241acd9c906831107e97b4c00b81c895257a4321545dcd738d,mobilenet_v2,float32,float32,float32,1x224x224x3,xnnpack_cpu,xnnpack,xnnpack_initialized_partition_unverified,,4,1,4,measured,14,377.209000,21.040000,231.578125,341.8984375,85.0,charging,false,0,,,43.0,FLAG_KEEP_SCREEN_ON,no_load_injected_background_apps_unverified,
2026-08-22T12:09:52.786745Z,1.2.0,realme_RMX3760_api35,1.2.0+3,release,mobilenet_v2_float32,bec15e3963d46e241acd9c906831107e97b4c00b81c895257a4321545dcd738d,mobilenet_v2,float32,float32,float32,1x224x224x3,xnnpack_cpu,xnnpack,xnnpack_initialized_partition_unverified,,4,1,4,measured,15,376.302000,21.040000,231.609375,341.8828125,85.0,charging,false,0,,,43.0,FLAG_KEEP_SCREEN_ON,no_load_injected_background_apps_unverified,
2026-08-22T12:09:53.222996Z,1.2.0,realme_RMX3760_api35,1.2.0+3,release,mobilenet_v2_float32,bec15e3963d46e241acd9c906831107e97b4c00b81c895257a4321545dcd738d,mobilenet_v2,float32,float32,float32,1x224x224x3,xnnpack_cpu,xnnpack,xnnpack_initialized_partition_unverified,,4,1,4,measured,16,376.787000,21.040000,235.60546875,345.890625,85.0,charging,false,0,,,43.0,FLAG_KEEP_SCREEN_ON,no_load_injected_background_apps_unverified,
2026-08-22T12:09:53.741154Z,1.2.0,realme_RMX3760_api35,1.2.0+3,release,mobilenet_v2_float32,bec15e3963d46e241acd9c906831107e97b4c00b81c895257a4321545dcd738d,mobilenet_v2,float32,float32,float32,1x224x224x3,xnnpack_cpu,xnnpack,xnnpack_initialized_partition_unverified,,4,1,4,measured,17,423.982000,21.040000,232.103515625,342.37109375,85.0,charging,false,0,,,43.0,FLAG_KEEP_SCREEN_ON,no_load_injected_background_apps_unverified,
2026-08-22T12:09:54.206855Z,1.2.0,realme_RMX3760_api35,1.2.0+3,release,mobilenet_v2_float32,bec15e3963d46e241acd9c906831107e97b4c00b81c895257a4321545dcd738d,mobilenet_v2,float32,float32,float32,1x224x224x3,xnnpack_cpu,xnnpack,xnnpack_initialized_partition_unverified,,4,1,4,measured,18,406.955000,21.040000,232.2080078125,342.609375,85.0,charging,false,0,,,43.0,FLAG_KEEP_SCREEN_ON,no_load_injected_background_apps_unverified,
2026-08-22T12:09:54.680818Z,1.2.0,realme_RMX3760_api35,1.2.0+3,release,mobilenet_v2_float32,bec15e3963d46e241acd9c906831107e97b4c00b81c895257a4321545dcd738d,mobilenet_v2,float32,float32,float32,1x224x224x3,xnnpack_cpu,xnnpack,xnnpack_initialized_partition_unverified,,4,1,4,measured,19,412.579000,21.040000,232.2431640625,342.63671875,85.0,charging,false,0,,,43.0,FLAG_KEEP_SCREEN_ON,no_load_injected_background_apps_unverified,
2026-08-22T12:09:55.145874Z,1.2.0,realme_RMX3760_api35,1.2.0+3,release,mobilenet_v2_float32,bec15e3963d46e241acd9c906831107e97b4c00b81c895257a4321545dcd738d,mobilenet_v2,float32,float32,float32,1x224x224x3,xnnpack_cpu,xnnpack,xnnpack_initialized_partition_unverified,,4,1,4,measured,20,405.872000,21.040000,232.1005859375,342.4375,85.0,charging,false,0,,,43.0,FLAG_KEEP_SCREEN_ON,no_load_injected_background_apps_unverified,
2026-08-22T12:09:55.634361Z,1.2.0,realme_RMX3760_api35,1.2.0+3,release,mobilenet_v2_float32,bec15e3963d46e241acd9c906831107e97b4c00b81c895257a4321545dcd738d,mobilenet_v2,float32,float32,float32,1x224x224x3,xnnpack_cpu,xnnpack,xnnpack_initialized_partition_unverified,,4,1,4,measured,21,421.490000,21.040000,231.1982421875,341.5625,85.0,charging,false,0,,,43.0,FLAG_KEEP_SCREEN_ON,no_load_injected_background_apps_unverified,
2026-08-22T12:09:56.145697Z,1.2.0,realme_RMX3760_api35,1.2.0+3,release,mobilenet_v2_float32,bec15e3963d46e241acd9c906831107e97b4c00b81c895257a4321545dcd738d,mobilenet_v2,float32,float32,float32,1x224x224x3,xnnpack_cpu,xnnpack,xnnpack_initialized_partition_unverified,,4,1,4,measured,22,453.471000,21.040000,231.6240234375,341.8671875,85.0,charging,false,0,,,43.0,FLAG_KEEP_SCREEN_ON,no_load_injected_background_apps_unverified,
2026-08-22T12:09:56.583963Z,1.2.0,realme_RMX3760_api35,1.2.0+3,release,mobilenet_v2_float32,bec15e3963d46e241acd9c906831107e97b4c00b81c895257a4321545dcd738d,mobilenet_v2,float32,float32,float32,1x224x224x3,xnnpack_cpu,xnnpack,xnnpack_initialized_partition_unverified,,4,1,4,measured,23,380.023000,21.040000,231.2490234375,341.6171875,85.0,charging,false,0,,,43.0,FLAG_KEEP_SCREEN_ON,no_load_injected_background_apps_unverified,
2026-08-22T12:09:57.024573Z,1.2.0,realme_RMX3760_api35,1.2.0+3,release,mobilenet_v2_float32,bec15e3963d46e241acd9c906831107e97b4c00b81c895257a4321545dcd738d,mobilenet_v2,float32,float32,float32,1x224x224x3,xnnpack_cpu,xnnpack,xnnpack_initialized_partition_unverified,,4,1,4,measured,24,382.906000,21.040000,231.7763671875,342.1171875,85.0,charging,false,0,,,43.0,FLAG_KEEP_SCREEN_ON,no_load_injected_background_apps_unverified,
2026-08-22T12:09:57.480509Z,1.2.0,realme_RMX3760_api35,1.2.0+3,release,mobilenet_v2_float32,bec15e3963d46e241acd9c906831107e97b4c00b81c895257a4321545dcd738d,mobilenet_v2,float32,float32,float32,1x224x224x3,xnnpack_cpu,xnnpack,xnnpack_initialized_partition_unverified,,4,1,4,measured,25,398.121000,21.040000,231.8544921875,342.18359375,85.0,charging,false,0,,,43.0,FLAG_KEEP_SCREEN_ON,no_load_injected_background_apps_unverified,
2026-08-22T12:09:57.939041Z,1.2.0,realme_RMX3760_api35,1.2.0+3,release,mobilenet_v2_float32,bec15e3963d46e241acd9c906831107e97b4c00b81c895257a4321545dcd738d,mobilenet_v2,float32,float32,float32,1x224x224x3,xnnpack_cpu,xnnpack,xnnpack_initialized_partition_unverified,,4,1,4,measured,26,399.406000,21.040000,232.3779296875,342.75,85.0,charging,false,0,,,43.0,FLAG_KEEP_SCREEN_ON,no_load_injected_background_apps_unverified,
2026-08-22T12:09:58.400434Z,1.2.0,realme_RMX3760_api35,1.2.0+3,release,mobilenet_v2_float32,bec15e3963d46e241acd9c906831107e97b4c00b81c895257a4321545dcd738d,mobilenet_v2,float32,float32,float32,1x224x224x3,xnnpack_cpu,xnnpack,xnnpack_initialized_partition_unverified,,4,1,4,measured,27,402.699000,21.040000,231.9013671875,342.2734375,85.0,charging,false,0,,,43.0,FLAG_KEEP_SCREEN_ON,no_load_injected_background_apps_unverified,
2026-08-22T12:09:58.852065Z,1.2.0,realme_RMX3760_api35,1.2.0+3,release,mobilenet_v2_float32,bec15e3963d46e241acd9c906831107e97b4c00b81c895257a4321545dcd738d,mobilenet_v2,float32,float32,float32,1x224x224x3,xnnpack_cpu,xnnpack,xnnpack_initialized_partition_unverified,,4,1,4,measured,28,392.917000,21.040000,231.9248046875,342.296875,85.0,charging,false,0,,,43.0,FLAG_KEEP_SCREEN_ON,no_load_injected_background_apps_unverified,
2026-08-22T12:09:59.288085Z,1.2.0,realme_RMX3760_api35,1.2.0+3,release,mobilenet_v2_float32,bec15e3963d46e241acd9c906831107e97b4c00b81c895257a4321545dcd738d,mobilenet_v2,float32,float32,float32,1x224x224x3,xnnpack_cpu,xnnpack,xnnpack_initialized_partition_unverified,,4,1,4,measured,29,376.749000,21.040000,231.9404296875,342.2890625,85.0,charging,false,0,,,43.0,FLAG_KEEP_SCREEN_ON,no_load_injected_background_apps_unverified,
2026-08-22T12:09:59.737298Z,1.2.0,realme_RMX3760_api35,1.2.0+3,release,mobilenet_v2_float32,bec15e3963d46e241acd9c906831107e97b4c00b81c895257a4321545dcd738d,mobilenet_v2,float32,float32,float32,1x224x224x3,xnnpack_cpu,xnnpack,xnnpack_initialized_partition_unverified,,4,1,4,measured,30,388.980000,21.040000,232.4560546875,342.81640625,85.0,charging,false,0,,,43.0,FLAG_KEEP_SCREEN_ON,no_load_injected_background_apps_unverified,
2026-08-22T12:10:00.200532Z,1.2.0,realme_RMX3760_api35,1.2.0+3,release,mobilenet_v2_float32,bec15e3963d46e241acd9c906831107e97b4c00b81c895257a4321545dcd738d,mobilenet_v2,float32,float32,float32,1x224x224x3,xnnpack_cpu,xnnpack,xnnpack_initialized_partition_unverified,,4,1,4,measured,31,404.796000,21.040000,231.2841796875,341.71875,85.0,charging,false,0,,,43.0,FLAG_KEEP_SCREEN_ON,no_load_injected_background_apps_unverified,
2026-08-22T12:10:00.644931Z,1.2.0,realme_RMX3760_api35,1.2.0+3,release,mobilenet_v2_float32,bec15e3963d46e241acd9c906831107e97b4c00b81c895257a4321545dcd738d,mobilenet_v2,float32,float32,float32,1x224x224x3,xnnpack_cpu,xnnpack,xnnpack_initialized_partition_unverified,,4,1,4,measured,32,384.733000,21.040000,231.8583984375,342.25390625,85.0,charging,false,0,,,43.0,FLAG_KEEP_SCREEN_ON,no_load_injected_background_apps_unverified,
2026-08-22T12:10:01.095263Z,1.2.0,realme_RMX3760_api35,1.2.0+3,release,mobilenet_v2_float32,bec15e3963d46e241acd9c906831107e97b4c00b81c895257a4321545dcd738d,mobilenet_v2,float32,float32,float32,1x224x224x3,xnnpack_cpu,xnnpack,xnnpack_initialized_partition_unverified,,4,1,4,measured,33,391.424000,21.040000,230.8271484375,341.25390625,85.0,charging,false,0,,,43.0,FLAG_KEEP_SCREEN_ON,no_load_injected_background_apps_unverified,
2026-08-22T12:10:01.546018Z,1.2.0,realme_RMX3760_api35,1.2.0+3,release,mobilenet_v2_float32,bec15e3963d46e241acd9c906831107e97b4c00b81c895257a4321545dcd738d,mobilenet_v2,float32,float32,float32,1x224x224x3,xnnpack_cpu,xnnpack,xnnpack_initialized_partition_unverified,,4,1,4,measured,34,390.648000,21.040000,232.0224609375,342.34375,85.0,charging,false,0,,,43.0,FLAG_KEEP_SCREEN_ON,no_load_injected_background_apps_unverified,
2026-08-22T12:10:02.019285Z,1.2.0,realme_RMX3760_api35,1.2.0+3,release,mobilenet_v2_float32,bec15e3963d46e241acd9c906831107e97b4c00b81c895257a4321545dcd738d,mobilenet_v2,float32,float32,float32,1x224x224x3,xnnpack_cpu,xnnpack,xnnpack_initialized_partition_unverified,,4,1,4,measured,35,413.413000,21.040000,231.5576171875,341.984375,85.0,charging,false,0,,,43.0,FLAG_KEEP_SCREEN_ON,no_load_injected_background_apps_unverified,
2026-08-22T12:10:02.472333Z,1.2.0,realme_RMX3760_api35,1.2.0+3,release,mobilenet_v2_float32,bec15e3963d46e241acd9c906831107e97b4c00b81c895257a4321545dcd738d,mobilenet_v2,float32,float32,float32,1x224x224x3,xnnpack_cpu,xnnpack,xnnpack_initialized_partition_unverified,,4,1,4,measured,36,395.833000,21.040000,232.0810546875,342.46875,85.0,charging,false,0,,,43.0,FLAG_KEEP_SCREEN_ON,no_load_injected_background_apps_unverified,
2026-08-22T12:10:02.927984Z,1.2.0,realme_RMX3760_api35,1.2.0+3,release,mobilenet_v2_float32,bec15e3963d46e241acd9c906831107e97b4c00b81c895257a4321545dcd738d,mobilenet_v2,float32,float32,float32,1x224x224x3,xnnpack_cpu,xnnpack,xnnpack_initialized_partition_unverified,,4,1,4,measured,37,397.718000,21.040000,231.5966796875,342.02734375,85.0,charging,false,0,,,43.0,FLAG_KEEP_SCREEN_ON,no_load_injected_background_apps_unverified,
2026-08-22T12:10:03.436352Z,1.2.0,realme_RMX3760_api35,1.2.0+3,release,mobilenet_v2_float32,bec15e3963d46e241acd9c906831107e97b4c00b81c895257a4321545dcd738d,mobilenet_v2,float32,float32,float32,1x224x224x3,xnnpack_cpu,xnnpack,xnnpack_initialized_partition_unverified,,4,1,4,measured,38,450.509000,21.040000,231.4873046875,341.74609375,85.0,charging,false,0,,,43.0,FLAG_KEEP_SCREEN_ON,no_load_injected_background_apps_unverified,
2026-08-22T12:10:03.883528Z,1.2.0,realme_RMX3760_api35,1.2.0+3,release,mobilenet_v2_float32,bec15e3963d46e241acd9c906831107e97b4c00b81c895257a4321545dcd738d,mobilenet_v2,float32,float32,float32,1x224x224x3,xnnpack_cpu,xnnpack,xnnpack_initialized_partition_unverified,,4,1,4,measured,39,388.353000,21.040000,232.0458984375,342.4296875,85.0,charging,false,0,,,43.0,FLAG_KEEP_SCREEN_ON,no_load_injected_background_apps_unverified,
2026-08-22T12:10:04.344498Z,1.2.0,realme_RMX3760_api35,1.2.0+3,release,mobilenet_v2_float32,bec15e3963d46e241acd9c906831107e97b4c00b81c895257a4321545dcd738d,mobilenet_v2,float32,float32,float32,1x224x224x3,xnnpack_cpu,xnnpack,xnnpack_initialized_partition_unverified,,4,1,4,measured,40,402.227000,21.040000,232.1201171875,342.484375,85.0,charging,false,0,,,43.0,FLAG_KEEP_SCREEN_ON,no_load_injected_background_apps_unverified,
2026-08-22T12:10:04.797977Z,1.2.0,realme_RMX3760_api35,1.2.0+3,release,mobilenet_v2_float32,bec15e3963d46e241acd9c906831107e97b4c00b81c895257a4321545dcd738d,mobilenet_v2,float32,float32,float32,1x224x224x3,xnnpack_cpu,xnnpack,xnnpack_initialized_partition_unverified,,4,1,4,measured,41,396.473000,21.040000,231.7763671875,342.15625,85.0,charging,false,0,,,43.0,FLAG_KEEP_SCREEN_ON,no_load_injected_background_apps_unverified,
2026-08-22T12:10:05.250254Z,1.2.0,realme_RMX3760_api35,1.2.0+3,release,mobilenet_v2_float32,bec15e3963d46e241acd9c906831107e97b4c00b81c895257a4321545dcd738d,mobilenet_v2,float32,float32,float32,1x224x224x3,xnnpack_cpu,xnnpack,xnnpack_initialized_partition_unverified,,4,1,4,measured,42,395.303000,21.040000,231.501953125,341.9375,85.0,charging,false,0,,,43.0,FLAG_KEEP_SCREEN_ON,no_load_injected_background_apps_unverified,
2026-08-22T12:10:05.692124Z,1.2.0,realme_RMX3760_api35,1.2.0+3,release,mobilenet_v2_float32,bec15e3963d46e241acd9c906831107e97b4c00b81c895257a4321545dcd738d,mobilenet_v2,float32,float32,float32,1x224x224x3,xnnpack_cpu,xnnpack,xnnpack_initialized_partition_unverified,,4,1,4,measured,43,383.580000,21.040000,233.169921875,343.5703125,85.0,charging,false,0,,,43.0,FLAG_KEEP_SCREEN_ON,no_load_injected_background_apps_unverified,
2026-08-22T12:10:06.140285Z,1.2.0,realme_RMX3760_api35,1.2.0+3,release,mobilenet_v2_float32,bec15e3963d46e241acd9c906831107e97b4c00b81c895257a4321545dcd738d,mobilenet_v2,float32,float32,float32,1x224x224x3,xnnpack_cpu,xnnpack,xnnpack_initialized_partition_unverified,,4,1,4,measured,44,390.067000,21.040000,231.689453125,341.96484375,85.0,charging,false,0,,,43.0,FLAG_KEEP_SCREEN_ON,no_load_injected_background_apps_unverified,
2026-08-22T12:10:06.583201Z,1.2.0,realme_RMX3760_api35,1.2.0+3,release,mobilenet_v2_float32,bec15e3963d46e241acd9c906831107e97b4c00b81c895257a4321545dcd738d,mobilenet_v2,float32,float32,float32,1x224x224x3,xnnpack_cpu,xnnpack,xnnpack_initialized_partition_unverified,,4,1,4,measured,45,384.207000,21.040000,232.267578125,342.48046875,85.0,charging,false,0,,,43.0,FLAG_KEEP_SCREEN_ON,no_load_injected_background_apps_unverified,
2026-08-22T12:10:07.055182Z,1.2.0,realme_RMX3760_api35,1.2.0+3,release,mobilenet_v2_float32,bec15e3963d46e241acd9c906831107e97b4c00b81c895257a4321545dcd738d,mobilenet_v2,float32,float32,float32,1x224x224x3,xnnpack_cpu,xnnpack,xnnpack_initialized_partition_unverified,,4,1,4,measured,46,412.755000,21.040000,232.298828125,342.5859375,85.0,charging,false,0,,,43.0,FLAG_KEEP_SCREEN_ON,no_load_injected_background_apps_unverified,
2026-08-22T12:10:07.506885Z,1.2.0,realme_RMX3760_api35,1.2.0+3,release,mobilenet_v2_float32,bec15e3963d46e241acd9c906831107e97b4c00b81c895257a4321545dcd738d,mobilenet_v2,float32,float32,float32,1x224x224x3,xnnpack_cpu,xnnpack,xnnpack_initialized_partition_unverified,,4,1,4,measured,47,392.936000,21.040000,232.822265625,343.0859375,85.0,charging,false,0,,,43.0,FLAG_KEEP_SCREEN_ON,no_load_injected_background_apps_unverified,
2026-08-22T12:10:07.956743Z,1.2.0,realme_RMX3760_api35,1.2.0+3,release,mobilenet_v2_float32,bec15e3963d46e241acd9c906831107e97b4c00b81c895257a4321545dcd738d,mobilenet_v2,float32,float32,float32,1x224x224x3,xnnpack_cpu,xnnpack,xnnpack_initialized_partition_unverified,,4,1,4,measured,48,392.105000,21.040000,232.341796875,342.62890625,85.0,charging,false,0,,,43.0,FLAG_KEEP_SCREEN_ON,no_load_injected_background_apps_unverified,
2026-08-22T12:10:08.412651Z,1.2.0,realme_RMX3760_api35,1.2.0+3,release,mobilenet_v2_float32,bec15e3963d46e241acd9c906831107e97b4c00b81c895257a4321545dcd738d,mobilenet_v2,float32,float32,float32,1x224x224x3,xnnpack_cpu,xnnpack,xnnpack_initialized_partition_unverified,,4,1,4,measured,49,398.368000,21.040000,233.330078125,343.36328125,85.0,charging,false,0,,,43.0,FLAG_KEEP_SCREEN_ON,no_load_injected_background_apps_unverified,
2026-08-22T12:10:08.855401Z,1.2.0,realme_RMX3760_api35,1.2.0+3,release,mobilenet_v2_float32,bec15e3963d46e241acd9c906831107e97b4c00b81c895257a4321545dcd738d,mobilenet_v2,float32,float32,float32,1x224x224x3,xnnpack_cpu,xnnpack,xnnpack_initialized_partition_unverified,,4,1,4,measured,50,384.043000,21.040000,232.849609375,343.28125,85.0,charging,false,0,,,43.0,FLAG_KEEP_SCREEN_ON,no_load_injected_background_apps_unverified,
2026-08-22T12:10:09.296626Z,1.2.0,realme_RMX3760_api35,1.2.0+3,release,mobilenet_v2_float32,bec15e3963d46e241acd9c906831107e97b4c00b81c895257a4321545dcd738d,mobilenet_v2,float32,float32,float32,1x224x224x3,xnnpack_cpu,xnnpack,xnnpack_initialized_partition_unverified,,4,1,4,measured,51,383.227000,21.040000,232.384765625,342.8125,85.0,charging,false,0,,,43.0,FLAG_KEEP_SCREEN_ON,no_load_injected_background_apps_unverified,
2026-08-22T12:10:09.751388Z,1.2.0,realme_RMX3760_api35,1.2.0+3,release,mobilenet_v2_float32,bec15e3963d46e241acd9c906831107e97b4c00b81c895257a4321545dcd738d,mobilenet_v2,float32,float32,float32,1x224x224x3,xnnpack_cpu,xnnpack,xnnpack_initialized_partition_unverified,,4,1,4,measured,52,395.653000,21.040000,232.400390625,342.8046875,85.0,charging,false,0,,,43.0,FLAG_KEEP_SCREEN_ON,no_load_injected_background_apps_unverified,
2026-08-22T12:10:10.199066Z,1.2.0,realme_RMX3760_api35,1.2.0+3,release,mobilenet_v2_float32,bec15e3963d46e241acd9c906831107e97b4c00b81c895257a4321545dcd738d,mobilenet_v2,float32,float32,float32,1x224x224x3,xnnpack_cpu,xnnpack,xnnpack_initialized_partition_unverified,,4,1,4,measured,53,388.674000,21.040000,232.482421875,342.86328125,85.0,charging,false,0,,,43.0,FLAG_KEEP_SCREEN_ON,no_load_injected_background_apps_unverified,
2026-08-22T12:10:10.651197Z,1.2.0,realme_RMX3760_api35,1.2.0+3,release,mobilenet_v2_float32,bec15e3963d46e241acd9c906831107e97b4c00b81c895257a4321545dcd738d,mobilenet_v2,float32,float32,float32,1x224x224x3,xnnpack_cpu,xnnpack,xnnpack_initialized_partition_unverified,,4,1,4,measured,54,393.946000,21.040000,232.318359375,342.75,85.0,charging,false,0,,,43.0,FLAG_KEEP_SCREEN_ON,no_load_injected_background_apps_unverified,
2026-08-22T12:10:11.083042Z,1.2.0,realme_RMX3760_api35,1.2.0+3,release,mobilenet_v2_float32,bec15e3963d46e241acd9c906831107e97b4c00b81c895257a4321545dcd738d,mobilenet_v2,float32,float32,float32,1x224x224x3,xnnpack_cpu,xnnpack,xnnpack_initialized_partition_unverified,,4,1,4,measured,55,373.121000,21.040000,235.845703125,346.2734375,85.0,charging,false,0,,,43.0,FLAG_KEEP_SCREEN_ON,no_load_injected_background_apps_unverified,
2026-08-22T12:10:11.527850Z,1.2.0,realme_RMX3760_api35,1.2.0+3,release,mobilenet_v2_float32,bec15e3963d46e241acd9c906831107e97b4c00b81c895257a4321545dcd738d,mobilenet_v2,float32,float32,float32,1x224x224x3,xnnpack_cpu,xnnpack,xnnpack_initialized_partition_unverified,,4,1,4,measured,56,386.280000,21.040000,232.396484375,342.79296875,85.0,charging,false,0,,,43.0,FLAG_KEEP_SCREEN_ON,no_load_injected_background_apps_unverified,
2026-08-22T12:10:11.996631Z,1.2.0,realme_RMX3760_api35,1.2.0+3,release,mobilenet_v2_float32,bec15e3963d46e241acd9c906831107e97b4c00b81c895257a4321545dcd738d,mobilenet_v2,float32,float32,float32,1x224x224x3,xnnpack_cpu,xnnpack,xnnpack_initialized_partition_unverified,,4,1,4,measured,57,410.928000,21.040000,231.947265625,342.375,85.0,charging,false,0,,,43.0,FLAG_KEEP_SCREEN_ON,no_load_injected_background_apps_unverified,
2026-08-22T12:10:12.444747Z,1.2.0,realme_RMX3760_api35,1.2.0+3,release,mobilenet_v2_float32,bec15e3963d46e241acd9c906831107e97b4c00b81c895257a4321545dcd738d,mobilenet_v2,float32,float32,float32,1x224x224x3,xnnpack_cpu,xnnpack,xnnpack_initialized_partition_unverified,,4,1,4,measured,58,390.267000,21.040000,233.044921875,343.4375,85.0,charging,false,0,,,43.0,FLAG_KEEP_SCREEN_ON,no_load_injected_background_apps_unverified,
2026-08-22T12:10:12.882919Z,1.2.0,realme_RMX3760_api35,1.2.0+3,release,mobilenet_v2_float32,bec15e3963d46e241acd9c906831107e97b4c00b81c895257a4321545dcd738d,mobilenet_v2,float32,float32,float32,1x224x224x3,xnnpack_cpu,xnnpack,xnnpack_initialized_partition_unverified,,4,1,4,measured,59,379.163000,21.040000,232.572265625,342.99609375,85.0,charging,false,0,,,43.0,FLAG_KEEP_SCREEN_ON,no_load_injected_background_apps_unverified,
2026-08-22T12:10:13.340026Z,1.2.0,realme_RMX3760_api35,1.2.0+3,release,mobilenet_v2_float32,bec15e3963d46e241acd9c906831107e97b4c00b81c895257a4321545dcd738d,mobilenet_v2,float32,float32,float32,1x224x224x3,xnnpack_cpu,xnnpack,xnnpack_initialized_partition_unverified,,4,1,4,measured,60,398.737000,21.040000,232.595703125,342.99609375,85.0,charging,false,0,,,43.0,FLAG_KEEP_SCREEN_ON,no_load_injected_background_apps_unverified,
2026-08-22T12:10:13.779677Z,1.2.0,realme_RMX3760_api35,1.2.0+3,release,mobilenet_v2_float32,bec15e3963d46e241acd9c906831107e97b4c00b81c895257a4321545dcd738d,mobilenet_v2,float32,float32,float32,1x224x224x3,xnnpack_cpu,xnnpack,xnnpack_initialized_partition_unverified,,4,1,4,measured,61,381.082000,21.040000,232.001953125,342.42578125,85.0,charging,false,0,,,43.0,FLAG_KEEP_SCREEN_ON,no_load_injected_background_apps_unverified,
2026-08-22T12:10:14.244216Z,1.2.0,realme_RMX3760_api35,1.2.0+3,release,mobilenet_v2_float32,bec15e3963d46e241acd9c906831107e97b4c00b81c895257a4321545dcd738d,mobilenet_v2,float32,float32,float32,1x224x224x3,xnnpack_cpu,xnnpack,xnnpack_initialized_partition_unverified,,4,1,4,measured,62,406.242000,21.040000,233.080078125,343.46875,85.0,charging,false,0,,,43.0,FLAG_KEEP_SCREEN_ON,no_load_injected_background_apps_unverified,
2026-08-22T12:10:14.676557Z,1.2.0,realme_RMX3760_api35,1.2.0+3,release,mobilenet_v2_float32,bec15e3963d46e241acd9c906831107e97b4c00b81c895257a4321545dcd738d,mobilenet_v2,float32,float32,float32,1x224x224x3,xnnpack_cpu,xnnpack,xnnpack_initialized_partition_unverified,,4,1,4,measured,63,374.229000,21.040000,236.482421875,346.8359375,85.0,charging,false,0,,,43.0,FLAG_KEEP_SCREEN_ON,no_load_injected_background_apps_unverified,
2026-08-22T12:10:15.124626Z,1.2.0,realme_RMX3760_api35,1.2.0+3,release,mobilenet_v2_float32,bec15e3963d46e241acd9c906831107e97b4c00b81c895257a4321545dcd738d,mobilenet_v2,float32,float32,float32,1x224x224x3,xnnpack_cpu,xnnpack,xnnpack_initialized_partition_unverified,,4,1,4,measured,64,390.395000,21.040000,233.072265625,343.4453125,85.0,charging,false,0,,,43.0,FLAG_KEEP_SCREEN_ON,no_load_injected_background_apps_unverified,
2026-08-22T12:10:15.577015Z,1.2.0,realme_RMX3760_api35,1.2.0+3,release,mobilenet_v2_float32,bec15e3963d46e241acd9c906831107e97b4c00b81c895257a4321545dcd738d,mobilenet_v2,float32,float32,float32,1x224x224x3,xnnpack_cpu,xnnpack,xnnpack_initialized_partition_unverified,,4,1,4,measured,65,394.705000,21.040000,231.939453125,342.328125,85.0,charging,false,0,,,43.0,FLAG_KEEP_SCREEN_ON,no_load_injected_background_apps_unverified,
2026-08-22T12:10:16.048288Z,1.2.0,realme_RMX3760_api35,1.2.0+3,release,mobilenet_v2_float32,bec15e3963d46e241acd9c906831107e97b4c00b81c895257a4321545dcd738d,mobilenet_v2,float32,float32,float32,1x224x224x3,xnnpack_cpu,xnnpack,xnnpack_initialized_partition_unverified,,4,1,4,measured,66,412.355000,21.040000,233.142578125,343.56640625,85.0,charging,false,0,,,43.0,FLAG_KEEP_SCREEN_ON,no_load_injected_background_apps_unverified,
2026-08-22T12:10:16.509148Z,1.2.0,realme_RMX3760_api35,1.2.0+3,release,mobilenet_v2_float32,bec15e3963d46e241acd9c906831107e97b4c00b81c895257a4321545dcd738d,mobilenet_v2,float32,float32,float32,1x224x224x3,xnnpack_cpu,xnnpack,xnnpack_initialized_partition_unverified,,4,1,4,measured,67,403.169000,21.040000,232.146484375,342.57421875,85.0,charging,false,0,,,43.0,FLAG_KEEP_SCREEN_ON,no_load_injected_background_apps_unverified,
2026-08-22T12:10:16.954773Z,1.2.0,realme_RMX3760_api35,1.2.0+3,release,mobilenet_v2_float32,bec15e3963d46e241acd9c906831107e97b4c00b81c895257a4321545dcd738d,mobilenet_v2,float32,float32,float32,1x224x224x3,xnnpack_cpu,xnnpack,xnnpack_initialized_partition_unverified,,4,1,4,measured,68,386.537000,21.040000,232.685546875,343.078125,85.0,charging,false,0,,,43.0,FLAG_KEEP_SCREEN_ON,no_load_injected_background_apps_unverified,
2026-08-22T12:10:17.407045Z,1.2.0,realme_RMX3760_api35,1.2.0+3,release,mobilenet_v2_float32,bec15e3963d46e241acd9c906831107e97b4c00b81c895257a4321545dcd738d,mobilenet_v2,float32,float32,float32,1x224x224x3,xnnpack_cpu,xnnpack,xnnpack_initialized_partition_unverified,,4,1,4,measured,69,393.586000,21.040000,232.275390625,342.703125,85.0,charging,false,0,,,43.0,FLAG_KEEP_SCREEN_ON,no_load_injected_background_apps_unverified,
2026-08-22T12:10:17.852773Z,1.2.0,realme_RMX3760_api35,1.2.0+3,release,mobilenet_v2_float32,bec15e3963d46e241acd9c906831107e97b4c00b81c895257a4321545dcd738d,mobilenet_v2,float32,float32,float32,1x224x224x3,xnnpack_cpu,xnnpack,xnnpack_initialized_partition_unverified,,4,1,4,measured,70,387.861000,21.040000,233.267578125,343.6484375,85.0,charging,false,0,,,43.0,FLAG_KEEP_SCREEN_ON,no_load_injected_background_apps_unverified,
2026-08-22T12:10:18.300118Z,1.2.0,realme_RMX3760_api35,1.2.0+3,release,mobilenet_v2_float32,bec15e3963d46e241acd9c906831107e97b4c00b81c895257a4321545dcd738d,mobilenet_v2,float32,float32,float32,1x224x224x3,xnnpack_cpu,xnnpack,xnnpack_initialized_partition_unverified,,4,1,4,measured,71,388.920000,21.040000,232.791015625,343.21484375,85.0,charging,false,0,,,43.0,FLAG_KEEP_SCREEN_ON,no_load_injected_background_apps_unverified,
2026-08-22T12:10:18.754553Z,1.2.0,realme_RMX3760_api35,1.2.0+3,release,mobilenet_v2_float32,bec15e3963d46e241acd9c906831107e97b4c00b81c895257a4321545dcd738d,mobilenet_v2,float32,float32,float32,1x224x224x3,xnnpack_cpu,xnnpack,xnnpack_initialized_partition_unverified,,4,1,4,measured,72,394.708000,21.040000,232.873046875,343.2421875,85.0,charging,false,0,,,43.0,FLAG_KEEP_SCREEN_ON,no_load_injected_background_apps_unverified,
2026-08-22T12:10:19.200345Z,1.2.0,realme_RMX3760_api35,1.2.0+3,release,mobilenet_v2_float32,bec15e3963d46e241acd9c906831107e97b4c00b81c895257a4321545dcd738d,mobilenet_v2,float32,float32,float32,1x224x224x3,xnnpack_cpu,xnnpack,xnnpack_initialized_partition_unverified,,4,1,4,measured,73,387.826000,21.040000,232.896484375,343.265625,85.0,charging,false,0,,,43.0,FLAG_KEEP_SCREEN_ON,no_load_injected_background_apps_unverified,
2026-08-22T12:10:19.652675Z,1.2.0,realme_RMX3760_api35,1.2.0+3,release,mobilenet_v2_float32,bec15e3963d46e241acd9c906831107e97b4c00b81c895257a4321545dcd738d,mobilenet_v2,float32,float32,float32,1x224x224x3,xnnpack_cpu,xnnpack,xnnpack_initialized_partition_unverified,,4,1,4,measured,74,394.413000,21.040000,232.712890625,343.12109375,85.0,charging,false,0,,,43.0,FLAG_KEEP_SCREEN_ON,no_load_injected_background_apps_unverified,
2026-08-22T12:10:20.122924Z,1.2.0,realme_RMX3760_api35,1.2.0+3,release,mobilenet_v2_float32,bec15e3963d46e241acd9c906831107e97b4c00b81c895257a4321545dcd738d,mobilenet_v2,float32,float32,float32,1x224x224x3,xnnpack_cpu,xnnpack,xnnpack_initialized_partition_unverified,,4,1,4,measured,75,411.631000,21.040000,233.470703125,343.88671875,85.0,charging,false,0,,,43.0,FLAG_KEEP_SCREEN_ON,no_load_injected_background_apps_unverified,
2026-08-22T12:10:20.577648Z,1.2.0,realme_RMX3760_api35,1.2.0+3,release,mobilenet_v2_float32,bec15e3963d46e241acd9c906831107e97b4c00b81c895257a4321545dcd738d,mobilenet_v2,float32,float32,float32,1x224x224x3,xnnpack_cpu,xnnpack,xnnpack_initialized_partition_unverified,,4,1,4,measured,76,397.248000,21.040000,232.486328125,342.91015625,85.0,charging,false,0,,,43.0,FLAG_KEEP_SCREEN_ON,no_load_injected_background_apps_unverified,
2026-08-22T12:10:21.033031Z,1.2.0,realme_RMX3760_api35,1.2.0+3,release,mobilenet_v2_float32,bec15e3963d46e241acd9c906831107e97b4c00b81c895257a4321545dcd738d,mobilenet_v2,float32,float32,float32,1x224x224x3,xnnpack_cpu,xnnpack,xnnpack_initialized_partition_unverified,,4,1,4,measured,77,396.668000,21.040000,233.025390625,343.4140625,85.0,charging,false,0,,,43.0,FLAG_KEEP_SCREEN_ON,no_load_injected_background_apps_unverified,
2026-08-22T12:10:21.487932Z,1.2.0,realme_RMX3760_api35,1.2.0+3,release,mobilenet_v2_float32,bec15e3963d46e241acd9c906831107e97b4c00b81c895257a4321545dcd738d,mobilenet_v2,float32,float32,float32,1x224x224x3,xnnpack_cpu,xnnpack,xnnpack_initialized_partition_unverified,,4,1,4,measured,78,397.017000,21.040000,232.544921875,342.9609375,85.0,charging,false,0,,,43.0,FLAG_KEEP_SCREEN_ON,no_load_injected_background_apps_unverified,
2026-08-22T12:10:21.934759Z,1.2.0,realme_RMX3760_api35,1.2.0+3,release,mobilenet_v2_float32,bec15e3963d46e241acd9c906831107e97b4c00b81c895257a4321545dcd738d,mobilenet_v2,float32,float32,float32,1x224x224x3,xnnpack_cpu,xnnpack,xnnpack_initialized_partition_unverified,,4,1,4,measured,79,388.091000,21.040000,233.068359375,343.4609375,85.0,charging,false,0,,,43.0,FLAG_KEEP_SCREEN_ON,no_load_injected_background_apps_unverified,
2026-08-22T12:10:22.385195Z,1.2.0,realme_RMX3760_api35,1.2.0+3,release,mobilenet_v2_float32,bec15e3963d46e241acd9c906831107e97b4c00b81c895257a4321545dcd738d,mobilenet_v2,float32,float32,float32,1x224x224x3,xnnpack_cpu,xnnpack,xnnpack_initialized_partition_unverified,,4,1,4,measured,80,392.505000,21.040000,233.080078125,343.45703125,85.0,charging,false,0,,,43.0,FLAG_KEEP_SCREEN_ON,no_load_injected_background_apps_unverified,
2026-08-22T12:10:23.003875Z,1.2.0,realme_RMX3760_api35,1.2.0+3,release,mobilenet_v2_float32,bec15e3963d46e241acd9c906831107e97b4c00b81c895257a4321545dcd738d,mobilenet_v2,float32,float32,float32,1x224x224x3,xnnpack_cpu,xnnpack,xnnpack_initialized_partition_unverified,,4,1,4,measured,81,564.478000,21.040000,238.9384765625,349.0625,85.0,charging,false,0,,,43.0,FLAG_KEEP_SCREEN_ON,no_load_injected_background_apps_unverified,
2026-08-22T12:10:23.717280Z,1.2.0,realme_RMX3760_api35,1.2.0+3,release,mobilenet_v2_float32,bec15e3963d46e241acd9c906831107e97b4c00b81c895257a4321545dcd738d,mobilenet_v2,float32,float32,float32,1x224x224x3,xnnpack_cpu,xnnpack,xnnpack_initialized_partition_unverified,,4,1,4,measured,82,657.848000,21.040000,239.12109375,349.42578125,85.0,charging,false,0,,,43.1,FLAG_KEEP_SCREEN_ON,no_load_injected_background_apps_unverified,
2026-08-22T12:10:24.265670Z,1.2.0,realme_RMX3760_api35,1.2.0+3,release,mobilenet_v2_float32,bec15e3963d46e241acd9c906831107e97b4c00b81c895257a4321545dcd738d,mobilenet_v2,float32,float32,float32,1x224x224x3,xnnpack_cpu,xnnpack,xnnpack_initialized_partition_unverified,,4,1,4,measured,83,484.858000,21.040000,233.1982421875,343.56640625,85.0,charging,false,0,,,43.1,FLAG_KEEP_SCREEN_ON,no_load_injected_background_apps_unverified,
2026-08-22T12:10:24.744422Z,1.2.0,realme_RMX3760_api35,1.2.0+3,release,mobilenet_v2_float32,bec15e3963d46e241acd9c906831107e97b4c00b81c895257a4321545dcd738d,mobilenet_v2,float32,float32,float32,1x224x224x3,xnnpack_cpu,xnnpack,xnnpack_initialized_partition_unverified,,4,1,4,measured,84,414.458000,21.040000,238.8515625,349.3125,85.0,charging,false,0,,,43.1,FLAG_KEEP_SCREEN_ON,no_load_injected_background_apps_unverified,
2026-08-22T12:10:25.260572Z,1.2.0,realme_RMX3760_api35,1.2.0+3,release,mobilenet_v2_float32,bec15e3963d46e241acd9c906831107e97b4c00b81c895257a4321545dcd738d,mobilenet_v2,float32,float32,float32,1x224x224x3,xnnpack_cpu,xnnpack,xnnpack_initialized_partition_unverified,,4,1,4,measured,85,451.135000,21.040000,233.16796875,343.62109375,85.0,charging,false,0,,,43.1,FLAG_KEEP_SCREEN_ON,no_load_injected_background_apps_unverified,
2026-08-22T12:10:25.734132Z,1.2.0,realme_RMX3760_api35,1.2.0+3,release,mobilenet_v2_float32,bec15e3963d46e241acd9c906831107e97b4c00b81c895257a4321545dcd738d,mobilenet_v2,float32,float32,float32,1x224x224x3,xnnpack_cpu,xnnpack,xnnpack_initialized_partition_unverified,,4,1,4,measured,86,408.991000,21.040000,238.33203125,348.6484375,85.0,charging,false,0,,,43.1,FLAG_KEEP_SCREEN_ON,no_load_injected_background_apps_unverified,
2026-08-22T12:10:26.209595Z,1.2.0,realme_RMX3760_api35,1.2.0+3,release,mobilenet_v2_float32,bec15e3963d46e241acd9c906831107e97b4c00b81c895257a4321545dcd738d,mobilenet_v2,float32,float32,float32,1x224x224x3,xnnpack_cpu,xnnpack,xnnpack_initialized_partition_unverified,,4,1,4,measured,87,412.058000,21.040000,236.50390625,346.96875,85.0,charging,false,0,,,43.1,FLAG_KEEP_SCREEN_ON,no_load_injected_background_apps_unverified,
2026-08-22T12:10:26.677397Z,1.2.0,realme_RMX3760_api35,1.2.0+3,release,mobilenet_v2_float32,bec15e3963d46e241acd9c906831107e97b4c00b81c895257a4321545dcd738d,mobilenet_v2,float32,float32,float32,1x224x224x3,xnnpack_cpu,xnnpack,xnnpack_initialized_partition_unverified,,4,1,4,measured,88,403.400000,21.040000,233.0546875,343.515625,85.0,charging,false,0,,,43.1,FLAG_KEEP_SCREEN_ON,no_load_injected_background_apps_unverified,
2026-08-22T12:10:27.198209Z,1.2.0,realme_RMX3760_api35,1.2.0+3,release,mobilenet_v2_float32,bec15e3963d46e241acd9c906831107e97b4c00b81c895257a4321545dcd738d,mobilenet_v2,float32,float32,float32,1x224x224x3,xnnpack_cpu,xnnpack,xnnpack_initialized_partition_unverified,,4,1,4,measured,89,457.179000,21.040000,233.25,343.53515625,85.0,charging,false,0,,,43.1,FLAG_KEEP_SCREEN_ON,no_load_injected_background_apps_unverified,
2026-08-22T12:10:27.656200Z,1.2.0,realme_RMX3760_api35,1.2.0+3,release,mobilenet_v2_float32,bec15e3963d46e241acd9c906831107e97b4c00b81c895257a4321545dcd738d,mobilenet_v2,float32,float32,float32,1x224x224x3,xnnpack_cpu,xnnpack,xnnpack_initialized_partition_unverified,,4,1,4,measured,90,400.277000,21.040000,233.7734375,344.21484375,85.0,charging,false,0,,,43.1,FLAG_KEEP_SCREEN_ON,no_load_injected_background_apps_unverified,
2026-08-22T12:10:28.143096Z,1.2.0,realme_RMX3760_api35,1.2.0+3,release,mobilenet_v2_float32,bec15e3963d46e241acd9c906831107e97b4c00b81c895257a4321545dcd738d,mobilenet_v2,float32,float32,float32,1x224x224x3,xnnpack_cpu,xnnpack,xnnpack_initialized_partition_unverified,,4,1,4,measured,91,428.765000,21.040000,233.296875,343.61328125,85.0,charging,false,0,,,43.1,FLAG_KEEP_SCREEN_ON,no_load_injected_background_apps_unverified,
2026-08-22T12:10:28.556913Z,1.2.0,realme_RMX3760_api35,1.2.0+3,release,mobilenet_v2_float32,bec15e3963d46e241acd9c906831107e97b4c00b81c895257a4321545dcd738d,mobilenet_v2,float32,float32,float32,1x224x224x3,xnnpack_cpu,xnnpack,xnnpack_initialized_partition_unverified,,4,1,4,measured,92,348.688000,21.040000,239.82421875,350.2890625,85.0,charging,false,0,,,43.1,FLAG_KEEP_SCREEN_ON,no_load_injected_background_apps_unverified,
2026-08-22T12:10:29.063475Z,1.2.0,realme_RMX3760_api35,1.2.0+3,release,mobilenet_v2_float32,bec15e3963d46e241acd9c906831107e97b4c00b81c895257a4321545dcd738d,mobilenet_v2,float32,float32,float32,1x224x224x3,xnnpack_cpu,xnnpack,xnnpack_initialized_partition_unverified,,4,1,4,measured,93,441.250000,21.040000,233.126953125,343.59375,85.0,charging,false,0,,,43.1,FLAG_KEEP_SCREEN_ON,no_load_injected_background_apps_unverified,
2026-08-22T12:10:29.514205Z,1.2.0,realme_RMX3760_api35,1.2.0+3,release,mobilenet_v2_float32,bec15e3963d46e241acd9c906831107e97b4c00b81c895257a4321545dcd738d,mobilenet_v2,float32,float32,float32,1x224x224x3,xnnpack_cpu,xnnpack,xnnpack_initialized_partition_unverified,,4,1,4,measured,94,385.926000,21.040000,239.2275390625,349.625,85.0,charging,false,0,,,43.1,FLAG_KEEP_SCREEN_ON,no_load_injected_background_apps_unverified,
2026-08-22T12:10:30.044392Z,1.2.0,realme_RMX3760_api35,1.2.0+3,release,mobilenet_v2_float32,bec15e3963d46e241acd9c906831107e97b4c00b81c895257a4321545dcd738d,mobilenet_v2,float32,float32,float32,1x224x224x3,xnnpack_cpu,xnnpack,xnnpack_initialized_partition_unverified,,4,1,4,measured,95,465.532000,21.040000,233.2236328125,343.421875,85.0,charging,false,0,,,43.1,FLAG_KEEP_SCREEN_ON,no_load_injected_background_apps_unverified,
2026-08-22T12:10:30.531308Z,1.2.0,realme_RMX3760_api35,1.2.0+3,release,mobilenet_v2_float32,bec15e3963d46e241acd9c906831107e97b4c00b81c895257a4321545dcd738d,mobilenet_v2,float32,float32,float32,1x224x224x3,xnnpack_cpu,xnnpack,xnnpack_initialized_partition_unverified,,4,1,4,measured,96,421.093000,21.040000,233.4697265625,343.84375,85.0,charging,false,0,,,43.1,FLAG_KEEP_SCREEN_ON,no_load_injected_background_apps_unverified,
2026-08-22T12:10:31.034209Z,1.2.0,realme_RMX3760_api35,1.2.0+3,release,mobilenet_v2_float32,bec15e3963d46e241acd9c906831107e97b4c00b81c895257a4321545dcd738d,mobilenet_v2,float32,float32,float32,1x224x224x3,xnnpack_cpu,xnnpack,xnnpack_initialized_partition_unverified,,4,1,4,measured,97,436.329000,21.040000,240.0009765625,350.41015625,85.0,charging,false,0,,,43.1,FLAG_KEEP_SCREEN_ON,no_load_injected_background_apps_unverified,
2026-08-22T12:10:31.550159Z,1.2.0,realme_RMX3760_api35,1.2.0+3,release,mobilenet_v2_float32,bec15e3963d46e241acd9c906831107e97b4c00b81c895257a4321545dcd738d,mobilenet_v2,float32,float32,float32,1x224x224x3,xnnpack_cpu,xnnpack,xnnpack_initialized_partition_unverified,,4,1,4,measured,98,449.928000,21.040000,234.0126953125,344.40234375,85.0,charging,false,0,,,43.1,FLAG_KEEP_SCREEN_ON,no_load_injected_background_apps_unverified,
2026-08-22T12:10:32.028407Z,1.2.0,realme_RMX3760_api35,1.2.0+3,release,mobilenet_v2_float32,bec15e3963d46e241acd9c906831107e97b4c00b81c895257a4321545dcd738d,mobilenet_v2,float32,float32,float32,1x224x224x3,xnnpack_cpu,xnnpack,xnnpack_initialized_partition_unverified,,4,1,4,measured,99,412.196000,21.040000,239.3330078125,349.75390625,85.0,charging,false,0,,,43.1,FLAG_KEEP_SCREEN_ON,no_load_injected_background_apps_unverified,
2026-08-22T12:10:42.047604Z,1.2.0,realme_RMX3760_api35,1.2.0+3,release,efficientnet_b0_dynamic_int8,9d69d6ea033bbb5181ebf3fb5abb873a8c4407262e32f3bf25bf6bbe411052c9,efficientnet_b0,dynamic_int8,float32,float32,1x224x224x3,xnnpack_cpu,xnnpack,xnnpack_initialized_partition_unverified,,2,1,5,measured,0,419.169000,39.932000,242.4501953125,352.81640625,85.0,charging,false,0,,,43.1,FLAG_KEEP_SCREEN_ON,no_load_injected_background_apps_unverified,
2026-08-22T12:10:42.555744Z,1.2.0,realme_RMX3760_api35,1.2.0+3,release,efficientnet_b0_dynamic_int8,9d69d6ea033bbb5181ebf3fb5abb873a8c4407262e32f3bf25bf6bbe411052c9,efficientnet_b0,dynamic_int8,float32,float32,1x224x224x3,xnnpack_cpu,xnnpack,xnnpack_initialized_partition_unverified,,2,1,5,measured,1,449.586000,39.932000,242.5322265625,352.875,85.0,charging,false,0,,,43.1,FLAG_KEEP_SCREEN_ON,no_load_injected_background_apps_unverified,
2026-08-22T12:10:43.073265Z,1.2.0,realme_RMX3760_api35,1.2.0+3,release,efficientnet_b0_dynamic_int8,9d69d6ea033bbb5181ebf3fb5abb873a8c4407262e32f3bf25bf6bbe411052c9,efficientnet_b0,dynamic_int8,float32,float32,1x224x224x3,xnnpack_cpu,xnnpack,xnnpack_initialized_partition_unverified,,2,1,5,measured,2,459.657000,39.932000,241.1611328125,351.54296875,85.0,charging,false,0,,,43.1,FLAG_KEEP_SCREEN_ON,no_load_injected_background_apps_unverified,
2026-08-22T12:10:43.602738Z,1.2.0,realme_RMX3760_api35,1.2.0+3,release,efficientnet_b0_dynamic_int8,9d69d6ea033bbb5181ebf3fb5abb873a8c4407262e32f3bf25bf6bbe411052c9,efficientnet_b0,dynamic_int8,float32,float32,1x224x224x3,xnnpack_cpu,xnnpack,xnnpack_initialized_partition_unverified,,2,1,5,measured,3,467.560000,39.932000,241.9052734375,352.890625,85.0,charging,false,0,,,43.1,FLAG_KEEP_SCREEN_ON,no_load_injected_background_apps_unverified,
2026-08-22T12:10:44.114749Z,1.2.0,realme_RMX3760_api35,1.2.0+3,release,efficientnet_b0_dynamic_int8,9d69d6ea033bbb5181ebf3fb5abb873a8c4407262e32f3bf25bf6bbe411052c9,efficientnet_b0,dynamic_int8,float32,float32,1x224x224x3,xnnpack_cpu,xnnpack,xnnpack_initialized_partition_unverified,,2,1,5,measured,4,454.403000,39.932000,241.8544921875,353.2734375,85.0,charging,false,0,,,43.1,FLAG_KEEP_SCREEN_ON,no_load_injected_background_apps_unverified,
2026-08-22T12:10:44.591469Z,1.2.0,realme_RMX3760_api35,1.2.0+3,release,efficientnet_b0_dynamic_int8,9d69d6ea033bbb5181ebf3fb5abb873a8c4407262e32f3bf25bf6bbe411052c9,efficientnet_b0,dynamic_int8,float32,float32,1x224x224x3,xnnpack_cpu,xnnpack,xnnpack_initialized_partition_unverified,,2,1,5,measured,5,417.497000,39.932000,241.9560546875,353.30859375,85.0,charging,false,0,,,43.1,FLAG_KEEP_SCREEN_ON,no_load_injected_background_apps_unverified,
2026-08-22T12:10:45.095355Z,1.2.0,realme_RMX3760_api35,1.2.0+3,release,efficientnet_b0_dynamic_int8,9d69d6ea033bbb5181ebf3fb5abb873a8c4407262e32f3bf25bf6bbe411052c9,efficientnet_b0,dynamic_int8,float32,float32,1x224x224x3,xnnpack_cpu,xnnpack,xnnpack_initialized_partition_unverified,,2,1,5,measured,6,443.986000,39.932000,241.3798828125,352.73046875,85.0,charging,false,0,,,43.1,FLAG_KEEP_SCREEN_ON,no_load_injected_background_apps_unverified,
2026-08-22T12:10:45.600612Z,1.2.0,realme_RMX3760_api35,1.2.0+3,release,efficientnet_b0_dynamic_int8,9d69d6ea033bbb5181ebf3fb5abb873a8c4407262e32f3bf25bf6bbe411052c9,efficientnet_b0,dynamic_int8,float32,float32,1x224x224x3,xnnpack_cpu,xnnpack,xnnpack_initialized_partition_unverified,,2,1,5,measured,7,446.904000,39.932000,241.5712890625,353.31640625,85.0,charging,false,0,,,43.1,FLAG_KEEP_SCREEN_ON,no_load_injected_background_apps_unverified,
2026-08-22T12:10:46.113088Z,1.2.0,realme_RMX3760_api35,1.2.0+3,release,efficientnet_b0_dynamic_int8,9d69d6ea033bbb5181ebf3fb5abb873a8c4407262e32f3bf25bf6bbe411052c9,efficientnet_b0,dynamic_int8,float32,float32,1x224x224x3,xnnpack_cpu,xnnpack,xnnpack_initialized_partition_unverified,,2,1,5,measured,8,453.897000,39.932000,242.484375,353.3125,85.0,charging,false,0,,,43.1,FLAG_KEEP_SCREEN_ON,no_load_injected_background_apps_unverified,
2026-08-22T12:10:46.608138Z,1.2.0,realme_RMX3760_api35,1.2.0+3,release,efficientnet_b0_dynamic_int8,9d69d6ea033bbb5181ebf3fb5abb873a8c4407262e32f3bf25bf6bbe411052c9,efficientnet_b0,dynamic_int8,float32,float32,1x224x224x3,xnnpack_cpu,xnnpack,xnnpack_initialized_partition_unverified,,2,1,5,measured,9,436.676000,39.932000,241.97265625,352.90234375,85.0,charging,false,0,,,43.1,FLAG_KEEP_SCREEN_ON,no_load_injected_background_apps_unverified,
2026-08-22T12:10:47.093119Z,1.2.0,realme_RMX3760_api35,1.2.0+3,release,efficientnet_b0_dynamic_int8,9d69d6ea033bbb5181ebf3fb5abb873a8c4407262e32f3bf25bf6bbe411052c9,efficientnet_b0,dynamic_int8,float32,float32,1x224x224x3,xnnpack_cpu,xnnpack,xnnpack_initialized_partition_unverified,,2,1,5,measured,10,425.249000,39.932000,242.4921875,353.31640625,85.0,charging,false,0,,,43.1,FLAG_KEEP_SCREEN_ON,no_load_injected_background_apps_unverified,
2026-08-22T12:10:47.583639Z,1.2.0,realme_RMX3760_api35,1.2.0+3,release,efficientnet_b0_dynamic_int8,9d69d6ea033bbb5181ebf3fb5abb873a8c4407262e32f3bf25bf6bbe411052c9,efficientnet_b0,dynamic_int8,float32,float32,1x224x224x3,xnnpack_cpu,xnnpack,xnnpack_initialized_partition_unverified,,2,1,5,measured,11,431.091000,39.932000,242.51171875,353.31640625,85.0,charging,false,0,,,43.1,FLAG_KEEP_SCREEN_ON,no_load_injected_background_apps_unverified,
2026-08-22T12:10:48.088935Z,1.2.0,realme_RMX3760_api35,1.2.0+3,release,efficientnet_b0_dynamic_int8,9d69d6ea033bbb5181ebf3fb5abb873a8c4407262e32f3bf25bf6bbe411052c9,efficientnet_b0,dynamic_int8,float32,float32,1x224x224x3,xnnpack_cpu,xnnpack,xnnpack_initialized_partition_unverified,,2,1,5,measured,12,444.873000,39.932000,242.53515625,353.3125,85.0,charging,false,0,,,43.1,FLAG_KEEP_SCREEN_ON,no_load_injected_background_apps_unverified,
2026-08-22T12:10:48.583935Z,1.2.0,realme_RMX3760_api35,1.2.0+3,release,efficientnet_b0_dynamic_int8,9d69d6ea033bbb5181ebf3fb5abb873a8c4407262e32f3bf25bf6bbe411052c9,efficientnet_b0,dynamic_int8,float32,float32,1x224x224x3,xnnpack_cpu,xnnpack,xnnpack_initialized_partition_unverified,,2,1,5,measured,13,436.583000,39.932000,242.5400390625,353.31640625,85.0,charging,false,0,,,43.1,FLAG_KEEP_SCREEN_ON,no_load_injected_background_apps_unverified,
2026-08-22T12:10:49.121944Z,1.2.0,realme_RMX3760_api35,1.2.0+3,release,efficientnet_b0_dynamic_int8,9d69d6ea033bbb5181ebf3fb5abb873a8c4407262e32f3bf25bf6bbe411052c9,efficientnet_b0,dynamic_int8,float32,float32,1x224x224x3,xnnpack_cpu,xnnpack,xnnpack_initialized_partition_unverified,,2,1,5,measured,14,477.550000,39.932000,242.0556640625,352.92578125,85.0,charging,false,0,,,43.1,FLAG_KEEP_SCREEN_ON,no_load_injected_background_apps_unverified,
2026-08-22T12:10:49.632836Z,1.2.0,realme_RMX3760_api35,1.2.0+3,release,efficientnet_b0_dynamic_int8,9d69d6ea033bbb5181ebf3fb5abb873a8c4407262e32f3bf25bf6bbe411052c9,efficientnet_b0,dynamic_int8,float32,float32,1x224x224x3,xnnpack_cpu,xnnpack,xnnpack_initialized_partition_unverified,,2,1,5,measured,15,451.656000,39.932000,242.5400390625,353.3515625,85.0,charging,false,0,,,43.1,FLAG_KEEP_SCREEN_ON,no_load_injected_background_apps_unverified,
2026-08-22T12:10:50.140812Z,1.2.0,realme_RMX3760_api35,1.2.0+3,release,efficientnet_b0_dynamic_int8,9d69d6ea033bbb5181ebf3fb5abb873a8c4407262e32f3bf25bf6bbe411052c9,efficientnet_b0,dynamic_int8,float32,float32,1x224x224x3,xnnpack_cpu,xnnpack,xnnpack_initialized_partition_unverified,,2,1,5,measured,16,449.874000,39.932000,242.0947265625,352.96875,85.0,charging,false,0,,,43.1,FLAG_KEEP_SCREEN_ON,no_load_injected_background_apps_unverified,
2026-08-22T12:10:50.650649Z,1.2.0,realme_RMX3760_api35,1.2.0+3,release,efficientnet_b0_dynamic_int8,9d69d6ea033bbb5181ebf3fb5abb873a8c4407262e32f3bf25bf6bbe411052c9,efficientnet_b0,dynamic_int8,float32,float32,1x224x224x3,xnnpack_cpu,xnnpack,xnnpack_initialized_partition_unverified,,2,1,5,measured,17,448.973000,39.932000,242.6181640625,353.46484375,85.0,charging,false,0,,,43.1,FLAG_KEEP_SCREEN_ON,no_load_injected_background_apps_unverified,
2026-08-22T12:10:51.160646Z,1.2.0,realme_RMX3760_api35,1.2.0+3,release,efficientnet_b0_dynamic_int8,9d69d6ea033bbb5181ebf3fb5abb873a8c4407262e32f3bf25bf6bbe411052c9,efficientnet_b0,dynamic_int8,float32,float32,1x224x224x3,xnnpack_cpu,xnnpack,xnnpack_initialized_partition_unverified,,2,1,5,measured,18,451.184000,39.932000,242.6337890625,353.46484375,85.0,charging,false,0,,,43.1,FLAG_KEEP_SCREEN_ON,no_load_injected_background_apps_unverified,
2026-08-22T12:10:51.676453Z,1.2.0,realme_RMX3760_api35,1.2.0+3,release,efficientnet_b0_dynamic_int8,9d69d6ea033bbb5181ebf3fb5abb873a8c4407262e32f3bf25bf6bbe411052c9,efficientnet_b0,dynamic_int8,float32,float32,1x224x224x3,xnnpack_cpu,xnnpack,xnnpack_initialized_partition_unverified,,2,1,5,measured,19,456.934000,39.932000,242.6025390625,353.40625,85.0,charging,false,0,,,43.1,FLAG_KEEP_SCREEN_ON,no_load_injected_background_apps_unverified,
2026-08-22T12:10:52.184068Z,1.2.0,realme_RMX3760_api35,1.2.0+3,release,efficientnet_b0_dynamic_int8,9d69d6ea033bbb5181ebf3fb5abb873a8c4407262e32f3bf25bf6bbe411052c9,efficientnet_b0,dynamic_int8,float32,float32,1x224x224x3,xnnpack_cpu,xnnpack,xnnpack_initialized_partition_unverified,,2,1,5,measured,20,448.219000,39.932000,243.1337890625,353.96875,85.0,charging,false,0,,,43.1,FLAG_KEEP_SCREEN_ON,no_load_injected_background_apps_unverified,
2026-08-22T12:10:52.695953Z,1.2.0,realme_RMX3760_api35,1.2.0+3,release,efficientnet_b0_dynamic_int8,9d69d6ea033bbb5181ebf3fb5abb873a8c4407262e32f3bf25bf6bbe411052c9,efficientnet_b0,dynamic_int8,float32,float32,1x224x224x3,xnnpack_cpu,xnnpack,xnnpack_initialized_partition_unverified,,2,1,5,measured,21,452.474000,39.932000,242.1611328125,353.0234375,85.0,charging,false,0,,,43.1,FLAG_KEEP_SCREEN_ON,no_load_injected_background_apps_unverified,
2026-08-22T12:10:53.201641Z,1.2.0,realme_RMX3760_api35,1.2.0+3,release,efficientnet_b0_dynamic_int8,9d69d6ea033bbb5181ebf3fb5abb873a8c4407262e32f3bf25bf6bbe411052c9,efficientnet_b0,dynamic_int8,float32,float32,1x224x224x3,xnnpack_cpu,xnnpack,xnnpack_initialized_partition_unverified,,2,1,5,measured,22,447.779000,39.932000,242.6806640625,353.53125,85.0,charging,false,0,,,43.1,FLAG_KEEP_SCREEN_ON,no_load_injected_background_apps_unverified,
2026-08-22T12:10:53.692075Z,1.2.0,realme_RMX3760_api35,1.2.0+3,release,efficientnet_b0_dynamic_int8,9d69d6ea033bbb5181ebf3fb5abb873a8c4407262e32f3bf25bf6bbe411052c9,efficientnet_b0,dynamic_int8,float32,float32,1x224x224x3,xnnpack_cpu,xnnpack,xnnpack_initialized_partition_unverified,,2,1,5,measured,23,431.489000,39.932000,243.2197265625,354.03515625,85.0,charging,false,0,,,43.1,FLAG_KEEP_SCREEN_ON,no_load_injected_background_apps_unverified,
2026-08-22T12:10:54.215116Z,1.2.0,realme_RMX3760_api35,1.2.0+3,release,efficientnet_b0_dynamic_int8,9d69d6ea033bbb5181ebf3fb5abb873a8c4407262e32f3bf25bf6bbe411052c9,efficientnet_b0,dynamic_int8,float32,float32,1x224x224x3,xnnpack_cpu,xnnpack,xnnpack_initialized_partition_unverified,,2,1,5,measured,24,463.647000,39.932000,243.2587890625,354.12109375,85.0,charging,false,0,,,43.1,FLAG_KEEP_SCREEN_ON,no_load_injected_background_apps_unverified,
2026-08-22T12:10:54.735751Z,1.2.0,realme_RMX3760_api35,1.2.0+3,release,efficientnet_b0_dynamic_int8,9d69d6ea033bbb5181ebf3fb5abb873a8c4407262e32f3bf25bf6bbe411052c9,efficientnet_b0,dynamic_int8,float32,float32,1x224x224x3,xnnpack_cpu,xnnpack,xnnpack_initialized_partition_unverified,,2,1,5,measured,25,461.099000,39.932000,242.2509765625,353.109375,85.0,charging,false,0,,,43.1,FLAG_KEEP_SCREEN_ON,no_load_injected_background_apps_unverified,
2026-08-22T12:10:55.233859Z,1.2.0,realme_RMX3760_api35,1.2.0+3,release,efficientnet_b0_dynamic_int8,9d69d6ea033bbb5181ebf3fb5abb873a8c4407262e32f3bf25bf6bbe411052c9,efficientnet_b0,dynamic_int8,float32,float32,1x224x224x3,xnnpack_cpu,xnnpack,xnnpack_initialized_partition_unverified,,2,1,5,measured,26,439.426000,39.932000,243.2900390625,354.09375,85.0,charging,false,0,,,43.1,FLAG_KEEP_SCREEN_ON,no_load_injected_background_apps_unverified,
2026-08-22T12:10:55.739892Z,1.2.0,realme_RMX3760_api35,1.2.0+3,release,efficientnet_b0_dynamic_int8,9d69d6ea033bbb5181ebf3fb5abb873a8c4407262e32f3bf25bf6bbe411052c9,efficientnet_b0,dynamic_int8,float32,float32,1x224x224x3,xnnpack_cpu,xnnpack,xnnpack_initialized_partition_unverified,,2,1,5,measured,27,447.278000,39.932000,242.2705078125,353.109375,85.0,charging,false,0,,,43.2,FLAG_KEEP_SCREEN_ON,no_load_injected_background_apps_unverified,
2026-08-22T12:10:56.259266Z,1.2.0,realme_RMX3760_api35,1.2.0+3,release,efficientnet_b0_dynamic_int8,9d69d6ea033bbb5181ebf3fb5abb873a8c4407262e32f3bf25bf6bbe411052c9,efficientnet_b0,dynamic_int8,float32,float32,1x224x224x3,xnnpack_cpu,xnnpack,xnnpack_initialized_partition_unverified,,2,1,5,measured,28,460.035000,39.932000,243.3525390625,354.16015625,85.0,charging,false,0,,,43.2,FLAG_KEEP_SCREEN_ON,no_load_injected_background_apps_unverified,
2026-08-22T12:10:56.753919Z,1.2.0,realme_RMX3760_api35,1.2.0+3,release,efficientnet_b0_dynamic_int8,9d69d6ea033bbb5181ebf3fb5abb873a8c4407262e32f3bf25bf6bbe411052c9,efficientnet_b0,dynamic_int8,float32,float32,1x224x224x3,xnnpack_cpu,xnnpack,xnnpack_initialized_partition_unverified,,2,1,5,measured,29,436.004000,39.932000,243.3603515625,354.16015625,85.0,charging,false,0,,,43.2,FLAG_KEEP_SCREEN_ON,no_load_injected_background_apps_unverified,
2026-08-22T12:10:57.260547Z,1.2.0,realme_RMX3760_api35,1.2.0+3,release,efficientnet_b0_dynamic_int8,9d69d6ea033bbb5181ebf3fb5abb873a8c4407262e32f3bf25bf6bbe411052c9,efficientnet_b0,dynamic_int8,float32,float32,1x224x224x3,xnnpack_cpu,xnnpack,xnnpack_initialized_partition_unverified,,2,1,5,measured,30,448.279000,39.932000,243.3916015625,354.2265625,85.0,charging,false,0,,,43.2,FLAG_KEEP_SCREEN_ON,no_load_injected_background_apps_unverified,
2026-08-22T12:10:57.775863Z,1.2.0,realme_RMX3760_api35,1.2.0+3,release,efficientnet_b0_dynamic_int8,9d69d6ea033bbb5181ebf3fb5abb873a8c4407262e32f3bf25bf6bbe411052c9,efficientnet_b0,dynamic_int8,float32,float32,1x224x224x3,xnnpack_cpu,xnnpack,xnnpack_initialized_partition_unverified,,2,1,5,measured,31,456.538000,39.932000,242.4228515625,353.26171875,85.0,charging,false,0,,,43.2,FLAG_KEEP_SCREEN_ON,no_load_injected_background_apps_unverified,
2026-08-22T12:10:58.291343Z,1.2.0,realme_RMX3760_api35,1.2.0+3,release,efficientnet_b0_dynamic_int8,9d69d6ea033bbb5181ebf3fb5abb873a8c4407262e32f3bf25bf6bbe411052c9,efficientnet_b0,dynamic_int8,float32,float32,1x224x224x3,xnnpack_cpu,xnnpack,xnnpack_initialized_partition_unverified,,2,1,5,measured,32,456.218000,39.932000,243.4423828125,354.2578125,85.0,charging,false,0,,,43.2,FLAG_KEEP_SCREEN_ON,no_load_injected_background_apps_unverified,
2026-08-22T12:10:58.808015Z,1.2.0,realme_RMX3760_api35,1.2.0+3,release,efficientnet_b0_dynamic_int8,9d69d6ea033bbb5181ebf3fb5abb873a8c4407262e32f3bf25bf6bbe411052c9,efficientnet_b0,dynamic_int8,float32,float32,1x224x224x3,xnnpack_cpu,xnnpack,xnnpack_initialized_partition_unverified,,2,1,5,measured,33,450.982000,39.932000,242.9189453125,353.70703125,85.0,charging,false,0,,,43.2,FLAG_KEEP_SCREEN_ON,no_load_injected_background_apps_unverified,
2026-08-22T12:10:59.320942Z,1.2.0,realme_RMX3760_api35,1.2.0+3,release,efficientnet_b0_dynamic_int8,9d69d6ea033bbb5181ebf3fb5abb873a8c4407262e32f3bf25bf6bbe411052c9,efficientnet_b0,dynamic_int8,float32,float32,1x224x224x3,xnnpack_cpu,xnnpack,xnnpack_initialized_partition_unverified,,2,1,5,measured,34,455.193000,39.932000,242.4345703125,353.2890625,85.0,charging,false,0,,,43.2,FLAG_KEEP_SCREEN_ON,no_load_injected_background_apps_unverified,
2026-08-22T12:10:59.825284Z,1.2.0,realme_RMX3760_api35,1.2.0+3,release,efficientnet_b0_dynamic_int8,9d69d6ea033bbb5181ebf3fb5abb873a8c4407262e32f3bf25bf6bbe411052c9,efficientnet_b0,dynamic_int8,float32,float32,1x224x224x3,xnnpack_cpu,xnnpack,xnnpack_initialized_partition_unverified,,2,1,5,measured,35,445.973000,39.932000,242.9697265625,353.76171875,85.0,charging,false,0,,,43.2,FLAG_KEEP_SCREEN_ON,no_load_injected_background_apps_unverified,
2026-08-22T12:11:00.316503Z,1.2.0,realme_RMX3760_api35,1.2.0+3,release,efficientnet_b0_dynamic_int8,9d69d6ea033bbb5181ebf3fb5abb873a8c4407262e32f3bf25bf6bbe411052c9,efficientnet_b0,dynamic_int8,float32,float32,1x224x224x3,xnnpack_cpu,xnnpack,xnnpack_initialized_partition_unverified,,2,1,5,measured,36,432.436000,39.932000,242.9931640625,353.75,85.0,charging,false,0,,,43.2,FLAG_KEEP_SCREEN_ON,no_load_injected_background_apps_unverified,
2026-08-22T12:11:00.809169Z,1.2.0,realme_RMX3760_api35,1.2.0+3,release,efficientnet_b0_dynamic_int8,9d69d6ea033bbb5181ebf3fb5abb873a8c4407262e32f3bf25bf6bbe411052c9,efficientnet_b0,dynamic_int8,float32,float32,1x224x224x3,xnnpack_cpu,xnnpack,xnnpack_initialized_partition_unverified,,2,1,5,measured,37,434.737000,39.932000,243.0517578125,353.78515625,85.0,charging,false,0,,,43.2,FLAG_KEEP_SCREEN_ON,no_load_injected_background_apps_unverified,
2026-08-22T12:11:01.332145Z,1.2.0,realme_RMX3760_api35,1.2.0+3,release,efficientnet_b0_dynamic_int8,9d69d6ea033bbb5181ebf3fb5abb873a8c4407262e32f3bf25bf6bbe411052c9,efficientnet_b0,dynamic_int8,float32,float32,1x224x224x3,xnnpack_cpu,xnnpack,xnnpack_initialized_partition_unverified,,2,1,5,measured,38,464.572000,39.932000,243.0673828125,353.7734375,85.0,charging,false,0,,,43.2,FLAG_KEEP_SCREEN_ON,no_load_injected_background_apps_unverified,
2026-08-22T12:11:01.836307Z,1.2.0,realme_RMX3760_api35,1.2.0+3,release,efficientnet_b0_dynamic_int8,9d69d6ea033bbb5181ebf3fb5abb873a8c4407262e32f3bf25bf6bbe411052c9,efficientnet_b0,dynamic_int8,float32,float32,1x224x224x3,xnnpack_cpu,xnnpack,xnnpack_initialized_partition_unverified,,2,1,5,measured,39,445.876000,39.932000,243.0595703125,353.734375,85.0,charging,false,0,,,43.2,FLAG_KEEP_SCREEN_ON,no_load_injected_background_apps_unverified,
2026-08-22T12:11:02.332791Z,1.2.0,realme_RMX3760_api35,1.2.0+3,release,efficientnet_b0_dynamic_int8,9d69d6ea033bbb5181ebf3fb5abb873a8c4407262e32f3bf25bf6bbe411052c9,efficientnet_b0,dynamic_int8,float32,float32,1x224x224x3,xnnpack_cpu,xnnpack,xnnpack_initialized_partition_unverified,,2,1,5,measured,40,438.235000,39.932000,243.0869140625,353.734375,85.0,charging,false,0,,,43.2,FLAG_KEEP_SCREEN_ON,no_load_injected_background_apps_unverified,
2026-08-22T12:11:02.836368Z,1.2.0,realme_RMX3760_api35,1.2.0+3,release,efficientnet_b0_dynamic_int8,9d69d6ea033bbb5181ebf3fb5abb873a8c4407262e32f3bf25bf6bbe411052c9,efficientnet_b0,dynamic_int8,float32,float32,1x224x224x3,xnnpack_cpu,xnnpack,xnnpack_initialized_partition_unverified,,2,1,5,measured,41,437.933000,39.932000,243.1298828125,353.9765625,85.0,charging,false,0,,,43.2,FLAG_KEEP_SCREEN_ON,no_load_injected_background_apps_unverified,
2026-08-22T12:11:03.331857Z,1.2.0,realme_RMX3760_api35,1.2.0+3,release,efficientnet_b0_dynamic_int8,9d69d6ea033bbb5181ebf3fb5abb873a8c4407262e32f3bf25bf6bbe411052c9,efficientnet_b0,dynamic_int8,float32,float32,1x224x224x3,xnnpack_cpu,xnnpack,xnnpack_initialized_partition_unverified,,2,1,5,measured,42,436.772000,39.932000,246.6455078125,357.484375,85.0,charging,false,0,,,43.2,FLAG_KEEP_SCREEN_ON,no_load_injected_background_apps_unverified,
2026-08-22T12:11:03.832889Z,1.2.0,realme_RMX3760_api35,1.2.0+3,release,efficientnet_b0_dynamic_int8,9d69d6ea033bbb5181ebf3fb5abb873a8c4407262e32f3bf25bf6bbe411052c9,efficientnet_b0,dynamic_int8,float32,float32,1x224x224x3,xnnpack_cpu,xnnpack,xnnpack_initialized_partition_unverified,,2,1,5,measured,43,443.309000,39.932000,243.1650390625,353.84375,85.0,charging,false,0,,,43.2,FLAG_KEEP_SCREEN_ON,no_load_injected_background_apps_unverified,
2026-08-22T12:11:04.341128Z,1.2.0,realme_RMX3760_api35,1.2.0+3,release,efficientnet_b0_dynamic_int8,9d69d6ea033bbb5181ebf3fb5abb873a8c4407262e32f3bf25bf6bbe411052c9,efficientnet_b0,dynamic_int8,float32,float32,1x224x224x3,xnnpack_cpu,xnnpack,xnnpack_initialized_partition_unverified,,2,1,5,measured,44,450.432000,39.932000,243.6806640625,354.51953125,85.0,charging,false,0,,,43.2,FLAG_KEEP_SCREEN_ON,no_load_injected_background_apps_unverified,
2026-08-22T12:11:04.829609Z,1.2.0,realme_RMX3760_api35,1.2.0+3,release,efficientnet_b0_dynamic_int8,9d69d6ea033bbb5181ebf3fb5abb873a8c4407262e32f3bf25bf6bbe411052c9,efficientnet_b0,dynamic_int8,float32,float32,1x224x224x3,xnnpack_cpu,xnnpack,xnnpack_initialized_partition_unverified,,2,1,5,measured,45,430.264000,39.932000,243.7080078125,354.4765625,85.0,charging,false,0,,,43.2,FLAG_KEEP_SCREEN_ON,no_load_injected_background_apps_unverified,
2026-08-22T12:11:05.327490Z,1.2.0,realme_RMX3760_api35,1.2.0+3,release,efficientnet_b0_dynamic_int8,9d69d6ea033bbb5181ebf3fb5abb873a8c4407262e32f3bf25bf6bbe411052c9,efficientnet_b0,dynamic_int8,float32,float32,1x224x224x3,xnnpack_cpu,xnnpack,xnnpack_initialized_partition_unverified,,2,1,5,measured,46,438.591000,39.932000,243.2744140625,354.109375,85.0,charging,false,0,,,43.2,FLAG_KEEP_SCREEN_ON,no_load_injected_background_apps_unverified,
2026-08-22T12:11:05.893482Z,1.2.0,realme_RMX3760_api35,1.2.0+3,release,efficientnet_b0_dynamic_int8,9d69d6ea033bbb5181ebf3fb5abb873a8c4407262e32f3bf25bf6bbe411052c9,efficientnet_b0,dynamic_int8,float32,float32,1x224x224x3,xnnpack_cpu,xnnpack,xnnpack_initialized_partition_unverified,,2,1,5,measured,47,468.372000,39.932000,243.2001953125,354.01171875,85.0,charging,false,0,,,43.3,FLAG_KEEP_SCREEN_ON,no_load_injected_background_apps_unverified,
2026-08-22T12:11:06.408409Z,1.2.0,realme_RMX3760_api35,1.2.0+3,release,efficientnet_b0_dynamic_int8,9d69d6ea033bbb5181ebf3fb5abb873a8c4407262e32f3bf25bf6bbe411052c9,efficientnet_b0,dynamic_int8,float32,float32,1x224x224x3,xnnpack_cpu,xnnpack,xnnpack_initialized_partition_unverified,,2,1,5,measured,48,456.284000,39.932000,243.2626953125,354.08984375,85.0,charging,false,0,,,43.3,FLAG_KEEP_SCREEN_ON,no_load_injected_background_apps_unverified,
2026-08-22T12:11:06.913179Z,1.2.0,realme_RMX3760_api35,1.2.0+3,release,efficientnet_b0_dynamic_int8,9d69d6ea033bbb5181ebf3fb5abb873a8c4407262e32f3bf25bf6bbe411052c9,efficientnet_b0,dynamic_int8,float32,float32,1x224x224x3,xnnpack_cpu,xnnpack,xnnpack_initialized_partition_unverified,,2,1,5,measured,49,446.887000,39.932000,242.7666015625,353.59765625,85.0,charging,false,0,,,43.3,FLAG_KEEP_SCREEN_ON,no_load_injected_background_apps_unverified,
2026-08-22T12:11:07.424932Z,1.2.0,realme_RMX3760_api35,1.2.0+3,release,efficientnet_b0_dynamic_int8,9d69d6ea033bbb5181ebf3fb5abb873a8c4407262e32f3bf25bf6bbe411052c9,efficientnet_b0,dynamic_int8,float32,float32,1x224x224x3,xnnpack_cpu,xnnpack,xnnpack_initialized_partition_unverified,,2,1,5,measured,50,453.774000,39.932000,243.7939453125,354.609375,85.0,charging,false,0,,,43.3,FLAG_KEEP_SCREEN_ON,no_load_injected_background_apps_unverified,
2026-08-22T12:11:07.932097Z,1.2.0,realme_RMX3760_api35,1.2.0+3,release,efficientnet_b0_dynamic_int8,9d69d6ea033bbb5181ebf3fb5abb873a8c4407262e32f3bf25bf6bbe411052c9,efficientnet_b0,dynamic_int8,float32,float32,1x224x224x3,xnnpack_cpu,xnnpack,xnnpack_initialized_partition_unverified,,2,1,5,measured,51,447.771000,39.932000,242.7861328125,353.60546875,85.0,charging,false,0,,,43.3,FLAG_KEEP_SCREEN_ON,no_load_injected_background_apps_unverified,
2026-08-22T12:11:08.423552Z,1.2.0,realme_RMX3760_api35,1.2.0+3,release,efficientnet_b0_dynamic_int8,9d69d6ea033bbb5181ebf3fb5abb873a8c4407262e32f3bf25bf6bbe411052c9,efficientnet_b0,dynamic_int8,float32,float32,1x224x224x3,xnnpack_cpu,xnnpack,xnnpack_initialized_partition_unverified,,2,1,5,measured,52,432.024000,39.932000,243.3759765625,354.19140625,85.0,charging,false,0,,,43.3,FLAG_KEEP_SCREEN_ON,no_load_injected_background_apps_unverified,
2026-08-22T12:11:09.000346Z,1.2.0,realme_RMX3760_api35,1.2.0+3,release,efficientnet_b0_dynamic_int8,9d69d6ea033bbb5181ebf3fb5abb873a8c4407262e32f3bf25bf6bbe411052c9,efficientnet_b0,dynamic_int8,float32,float32,1x224x224x3,xnnpack_cpu,xnnpack,xnnpack_initialized_partition_unverified,,2,1,5,measured,53,517.530000,39.932000,246.8720703125,357.69921875,85.0,charging,false,0,,,43.3,FLAG_KEEP_SCREEN_ON,no_load_injected_background_apps_unverified,
2026-08-22T12:11:09.495466Z,1.2.0,realme_RMX3760_api35,1.2.0+3,release,efficientnet_b0_dynamic_int8,9d69d6ea033bbb5181ebf3fb5abb873a8c4407262e32f3bf25bf6bbe411052c9,efficientnet_b0,dynamic_int8,float32,float32,1x224x224x3,xnnpack_cpu,xnnpack,xnnpack_initialized_partition_unverified,,2,1,5,measured,54,435.547000,39.932000,243.3994140625,354.203125,85.0,charging,false,0,,,43.3,FLAG_KEEP_SCREEN_ON,no_load_injected_background_apps_unverified,
2026-08-22T12:11:10.000644Z,1.2.0,realme_RMX3760_api35,1.2.0+3,release,efficientnet_b0_dynamic_int8,9d69d6ea033bbb5181ebf3fb5abb873a8c4407262e32f3bf25bf6bbe411052c9,efficientnet_b0,dynamic_int8,float32,float32,1x224x224x3,xnnpack_cpu,xnnpack,xnnpack_initialized_partition_unverified,,2,1,5,measured,55,446.984000,39.932000,243.4892578125,354.26953125,85.0,charging,false,0,,,43.3,FLAG_KEEP_SCREEN_ON,no_load_injected_background_apps_unverified,
2026-08-22T12:11:10.508279Z,1.2.0,realme_RMX3760_api35,1.2.0+3,release,efficientnet_b0_dynamic_int8,9d69d6ea033bbb5181ebf3fb5abb873a8c4407262e32f3bf25bf6bbe411052c9,efficientnet_b0,dynamic_int8,float32,float32,1x224x224x3,xnnpack_cpu,xnnpack,xnnpack_initialized_partition_unverified,,2,1,5,measured,56,449.379000,39.932000,243.0126953125,353.8203125,85.0,charging,false,0,,,43.3,FLAG_KEEP_SCREEN_ON,no_load_injected_background_apps_unverified,
2026-08-22T12:11:11.010537Z,1.2.0,realme_RMX3760_api35,1.2.0+3,release,efficientnet_b0_dynamic_int8,9d69d6ea033bbb5181ebf3fb5abb873a8c4407262e32f3bf25bf6bbe411052c9,efficientnet_b0,dynamic_int8,float32,float32,1x224x224x3,xnnpack_cpu,xnnpack,xnnpack_initialized_partition_unverified,,2,1,5,measured,57,443.365000,39.932000,243.5126953125,354.30078125,85.0,charging,false,0,,,43.3,FLAG_KEEP_SCREEN_ON,no_load_injected_background_apps_unverified,
2026-08-22T12:11:11.520065Z,1.2.0,realme_RMX3760_api35,1.2.0+3,release,efficientnet_b0_dynamic_int8,9d69d6ea033bbb5181ebf3fb5abb873a8c4407262e32f3bf25bf6bbe411052c9,efficientnet_b0,dynamic_int8,float32,float32,1x224x224x3,xnnpack_cpu,xnnpack,xnnpack_initialized_partition_unverified,,2,1,5,measured,58,451.221000,39.932000,243.0322265625,353.85546875,85.0,charging,false,0,,,43.3,FLAG_KEEP_SCREEN_ON,no_load_injected_background_apps_unverified,
2026-08-22T12:11:12.020550Z,1.2.0,realme_RMX3760_api35,1.2.0+3,release,efficientnet_b0_dynamic_int8,9d69d6ea033bbb5181ebf3fb5abb873a8c4407262e32f3bf25bf6bbe411052c9,efficientnet_b0,dynamic_int8,float32,float32,1x224x224x3,xnnpack_cpu,xnnpack,xnnpack_initialized_partition_unverified,,2,1,5,measured,59,441.292000,39.932000,243.4736328125,354.2734375,85.0,charging,false,0,,,43.3,FLAG_KEEP_SCREEN_ON,no_load_injected_background_apps_unverified,
2026-08-22T12:11:12.535261Z,1.2.0,realme_RMX3760_api35,1.2.0+3,release,efficientnet_b0_dynamic_int8,9d69d6ea033bbb5181ebf3fb5abb873a8c4407262e32f3bf25bf6bbe411052c9,efficientnet_b0,dynamic_int8,float32,float32,1x224x224x3,xnnpack_cpu,xnnpack,xnnpack_initialized_partition_unverified,,2,1,5,measured,60,455.487000,39.932000,243.1142578125,353.9140625,85.0,charging,false,0,,,43.3,FLAG_KEEP_SCREEN_ON,no_load_injected_background_apps_unverified,
2026-08-22T12:11:13.036111Z,1.2.0,realme_RMX3760_api35,1.2.0+3,release,efficientnet_b0_dynamic_int8,9d69d6ea033bbb5181ebf3fb5abb873a8c4407262e32f3bf25bf6bbe411052c9,efficientnet_b0,dynamic_int8,float32,float32,1x224x224x3,xnnpack_cpu,xnnpack,xnnpack_initialized_partition_unverified,,2,1,5,measured,61,441.380000,39.932000,243.5673828125,354.38671875,85.0,charging,false,0,,,43.3,FLAG_KEEP_SCREEN_ON,no_load_injected_background_apps_unverified,
2026-08-22T12:11:13.554732Z,1.2.0,realme_RMX3760_api35,1.2.0+3,release,efficientnet_b0_dynamic_int8,9d69d6ea033bbb5181ebf3fb5abb873a8c4407262e32f3bf25bf6bbe411052c9,efficientnet_b0,dynamic_int8,float32,float32,1x224x224x3,xnnpack_cpu,xnnpack,xnnpack_initialized_partition_unverified,,2,1,5,measured,62,457.983000,39.932000,243.0810546875,353.91015625,85.0,charging,false,0,,,43.3,FLAG_KEEP_SCREEN_ON,no_load_injected_background_apps_unverified,
2026-08-22T12:11:14.066361Z,1.2.0,realme_RMX3760_api35,1.2.0+3,release,efficientnet_b0_dynamic_int8,9d69d6ea033bbb5181ebf3fb5abb873a8c4407262e32f3bf25bf6bbe411052c9,efficientnet_b0,dynamic_int8,float32,float32,1x224x224x3,xnnpack_cpu,xnnpack,xnnpack_initialized_partition_unverified,,2,1,5,measured,63,452.117000,39.932000,243.4931640625,354.37109375,85.0,charging,false,0,,,43.3,FLAG_KEEP_SCREEN_ON,no_load_injected_background_apps_unverified,
2026-08-22T12:11:14.548788Z,1.2.0,realme_RMX3760_api35,1.2.0+3,release,efficientnet_b0_dynamic_int8,9d69d6ea033bbb5181ebf3fb5abb873a8c4407262e32f3bf25bf6bbe411052c9,efficientnet_b0,dynamic_int8,float32,float32,1x224x224x3,xnnpack_cpu,xnnpack,xnnpack_initialized_partition_unverified,,2,1,5,measured,64,424.348000,39.932000,247.0166015625,357.91015625,85.0,charging,false,0,,,43.3,FLAG_KEEP_SCREEN_ON,no_load_injected_background_apps_unverified,
2026-08-22T12:11:15.054911Z,1.2.0,realme_RMX3760_api35,1.2.0+3,release,efficientnet_b0_dynamic_int8,9d69d6ea033bbb5181ebf3fb5abb873a8c4407262e32f3bf25bf6bbe411052c9,efficientnet_b0,dynamic_int8,float32,float32,1x224x224x3,xnnpack_cpu,xnnpack,xnnpack_initialized_partition_unverified,,2,1,5,measured,65,447.499000,39.932000,243.5869140625,354.47265625,85.0,charging,false,0,,,43.3,FLAG_KEEP_SCREEN_ON,no_load_injected_background_apps_unverified,
2026-08-22T12:11:15.565032Z,1.2.0,realme_RMX3760_api35,1.2.0+3,release,efficientnet_b0_dynamic_int8,9d69d6ea033bbb5181ebf3fb5abb873a8c4407262e32f3bf25bf6bbe411052c9,efficientnet_b0,dynamic_int8,float32,float32,1x224x224x3,xnnpack_cpu,xnnpack,xnnpack_initialized_partition_unverified,,2,1,5,measured,66,451.758000,39.932000,244.1103515625,354.96484375,85.0,charging,false,0,,,43.3,FLAG_KEEP_SCREEN_ON,no_load_injected_background_apps_unverified,
2026-08-22T12:11:16.079337Z,1.2.0,realme_RMX3760_api35,1.2.0+3,release,efficientnet_b0_dynamic_int8,9d69d6ea033bbb5181ebf3fb5abb873a8c4407262e32f3bf25bf6bbe411052c9,efficientnet_b0,dynamic_int8,float32,float32,1x224x224x3,xnnpack_cpu,xnnpack,xnnpack_initialized_partition_unverified,,2,1,5,measured,67,453.598000,39.932000,244.0986328125,354.9296875,85.0,charging,false,0,,,43.3,FLAG_KEEP_SCREEN_ON,no_load_injected_background_apps_unverified,
2026-08-22T12:11:16.580261Z,1.2.0,realme_RMX3760_api35,1.2.0+3,release,efficientnet_b0_dynamic_int8,9d69d6ea033bbb5181ebf3fb5abb873a8c4407262e32f3bf25bf6bbe411052c9,efficientnet_b0,dynamic_int8,float32,float32,1x224x224x3,xnnpack_cpu,xnnpack,xnnpack_initialized_partition_unverified,,2,1,5,measured,68,442.187000,39.932000,244.1884765625,355.06640625,85.0,charging,false,0,,,43.3,FLAG_KEEP_SCREEN_ON,no_load_injected_background_apps_unverified,
2026-08-22T12:11:17.064532Z,1.2.0,realme_RMX3760_api35,1.2.0+3,release,efficientnet_b0_dynamic_int8,9d69d6ea033bbb5181ebf3fb5abb873a8c4407262e32f3bf25bf6bbe411052c9,efficientnet_b0,dynamic_int8,float32,float32,1x224x224x3,xnnpack_cpu,xnnpack,xnnpack_initialized_partition_unverified,,2,1,5,measured,69,424.284000,39.932000,247.7158203125,358.59375,85.0,charging,false,0,,,43.3,FLAG_KEEP_SCREEN_ON,no_load_injected_background_apps_unverified,
2026-08-22T12:11:17.559034Z,1.2.0,realme_RMX3760_api35,1.2.0+3,release,efficientnet_b0_dynamic_int8,9d69d6ea033bbb5181ebf3fb5abb873a8c4407262e32f3bf25bf6bbe411052c9,efficientnet_b0,dynamic_int8,float32,float32,1x224x224x3,xnnpack_cpu,xnnpack,xnnpack_initialized_partition_unverified,,2,1,5,measured,70,435.277000,39.932000,243.7314453125,354.578125,85.0,charging,false,0,,,43.3,FLAG_KEEP_SCREEN_ON,no_load_injected_background_apps_unverified,
2026-08-22T12:11:18.045239Z,1.2.0,realme_RMX3760_api35,1.2.0+3,release,efficientnet_b0_dynamic_int8,9d69d6ea033bbb5181ebf3fb5abb873a8c4407262e32f3bf25bf6bbe411052c9,efficientnet_b0,dynamic_int8,float32,float32,1x224x224x3,xnnpack_cpu,xnnpack,xnnpack_initialized_partition_unverified,,2,1,5,measured,71,427.655000,39.932000,243.2314453125,354.08984375,85.0,charging,false,0,,,43.3,FLAG_KEEP_SCREEN_ON,no_load_injected_background_apps_unverified,
2026-08-22T12:11:18.543300Z,1.2.0,realme_RMX3760_api35,1.2.0+3,release,efficientnet_b0_dynamic_int8,9d69d6ea033bbb5181ebf3fb5abb873a8c4407262e32f3bf25bf6bbe411052c9,efficientnet_b0,dynamic_int8,float32,float32,1x224x224x3,xnnpack_cpu,xnnpack,xnnpack_initialized_partition_unverified,,2,1,5,measured,72,438.362000,39.932000,243.7783203125,354.63671875,85.0,charging,false,0,,,43.3,FLAG_KEEP_SCREEN_ON,no_load_injected_background_apps_unverified,
2026-08-22T12:11:19.040287Z,1.2.0,realme_RMX3760_api35,1.2.0+3,release,efficientnet_b0_dynamic_int8,9d69d6ea033bbb5181ebf3fb5abb873a8c4407262e32f3bf25bf6bbe411052c9,efficientnet_b0,dynamic_int8,float32,float32,1x224x224x3,xnnpack_cpu,xnnpack,xnnpack_initialized_partition_unverified,,2,1,5,measured,73,438.279000,39.932000,243.7099609375,354.5,85.0,charging,false,0,,,43.3,FLAG_KEEP_SCREEN_ON,no_load_injected_background_apps_unverified,
2026-08-22T12:11:19.542137Z,1.2.0,realme_RMX3760_api35,1.2.0+3,release,efficientnet_b0_dynamic_int8,9d69d6ea033bbb5181ebf3fb5abb873a8c4407262e32f3bf25bf6bbe411052c9,efficientnet_b0,dynamic_int8,float32,float32,1x224x224x3,xnnpack_cpu,xnnpack,xnnpack_initialized_partition_unverified,,2,1,5,measured,74,441.701000,39.932000,243.7529296875,354.5625,85.0,charging,false,0,,,43.3,FLAG_KEEP_SCREEN_ON,no_load_injected_background_apps_unverified,
2026-08-22T12:11:20.049324Z,1.2.0,realme_RMX3760_api35,1.2.0+3,release,efficientnet_b0_dynamic_int8,9d69d6ea033bbb5181ebf3fb5abb873a8c4407262e32f3bf25bf6bbe411052c9,efficientnet_b0,dynamic_int8,float32,float32,1x224x224x3,xnnpack_cpu,xnnpack,xnnpack_initialized_partition_unverified,,2,1,5,measured,75,447.203000,39.932000,243.2412109375,354.0546875,85.0,charging,false,0,,,43.3,FLAG_KEEP_SCREEN_ON,no_load_injected_background_apps_unverified,
2026-08-22T12:11:20.565213Z,1.2.0,realme_RMX3760_api35,1.2.0+3,release,efficientnet_b0_dynamic_int8,9d69d6ea033bbb5181ebf3fb5abb873a8c4407262e32f3bf25bf6bbe411052c9,efficientnet_b0,dynamic_int8,float32,float32,1x224x224x3,xnnpack_cpu,xnnpack,xnnpack_initialized_partition_unverified,,2,1,5,measured,76,456.885000,39.932000,243.8271484375,354.6875,85.0,charging,false,0,,,43.3,FLAG_KEEP_SCREEN_ON,no_load_injected_background_apps_unverified,
2026-08-22T12:11:21.082153Z,1.2.0,realme_RMX3760_api35,1.2.0+3,release,efficientnet_b0_dynamic_int8,9d69d6ea033bbb5181ebf3fb5abb873a8c4407262e32f3bf25bf6bbe411052c9,efficientnet_b0,dynamic_int8,float32,float32,1x224x224x3,xnnpack_cpu,xnnpack,xnnpack_initialized_partition_unverified,,2,1,5,measured,77,458.279000,39.932000,243.392578125,354.26953125,85.0,charging,false,0,,,43.3,FLAG_KEEP_SCREEN_ON,no_load_injected_background_apps_unverified,
2026-08-22T12:11:21.593360Z,1.2.0,realme_RMX3760_api35,1.2.0+3,release,efficientnet_b0_dynamic_int8,9d69d6ea033bbb5181ebf3fb5abb873a8c4407262e32f3bf25bf6bbe411052c9,efficientnet_b0,dynamic_int8,float32,float32,1x224x224x3,xnnpack_cpu,xnnpack,xnnpack_initialized_partition_unverified,,2,1,5,measured,78,452.249000,39.932000,243.912109375,354.75390625,85.0,charging,false,0,,,43.3,FLAG_KEEP_SCREEN_ON,no_load_injected_background_apps_unverified,
2026-08-22T12:11:22.110603Z,1.2.0,realme_RMX3760_api35,1.2.0+3,release,efficientnet_b0_dynamic_int8,9d69d6ea033bbb5181ebf3fb5abb873a8c4407262e32f3bf25bf6bbe411052c9,efficientnet_b0,dynamic_int8,float32,float32,1x224x224x3,xnnpack_cpu,xnnpack,xnnpack_initialized_partition_unverified,,2,1,5,measured,79,458.137000,39.932000,243.435546875,354.30859375,85.0,charging,false,0,,,43.3,FLAG_KEEP_SCREEN_ON,no_load_injected_background_apps_unverified,
2026-08-22T12:11:22.620263Z,1.2.0,realme_RMX3760_api35,1.2.0+3,release,efficientnet_b0_dynamic_int8,9d69d6ea033bbb5181ebf3fb5abb873a8c4407262e32f3bf25bf6bbe411052c9,efficientnet_b0,dynamic_int8,float32,float32,1x224x224x3,xnnpack_cpu,xnnpack,xnnpack_initialized_partition_unverified,,2,1,5,measured,80,450.730000,39.932000,243.955078125,354.796875,85.0,charging,false,0,,,43.2,FLAG_KEEP_SCREEN_ON,no_load_injected_background_apps_unverified,
2026-08-22T12:11:23.119447Z,1.2.0,realme_RMX3760_api35,1.2.0+3,release,efficientnet_b0_dynamic_int8,9d69d6ea033bbb5181ebf3fb5abb873a8c4407262e32f3bf25bf6bbe411052c9,efficientnet_b0,dynamic_int8,float32,float32,1x224x224x3,xnnpack_cpu,xnnpack,xnnpack_initialized_partition_unverified,,2,1,5,measured,81,439.592000,39.932000,243.978515625,354.796875,85.0,charging,false,0,,,43.2,FLAG_KEEP_SCREEN_ON,no_load_injected_background_apps_unverified,
2026-08-22T12:11:23.613240Z,1.2.0,realme_RMX3760_api35,1.2.0+3,release,efficientnet_b0_dynamic_int8,9d69d6ea033bbb5181ebf3fb5abb873a8c4407262e32f3bf25bf6bbe411052c9,efficientnet_b0,dynamic_int8,float32,float32,1x224x224x3,xnnpack_cpu,xnnpack,xnnpack_initialized_partition_unverified,,2,1,5,measured,82,435.727000,39.932000,243.994140625,354.85546875,85.0,charging,false,0,,,43.2,FLAG_KEEP_SCREEN_ON,no_load_injected_background_apps_unverified,
2026-08-22T12:11:24.087948Z,1.2.0,realme_RMX3760_api35,1.2.0+3,release,efficientnet_b0_dynamic_int8,9d69d6ea033bbb5181ebf3fb5abb873a8c4407262e32f3bf25bf6bbe411052c9,efficientnet_b0,dynamic_int8,float32,float32,1x224x224x3,xnnpack_cpu,xnnpack,xnnpack_initialized_partition_unverified,,2,1,5,measured,83,414.164000,39.932000,243.896484375,354.53125,85.0,charging,false,0,,,43.2,FLAG_KEEP_SCREEN_ON,no_load_injected_background_apps_unverified,
2026-08-22T12:11:24.609662Z,1.2.0,realme_RMX3760_api35,1.2.0+3,release,efficientnet_b0_dynamic_int8,9d69d6ea033bbb5181ebf3fb5abb873a8c4407262e32f3bf25bf6bbe411052c9,efficientnet_b0,dynamic_int8,float32,float32,1x224x224x3,xnnpack_cpu,xnnpack,xnnpack_initialized_partition_unverified,,2,1,5,measured,84,462.196000,39.932000,243.966796875,354.76171875,85.0,charging,false,0,,,43.2,FLAG_KEEP_SCREEN_ON,no_load_injected_background_apps_unverified,
2026-08-22T12:11:25.116660Z,1.2.0,realme_RMX3760_api35,1.2.0+3,release,efficientnet_b0_dynamic_int8,9d69d6ea033bbb5181ebf3fb5abb873a8c4407262e32f3bf25bf6bbe411052c9,efficientnet_b0,dynamic_int8,float32,float32,1x224x224x3,xnnpack_cpu,xnnpack,xnnpack_initialized_partition_unverified,,2,1,5,measured,85,447.165000,39.932000,243.962890625,354.515625,85.0,charging,false,0,,,43.2,FLAG_KEEP_SCREEN_ON,no_load_injected_background_apps_unverified,
2026-08-22T12:11:25.619885Z,1.2.0,realme_RMX3760_api35,1.2.0+3,release,efficientnet_b0_dynamic_int8,9d69d6ea033bbb5181ebf3fb5abb873a8c4407262e32f3bf25bf6bbe411052c9,efficientnet_b0,dynamic_int8,float32,float32,1x224x224x3,xnnpack_cpu,xnnpack,xnnpack_initialized_partition_unverified,,2,1,5,measured,86,444.290000,39.932000,243.572265625,354.4140625,85.0,charging,false,0,,,43.2,FLAG_KEEP_SCREEN_ON,no_load_injected_background_apps_unverified,
2026-08-22T12:11:26.128303Z,1.2.0,realme_RMX3760_api35,1.2.0+3,release,efficientnet_b0_dynamic_int8,9d69d6ea033bbb5181ebf3fb5abb873a8c4407262e32f3bf25bf6bbe411052c9,efficientnet_b0,dynamic_int8,float32,float32,1x224x224x3,xnnpack_cpu,xnnpack,xnnpack_initialized_partition_unverified,,2,1,5,measured,87,449.454000,39.932000,243.845703125,354.640625,85.0,charging,false,0,,,43.2,FLAG_KEEP_SCREEN_ON,no_load_injected_background_apps_unverified,
2026-08-22T12:11:26.615689Z,1.2.0,realme_RMX3760_api35,1.2.0+3,release,efficientnet_b0_dynamic_int8,9d69d6ea033bbb5181ebf3fb5abb873a8c4407262e32f3bf25bf6bbe411052c9,efficientnet_b0,dynamic_int8,float32,float32,1x224x224x3,xnnpack_cpu,xnnpack,xnnpack_initialized_partition_unverified,,2,1,5,measured,88,428.171000,39.932000,243.525390625,354.3828125,85.0,charging,false,0,,,43.2,FLAG_KEEP_SCREEN_ON,no_load_injected_background_apps_unverified,
2026-08-22T12:11:27.117745Z,1.2.0,realme_RMX3760_api35,1.2.0+3,release,efficientnet_b0_dynamic_int8,9d69d6ea033bbb5181ebf3fb5abb873a8c4407262e32f3bf25bf6bbe411052c9,efficientnet_b0,dynamic_int8,float32,float32,1x224x224x3,xnnpack_cpu,xnnpack,xnnpack_initialized_partition_unverified,,2,1,5,measured,89,443.611000,39.932000,243.337890625,354.1640625,85.0,charging,false,0,,,43.2,FLAG_KEEP_SCREEN_ON,no_load_injected_background_apps_unverified,
2026-08-22T12:11:27.621435Z,1.2.0,realme_RMX3760_api35,1.2.0+3,release,efficientnet_b0_dynamic_int8,9d69d6ea033bbb5181ebf3fb5abb873a8c4407262e32f3bf25bf6bbe411052c9,efficientnet_b0,dynamic_int8,float32,float32,1x224x224x3,xnnpack_cpu,xnnpack,xnnpack_initialized_partition_unverified,,2,1,5,measured,90,445.607000,39.932000,244.103515625,354.91015625,85.0,charging,false,0,,,43.2,FLAG_KEEP_SCREEN_ON,no_load_injected_background_apps_unverified,
2026-08-22T12:11:28.107931Z,1.2.0,realme_RMX3760_api35,1.2.0+3,release,efficientnet_b0_dynamic_int8,9d69d6ea033bbb5181ebf3fb5abb873a8c4407262e32f3bf25bf6bbe411052c9,efficientnet_b0,dynamic_int8,float32,float32,1x224x224x3,xnnpack_cpu,xnnpack,xnnpack_initialized_partition_unverified,,2,1,5,measured,91,427.994000,39.932000,244.126953125,354.91015625,85.0,charging,false,0,,,43.2,FLAG_KEEP_SCREEN_ON,no_load_injected_background_apps_unverified,
2026-08-22T12:11:28.596368Z,1.2.0,realme_RMX3760_api35,1.2.0+3,release,efficientnet_b0_dynamic_int8,9d69d6ea033bbb5181ebf3fb5abb873a8c4407262e32f3bf25bf6bbe411052c9,efficientnet_b0,dynamic_int8,float32,float32,1x224x224x3,xnnpack_cpu,xnnpack,xnnpack_initialized_partition_unverified,,2,1,5,measured,92,429.626000,39.932000,243.654296875,354.49609375,85.0,charging,false,0,,,43.2,FLAG_KEEP_SCREEN_ON,no_load_injected_background_apps_unverified,
2026-08-22T12:11:29.093153Z,1.2.0,realme_RMX3760_api35,1.2.0+3,release,efficientnet_b0_dynamic_int8,9d69d6ea033bbb5181ebf3fb5abb873a8c4407262e32f3bf25bf6bbe411052c9,efficientnet_b0,dynamic_int8,float32,float32,1x224x224x3,xnnpack_cpu,xnnpack,xnnpack_initialized_partition_unverified,,2,1,5,measured,93,438.586000,39.932000,244.224609375,355.0703125,85.0,charging,false,0,,,43.2,FLAG_KEEP_SCREEN_ON,no_load_injected_background_apps_unverified,
2026-08-22T12:11:29.597280Z,1.2.0,realme_RMX3760_api35,1.2.0+3,release,efficientnet_b0_dynamic_int8,9d69d6ea033bbb5181ebf3fb5abb873a8c4407262e32f3bf25bf6bbe411052c9,efficientnet_b0,dynamic_int8,float32,float32,1x224x224x3,xnnpack_cpu,xnnpack,xnnpack_initialized_partition_unverified,,2,1,5,measured,94,445.621000,39.932000,243.740234375,354.59375,85.0,charging,false,0,,,43.2,FLAG_KEEP_SCREEN_ON,no_load_injected_background_apps_unverified,
2026-08-22T12:11:30.108257Z,1.2.0,realme_RMX3760_api35,1.2.0+3,release,efficientnet_b0_dynamic_int8,9d69d6ea033bbb5181ebf3fb5abb873a8c4407262e32f3bf25bf6bbe411052c9,efficientnet_b0,dynamic_int8,float32,float32,1x224x224x3,xnnpack_cpu,xnnpack,xnnpack_initialized_partition_unverified,,2,1,5,measured,95,452.154000,39.932000,243.619140625,354.4453125,85.0,charging,false,0,,,43.2,FLAG_KEEP_SCREEN_ON,no_load_injected_background_apps_unverified,
2026-08-22T12:11:30.604830Z,1.2.0,realme_RMX3760_api35,1.2.0+3,release,efficientnet_b0_dynamic_int8,9d69d6ea033bbb5181ebf3fb5abb873a8c4407262e32f3bf25bf6bbe411052c9,efficientnet_b0,dynamic_int8,float32,float32,1x224x224x3,xnnpack_cpu,xnnpack,xnnpack_initialized_partition_unverified,,2,1,5,measured,96,438.369000,39.932000,244.763671875,355.5859375,85.0,charging,false,0,,,43.2,FLAG_KEEP_SCREEN_ON,no_load_injected_background_apps_unverified,
2026-08-22T12:11:31.100800Z,1.2.0,realme_RMX3760_api35,1.2.0+3,release,efficientnet_b0_dynamic_int8,9d69d6ea033bbb5181ebf3fb5abb873a8c4407262e32f3bf25bf6bbe411052c9,efficientnet_b0,dynamic_int8,float32,float32,1x224x224x3,xnnpack_cpu,xnnpack,xnnpack_initialized_partition_unverified,,2,1,5,measured,97,437.878000,39.932000,244.333984375,355.1796875,85.0,charging,false,0,,,43.2,FLAG_KEEP_SCREEN_ON,no_load_injected_background_apps_unverified,
2026-08-22T12:11:31.602155Z,1.2.0,realme_RMX3760_api35,1.2.0+3,release,efficientnet_b0_dynamic_int8,9d69d6ea033bbb5181ebf3fb5abb873a8c4407262e32f3bf25bf6bbe411052c9,efficientnet_b0,dynamic_int8,float32,float32,1x224x224x3,xnnpack_cpu,xnnpack,xnnpack_initialized_partition_unverified,,2,1,5,measured,98,443.343000,39.932000,244.291015625,355.1171875,85.0,charging,false,0,,,43.2,FLAG_KEEP_SCREEN_ON,no_load_injected_background_apps_unverified,
2026-08-22T12:11:32.088501Z,1.2.0,realme_RMX3760_api35,1.2.0+3,release,efficientnet_b0_dynamic_int8,9d69d6ea033bbb5181ebf3fb5abb873a8c4407262e32f3bf25bf6bbe411052c9,efficientnet_b0,dynamic_int8,float32,float32,1x224x224x3,xnnpack_cpu,xnnpack,xnnpack_initialized_partition_unverified,,2,1,5,measured,99,427.789000,39.932000,244.482421875,355.28125,85.0,charging,false,0,,,43.2,FLAG_KEEP_SCREEN_ON,no_load_injected_background_apps_unverified,
2026-08-22T12:11:38.695484Z,1.2.0,realme_RMX3760_api35,1.2.0+3,release,efficientnet_b0_full_int8,bf768dda79fe589885aa9c79820a478236c331901a921dec3f8de87c8219a214,efficientnet_b0,full_int8,int8,int8,1x224x224x3,builtin_cpu,none,none_builtin,,1,1,6,measured,0,315.711000,6.066000,224.748046875,335.5390625,85.0,charging,false,0,,,43.2,FLAG_KEEP_SCREEN_ON,no_load_injected_background_apps_unverified,
2026-08-22T12:11:39.063144Z,1.2.0,realme_RMX3760_api35,1.2.0+3,release,efficientnet_b0_full_int8,bf768dda79fe589885aa9c79820a478236c331901a921dec3f8de87c8219a214,efficientnet_b0,full_int8,int8,int8,1x224x224x3,builtin_cpu,none,none_builtin,,1,1,6,measured,1,309.617000,6.066000,225.298828125,336.12109375,85.0,charging,false,0,,,43.2,FLAG_KEEP_SCREEN_ON,no_load_injected_background_apps_unverified,
2026-08-22T12:11:39.457450Z,1.2.0,realme_RMX3760_api35,1.2.0+3,release,efficientnet_b0_full_int8,bf768dda79fe589885aa9c79820a478236c331901a921dec3f8de87c8219a214,efficientnet_b0,full_int8,int8,int8,1x224x224x3,builtin_cpu,none,none_builtin,,1,1,6,measured,2,317.689000,6.066000,224.666015625,335.46875,85.0,charging,false,0,,,43.2,FLAG_KEEP_SCREEN_ON,no_load_injected_background_apps_unverified,
2026-08-22T12:11:39.832480Z,1.2.0,realme_RMX3760_api35,1.2.0+3,release,efficientnet_b0_full_int8,bf768dda79fe589885aa9c79820a478236c331901a921dec3f8de87c8219a214,efficientnet_b0,full_int8,int8,int8,1x224x224x3,builtin_cpu,none,none_builtin,,1,1,6,measured,3,317.627000,6.066000,223.755859375,334.4921875,85.0,charging,false,0,,,43.2,FLAG_KEEP_SCREEN_ON,no_load_injected_background_apps_unverified,
2026-08-22T12:11:40.174769Z,1.2.0,realme_RMX3760_api35,1.2.0+3,release,efficientnet_b0_full_int8,bf768dda79fe589885aa9c79820a478236c331901a921dec3f8de87c8219a214,efficientnet_b0,full_int8,int8,int8,1x224x224x3,builtin_cpu,none,none_builtin,,1,1,6,measured,4,284.056000,6.066000,227.041015625,337.7578125,85.0,charging,false,0,,,43.2,FLAG_KEEP_SCREEN_ON,no_load_injected_background_apps_unverified,
2026-08-22T12:11:40.560159Z,1.2.0,realme_RMX3760_api35,1.2.0+3,release,efficientnet_b0_full_int8,bf768dda79fe589885aa9c79820a478236c331901a921dec3f8de87c8219a214,efficientnet_b0,full_int8,int8,int8,1x224x224x3,builtin_cpu,none,none_builtin,,1,1,6,measured,5,327.719000,6.066000,225.623046875,336.30859375,85.0,charging,false,0,,,43.2,FLAG_KEEP_SCREEN_ON,no_load_injected_background_apps_unverified,
2026-08-22T12:11:40.930570Z,1.2.0,realme_RMX3760_api35,1.2.0+3,release,efficientnet_b0_full_int8,bf768dda79fe589885aa9c79820a478236c331901a921dec3f8de87c8219a214,efficientnet_b0,full_int8,int8,int8,1x224x224x3,builtin_cpu,none,none_builtin,,1,1,6,measured,6,311.530000,6.066000,225.634765625,336.28515625,85.0,charging,false,0,,,43.2,FLAG_KEEP_SCREEN_ON,no_load_injected_background_apps_unverified,
2026-08-22T12:11:41.292262Z,1.2.0,realme_RMX3760_api35,1.2.0+3,release,efficientnet_b0_full_int8,bf768dda79fe589885aa9c79820a478236c331901a921dec3f8de87c8219a214,efficientnet_b0,full_int8,int8,int8,1x224x224x3,builtin_cpu,none,none_builtin,,1,1,6,measured,7,304.083000,6.066000,225.669921875,336.52734375,85.0,charging,false,0,,,43.2,FLAG_KEEP_SCREEN_ON,no_load_injected_background_apps_unverified,
2026-08-22T12:11:41.774734Z,1.2.0,realme_RMX3760_api35,1.2.0+3,release,efficientnet_b0_full_int8,bf768dda79fe589885aa9c79820a478236c331901a921dec3f8de87c8219a214,efficientnet_b0,full_int8,int8,int8,1x224x224x3,builtin_cpu,none,none_builtin,,1,1,6,measured,8,421.455000,6.066000,226.708984375,337.51171875,85.0,charging,false,0,,,43.2,FLAG_KEEP_SCREEN_ON,no_load_injected_background_apps_unverified,
2026-08-22T12:11:42.143992Z,1.2.0,realme_RMX3760_api35,1.2.0+3,release,efficientnet_b0_full_int8,bf768dda79fe589885aa9c79820a478236c331901a921dec3f8de87c8219a214,efficientnet_b0,full_int8,int8,int8,1x224x224x3,builtin_cpu,none,none_builtin,,1,1,6,measured,9,311.597000,6.066000,225.904296875,336.55859375,85.0,charging,false,0,,,43.2,FLAG_KEEP_SCREEN_ON,no_load_injected_background_apps_unverified,
2026-08-22T12:11:42.520110Z,1.2.0,realme_RMX3760_api35,1.2.0+3,release,efficientnet_b0_full_int8,bf768dda79fe589885aa9c79820a478236c331901a921dec3f8de87c8219a214,efficientnet_b0,full_int8,int8,int8,1x224x224x3,builtin_cpu,none,none_builtin,,1,1,6,measured,10,318.676000,6.066000,225.423828125,336.30859375,85.0,charging,false,0,,,43.2,FLAG_KEEP_SCREEN_ON,no_load_injected_background_apps_unverified,
2026-08-22T12:11:42.891796Z,1.2.0,realme_RMX3760_api35,1.2.0+3,release,efficientnet_b0_full_int8,bf768dda79fe589885aa9c79820a478236c331901a921dec3f8de87c8219a214,efficientnet_b0,full_int8,int8,int8,1x224x224x3,builtin_cpu,none,none_builtin,,1,1,6,measured,11,313.501000,6.066000,225.951171875,336.68359375,85.0,charging,false,0,,,43.2,FLAG_KEEP_SCREEN_ON,no_load_injected_background_apps_unverified,
2026-08-22T12:11:43.271661Z,1.2.0,realme_RMX3760_api35,1.2.0+3,release,efficientnet_b0_full_int8,bf768dda79fe589885aa9c79820a478236c331901a921dec3f8de87c8219a214,efficientnet_b0,full_int8,int8,int8,1x224x224x3,builtin_cpu,none,none_builtin,,1,1,6,measured,12,321.722000,6.066000,225.669921875,336.35546875,85.0,charging,false,0,,,43.2,FLAG_KEEP_SCREEN_ON,no_load_injected_background_apps_unverified,
2026-08-22T12:11:43.643452Z,1.2.0,realme_RMX3760_api35,1.2.0+3,release,efficientnet_b0_full_int8,bf768dda79fe589885aa9c79820a478236c331901a921dec3f8de87c8219a214,efficientnet_b0,full_int8,int8,int8,1x224x224x3,builtin_cpu,none,none_builtin,,1,1,6,measured,13,313.876000,6.066000,225.587890625,336.28125,85.0,charging,false,0,,,43.2,FLAG_KEEP_SCREEN_ON,no_load_injected_background_apps_unverified,
2026-08-22T12:11:43.985940Z,1.2.0,realme_RMX3760_api35,1.2.0+3,release,efficientnet_b0_full_int8,bf768dda79fe589885aa9c79820a478236c331901a921dec3f8de87c8219a214,efficientnet_b0,full_int8,int8,int8,1x224x224x3,builtin_cpu,none,none_builtin,,1,1,6,measured,14,285.751000,6.066000,224.177734375,334.859375,85.0,charging,false,0,,,43.2,FLAG_KEEP_SCREEN_ON,no_load_injected_background_apps_unverified,
2026-08-22T12:11:44.358371Z,1.2.0,realme_RMX3760_api35,1.2.0+3,release,efficientnet_b0_full_int8,bf768dda79fe589885aa9c79820a478236c331901a921dec3f8de87c8219a214,efficientnet_b0,full_int8,int8,int8,1x224x224x3,builtin_cpu,none,none_builtin,,1,1,6,measured,15,313.529000,6.066000,225.787109375,336.62890625,85.0,charging,false,0,,,43.2,FLAG_KEEP_SCREEN_ON,no_load_injected_background_apps_unverified,
2026-08-22T12:11:44.719541Z,1.2.0,realme_RMX3760_api35,1.2.0+3,release,efficientnet_b0_full_int8,bf768dda79fe589885aa9c79820a478236c331901a921dec3f8de87c8219a214,efficientnet_b0,full_int8,int8,int8,1x224x224x3,builtin_cpu,none,none_builtin,,1,1,6,measured,16,302.661000,6.066000,226.810546875,337.6328125,85.0,charging,false,0,,,43.2,FLAG_KEEP_SCREEN_ON,no_load_injected_background_apps_unverified,
2026-08-22T12:11:45.092226Z,1.2.0,realme_RMX3760_api35,1.2.0+3,release,efficientnet_b0_full_int8,bf768dda79fe589885aa9c79820a478236c331901a921dec3f8de87c8219a214,efficientnet_b0,full_int8,int8,int8,1x224x224x3,builtin_cpu,none,none_builtin,,1,1,6,measured,17,314.560000,6.066000,224.826171875,335.703125,85.0,charging,false,0,,,43.2,FLAG_KEEP_SCREEN_ON,no_load_injected_background_apps_unverified,
2026-08-22T12:11:45.459381Z,1.2.0,realme_RMX3760_api35,1.2.0+3,release,efficientnet_b0_full_int8,bf768dda79fe589885aa9c79820a478236c331901a921dec3f8de87c8219a214,efficientnet_b0,full_int8,int8,int8,1x224x224x3,builtin_cpu,none,none_builtin,,1,1,6,measured,18,308.948000,6.066000,226.857421875,337.69921875,85.0,charging,false,0,,,43.2,FLAG_KEEP_SCREEN_ON,no_load_injected_background_apps_unverified,
2026-08-22T12:11:45.820292Z,1.2.0,realme_RMX3760_api35,1.2.0+3,release,efficientnet_b0_full_int8,bf768dda79fe589885aa9c79820a478236c331901a921dec3f8de87c8219a214,efficientnet_b0,full_int8,int8,int8,1x224x224x3,builtin_cpu,none,none_builtin,,1,1,6,measured,19,302.940000,6.066000,226.556640625,337.25,85.0,charging,false,0,,,43.2,FLAG_KEEP_SCREEN_ON,no_load_injected_background_apps_unverified,
2026-08-22T12:11:46.195329Z,1.2.0,realme_RMX3760_api35,1.2.0+3,release,efficientnet_b0_full_int8,bf768dda79fe589885aa9c79820a478236c331901a921dec3f8de87c8219a214,efficientnet_b0,full_int8,int8,int8,1x224x224x3,builtin_cpu,none,none_builtin,,1,1,6,measured,20,316.081000,6.066000,225.923828125,336.5859375,85.0,charging,false,0,,,43.2,FLAG_KEEP_SCREEN_ON,no_load_injected_background_apps_unverified,
2026-08-22T12:11:46.571109Z,1.2.0,realme_RMX3760_api35,1.2.0+3,release,efficientnet_b0_full_int8,bf768dda79fe589885aa9c79820a478236c331901a921dec3f8de87c8219a214,efficientnet_b0,full_int8,int8,int8,1x224x224x3,builtin_cpu,none,none_builtin,,1,1,6,measured,21,317.355000,6.066000,225.517578125,336.390625,85.0,charging,false,0,,,43.2,FLAG_KEEP_SCREEN_ON,no_load_injected_background_apps_unverified,
2026-08-22T12:11:46.936025Z,1.2.0,realme_RMX3760_api35,1.2.0+3,release,efficientnet_b0_full_int8,bf768dda79fe589885aa9c79820a478236c331901a921dec3f8de87c8219a214,efficientnet_b0,full_int8,int8,int8,1x224x224x3,builtin_cpu,none,none_builtin,,1,1,6,measured,22,306.849000,6.066000,225.544921875,336.3828125,85.0,charging,false,0,,,43.2,FLAG_KEEP_SCREEN_ON,no_load_injected_background_apps_unverified,
2026-08-22T12:11:47.308876Z,1.2.0,realme_RMX3760_api35,1.2.0+3,release,efficientnet_b0_full_int8,bf768dda79fe589885aa9c79820a478236c331901a921dec3f8de87c8219a214,efficientnet_b0,full_int8,int8,int8,1x224x224x3,builtin_cpu,none,none_builtin,,1,1,6,measured,23,315.417000,6.066000,225.587890625,336.46484375,85.0,charging,false,0,,,43.2,FLAG_KEEP_SCREEN_ON,no_load_injected_background_apps_unverified,
2026-08-22T12:11:47.664359Z,1.2.0,realme_RMX3760_api35,1.2.0+3,release,efficientnet_b0_full_int8,bf768dda79fe589885aa9c79820a478236c331901a921dec3f8de87c8219a214,efficientnet_b0,full_int8,int8,int8,1x224x224x3,builtin_cpu,none,none_builtin,,1,1,6,measured,24,297.657000,6.066000,227.115234375,337.96875,85.0,charging,false,0,,,43.2,FLAG_KEEP_SCREEN_ON,no_load_injected_background_apps_unverified,
2026-08-22T12:11:48.036008Z,1.2.0,realme_RMX3760_api35,1.2.0+3,release,efficientnet_b0_full_int8,bf768dda79fe589885aa9c79820a478236c331901a921dec3f8de87c8219a214,efficientnet_b0,full_int8,int8,int8,1x224x224x3,builtin_cpu,none,none_builtin,,1,1,6,measured,25,313.692000,6.066000,225.783203125,336.4609375,85.0,charging,false,0,,,43.2,FLAG_KEEP_SCREEN_ON,no_load_injected_background_apps_unverified,
2026-08-22T12:11:48.380958Z,1.2.0,realme_RMX3760_api35,1.2.0+3,release,efficientnet_b0_full_int8,bf768dda79fe589885aa9c79820a478236c331901a921dec3f8de87c8219a214,efficientnet_b0,full_int8,int8,int8,1x224x224x3,builtin_cpu,none,none_builtin,,1,1,6,measured,26,287.477000,6.066000,228.572265625,339.2265625,85.0,charging,false,0,,,43.2,FLAG_KEEP_SCREEN_ON,no_load_injected_background_apps_unverified,
2026-08-22T12:11:48.764934Z,1.2.0,realme_RMX3760_api35,1.2.0+3,release,efficientnet_b0_full_int8,bf768dda79fe589885aa9c79820a478236c331901a921dec3f8de87c8219a214,efficientnet_b0,full_int8,int8,int8,1x224x224x3,builtin_cpu,none,none_builtin,,1,1,6,measured,27,326.457000,6.066000,225.998046875,336.77734375,85.0,charging,false,0,,,43.2,FLAG_KEEP_SCREEN_ON,no_load_injected_background_apps_unverified,
2026-08-22T12:11:49.135753Z,1.2.0,realme_RMX3760_api35,1.2.0+3,release,efficientnet_b0_full_int8,bf768dda79fe589885aa9c79820a478236c331901a921dec3f8de87c8219a214,efficientnet_b0,full_int8,int8,int8,1x224x224x3,builtin_cpu,none,none_builtin,,1,1,6,measured,28,311.852000,6.066000,226.548828125,337.3046875,85.0,charging,false,0,,,43.2,FLAG_KEEP_SCREEN_ON,no_load_injected_background_apps_unverified,
2026-08-22T12:11:49.539028Z,1.2.0,realme_RMX3760_api35,1.2.0+3,release,efficientnet_b0_full_int8,bf768dda79fe589885aa9c79820a478236c331901a921dec3f8de87c8219a214,efficientnet_b0,full_int8,int8,int8,1x224x224x3,builtin_cpu,none,none_builtin,,1,1,6,measured,29,344.601000,6.066000,226.775390625,337.64453125,85.0,charging,false,0,,,43.2,FLAG_KEEP_SCREEN_ON,no_load_injected_background_apps_unverified,
2026-08-22T12:11:49.900064Z,1.2.0,realme_RMX3760_api35,1.2.0+3,release,efficientnet_b0_full_int8,bf768dda79fe589885aa9c79820a478236c331901a921dec3f8de87c8219a214,efficientnet_b0,full_int8,int8,int8,1x224x224x3,builtin_cpu,none,none_builtin,,1,1,6,measured,30,303.012000,6.066000,224.720703125,335.59765625,85.0,charging,false,0,,,43.2,FLAG_KEEP_SCREEN_ON,no_load_injected_background_apps_unverified,
2026-08-22T12:11:50.247743Z,1.2.0,realme_RMX3760_api35,1.2.0+3,release,efficientnet_b0_full_int8,bf768dda79fe589885aa9c79820a478236c331901a921dec3f8de87c8219a214,efficientnet_b0,full_int8,int8,int8,1x224x224x3,builtin_cpu,none,none_builtin,,1,1,6,measured,31,289.133000,6.066000,224.572265625,335.33203125,85.0,charging,false,0,,,43.2,FLAG_KEEP_SCREEN_ON,no_load_injected_background_apps_unverified,
2026-08-22T12:11:50.591673Z,1.2.0,realme_RMX3760_api35,1.2.0+3,release,efficientnet_b0_full_int8,bf768dda79fe589885aa9c79820a478236c331901a921dec3f8de87c8219a214,efficientnet_b0,full_int8,int8,int8,1x224x224x3,builtin_cpu,none,none_builtin,,1,1,6,measured,32,285.902000,6.066000,227.357421875,338.09765625,85.0,charging,false,0,,,43.2,FLAG_KEEP_SCREEN_ON,no_load_injected_background_apps_unverified,
2026-08-22T12:11:50.983527Z,1.2.0,realme_RMX3760_api35,1.2.0+3,release,efficientnet_b0_full_int8,bf768dda79fe589885aa9c79820a478236c331901a921dec3f8de87c8219a214,efficientnet_b0,full_int8,int8,int8,1x224x224x3,builtin_cpu,none,none_builtin,,1,1,6,measured,33,333.413000,6.066000,225.912109375,336.52734375,85.0,charging,false,0,,,43.2,FLAG_KEEP_SCREEN_ON,no_load_injected_background_apps_unverified,
2026-08-22T12:11:51.354800Z,1.2.0,realme_RMX3760_api35,1.2.0+3,release,efficientnet_b0_full_int8,bf768dda79fe589885aa9c79820a478236c331901a921dec3f8de87c8219a214,efficientnet_b0,full_int8,int8,int8,1x224x224x3,builtin_cpu,none,none_builtin,,1,1,6,measured,34,312.580000,6.066000,225.580078125,336.33203125,85.0,charging,false,0,,,43.2,FLAG_KEEP_SCREEN_ON,no_load_injected_background_apps_unverified,
2026-08-22T12:11:51.711028Z,1.2.0,realme_RMX3760_api35,1.2.0+3,release,efficientnet_b0_full_int8,bf768dda79fe589885aa9c79820a478236c331901a921dec3f8de87c8219a214,efficientnet_b0,full_int8,int8,int8,1x224x224x3,builtin_cpu,none,none_builtin,,1,1,6,measured,35,297.782000,6.066000,226.095703125,336.9765625,85.0,charging,false,0,,,43.2,FLAG_KEEP_SCREEN_ON,no_load_injected_background_apps_unverified,
2026-08-22T12:11:52.092114Z,1.2.0,realme_RMX3760_api35,1.2.0+3,release,efficientnet_b0_full_int8,bf768dda79fe589885aa9c79820a478236c331901a921dec3f8de87c8219a214,efficientnet_b0,full_int8,int8,int8,1x224x224x3,builtin_cpu,none,none_builtin,,1,1,6,measured,36,322.622000,6.066000,226.208984375,336.9140625,85.0,charging,false,0,,,43.2,FLAG_KEEP_SCREEN_ON,no_load_injected_background_apps_unverified,
2026-08-22T12:11:52.460487Z,1.2.0,realme_RMX3760_api35,1.2.0+3,release,efficientnet_b0_full_int8,bf768dda79fe589885aa9c79820a478236c331901a921dec3f8de87c8219a214,efficientnet_b0,full_int8,int8,int8,1x224x224x3,builtin_cpu,none,none_builtin,,1,1,6,measured,37,310.740000,6.066000,226.376953125,336.98828125,85.0,charging,false,0,,,43.2,FLAG_KEEP_SCREEN_ON,no_load_injected_background_apps_unverified,
2026-08-22T12:11:52.835387Z,1.2.0,realme_RMX3760_api35,1.2.0+3,release,efficientnet_b0_full_int8,bf768dda79fe589885aa9c79820a478236c331901a921dec3f8de87c8219a214,efficientnet_b0,full_int8,int8,int8,1x224x224x3,builtin_cpu,none,none_builtin,,1,1,6,measured,38,316.596000,6.066000,225.900390625,336.5625,85.0,charging,false,0,,,43.2,FLAG_KEEP_SCREEN_ON,no_load_injected_background_apps_unverified,
2026-08-22T12:11:53.206654Z,1.2.0,realme_RMX3760_api35,1.2.0+3,release,efficientnet_b0_full_int8,bf768dda79fe589885aa9c79820a478236c331901a921dec3f8de87c8219a214,efficientnet_b0,full_int8,int8,int8,1x224x224x3,builtin_cpu,none,none_builtin,,1,1,6,measured,39,312.046000,6.066000,225.673828125,336.3828125,85.0,charging,false,0,,,43.2,FLAG_KEEP_SCREEN_ON,no_load_injected_background_apps_unverified,
2026-08-22T12:11:53.554347Z,1.2.0,realme_RMX3760_api35,1.2.0+3,release,efficientnet_b0_full_int8,bf768dda79fe589885aa9c79820a478236c331901a921dec3f8de87c8219a214,efficientnet_b0,full_int8,int8,int8,1x224x224x3,builtin_cpu,none,none_builtin,,1,1,6,measured,40,290.834000,6.066000,226.189453125,336.796875,85.0,charging,false,0,,,43.2,FLAG_KEEP_SCREEN_ON,no_load_injected_background_apps_unverified,
2026-08-22T12:11:53.926740Z,1.2.0,realme_RMX3760_api35,1.2.0+3,release,efficientnet_b0_full_int8,bf768dda79fe589885aa9c79820a478236c331901a921dec3f8de87c8219a214,efficientnet_b0,full_int8,int8,int8,1x224x224x3,builtin_cpu,none,none_builtin,,1,1,6,measured,41,313.287000,6.066000,226.611328125,337.46875,85.0,charging,false,0,,,43.2,FLAG_KEEP_SCREEN_ON,no_load_injected_background_apps_unverified,
2026-08-22T12:11:54.290266Z,1.2.0,realme_RMX3760_api35,1.2.0+3,release,efficientnet_b0_full_int8,bf768dda79fe589885aa9c79820a478236c331901a921dec3f8de87c8219a214,efficientnet_b0,full_int8,int8,int8,1x224x224x3,builtin_cpu,none,none_builtin,,1,1,6,measured,42,306.129000,6.066000,226.705078125,337.5078125,85.0,charging,false,0,,,43.2,FLAG_KEEP_SCREEN_ON,no_load_injected_background_apps_unverified,
2026-08-22T12:11:54.657118Z,1.2.0,realme_RMX3760_api35,1.2.0+3,release,efficientnet_b0_full_int8,bf768dda79fe589885aa9c79820a478236c331901a921dec3f8de87c8219a214,efficientnet_b0,full_int8,int8,int8,1x224x224x3,builtin_cpu,none,none_builtin,,1,1,6,measured,43,309.163000,6.066000,226.017578125,336.83984375,85.0,charging,false,0,,,43.3,FLAG_KEEP_SCREEN_ON,no_load_injected_background_apps_unverified,
2026-08-22T12:11:55.035057Z,1.2.0,realme_RMX3760_api35,1.2.0+3,release,efficientnet_b0_full_int8,bf768dda79fe589885aa9c79820a478236c331901a921dec3f8de87c8219a214,efficientnet_b0,full_int8,int8,int8,1x224x224x3,builtin_cpu,none,none_builtin,,1,1,6,measured,44,318.218000,6.066000,226.556640625,337.33203125,85.0,charging,false,0,,,43.3,FLAG_KEEP_SCREEN_ON,no_load_injected_background_apps_unverified,
2026-08-22T12:11:55.420661Z,1.2.0,realme_RMX3760_api35,1.2.0+3,release,efficientnet_b0_full_int8,bf768dda79fe589885aa9c79820a478236c331901a921dec3f8de87c8219a214,efficientnet_b0,full_int8,int8,int8,1x224x224x3,builtin_cpu,none,none_builtin,,1,1,6,measured,45,328.059000,6.066000,226.083984375,336.9375,85.0,charging,false,0,,,43.3,FLAG_KEEP_SCREEN_ON,no_load_injected_background_apps_unverified,
2026-08-22T12:11:55.791387Z,1.2.0,realme_RMX3760_api35,1.2.0+3,release,efficientnet_b0_full_int8,bf768dda79fe589885aa9c79820a478236c331901a921dec3f8de87c8219a214,efficientnet_b0,full_int8,int8,int8,1x224x224x3,builtin_cpu,none,none_builtin,,1,1,6,measured,46,312.352000,6.066000,226.603515625,337.453125,85.0,charging,false,0,,,43.3,FLAG_KEEP_SCREEN_ON,no_load_injected_background_apps_unverified,
2026-08-22T12:11:56.143330Z,1.2.0,realme_RMX3760_api35,1.2.0+3,release,efficientnet_b0_full_int8,bf768dda79fe589885aa9c79820a478236c331901a921dec3f8de87c8219a214,efficientnet_b0,full_int8,int8,int8,1x224x224x3,builtin_cpu,none,none_builtin,,1,1,6,measured,47,293.345000,6.066000,224.791015625,335.5703125,85.0,charging,false,0,,,43.3,FLAG_KEEP_SCREEN_ON,no_load_injected_background_apps_unverified,
2026-08-22T12:11:56.511017Z,1.2.0,realme_RMX3760_api35,1.2.0+3,release,efficientnet_b0_full_int8,bf768dda79fe589885aa9c79820a478236c331901a921dec3f8de87c8219a214,efficientnet_b0,full_int8,int8,int8,1x224x224x3,builtin_cpu,none,none_builtin,,1,1,6,measured,48,308.962000,6.066000,227.818359375,338.578125,85.0,charging,false,0,,,43.3,FLAG_KEEP_SCREEN_ON,no_load_injected_background_apps_unverified,
2026-08-22T12:11:56.875197Z,1.2.0,realme_RMX3760_api35,1.2.0+3,release,efficientnet_b0_full_int8,bf768dda79fe589885aa9c79820a478236c331901a921dec3f8de87c8219a214,efficientnet_b0,full_int8,int8,int8,1x224x224x3,builtin_cpu,none,none_builtin,,1,1,6,measured,49,305.441000,6.066000,226.318359375,337.09375,85.0,charging,false,0,,,43.3,FLAG_KEEP_SCREEN_ON,no_load_injected_background_apps_unverified,
2026-08-22T12:11:57.231529Z,1.2.0,realme_RMX3760_api35,1.2.0+3,release,efficientnet_b0_full_int8,bf768dda79fe589885aa9c79820a478236c331901a921dec3f8de87c8219a214,efficientnet_b0,full_int8,int8,int8,1x224x224x3,builtin_cpu,none,none_builtin,,1,1,6,measured,50,297.493000,6.066000,227.044921875,337.83984375,85.0,charging,false,0,,,43.3,FLAG_KEEP_SCREEN_ON,no_load_injected_background_apps_unverified,
2026-08-22T12:11:57.612230Z,1.2.0,realme_RMX3760_api35,1.2.0+3,release,efficientnet_b0_full_int8,bf768dda79fe589885aa9c79820a478236c331901a921dec3f8de87c8219a214,efficientnet_b0,full_int8,int8,int8,1x224x224x3,builtin_cpu,none,none_builtin,,1,1,6,measured,51,323.295000,6.066000,226.732421875,337.5625,85.0,charging,false,0,,,43.3,FLAG_KEEP_SCREEN_ON,no_load_injected_background_apps_unverified,
2026-08-22T12:11:57.980713Z,1.2.0,realme_RMX3760_api35,1.2.0+3,release,efficientnet_b0_full_int8,bf768dda79fe589885aa9c79820a478236c331901a921dec3f8de87c8219a214,efficientnet_b0,full_int8,int8,int8,1x224x224x3,builtin_cpu,none,none_builtin,,1,1,6,measured,52,310.724000,6.066000,226.751953125,337.5546875,85.0,charging,false,0,,,43.3,FLAG_KEEP_SCREEN_ON,no_load_injected_background_apps_unverified,
2026-08-22T12:11:58.348641Z,1.2.0,realme_RMX3760_api35,1.2.0+3,release,efficientnet_b0_full_int8,bf768dda79fe589885aa9c79820a478236c331901a921dec3f8de87c8219a214,efficientnet_b0,full_int8,int8,int8,1x224x224x3,builtin_cpu,none,none_builtin,,1,1,6,measured,53,310.275000,6.066000,227.291015625,338.125,85.0,charging,false,0,,,43.3,FLAG_KEEP_SCREEN_ON,no_load_injected_background_apps_unverified,
2026-08-22T12:11:58.716716Z,1.2.0,realme_RMX3760_api35,1.2.0+3,release,efficientnet_b0_full_int8,bf768dda79fe589885aa9c79820a478236c331901a921dec3f8de87c8219a214,efficientnet_b0,full_int8,int8,int8,1x224x224x3,builtin_cpu,none,none_builtin,,1,1,6,measured,54,310.501000,6.066000,227.365234375,338.1796875,85.0,charging,false,0,,,43.3,FLAG_KEEP_SCREEN_ON,no_load_injected_background_apps_unverified,
2026-08-22T12:11:59.149201Z,1.2.0,realme_RMX3760_api35,1.2.0+3,release,efficientnet_b0_full_int8,bf768dda79fe589885aa9c79820a478236c331901a921dec3f8de87c8219a214,efficientnet_b0,full_int8,int8,int8,1x224x224x3,builtin_cpu,none,none_builtin,,1,1,6,measured,55,338.464000,6.066000,226.837890625,337.578125,85.0,charging,false,0,,,43.3,FLAG_KEEP_SCREEN_ON,no_load_injected_background_apps_unverified,
2026-08-22T12:11:59.528628Z,1.2.0,realme_RMX3760_api35,1.2.0+3,release,efficientnet_b0_full_int8,bf768dda79fe589885aa9c79820a478236c331901a921dec3f8de87c8219a214,efficientnet_b0,full_int8,int8,int8,1x224x224x3,builtin_cpu,none,none_builtin,,1,1,6,measured,56,321.210000,6.066000,226.783203125,337.34375,85.0,charging,false,0,,,43.3,FLAG_KEEP_SCREEN_ON,no_load_injected_background_apps_unverified,
2026-08-22T12:11:59.900626Z,1.2.0,realme_RMX3760_api35,1.2.0+3,release,efficientnet_b0_full_int8,bf768dda79fe589885aa9c79820a478236c331901a921dec3f8de87c8219a214,efficientnet_b0,full_int8,int8,int8,1x224x224x3,builtin_cpu,none,none_builtin,,1,1,6,measured,57,314.384000,6.066000,227.298828125,338.0625,85.0,charging,false,0,,,43.3,FLAG_KEEP_SCREEN_ON,no_load_injected_background_apps_unverified,
2026-08-22T12:12:00.262590Z,1.2.0,realme_RMX3760_api35,1.2.0+3,release,efficientnet_b0_full_int8,bf768dda79fe589885aa9c79820a478236c331901a921dec3f8de87c8219a214,efficientnet_b0,full_int8,int8,int8,1x224x224x3,builtin_cpu,none,none_builtin,,1,1,6,measured,58,303.540000,6.066000,226.478515625,337.1875,85.0,charging,false,0,,,43.3,FLAG_KEEP_SCREEN_ON,no_load_injected_background_apps_unverified,
2026-08-22T12:12:00.632025Z,1.2.0,realme_RMX3760_api35,1.2.0+3,release,efficientnet_b0_full_int8,bf768dda79fe589885aa9c79820a478236c331901a921dec3f8de87c8219a214,efficientnet_b0,full_int8,int8,int8,1x224x224x3,builtin_cpu,none,none_builtin,,1,1,6,measured,59,311.148000,6.066000,228.013671875,338.6953125,85.0,charging,false,0,,,43.3,FLAG_KEEP_SCREEN_ON,no_load_injected_background_apps_unverified,
2026-08-22T12:12:01.003825Z,1.2.0,realme_RMX3760_api35,1.2.0+3,release,efficientnet_b0_full_int8,bf768dda79fe589885aa9c79820a478236c331901a921dec3f8de87c8219a214,efficientnet_b0,full_int8,int8,int8,1x224x224x3,builtin_cpu,none,none_builtin,,1,1,6,measured,60,313.861000,6.066000,226.611328125,337.23828125,85.0,charging,false,0,,,43.3,FLAG_KEEP_SCREEN_ON,no_load_injected_background_apps_unverified,
2026-08-22T12:12:01.371775Z,1.2.0,realme_RMX3760_api35,1.2.0+3,release,efficientnet_b0_full_int8,bf768dda79fe589885aa9c79820a478236c331901a921dec3f8de87c8219a214,efficientnet_b0,full_int8,int8,int8,1x224x224x3,builtin_cpu,none,none_builtin,,1,1,6,measured,61,309.694000,6.066000,228.119140625,338.8671875,85.0,charging,false,0,,,43.3,FLAG_KEEP_SCREEN_ON,no_load_injected_background_apps_unverified,
2026-08-22T12:12:01.732991Z,1.2.0,realme_RMX3760_api35,1.2.0+3,release,efficientnet_b0_full_int8,bf768dda79fe589885aa9c79820a478236c331901a921dec3f8de87c8219a214,efficientnet_b0,full_int8,int8,int8,1x224x224x3,builtin_cpu,none,none_builtin,,1,1,6,measured,62,303.576000,6.066000,228.142578125,338.96484375,85.0,charging,false,0,,,43.3,FLAG_KEEP_SCREEN_ON,no_load_injected_background_apps_unverified,
2026-08-22T12:12:02.108954Z,1.2.0,realme_RMX3760_api35,1.2.0+3,release,efficientnet_b0_full_int8,bf768dda79fe589885aa9c79820a478236c331901a921dec3f8de87c8219a214,efficientnet_b0,full_int8,int8,int8,1x224x224x3,builtin_cpu,none,none_builtin,,1,1,6,measured,63,318.702000,6.066000,227.169921875,337.96875,85.0,charging,false,0,,,43.3,FLAG_KEEP_SCREEN_ON,no_load_injected_background_apps_unverified,
2026-08-22T12:12:02.491482Z,1.2.0,realme_RMX3760_api35,1.2.0+3,release,efficientnet_b0_full_int8,bf768dda79fe589885aa9c79820a478236c331901a921dec3f8de87c8219a214,efficientnet_b0,full_int8,int8,int8,1x224x224x3,builtin_cpu,none,none_builtin,,1,1,6,measured,64,322.762000,6.066000,226.740234375,337.48046875,85.0,charging,false,0,,,43.3,FLAG_KEEP_SCREEN_ON,no_load_injected_background_apps_unverified,
2026-08-22T12:12:02.851101Z,1.2.0,realme_RMX3760_api35,1.2.0+3,release,efficientnet_b0_full_int8,bf768dda79fe589885aa9c79820a478236c331901a921dec3f8de87c8219a214,efficientnet_b0,full_int8,int8,int8,1x224x224x3,builtin_cpu,none,none_builtin,,1,1,6,measured,65,301.035000,6.066000,226.302734375,337.1015625,85.0,charging,false,0,,,43.3,FLAG_KEEP_SCREEN_ON,no_load_injected_background_apps_unverified,
2026-08-22T12:12:03.212397Z,1.2.0,realme_RMX3760_api35,1.2.0+3,release,efficientnet_b0_full_int8,bf768dda79fe589885aa9c79820a478236c331901a921dec3f8de87c8219a214,efficientnet_b0,full_int8,int8,int8,1x224x224x3,builtin_cpu,none,none_builtin,,1,1,6,measured,66,303.530000,6.066000,227.341796875,338.20703125,85.0,charging,false,0,,,43.3,FLAG_KEEP_SCREEN_ON,no_load_injected_background_apps_unverified,
2026-08-22T12:12:03.579518Z,1.2.0,realme_RMX3760_api35,1.2.0+3,release,efficientnet_b0_full_int8,bf768dda79fe589885aa9c79820a478236c331901a921dec3f8de87c8219a214,efficientnet_b0,full_int8,int8,int8,1x224x224x3,builtin_cpu,none,none_builtin,,1,1,6,measured,67,308.913000,6.066000,226.275390625,337.0,85.0,charging,false,0,,,43.3,FLAG_KEEP_SCREEN_ON,no_load_injected_background_apps_unverified,
2026-08-22T12:12:03.952381Z,1.2.0,realme_RMX3760_api35,1.2.0+3,release,efficientnet_b0_full_int8,bf768dda79fe589885aa9c79820a478236c331901a921dec3f8de87c8219a214,efficientnet_b0,full_int8,int8,int8,1x224x224x3,builtin_cpu,none,none_builtin,,1,1,6,measured,68,314.968000,6.066000,227.787109375,338.671875,85.0,charging,false,0,,,43.3,FLAG_KEEP_SCREEN_ON,no_load_injected_background_apps_unverified,
2026-08-22T12:12:04.314874Z,1.2.0,realme_RMX3760_api35,1.2.0+3,release,efficientnet_b0_full_int8,bf768dda79fe589885aa9c79820a478236c331901a921dec3f8de87c8219a214,efficientnet_b0,full_int8,int8,int8,1x224x224x3,builtin_cpu,none,none_builtin,,1,1,6,measured,69,303.460000,6.066000,225.806640625,336.671875,85.0,charging,false,0,,,43.3,FLAG_KEEP_SCREEN_ON,no_load_injected_background_apps_unverified,
2026-08-22T12:12:04.658015Z,1.2.0,realme_RMX3760_api35,1.2.0+3,release,efficientnet_b0_full_int8,bf768dda79fe589885aa9c79820a478236c331901a921dec3f8de87c8219a214,efficientnet_b0,full_int8,int8,int8,1x224x224x3,builtin_cpu,none,none_builtin,,1,1,6,measured,70,285.975000,6.066000,225.830078125,336.67578125,85.0,charging,false,0,,,43.3,FLAG_KEEP_SCREEN_ON,no_load_injected_background_apps_unverified,
2026-08-22T12:12:05.028175Z,1.2.0,realme_RMX3760_api35,1.2.0+3,release,efficientnet_b0_full_int8,bf768dda79fe589885aa9c79820a478236c331901a921dec3f8de87c8219a214,efficientnet_b0,full_int8,int8,int8,1x224x224x3,builtin_cpu,none,none_builtin,,1,1,6,measured,71,312.595000,6.066000,227.365234375,338.21484375,85.0,charging,false,0,,,43.3,FLAG_KEEP_SCREEN_ON,no_load_injected_background_apps_unverified,
2026-08-22T12:12:05.404032Z,1.2.0,realme_RMX3760_api35,1.2.0+3,release,efficientnet_b0_full_int8,bf768dda79fe589885aa9c79820a478236c331901a921dec3f8de87c8219a214,efficientnet_b0,full_int8,int8,int8,1x224x224x3,builtin_cpu,none,none_builtin,,1,1,6,measured,72,318.028000,6.066000,226.662109375,337.4921875,85.0,charging,false,0,,,43.3,FLAG_KEEP_SCREEN_ON,no_load_injected_background_apps_unverified,
2026-08-22T12:12:05.762964Z,1.2.0,realme_RMX3760_api35,1.2.0+3,release,efficientnet_b0_full_int8,bf768dda79fe589885aa9c79820a478236c331901a921dec3f8de87c8219a214,efficientnet_b0,full_int8,int8,int8,1x224x224x3,builtin_cpu,none,none_builtin,,1,1,6,measured,73,300.292000,6.066000,227.193359375,337.78125,85.0,charging,false,0,,,43.3,FLAG_KEEP_SCREEN_ON,no_load_injected_background_apps_unverified,
2026-08-22T12:12:06.135012Z,1.2.0,realme_RMX3760_api35,1.2.0+3,release,efficientnet_b0_full_int8,bf768dda79fe589885aa9c79820a478236c331901a921dec3f8de87c8219a214,efficientnet_b0,full_int8,int8,int8,1x224x224x3,builtin_cpu,none,none_builtin,,1,1,6,measured,74,313.277000,6.066000,227.212890625,337.78125,85.0,charging,false,0,,,43.3,FLAG_KEEP_SCREEN_ON,no_load_injected_background_apps_unverified,
2026-08-22T12:12:06.514910Z,1.2.0,realme_RMX3760_api35,1.2.0+3,release,efficientnet_b0_full_int8,bf768dda79fe589885aa9c79820a478236c331901a921dec3f8de87c8219a214,efficientnet_b0,full_int8,int8,int8,1x224x224x3,builtin_cpu,none,none_builtin,,1,1,6,measured,75,321.315000,6.066000,227.236328125,337.9921875,85.0,charging,false,0,,,43.3,FLAG_KEEP_SCREEN_ON,no_load_injected_background_apps_unverified,
2026-08-22T12:12:06.875417Z,1.2.0,realme_RMX3760_api35,1.2.0+3,release,efficientnet_b0_full_int8,bf768dda79fe589885aa9c79820a478236c331901a921dec3f8de87c8219a214,efficientnet_b0,full_int8,int8,int8,1x224x224x3,builtin_cpu,none,none_builtin,,1,1,6,measured,76,302.335000,6.066000,227.763671875,338.5,85.0,charging,false,0,,,43.3,FLAG_KEEP_SCREEN_ON,no_load_injected_background_apps_unverified,
2026-08-22T12:12:07.247550Z,1.2.0,realme_RMX3760_api35,1.2.0+3,release,efficientnet_b0_full_int8,bf768dda79fe589885aa9c79820a478236c331901a921dec3f8de87c8219a214,efficientnet_b0,full_int8,int8,int8,1x224x224x3,builtin_cpu,none,none_builtin,,1,1,6,measured,77,314.418000,6.066000,226.822265625,337.53125,85.0,charging,false,0,,,43.3,FLAG_KEEP_SCREEN_ON,no_load_injected_background_apps_unverified,
2026-08-22T12:12:07.607067Z,1.2.0,realme_RMX3760_api35,1.2.0+3,release,efficientnet_b0_full_int8,bf768dda79fe589885aa9c79820a478236c331901a921dec3f8de87c8219a214,efficientnet_b0,full_int8,int8,int8,1x224x224x3,builtin_cpu,none,none_builtin,,1,1,6,measured,78,300.898000,6.066000,226.361328125,337.046875,85.0,charging,false,0,,,43.3,FLAG_KEEP_SCREEN_ON,no_load_injected_background_apps_unverified,
2026-08-22T12:12:07.983854Z,1.2.0,realme_RMX3760_api35,1.2.0+3,release,efficientnet_b0_full_int8,bf768dda79fe589885aa9c79820a478236c331901a921dec3f8de87c8219a214,efficientnet_b0,full_int8,int8,int8,1x224x224x3,builtin_cpu,none,none_builtin,,1,1,6,measured,79,317.792000,6.066000,227.412109375,338.2734375,85.0,charging,false,0,,,43.3,FLAG_KEEP_SCREEN_ON,no_load_injected_background_apps_unverified,
2026-08-22T12:12:08.336390Z,1.2.0,realme_RMX3760_api35,1.2.0+3,release,efficientnet_b0_full_int8,bf768dda79fe589885aa9c79820a478236c331901a921dec3f8de87c8219a214,efficientnet_b0,full_int8,int8,int8,1x224x224x3,builtin_cpu,none,none_builtin,,1,1,6,measured,80,294.752000,6.066000,227.435546875,338.2734375,85.0,charging,false,0,,,43.3,FLAG_KEEP_SCREEN_ON,no_load_injected_background_apps_unverified,
2026-08-22T12:12:08.707503Z,1.2.0,realme_RMX3760_api35,1.2.0+3,release,efficientnet_b0_full_int8,bf768dda79fe589885aa9c79820a478236c331901a921dec3f8de87c8219a214,efficientnet_b0,full_int8,int8,int8,1x224x224x3,builtin_cpu,none,none_builtin,,1,1,6,measured,81,312.565000,6.066000,227.416015625,338.2265625,85.0,charging,false,0,,,43.3,FLAG_KEEP_SCREEN_ON,no_load_injected_background_apps_unverified,
2026-08-22T12:12:09.070951Z,1.2.0,realme_RMX3760_api35,1.2.0+3,release,efficientnet_b0_full_int8,bf768dda79fe589885aa9c79820a478236c331901a921dec3f8de87c8219a214,efficientnet_b0,full_int8,int8,int8,1x224x224x3,builtin_cpu,none,none_builtin,,1,1,6,measured,82,304.883000,6.066000,227.947265625,338.82421875,85.0,charging,false,0,,,43.3,FLAG_KEEP_SCREEN_ON,no_load_injected_background_apps_unverified,
2026-08-22T12:12:09.451155Z,1.2.0,realme_RMX3760_api35,1.2.0+3,release,efficientnet_b0_full_int8,bf768dda79fe589885aa9c79820a478236c331901a921dec3f8de87c8219a214,efficientnet_b0,full_int8,int8,int8,1x224x224x3,builtin_cpu,none,none_builtin,,1,1,6,measured,83,318.014000,6.066000,226.404296875,337.234375,85.0,charging,false,0,,,43.3,FLAG_KEEP_SCREEN_ON,no_load_injected_background_apps_unverified,
2026-08-22T12:12:09.803516Z,1.2.0,realme_RMX3760_api35,1.2.0+3,release,efficientnet_b0_full_int8,bf768dda79fe589885aa9c79820a478236c331901a921dec3f8de87c8219a214,efficientnet_b0,full_int8,int8,int8,1x224x224x3,builtin_cpu,none,none_builtin,,1,1,6,measured,84,294.575000,6.066000,227.529296875,338.09765625,85.0,charging,false,0,,,43.3,FLAG_KEEP_SCREEN_ON,no_load_injected_background_apps_unverified,
2026-08-22T12:12:10.176639Z,1.2.0,realme_RMX3760_api35,1.2.0+3,release,efficientnet_b0_full_int8,bf768dda79fe589885aa9c79820a478236c331901a921dec3f8de87c8219a214,efficientnet_b0,full_int8,int8,int8,1x224x224x3,builtin_cpu,none,none_builtin,,1,1,6,measured,85,315.507000,6.066000,227.552734375,338.30859375,85.0,charging,false,0,,,43.3,FLAG_KEEP_SCREEN_ON,no_load_injected_background_apps_unverified,
2026-08-22T12:12:10.540620Z,1.2.0,realme_RMX3760_api35,1.2.0+3,release,efficientnet_b0_full_int8,bf768dda79fe589885aa9c79820a478236c331901a921dec3f8de87c8219a214,efficientnet_b0,full_int8,int8,int8,1x224x224x3,builtin_cpu,none,none_builtin,,1,1,6,measured,86,306.331000,6.066000,226.068359375,336.9453125,85.0,charging,false,0,,,43.3,FLAG_KEEP_SCREEN_ON,no_load_injected_background_apps_unverified,
2026-08-22T12:12:10.897229Z,1.2.0,realme_RMX3760_api35,1.2.0+3,release,efficientnet_b0_full_int8,bf768dda79fe589885aa9c79820a478236c331901a921dec3f8de87c8219a214,efficientnet_b0,full_int8,int8,int8,1x224x224x3,builtin_cpu,none,none_builtin,,1,1,6,measured,87,299.119000,6.066000,228.6259765625,339.4375,85.0,charging,false,0,,,43.3,FLAG_KEEP_SCREEN_ON,no_load_injected_background_apps_unverified,
2026-08-22T12:12:11.259938Z,1.2.0,realme_RMX3760_api35,1.2.0+3,release,efficientnet_b0_full_int8,bf768dda79fe589885aa9c79820a478236c331901a921dec3f8de87c8219a214,efficientnet_b0,full_int8,int8,int8,1x224x224x3,builtin_cpu,none,none_builtin,,1,1,6,measured,88,304.768000,6.066000,229.1455078125,339.9375,85.0,charging,false,0,,,43.3,FLAG_KEEP_SCREEN_ON,no_load_injected_background_apps_unverified,
2026-08-22T12:12:11.624364Z,1.2.0,realme_RMX3760_api35,1.2.0+3,release,efficientnet_b0_full_int8,bf768dda79fe589885aa9c79820a478236c331901a921dec3f8de87c8219a214,efficientnet_b0,full_int8,int8,int8,1x224x224x3,builtin_cpu,none,none_builtin,,1,1,6,measured,89,307.105000,6.066000,228.5634765625,339.32421875,85.0,charging,false,0,,,43.3,FLAG_KEEP_SCREEN_ON,no_load_injected_background_apps_unverified,
2026-08-22T12:12:11.979648Z,1.2.0,realme_RMX3760_api35,1.2.0+3,release,efficientnet_b0_full_int8,bf768dda79fe589885aa9c79820a478236c331901a921dec3f8de87c8219a214,efficientnet_b0,full_int8,int8,int8,1x224x224x3,builtin_cpu,none,none_builtin,,1,1,6,measured,90,297.391000,6.066000,229.2001953125,339.8671875,85.0,charging,false,0,,,43.3,FLAG_KEEP_SCREEN_ON,no_load_injected_background_apps_unverified,
2026-08-22T12:12:12.351785Z,1.2.0,realme_RMX3760_api35,1.2.0+3,release,efficientnet_b0_full_int8,bf768dda79fe589885aa9c79820a478236c331901a921dec3f8de87c8219a214,efficientnet_b0,full_int8,int8,int8,1x224x224x3,builtin_cpu,none,none_builtin,,1,1,6,measured,91,314.117000,6.066000,228.2197265625,338.93359375,85.0,charging,false,0,,,43.3,FLAG_KEEP_SCREEN_ON,no_load_injected_background_apps_unverified,
2026-08-22T12:12:12.715149Z,1.2.0,realme_RMX3760_api35,1.2.0+3,release,efficientnet_b0_full_int8,bf768dda79fe589885aa9c79820a478236c331901a921dec3f8de87c8219a214,efficientnet_b0,full_int8,int8,int8,1x224x224x3,builtin_cpu,none,none_builtin,,1,1,6,measured,92,304.532000,6.066000,227.7392578125,338.5703125,85.0,charging,false,0,,,43.3,FLAG_KEEP_SCREEN_ON,no_load_injected_background_apps_unverified,
2026-08-22T12:12:13.083421Z,1.2.0,realme_RMX3760_api35,1.2.0+3,release,efficientnet_b0_full_int8,bf768dda79fe589885aa9c79820a478236c331901a921dec3f8de87c8219a214,efficientnet_b0,full_int8,int8,int8,1x224x224x3,builtin_cpu,none,none_builtin,,1,1,6,measured,93,310.077000,6.066000,228.2666015625,339.046875,85.0,charging,false,0,,,43.3,FLAG_KEEP_SCREEN_ON,no_load_injected_background_apps_unverified,
2026-08-22T12:12:13.468920Z,1.2.0,realme_RMX3760_api35,1.2.0+3,release,efficientnet_b0_full_int8,bf768dda79fe589885aa9c79820a478236c331901a921dec3f8de87c8219a214,efficientnet_b0,full_int8,int8,int8,1x224x224x3,builtin_cpu,none,none_builtin,,1,1,6,measured,94,324.970000,6.066000,227.2861328125,338.11328125,85.0,charging,false,0,,,43.3,FLAG_KEEP_SCREEN_ON,no_load_injected_background_apps_unverified,
2026-08-22T12:12:13.842789Z,1.2.0,realme_RMX3760_api35,1.2.0+3,release,efficientnet_b0_full_int8,bf768dda79fe589885aa9c79820a478236c331901a921dec3f8de87c8219a214,efficientnet_b0,full_int8,int8,int8,1x224x224x3,builtin_cpu,none,none_builtin,,1,1,6,measured,95,316.539000,6.066000,227.1455078125,337.9609375,85.0,charging,false,0,,,43.3,FLAG_KEEP_SCREEN_ON,no_load_injected_background_apps_unverified,
2026-08-22T12:12:14.231410Z,1.2.0,realme_RMX3760_api35,1.2.0+3,release,efficientnet_b0_full_int8,bf768dda79fe589885aa9c79820a478236c331901a921dec3f8de87c8219a214,efficientnet_b0,full_int8,int8,int8,1x224x224x3,builtin_cpu,none,none_builtin,,1,1,6,measured,96,329.690000,6.066000,227.3486328125,338.37109375,85.0,charging,false,0,,,43.3,FLAG_KEEP_SCREEN_ON,no_load_injected_background_apps_unverified,
2026-08-22T12:12:14.610176Z,1.2.0,realme_RMX3760_api35,1.2.0+3,release,efficientnet_b0_full_int8,bf768dda79fe589885aa9c79820a478236c331901a921dec3f8de87c8219a214,efficientnet_b0,full_int8,int8,int8,1x224x224x3,builtin_cpu,none,none_builtin,,1,1,6,measured,97,320.875000,6.066000,226.6962890625,337.66796875,85.0,charging,false,0,,,43.3,FLAG_KEEP_SCREEN_ON,no_load_injected_background_apps_unverified,
2026-08-22T12:12:14.987998Z,1.2.0,realme_RMX3760_api35,1.2.0+3,release,efficientnet_b0_full_int8,bf768dda79fe589885aa9c79820a478236c331901a921dec3f8de87c8219a214,efficientnet_b0,full_int8,int8,int8,1x224x224x3,builtin_cpu,none,none_builtin,,1,1,6,measured,98,318.072000,6.066000,228.5361328125,339.2421875,85.0,charging,false,0,,,43.3,FLAG_KEEP_SCREEN_ON,no_load_injected_background_apps_unverified,
2026-08-22T12:12:15.363187Z,1.2.0,realme_RMX3760_api35,1.2.0+3,release,efficientnet_b0_full_int8,bf768dda79fe589885aa9c79820a478236c331901a921dec3f8de87c8219a214,efficientnet_b0,full_int8,int8,int8,1x224x224x3,builtin_cpu,none,none_builtin,,1,1,6,measured,99,316.976000,6.066000,227.8564453125,338.37890625,85.0,charging,false,0,,,43.3,FLAG_KEEP_SCREEN_ON,no_load_injected_background_apps_unverified,
2026-08-22T12:12:23.015395Z,1.2.0,realme_RMX3760_api35,1.2.0+3,release,mobilenet_v3_small_dynamic_int8,1c3ca9e08ab14de0d8e7ca58f127b9955ae2cf3e9ffaad5033952bcbb51dd82f,mobilenet_v3_small,dynamic_int8,float32,float32,1x224x224x3,builtin_cpu,none,none_builtin,,2,1,7,measured,0,344.520000,4.343000,240.0087890625,350.37109375,85.0,charging,false,0,,,43.3,FLAG_KEEP_SCREEN_ON,no_load_injected_background_apps_unverified,
2026-08-22T12:12:23.423544Z,1.2.0,realme_RMX3760_api35,1.2.0+3,release,mobilenet_v3_small_dynamic_int8,1c3ca9e08ab14de0d8e7ca58f127b9955ae2cf3e9ffaad5033952bcbb51dd82f,mobilenet_v3_small,dynamic_int8,float32,float32,1x224x224x3,builtin_cpu,none,none_builtin,,2,1,7,measured,1,348.572000,4.343000,237.1650390625,347.5390625,85.0,charging,false,0,,,43.3,FLAG_KEEP_SCREEN_ON,no_load_injected_background_apps_unverified,
2026-08-22T12:12:23.847692Z,1.2.0,realme_RMX3760_api35,1.2.0+3,release,mobilenet_v3_small_dynamic_int8,1c3ca9e08ab14de0d8e7ca58f127b9955ae2cf3e9ffaad5033952bcbb51dd82f,mobilenet_v3_small,dynamic_int8,float32,float32,1x224x224x3,builtin_cpu,none,none_builtin,,2,1,7,measured,2,362.876000,4.343000,237.2080078125,347.62890625,85.0,charging,false,0,,,43.3,FLAG_KEEP_SCREEN_ON,no_load_injected_background_apps_unverified,
2026-08-22T12:12:24.265006Z,1.2.0,realme_RMX3760_api35,1.2.0+3,release,mobilenet_v3_small_dynamic_int8,1c3ca9e08ab14de0d8e7ca58f127b9955ae2cf3e9ffaad5033952bcbb51dd82f,mobilenet_v3_small,dynamic_int8,float32,float32,1x224x224x3,builtin_cpu,none,none_builtin,,2,1,7,measured,3,358.871000,4.343000,237.2314453125,347.6328125,85.0,charging,false,0,,,43.3,FLAG_KEEP_SCREEN_ON,no_load_injected_background_apps_unverified,
2026-08-22T12:12:24.659536Z,1.2.0,realme_RMX3760_api35,1.2.0+3,release,mobilenet_v3_small_dynamic_int8,1c3ca9e08ab14de0d8e7ca58f127b9955ae2cf3e9ffaad5033952bcbb51dd82f,mobilenet_v3_small,dynamic_int8,float32,float32,1x224x224x3,builtin_cpu,none,none_builtin,,2,1,7,measured,4,335.852000,4.343000,237.2470703125,347.6171875,85.0,charging,false,0,,,43.3,FLAG_KEEP_SCREEN_ON,no_load_injected_background_apps_unverified,
2026-08-22T12:12:25.079930Z,1.2.0,realme_RMX3760_api35,1.2.0+3,release,mobilenet_v3_small_dynamic_int8,1c3ca9e08ab14de0d8e7ca58f127b9955ae2cf3e9ffaad5033952bcbb51dd82f,mobilenet_v3_small,dynamic_int8,float32,float32,1x224x224x3,builtin_cpu,none,none_builtin,,2,1,7,measured,5,361.487000,4.343000,236.2626953125,346.6171875,85.0,charging,false,0,,,43.3,FLAG_KEEP_SCREEN_ON,no_load_injected_background_apps_unverified,
2026-08-22T12:12:25.510752Z,1.2.0,realme_RMX3760_api35,1.2.0+3,release,mobilenet_v3_small_dynamic_int8,1c3ca9e08ab14de0d8e7ca58f127b9955ae2cf3e9ffaad5033952bcbb51dd82f,mobilenet_v3_small,dynamic_int8,float32,float32,1x224x224x3,builtin_cpu,none,none_builtin,,2,1,7,measured,6,351.314000,4.343000,236.8857421875,347.30078125,85.0,charging,false,0,,,43.3,FLAG_KEEP_SCREEN_ON,no_load_injected_background_apps_unverified,
2026-08-22T12:12:25.928813Z,1.2.0,realme_RMX3760_api35,1.2.0+3,release,mobilenet_v3_small_dynamic_int8,1c3ca9e08ab14de0d8e7ca58f127b9955ae2cf3e9ffaad5033952bcbb51dd82f,mobilenet_v3_small,dynamic_int8,float32,float32,1x224x224x3,builtin_cpu,none,none_builtin,,2,1,7,measured,7,359.857000,4.343000,236.9091796875,347.34765625,85.0,charging,false,0,,,43.3,FLAG_KEEP_SCREEN_ON,no_load_injected_background_apps_unverified,
2026-08-22T12:12:26.346684Z,1.2.0,realme_RMX3760_api35,1.2.0+3,release,mobilenet_v3_small_dynamic_int8,1c3ca9e08ab14de0d8e7ca58f127b9955ae2cf3e9ffaad5033952bcbb51dd82f,mobilenet_v3_small,dynamic_int8,float32,float32,1x224x224x3,builtin_cpu,none,none_builtin,,2,1,7,measured,8,354.293000,4.343000,236.873046875,347.34765625,85.0,charging,false,0,,,43.3,FLAG_KEEP_SCREEN_ON,no_load_injected_background_apps_unverified,
2026-08-22T12:12:26.767144Z,1.2.0,realme_RMX3760_api35,1.2.0+3,release,mobilenet_v3_small_dynamic_int8,1c3ca9e08ab14de0d8e7ca58f127b9955ae2cf3e9ffaad5033952bcbb51dd82f,mobilenet_v3_small,dynamic_int8,float32,float32,1x224x224x3,builtin_cpu,none,none_builtin,,2,1,7,measured,9,360.568000,4.343000,237.359375,347.83203125,85.0,charging,false,0,,,43.3,FLAG_KEEP_SCREEN_ON,no_load_injected_background_apps_unverified,
2026-08-22T12:12:27.194953Z,1.2.0,realme_RMX3760_api35,1.2.0+3,release,mobilenet_v3_small_dynamic_int8,1c3ca9e08ab14de0d8e7ca58f127b9955ae2cf3e9ffaad5033952bcbb51dd82f,mobilenet_v3_small,dynamic_int8,float32,float32,1x224x224x3,builtin_cpu,none,none_builtin,,2,1,7,measured,10,368.251000,4.343000,236.8798828125,347.3828125,85.0,charging,false,0,,,43.3,FLAG_KEEP_SCREEN_ON,no_load_injected_background_apps_unverified,
2026-08-22T12:12:27.609155Z,1.2.0,realme_RMX3760_api35,1.2.0+3,release,mobilenet_v3_small_dynamic_int8,1c3ca9e08ab14de0d8e7ca58f127b9955ae2cf3e9ffaad5033952bcbb51dd82f,mobilenet_v3_small,dynamic_int8,float32,float32,1x224x224x3,builtin_cpu,none,none_builtin,,2,1,7,measured,11,346.075000,4.343000,237.3876953125,347.890625,85.0,charging,false,0,,,43.3,FLAG_KEEP_SCREEN_ON,no_load_injected_background_apps_unverified,
2026-08-22T12:12:28.010473Z,1.2.0,realme_RMX3760_api35,1.2.0+3,release,mobilenet_v3_small_dynamic_int8,1c3ca9e08ab14de0d8e7ca58f127b9955ae2cf3e9ffaad5033952bcbb51dd82f,mobilenet_v3_small,dynamic_int8,float32,float32,1x224x224x3,builtin_cpu,none,none_builtin,,2,1,7,measured,12,333.145000,4.343000,237.3828125,347.9140625,85.0,charging,false,0,,,43.3,FLAG_KEEP_SCREEN_ON,no_load_injected_background_apps_unverified,
2026-08-22T12:12:28.429873Z,1.2.0,realme_RMX3760_api35,1.2.0+3,release,mobilenet_v3_small_dynamic_int8,1c3ca9e08ab14de0d8e7ca58f127b9955ae2cf3e9ffaad5033952bcbb51dd82f,mobilenet_v3_small,dynamic_int8,float32,float32,1x224x224x3,builtin_cpu,none,none_builtin,,2,1,7,measured,13,361.002000,4.343000,237.4140625,347.88671875,85.0,charging,false,0,,,43.3,FLAG_KEEP_SCREEN_ON,no_load_injected_background_apps_unverified,
2026-08-22T12:12:28.851395Z,1.2.0,realme_RMX3760_api35,1.2.0+3,release,mobilenet_v3_small_dynamic_int8,1c3ca9e08ab14de0d8e7ca58f127b9955ae2cf3e9ffaad5033952bcbb51dd82f,mobilenet_v3_small,dynamic_int8,float32,float32,1x224x224x3,builtin_cpu,none,none_builtin,,2,1,7,measured,14,362.360000,4.343000,237.44140625,347.96484375,85.0,charging,false,0,,,43.3,FLAG_KEEP_SCREEN_ON,no_load_injected_background_apps_unverified,
2026-08-22T12:12:29.276282Z,1.2.0,realme_RMX3760_api35,1.2.0+3,release,mobilenet_v3_small_dynamic_int8,1c3ca9e08ab14de0d8e7ca58f127b9955ae2cf3e9ffaad5033952bcbb51dd82f,mobilenet_v3_small,dynamic_int8,float32,float32,1x224x224x3,builtin_cpu,none,none_builtin,,2,1,7,measured,15,365.939000,4.343000,236.46484375,346.984375,85.0,charging,false,0,,,43.3,FLAG_KEEP_SCREEN_ON,no_load_injected_background_apps_unverified,
2026-08-22T12:12:29.664989Z,1.2.0,realme_RMX3760_api35,1.2.0+3,release,mobilenet_v3_small_dynamic_int8,1c3ca9e08ab14de0d8e7ca58f127b9955ae2cf3e9ffaad5033952bcbb51dd82f,mobilenet_v3_small,dynamic_int8,float32,float32,1x224x224x3,builtin_cpu,none,none_builtin,,2,1,7,measured,16,330.625000,4.343000,236.98828125,347.4921875,85.0,charging,false,0,,,43.3,FLAG_KEEP_SCREEN_ON,no_load_injected_background_apps_unverified,
2026-08-22T12:12:30.075390Z,1.2.0,realme_RMX3760_api35,1.2.0+3,release,mobilenet_v3_small_dynamic_int8,1c3ca9e08ab14de0d8e7ca58f127b9955ae2cf3e9ffaad5033952bcbb51dd82f,mobilenet_v3_small,dynamic_int8,float32,float32,1x224x224x3,builtin_cpu,none,none_builtin,,2,1,7,measured,17,351.641000,4.343000,237.51171875,347.9921875,85.0,charging,false,0,,,43.3,FLAG_KEEP_SCREEN_ON,no_load_injected_background_apps_unverified,
2026-08-22T12:12:30.495482Z,1.2.0,realme_RMX3760_api35,1.2.0+3,release,mobilenet_v3_small_dynamic_int8,1c3ca9e08ab14de0d8e7ca58f127b9955ae2cf3e9ffaad5033952bcbb51dd82f,mobilenet_v3_small,dynamic_int8,float32,float32,1x224x224x3,builtin_cpu,none,none_builtin,,2,1,7,measured,18,359.339000,4.343000,237.52734375,347.9609375,85.0,charging,false,0,,,43.3,FLAG_KEEP_SCREEN_ON,no_load_injected_background_apps_unverified,
2026-08-22T12:12:30.913051Z,1.2.0,realme_RMX3760_api35,1.2.0+3,release,mobilenet_v3_small_dynamic_int8,1c3ca9e08ab14de0d8e7ca58f127b9955ae2cf3e9ffaad5033952bcbb51dd82f,mobilenet_v3_small,dynamic_int8,float32,float32,1x224x224x3,builtin_cpu,none,none_builtin,,2,1,7,measured,19,359.312000,4.343000,236.62109375,347.12890625,85.0,charging,false,0,,,43.3,FLAG_KEEP_SCREEN_ON,no_load_injected_background_apps_unverified,
2026-08-22T12:12:31.346304Z,1.2.0,realme_RMX3760_api35,1.2.0+3,release,mobilenet_v3_small_dynamic_int8,1c3ca9e08ab14de0d8e7ca58f127b9955ae2cf3e9ffaad5033952bcbb51dd82f,mobilenet_v3_small,dynamic_int8,float32,float32,1x224x224x3,builtin_cpu,none,none_builtin,,2,1,7,measured,20,371.372000,4.343000,236.9873046875,347.3046875,85.0,charging,false,0,,,43.3,FLAG_KEEP_SCREEN_ON,no_load_injected_background_apps_unverified,
2026-08-22T12:12:31.763459Z,1.2.0,realme_RMX3760_api35,1.2.0+3,release,mobilenet_v3_small_dynamic_int8,1c3ca9e08ab14de0d8e7ca58f127b9955ae2cf3e9ffaad5033952bcbb51dd82f,mobilenet_v3_small,dynamic_int8,float32,float32,1x224x224x3,builtin_cpu,none,none_builtin,,2,1,7,measured,21,358.094000,4.343000,237.0908203125,347.62890625,85.0,charging,false,0,,,43.3,FLAG_KEEP_SCREEN_ON,no_load_injected_background_apps_unverified,
2026-08-22T12:12:32.179893Z,1.2.0,realme_RMX3760_api35,1.2.0+3,release,mobilenet_v3_small_dynamic_int8,1c3ca9e08ab14de0d8e7ca58f127b9955ae2cf3e9ffaad5033952bcbb51dd82f,mobilenet_v3_small,dynamic_int8,float32,float32,1x224x224x3,builtin_cpu,none,none_builtin,,2,1,7,measured,22,357.730000,4.343000,237.1064453125,347.625,85.0,charging,false,0,,,43.3,FLAG_KEEP_SCREEN_ON,no_load_injected_background_apps_unverified,
2026-08-22T12:12:32.592025Z,1.2.0,realme_RMX3760_api35,1.2.0+3,release,mobilenet_v3_small_dynamic_int8,1c3ca9e08ab14de0d8e7ca58f127b9955ae2cf3e9ffaad5033952bcbb51dd82f,mobilenet_v3_small,dynamic_int8,float32,float32,1x224x224x3,builtin_cpu,none,none_builtin,,2,1,7,measured,23,353.744000,4.343000,237.6376953125,348.15234375,85.0,charging,false,0,,,43.3,FLAG_KEEP_SCREEN_ON,no_load_injected_background_apps_unverified,
2026-08-22T12:12:32.983321Z,1.2.0,realme_RMX3760_api35,1.2.0+3,release,mobilenet_v3_small_dynamic_int8,1c3ca9e08ab14de0d8e7ca58f127b9955ae2cf3e9ffaad5033952bcbb51dd82f,mobilenet_v3_small,dynamic_int8,float32,float32,1x224x224x3,builtin_cpu,none,none_builtin,,2,1,7,measured,24,331.626000,4.343000,237.66015625,348.203125,85.0,charging,false,0,,,43.3,FLAG_KEEP_SCREEN_ON,no_load_injected_background_apps_unverified,
2026-08-22T12:12:33.390089Z,1.2.0,realme_RMX3760_api35,1.2.0+3,release,mobilenet_v3_small_dynamic_int8,1c3ca9e08ab14de0d8e7ca58f127b9955ae2cf3e9ffaad5033952bcbb51dd82f,mobilenet_v3_small,dynamic_int8,float32,float32,1x224x224x3,builtin_cpu,none,none_builtin,,2,1,7,measured,25,345.866000,4.343000,224.515625,335.1171875,85.0,charging,false,0,,,43.3,FLAG_KEEP_SCREEN_ON,no_load_injected_background_apps_unverified,
2026-08-22T12:12:33.812652Z,1.2.0,realme_RMX3760_api35,1.2.0+3,release,mobilenet_v3_small_dynamic_int8,1c3ca9e08ab14de0d8e7ca58f127b9955ae2cf3e9ffaad5033952bcbb51dd82f,mobilenet_v3_small,dynamic_int8,float32,float32,1x224x224x3,builtin_cpu,none,none_builtin,,2,1,7,measured,26,362.164000,4.343000,224.7265625,335.41796875,85.0,charging,false,0,,,43.3,FLAG_KEEP_SCREEN_ON,no_load_injected_background_apps_unverified,
2026-08-22T12:12:34.228784Z,1.2.0,realme_RMX3760_api35,1.2.0+3,release,mobilenet_v3_small_dynamic_int8,1c3ca9e08ab14de0d8e7ca58f127b9955ae2cf3e9ffaad5033952bcbb51dd82f,mobilenet_v3_small,dynamic_int8,float32,float32,1x224x224x3,builtin_cpu,none,none_builtin,,2,1,7,measured,27,358.766000,4.343000,224.74609375,335.40625,85.0,charging,false,0,,,43.3,FLAG_KEEP_SCREEN_ON,no_load_injected_background_apps_unverified,
2026-08-22T12:12:34.631561Z,1.2.0,realme_RMX3760_api35,1.2.0+3,release,mobilenet_v3_small_dynamic_int8,1c3ca9e08ab14de0d8e7ca58f127b9955ae2cf3e9ffaad5033952bcbb51dd82f,mobilenet_v3_small,dynamic_int8,float32,float32,1x224x224x3,builtin_cpu,none,none_builtin,,2,1,7,measured,28,344.351000,4.343000,224.71484375,335.3828125,85.0,charging,false,0,,,43.3,FLAG_KEEP_SCREEN_ON,no_load_injected_background_apps_unverified,
2026-08-22T12:12:35.028743Z,1.2.0,realme_RMX3760_api35,1.2.0+3,release,mobilenet_v3_small_dynamic_int8,1c3ca9e08ab14de0d8e7ca58f127b9955ae2cf3e9ffaad5033952bcbb51dd82f,mobilenet_v3_small,dynamic_int8,float32,float32,1x224x224x3,builtin_cpu,none,none_builtin,,2,1,7,measured,29,339.774000,4.343000,224.24609375,334.93359375,85.0,charging,false,0,,,43.3,FLAG_KEEP_SCREEN_ON,no_load_injected_background_apps_unverified,
2026-08-22T12:12:35.451211Z,1.2.0,realme_RMX3760_api35,1.2.0+3,release,mobilenet_v3_small_dynamic_int8,1c3ca9e08ab14de0d8e7ca58f127b9955ae2cf3e9ffaad5033952bcbb51dd82f,mobilenet_v3_small,dynamic_int8,float32,float32,1x224x224x3,builtin_cpu,none,none_builtin,,2,1,7,measured,30,363.554000,4.343000,224.55859375,335.171875,85.0,charging,false,0,,,43.3,FLAG_KEEP_SCREEN_ON,no_load_injected_background_apps_unverified,
2026-08-22T12:12:35.847774Z,1.2.0,realme_RMX3760_api35,1.2.0+3,release,mobilenet_v3_small_dynamic_int8,1c3ca9e08ab14de0d8e7ca58f127b9955ae2cf3e9ffaad5033952bcbb51dd82f,mobilenet_v3_small,dynamic_int8,float32,float32,1x224x224x3,builtin_cpu,none,none_builtin,,2,1,7,measured,31,338.543000,4.343000,224.59375,335.2578125,85.0,charging,false,0,,,43.3,FLAG_KEEP_SCREEN_ON,no_load_injected_background_apps_unverified,
2026-08-22T12:12:36.248233Z,1.2.0,realme_RMX3760_api35,1.2.0+3,release,mobilenet_v3_small_dynamic_int8,1c3ca9e08ab14de0d8e7ca58f127b9955ae2cf3e9ffaad5033952bcbb51dd82f,mobilenet_v3_small,dynamic_int8,float32,float32,1x224x224x3,builtin_cpu,none,none_builtin,,2,1,7,measured,32,342.763000,4.343000,223.65625,334.3203125,85.0,charging,false,0,,,43.3,FLAG_KEEP_SCREEN_ON,no_load_injected_background_apps_unverified,
2026-08-22T12:12:36.656479Z,1.2.0,realme_RMX3760_api35,1.2.0+3,release,mobilenet_v3_small_dynamic_int8,1c3ca9e08ab14de0d8e7ca58f127b9955ae2cf3e9ffaad5033952bcbb51dd82f,mobilenet_v3_small,dynamic_int8,float32,float32,1x224x224x3,builtin_cpu,none,none_builtin,,2,1,7,measured,33,349.867000,4.343000,224.18359375,334.66796875,85.0,charging,false,0,,,43.3,FLAG_KEEP_SCREEN_ON,no_load_injected_background_apps_unverified,
2026-08-22T12:12:37.064622Z,1.2.0,realme_RMX3760_api35,1.2.0+3,release,mobilenet_v3_small_dynamic_int8,1c3ca9e08ab14de0d8e7ca58f127b9955ae2cf3e9ffaad5033952bcbb51dd82f,mobilenet_v3_small,dynamic_int8,float32,float32,1x224x224x3,builtin_cpu,none,none_builtin,,2,1,7,measured,34,350.451000,4.343000,223.58203125,334.2578125,85.0,charging,false,0,,,43.3,FLAG_KEEP_SCREEN_ON,no_load_injected_background_apps_unverified,
2026-08-22T12:12:37.468480Z,1.2.0,realme_RMX3760_api35,1.2.0+3,release,mobilenet_v3_small_dynamic_int8,1c3ca9e08ab14de0d8e7ca58f127b9955ae2cf3e9ffaad5033952bcbb51dd82f,mobilenet_v3_small,dynamic_int8,float32,float32,1x224x224x3,builtin_cpu,none,none_builtin,,2,1,7,measured,35,345.528000,4.343000,223.46484375,333.8984375,85.0,charging,false,0,,,43.3,FLAG_KEEP_SCREEN_ON,no_load_injected_background_apps_unverified,
2026-08-22T12:12:37.903565Z,1.2.0,realme_RMX3760_api35,1.2.0+3,release,mobilenet_v3_small_dynamic_int8,1c3ca9e08ab14de0d8e7ca58f127b9955ae2cf3e9ffaad5033952bcbb51dd82f,mobilenet_v3_small,dynamic_int8,float32,float32,1x224x224x3,builtin_cpu,none,none_builtin,,2,1,7,measured,36,370.843000,4.343000,224.69921875,335.15625,85.0,charging,false,0,,,43.3,FLAG_KEEP_SCREEN_ON,no_load_injected_background_apps_unverified,
2026-08-22T12:12:38.331408Z,1.2.0,realme_RMX3760_api35,1.2.0+3,release,mobilenet_v3_small_dynamic_int8,1c3ca9e08ab14de0d8e7ca58f127b9955ae2cf3e9ffaad5033952bcbb51dd82f,mobilenet_v3_small,dynamic_int8,float32,float32,1x224x224x3,builtin_cpu,none,none_builtin,,2,1,7,measured,37,367.978000,4.343000,224.7373046875,335.375,85.0,charging,false,0,,,43.3,FLAG_KEEP_SCREEN_ON,no_load_injected_background_apps_unverified,
2026-08-22T12:12:38.752318Z,1.2.0,realme_RMX3760_api35,1.2.0+3,release,mobilenet_v3_small_dynamic_int8,1c3ca9e08ab14de0d8e7ca58f127b9955ae2cf3e9ffaad5033952bcbb51dd82f,mobilenet_v3_small,dynamic_int8,float32,float32,1x224x224x3,builtin_cpu,none,none_builtin,,2,1,7,measured,38,363.159000,4.343000,224.2529296875,334.8984375,85.0,charging,false,0,,,43.3,FLAG_KEEP_SCREEN_ON,no_load_injected_background_apps_unverified,
2026-08-22T12:12:39.165489Z,1.2.0,realme_RMX3760_api35,1.2.0+3,release,mobilenet_v3_small_dynamic_int8,1c3ca9e08ab14de0d8e7ca58f127b9955ae2cf3e9ffaad5033952bcbb51dd82f,mobilenet_v3_small,dynamic_int8,float32,float32,1x224x224x3,builtin_cpu,none,none_builtin,,2,1,7,measured,39,354.234000,4.343000,224.3916015625,335.03515625,85.0,charging,false,0,,,43.3,FLAG_KEEP_SCREEN_ON,no_load_injected_background_apps_unverified,
2026-08-22T12:12:39.588487Z,1.2.0,realme_RMX3760_api35,1.2.0+3,release,mobilenet_v3_small_dynamic_int8,1c3ca9e08ab14de0d8e7ca58f127b9955ae2cf3e9ffaad5033952bcbb51dd82f,mobilenet_v3_small,dynamic_int8,float32,float32,1x224x224x3,builtin_cpu,none,none_builtin,,2,1,7,measured,40,363.165000,4.343000,225.4052734375,335.53125,85.0,charging,false,0,,,43.3,FLAG_KEEP_SCREEN_ON,no_load_injected_background_apps_unverified,
2026-08-22T12:12:40.007681Z,1.2.0,realme_RMX3760_api35,1.2.0+3,release,mobilenet_v3_small_dynamic_int8,1c3ca9e08ab14de0d8e7ca58f127b9955ae2cf3e9ffaad5033952bcbb51dd82f,mobilenet_v3_small,dynamic_int8,float32,float32,1x224x224x3,builtin_cpu,none,none_builtin,,2,1,7,measured,41,361.214000,4.343000,225.4248046875,335.59375,85.0,charging,false,0,,,43.3,FLAG_KEEP_SCREEN_ON,no_load_injected_background_apps_unverified,
2026-08-22T12:12:40.427338Z,1.2.0,realme_RMX3760_api35,1.2.0+3,release,mobilenet_v3_small_dynamic_int8,1c3ca9e08ab14de0d8e7ca58f127b9955ae2cf3e9ffaad5033952bcbb51dd82f,mobilenet_v3_small,dynamic_int8,float32,float32,1x224x224x3,builtin_cpu,none,none_builtin,,2,1,7,measured,42,361.202000,4.343000,225.44140625,335.58984375,85.0,charging,false,0,,,43.3,FLAG_KEEP_SCREEN_ON,no_load_injected_background_apps_unverified,
2026-08-22T12:12:40.826784Z,1.2.0,realme_RMX3760_api35,1.2.0+3,release,mobilenet_v3_small_dynamic_int8,1c3ca9e08ab14de0d8e7ca58f127b9955ae2cf3e9ffaad5033952bcbb51dd82f,mobilenet_v3_small,dynamic_int8,float32,float32,1x224x224x3,builtin_cpu,none,none_builtin,,2,1,7,measured,43,340.761000,4.343000,225.4609375,335.48046875,85.0,charging,false,0,,,43.3,FLAG_KEEP_SCREEN_ON,no_load_injected_background_apps_unverified,
2026-08-22T12:12:41.242532Z,1.2.0,realme_RMX3760_api35,1.2.0+3,release,mobilenet_v3_small_dynamic_int8,1c3ca9e08ab14de0d8e7ca58f127b9955ae2cf3e9ffaad5033952bcbb51dd82f,mobilenet_v3_small,dynamic_int8,float32,float32,1x224x224x3,builtin_cpu,none,none_builtin,,2,1,7,measured,44,356.731000,4.343000,224.98046875,334.99609375,85.0,charging,false,0,,,43.3,FLAG_KEEP_SCREEN_ON,no_load_injected_background_apps_unverified,
2026-08-22T12:12:41.643487Z,1.2.0,realme_RMX3760_api35,1.2.0+3,release,mobilenet_v3_small_dynamic_int8,1c3ca9e08ab14de0d8e7ca58f127b9955ae2cf3e9ffaad5033952bcbb51dd82f,mobilenet_v3_small,dynamic_int8,float32,float32,1x224x224x3,builtin_cpu,none,none_builtin,,2,1,7,measured,45,342.767000,4.343000,225.5078125,335.63671875,85.0,charging,false,0,,,43.3,FLAG_KEEP_SCREEN_ON,no_load_injected_background_apps_unverified,
2026-08-22T12:12:42.040318Z,1.2.0,realme_RMX3760_api35,1.2.0+3,release,mobilenet_v3_small_dynamic_int8,1c3ca9e08ab14de0d8e7ca58f127b9955ae2cf3e9ffaad5033952bcbb51dd82f,mobilenet_v3_small,dynamic_int8,float32,float32,1x224x224x3,builtin_cpu,none,none_builtin,,2,1,7,measured,46,339.268000,4.343000,225.03125,335.046875,85.0,charging,false,0,,,43.3,FLAG_KEEP_SCREEN_ON,no_load_injected_background_apps_unverified,
2026-08-22T12:12:42.424779Z,1.2.0,realme_RMX3760_api35,1.2.0+3,release,mobilenet_v3_small_dynamic_int8,1c3ca9e08ab14de0d8e7ca58f127b9955ae2cf3e9ffaad5033952bcbb51dd82f,mobilenet_v3_small,dynamic_int8,float32,float32,1x224x224x3,builtin_cpu,none,none_builtin,,2,1,7,measured,47,326.563000,4.343000,225.55859375,335.55078125,85.0,charging,false,0,,,43.3,FLAG_KEEP_SCREEN_ON,no_load_injected_background_apps_unverified,
2026-08-22T12:12:42.815052Z,1.2.0,realme_RMX3760_api35,1.2.0+3,release,mobilenet_v3_small_dynamic_int8,1c3ca9e08ab14de0d8e7ca58f127b9955ae2cf3e9ffaad5033952bcbb51dd82f,mobilenet_v3_small,dynamic_int8,float32,float32,1x224x224x3,builtin_cpu,none,none_builtin,,2,1,7,measured,48,330.482000,4.343000,225.46484375,335.578125,85.0,charging,false,0,,,43.3,FLAG_KEEP_SCREEN_ON,no_load_injected_background_apps_unverified,
2026-08-22T12:12:43.204127Z,1.2.0,realme_RMX3760_api35,1.2.0+3,release,mobilenet_v3_small_dynamic_int8,1c3ca9e08ab14de0d8e7ca58f127b9955ae2cf3e9ffaad5033952bcbb51dd82f,mobilenet_v3_small,dynamic_int8,float32,float32,1x224x224x3,builtin_cpu,none,none_builtin,,2,1,7,measured,49,331.073000,4.343000,224.9921875,335.00390625,85.0,charging,false,0,,,43.3,FLAG_KEEP_SCREEN_ON,no_load_injected_background_apps_unverified,
2026-08-22T12:12:43.607810Z,1.2.0,realme_RMX3760_api35,1.2.0+3,release,mobilenet_v3_small_dynamic_int8,1c3ca9e08ab14de0d8e7ca58f127b9955ae2cf3e9ffaad5033952bcbb51dd82f,mobilenet_v3_small,dynamic_int8,float32,float32,1x224x224x3,builtin_cpu,none,none_builtin,,2,1,7,measured,50,345.613000,4.343000,225.51171875,335.50390625,85.0,charging,false,0,,,43.3,FLAG_KEEP_SCREEN_ON,no_load_injected_background_apps_unverified,
2026-08-22T12:12:44.039329Z,1.2.0,realme_RMX3760_api35,1.2.0+3,release,mobilenet_v3_small_dynamic_int8,1c3ca9e08ab14de0d8e7ca58f127b9955ae2cf3e9ffaad5033952bcbb51dd82f,mobilenet_v3_small,dynamic_int8,float32,float32,1x224x224x3,builtin_cpu,none,none_builtin,,2,1,7,measured,51,372.756000,4.343000,225.5390625,335.62890625,85.0,charging,false,0,,,43.3,FLAG_KEEP_SCREEN_ON,no_load_injected_background_apps_unverified,
2026-08-22T12:12:44.442739Z,1.2.0,realme_RMX3760_api35,1.2.0+3,release,mobilenet_v3_small_dynamic_int8,1c3ca9e08ab14de0d8e7ca58f127b9955ae2cf3e9ffaad5033952bcbb51dd82f,mobilenet_v3_small,dynamic_int8,float32,float32,1x224x224x3,builtin_cpu,none,none_builtin,,2,1,7,measured,52,344.277000,4.343000,225.5556640625,335.56640625,85.0,charging,false,0,,,43.3,FLAG_KEEP_SCREEN_ON,no_load_injected_background_apps_unverified,
2026-08-22T12:12:44.868395Z,1.2.0,realme_RMX3760_api35,1.2.0+3,release,mobilenet_v3_small_dynamic_int8,1c3ca9e08ab14de0d8e7ca58f127b9955ae2cf3e9ffaad5033952bcbb51dd82f,mobilenet_v3_small,dynamic_int8,float32,float32,1x224x224x3,builtin_cpu,none,none_builtin,,2,1,7,measured,53,368.143000,4.343000,225.4345703125,335.34765625,85.0,charging,false,0,,,43.3,FLAG_KEEP_SCREEN_ON,no_load_injected_background_apps_unverified,
2026-08-22T12:12:45.268166Z,1.2.0,realme_RMX3760_api35,1.2.0+3,release,mobilenet_v3_small_dynamic_int8,1c3ca9e08ab14de0d8e7ca58f127b9955ae2cf3e9ffaad5033952bcbb51dd82f,mobilenet_v3_small,dynamic_int8,float32,float32,1x224x224x3,builtin_cpu,none,none_builtin,,2,1,7,measured,54,342.092000,4.343000,225.4580078125,335.57421875,85.0,charging,false,0,,,43.3,FLAG_KEEP_SCREEN_ON,no_load_injected_background_apps_unverified,
2026-08-22T12:12:45.700004Z,1.2.0,realme_RMX3760_api35,1.2.0+3,release,mobilenet_v3_small_dynamic_int8,1c3ca9e08ab14de0d8e7ca58f127b9955ae2cf3e9ffaad5033952bcbb51dd82f,mobilenet_v3_small,dynamic_int8,float32,float32,1x224x224x3,builtin_cpu,none,none_builtin,,2,1,7,measured,55,372.462000,4.343000,224.4775390625,334.5703125,85.0,charging,false,0,,,43.3,FLAG_KEEP_SCREEN_ON,no_load_injected_background_apps_unverified,
2026-08-22T12:12:46.116511Z,1.2.0,realme_RMX3760_api35,1.2.0+3,release,mobilenet_v3_small_dynamic_int8,1c3ca9e08ab14de0d8e7ca58f127b9955ae2cf3e9ffaad5033952bcbb51dd82f,mobilenet_v3_small,dynamic_int8,float32,float32,1x224x224x3,builtin_cpu,none,none_builtin,,2,1,7,measured,56,358.640000,4.343000,225.060546875,335.140625,85.0,charging,false,0,,,43.3,FLAG_KEEP_SCREEN_ON,no_load_injected_background_apps_unverified,
2026-08-22T12:12:46.532625Z,1.2.0,realme_RMX3760_api35,1.2.0+3,release,mobilenet_v3_small_dynamic_int8,1c3ca9e08ab14de0d8e7ca58f127b9955ae2cf3e9ffaad5033952bcbb51dd82f,mobilenet_v3_small,dynamic_int8,float32,float32,1x224x224x3,builtin_cpu,none,none_builtin,,2,1,7,measured,57,357.688000,4.343000,225.216796875,335.3203125,85.0,charging,false,0,,,43.3,FLAG_KEEP_SCREEN_ON,no_load_injected_background_apps_unverified,
2026-08-22T12:12:46.957796Z,1.2.0,realme_RMX3760_api35,1.2.0+3,release,mobilenet_v3_small_dynamic_int8,1c3ca9e08ab14de0d8e7ca58f127b9955ae2cf3e9ffaad5033952bcbb51dd82f,mobilenet_v3_small,dynamic_int8,float32,float32,1x224x224x3,builtin_cpu,none,none_builtin,,2,1,7,measured,58,358.171000,4.343000,225.767578125,335.84375,85.0,charging,false,0,,,43.3,FLAG_KEEP_SCREEN_ON,no_load_injected_background_apps_unverified,
2026-08-22T12:12:47.364509Z,1.2.0,realme_RMX3760_api35,1.2.0+3,release,mobilenet_v3_small_dynamic_int8,1c3ca9e08ab14de0d8e7ca58f127b9955ae2cf3e9ffaad5033952bcbb51dd82f,mobilenet_v3_small,dynamic_int8,float32,float32,1x224x224x3,builtin_cpu,none,none_builtin,,2,1,7,measured,59,349.127000,4.343000,224.794921875,334.90234375,85.0,charging,false,0,,,43.3,FLAG_KEEP_SCREEN_ON,no_load_injected_background_apps_unverified,
2026-08-22T12:12:47.792863Z,1.2.0,realme_RMX3760_api35,1.2.0+3,release,mobilenet_v3_small_dynamic_int8,1c3ca9e08ab14de0d8e7ca58f127b9955ae2cf3e9ffaad5033952bcbb51dd82f,mobilenet_v3_small,dynamic_int8,float32,float32,1x224x224x3,builtin_cpu,none,none_builtin,,2,1,7,measured,60,370.903000,4.343000,225.349609375,335.43359375,85.0,charging,false,0,,,43.3,FLAG_KEEP_SCREEN_ON,no_load_injected_background_apps_unverified,
2026-08-22T12:12:48.196861Z,1.2.0,realme_RMX3760_api35,1.2.0+3,release,mobilenet_v3_small_dynamic_int8,1c3ca9e08ab14de0d8e7ca58f127b9955ae2cf3e9ffaad5033952bcbb51dd82f,mobilenet_v3_small,dynamic_int8,float32,float32,1x224x224x3,builtin_cpu,none,none_builtin,,2,1,7,measured,61,345.620000,4.343000,225.869140625,335.9765625,85.0,charging,false,0,,,43.3,FLAG_KEEP_SCREEN_ON,no_load_injected_background_apps_unverified,
2026-08-22T12:12:48.612580Z,1.2.0,realme_RMX3760_api35,1.2.0+3,release,mobilenet_v3_small_dynamic_int8,1c3ca9e08ab14de0d8e7ca58f127b9955ae2cf3e9ffaad5033952bcbb51dd82f,mobilenet_v3_small,dynamic_int8,float32,float32,1x224x224x3,builtin_cpu,none,none_builtin,,2,1,7,measured,62,354.890000,4.343000,225.388671875,335.5,85.0,charging,false,0,,,43.3,FLAG_KEEP_SCREEN_ON,no_load_injected_background_apps_unverified,
2026-08-22T12:12:49.019872Z,1.2.0,realme_RMX3760_api35,1.2.0+3,release,mobilenet_v3_small_dynamic_int8,1c3ca9e08ab14de0d8e7ca58f127b9955ae2cf3e9ffaad5033952bcbb51dd82f,mobilenet_v3_small,dynamic_int8,float32,float32,1x224x224x3,builtin_cpu,none,none_builtin,,2,1,7,measured,63,349.126000,4.343000,225.908203125,335.99609375,85.0,charging,false,0,,,43.3,FLAG_KEEP_SCREEN_ON,no_load_injected_background_apps_unverified,
2026-08-22T12:12:49.428570Z,1.2.0,realme_RMX3760_api35,1.2.0+3,release,mobilenet_v3_small_dynamic_int8,1c3ca9e08ab14de0d8e7ca58f127b9955ae2cf3e9ffaad5033952bcbb51dd82f,mobilenet_v3_small,dynamic_int8,float32,float32,1x224x224x3,builtin_cpu,none,none_builtin,,2,1,7,measured,64,351.106000,4.343000,225.927734375,335.9921875,85.0,charging,false,0,,,43.3,FLAG_KEEP_SCREEN_ON,no_load_injected_background_apps_unverified,
2026-08-22T12:12:49.857668Z,1.2.0,realme_RMX3760_api35,1.2.0+3,release,mobilenet_v3_small_dynamic_int8,1c3ca9e08ab14de0d8e7ca58f127b9955ae2cf3e9ffaad5033952bcbb51dd82f,mobilenet_v3_small,dynamic_int8,float32,float32,1x224x224x3,builtin_cpu,none,none_builtin,,2,1,7,measured,65,369.786000,4.343000,225.783203125,335.78515625,85.0,charging,false,0,,,43.3,FLAG_KEEP_SCREEN_ON,no_load_injected_background_apps_unverified,
2026-08-22T12:12:50.280566Z,1.2.0,realme_RMX3760_api35,1.2.0+3,release,mobilenet_v3_small_dynamic_int8,1c3ca9e08ab14de0d8e7ca58f127b9955ae2cf3e9ffaad5033952bcbb51dd82f,mobilenet_v3_small,dynamic_int8,float32,float32,1x224x224x3,builtin_cpu,none,none_builtin,,2,1,7,measured,66,364.873000,4.343000,225.333984375,335.4453125,85.0,charging,false,0,,,43.3,FLAG_KEEP_SCREEN_ON,no_load_injected_background_apps_unverified,
2026-08-22T12:12:50.683829Z,1.2.0,realme_RMX3760_api35,1.2.0+3,release,mobilenet_v3_small_dynamic_int8,1c3ca9e08ab14de0d8e7ca58f127b9955ae2cf3e9ffaad5033952bcbb51dd82f,mobilenet_v3_small,dynamic_int8,float32,float32,1x224x224x3,builtin_cpu,none,none_builtin,,2,1,7,measured,67,343.617000,4.343000,225.361328125,335.46484375,85.0,charging,false,0,,,43.3,FLAG_KEEP_SCREEN_ON,no_load_injected_background_apps_unverified,
2026-08-22T12:12:51.076362Z,1.2.0,realme_RMX3760_api35,1.2.0+3,release,mobilenet_v3_small_dynamic_int8,1c3ca9e08ab14de0d8e7ca58f127b9955ae2cf3e9ffaad5033952bcbb51dd82f,mobilenet_v3_small,dynamic_int8,float32,float32,1x224x224x3,builtin_cpu,none,none_builtin,,2,1,7,measured,68,333.206000,4.343000,225.876953125,336.390625,85.0,charging,false,0,,,43.3,FLAG_KEEP_SCREEN_ON,no_load_injected_background_apps_unverified,
2026-08-22T12:12:51.499548Z,1.2.0,realme_RMX3760_api35,1.2.0+3,release,mobilenet_v3_small_dynamic_int8,1c3ca9e08ab14de0d8e7ca58f127b9955ae2cf3e9ffaad5033952bcbb51dd82f,mobilenet_v3_small,dynamic_int8,float32,float32,1x224x224x3,builtin_cpu,none,none_builtin,,2,1,7,measured,69,364.010000,4.343000,225.904296875,336.39453125,85.0,charging,false,0,,,43.3,FLAG_KEEP_SCREEN_ON,no_load_injected_background_apps_unverified,
2026-08-22T12:12:51.914916Z,1.2.0,realme_RMX3760_api35,1.2.0+3,release,mobilenet_v3_small_dynamic_int8,1c3ca9e08ab14de0d8e7ca58f127b9955ae2cf3e9ffaad5033952bcbb51dd82f,mobilenet_v3_small,dynamic_int8,float32,float32,1x224x224x3,builtin_cpu,none,none_builtin,,2,1,7,measured,70,356.269000,4.343000,225.802734375,336.26953125,85.0,charging,false,0,,,43.3,FLAG_KEEP_SCREEN_ON,no_load_injected_background_apps_unverified,
2026-08-22T12:12:52.343213Z,1.2.0,realme_RMX3760_api35,1.2.0+3,release,mobilenet_v3_small_dynamic_int8,1c3ca9e08ab14de0d8e7ca58f127b9955ae2cf3e9ffaad5033952bcbb51dd82f,mobilenet_v3_small,dynamic_int8,float32,float32,1x224x224x3,builtin_cpu,none,none_builtin,,2,1,7,measured,71,370.031000,4.343000,225.927734375,336.421875,85.0,charging,false,0,,,43.3,FLAG_KEEP_SCREEN_ON,no_load_injected_background_apps_unverified,
2026-08-22T12:12:52.740323Z,1.2.0,realme_RMX3760_api35,1.2.0+3,release,mobilenet_v3_small_dynamic_int8,1c3ca9e08ab14de0d8e7ca58f127b9955ae2cf3e9ffaad5033952bcbb51dd82f,mobilenet_v3_small,dynamic_int8,float32,float32,1x224x224x3,builtin_cpu,none,none_builtin,,2,1,7,measured,72,337.963000,4.343000,225.962890625,336.44921875,85.0,charging,false,0,,,43.4,FLAG_KEEP_SCREEN_ON,no_load_injected_background_apps_unverified,
2026-08-22T12:12:53.156449Z,1.2.0,realme_RMX3760_api35,1.2.0+3,release,mobilenet_v3_small_dynamic_int8,1c3ca9e08ab14de0d8e7ca58f127b9955ae2cf3e9ffaad5033952bcbb51dd82f,mobilenet_v3_small,dynamic_int8,float32,float32,1x224x224x3,builtin_cpu,none,none_builtin,,2,1,7,measured,73,357.282000,4.343000,224.986328125,335.5,85.0,charging,false,0,,,43.4,FLAG_KEEP_SCREEN_ON,no_load_injected_background_apps_unverified,
2026-08-22T12:12:53.575249Z,1.2.0,realme_RMX3760_api35,1.2.0+3,release,mobilenet_v3_small_dynamic_int8,1c3ca9e08ab14de0d8e7ca58f127b9955ae2cf3e9ffaad5033952bcbb51dd82f,mobilenet_v3_small,dynamic_int8,float32,float32,1x224x224x3,builtin_cpu,none,none_builtin,,2,1,7,measured,74,359.261000,4.343000,226.150390625,336.64453125,85.0,charging,false,0,,,43.4,FLAG_KEEP_SCREEN_ON,no_load_injected_background_apps_unverified,
2026-08-22T12:12:53.987152Z,1.2.0,realme_RMX3760_api35,1.2.0+3,release,mobilenet_v3_small_dynamic_int8,1c3ca9e08ab14de0d8e7ca58f127b9955ae2cf3e9ffaad5033952bcbb51dd82f,mobilenet_v3_small,dynamic_int8,float32,float32,1x224x224x3,builtin_cpu,none,none_builtin,,2,1,7,measured,75,353.303000,4.343000,226.169921875,336.6640625,85.0,charging,false,0,,,43.4,FLAG_KEEP_SCREEN_ON,no_load_injected_background_apps_unverified,
2026-08-22T12:12:54.400779Z,1.2.0,realme_RMX3760_api35,1.2.0+3,release,mobilenet_v3_small_dynamic_int8,1c3ca9e08ab14de0d8e7ca58f127b9955ae2cf3e9ffaad5033952bcbb51dd82f,mobilenet_v3_small,dynamic_int8,float32,float32,1x224x224x3,builtin_cpu,none,none_builtin,,2,1,7,measured,76,356.057000,4.343000,226.189453125,336.6953125,85.0,charging,false,0,,,43.4,FLAG_KEEP_SCREEN_ON,no_load_injected_background_apps_unverified,
2026-08-22T12:12:54.815262Z,1.2.0,realme_RMX3760_api35,1.2.0+3,release,mobilenet_v3_small_dynamic_int8,1c3ca9e08ab14de0d8e7ca58f127b9955ae2cf3e9ffaad5033952bcbb51dd82f,mobilenet_v3_small,dynamic_int8,float32,float32,1x224x224x3,builtin_cpu,none,none_builtin,,2,1,7,measured,77,354.942000,4.343000,225.849609375,336.2265625,85.0,charging,false,0,,,43.4,FLAG_KEEP_SCREEN_ON,no_load_injected_background_apps_unverified,
2026-08-22T12:12:55.224350Z,1.2.0,realme_RMX3760_api35,1.2.0+3,release,mobilenet_v3_small_dynamic_int8,1c3ca9e08ab14de0d8e7ca58f127b9955ae2cf3e9ffaad5033952bcbb51dd82f,mobilenet_v3_small,dynamic_int8,float32,float32,1x224x224x3,builtin_cpu,none,none_builtin,,2,1,7,measured,78,351.253000,4.343000,225.556640625,336.0625,85.0,charging,false,0,,,43.4,FLAG_KEEP_SCREEN_ON,no_load_injected_background_apps_unverified,
2026-08-22T12:12:55.629549Z,1.2.0,realme_RMX3760_api35,1.2.0+3,release,mobilenet_v3_small_dynamic_int8,1c3ca9e08ab14de0d8e7ca58f127b9955ae2cf3e9ffaad5033952bcbb51dd82f,mobilenet_v3_small,dynamic_int8,float32,float32,1x224x224x3,builtin_cpu,none,none_builtin,,2,1,7,measured,79,339.118000,4.343000,226.091796875,336.546875,85.0,charging,false,0,,,43.4,FLAG_KEEP_SCREEN_ON,no_load_injected_background_apps_unverified,
2026-08-22T12:12:56.055087Z,1.2.0,realme_RMX3760_api35,1.2.0+3,release,mobilenet_v3_small_dynamic_int8,1c3ca9e08ab14de0d8e7ca58f127b9955ae2cf3e9ffaad5033952bcbb51dd82f,mobilenet_v3_small,dynamic_int8,float32,float32,1x224x224x3,builtin_cpu,none,none_builtin,,2,1,7,measured,80,365.882000,4.343000,225.142578125,335.63671875,85.0,charging,false,0,,,43.4,FLAG_KEEP_SCREEN_ON,no_load_injected_background_apps_unverified,
2026-08-22T12:12:56.452698Z,1.2.0,realme_RMX3760_api35,1.2.0+3,release,mobilenet_v3_small_dynamic_int8,1c3ca9e08ab14de0d8e7ca58f127b9955ae2cf3e9ffaad5033952bcbb51dd82f,mobilenet_v3_small,dynamic_int8,float32,float32,1x224x224x3,builtin_cpu,none,none_builtin,,2,1,7,measured,81,337.806000,4.343000,225.267578125,335.71875,85.0,charging,false,0,,,43.4,FLAG_KEEP_SCREEN_ON,no_load_injected_background_apps_unverified,
2026-08-22T12:12:56.886572Z,1.2.0,realme_RMX3760_api35,1.2.0+3,release,mobilenet_v3_small_dynamic_int8,1c3ca9e08ab14de0d8e7ca58f127b9955ae2cf3e9ffaad5033952bcbb51dd82f,mobilenet_v3_small,dynamic_int8,float32,float32,1x224x224x3,builtin_cpu,none,none_builtin,,2,1,7,measured,82,374.188000,4.343000,226.294921875,336.7265625,85.0,charging,false,0,,,43.4,FLAG_KEEP_SCREEN_ON,no_load_injected_background_apps_unverified,
2026-08-22T12:12:57.292304Z,1.2.0,realme_RMX3760_api35,1.2.0+3,release,mobilenet_v3_small_dynamic_int8,1c3ca9e08ab14de0d8e7ca58f127b9955ae2cf3e9ffaad5033952bcbb51dd82f,mobilenet_v3_small,dynamic_int8,float32,float32,1x224x224x3,builtin_cpu,none,none_builtin,,2,1,7,measured,83,345.698000,4.343000,226.255859375,336.72265625,85.0,charging,false,0,,,43.4,FLAG_KEEP_SCREEN_ON,no_load_injected_background_apps_unverified,
2026-08-22T12:12:57.712452Z,1.2.0,realme_RMX3760_api35,1.2.0+3,release,mobilenet_v3_small_dynamic_int8,1c3ca9e08ab14de0d8e7ca58f127b9955ae2cf3e9ffaad5033952bcbb51dd82f,mobilenet_v3_small,dynamic_int8,float32,float32,1x224x224x3,builtin_cpu,none,none_builtin,,2,1,7,measured,84,361.730000,4.343000,225.291015625,335.7734375,85.0,charging,false,0,,,43.4,FLAG_KEEP_SCREEN_ON,no_load_injected_background_apps_unverified,
2026-08-22T12:12:58.133232Z,1.2.0,realme_RMX3760_api35,1.2.0+3,release,mobilenet_v3_small_dynamic_int8,1c3ca9e08ab14de0d8e7ca58f127b9955ae2cf3e9ffaad5033952bcbb51dd82f,mobilenet_v3_small,dynamic_int8,float32,float32,1x224x224x3,builtin_cpu,none,none_builtin,,2,1,7,measured,85,361.919000,4.343000,225.337890625,335.8046875,85.0,charging,false,0,,,43.4,FLAG_KEEP_SCREEN_ON,no_load_injected_background_apps_unverified,
2026-08-22T12:12:58.549485Z,1.2.0,realme_RMX3760_api35,1.2.0+3,release,mobilenet_v3_small_dynamic_int8,1c3ca9e08ab14de0d8e7ca58f127b9955ae2cf3e9ffaad5033952bcbb51dd82f,mobilenet_v3_small,dynamic_int8,float32,float32,1x224x224x3,builtin_cpu,none,none_builtin,,2,1,7,measured,86,358.085000,4.343000,225.873046875,336.3515625,85.0,charging,false,0,,,43.4,FLAG_KEEP_SCREEN_ON,no_load_injected_background_apps_unverified,
2026-08-22T12:12:58.943759Z,1.2.0,realme_RMX3760_api35,1.2.0+3,release,mobilenet_v3_small_dynamic_int8,1c3ca9e08ab14de0d8e7ca58f127b9955ae2cf3e9ffaad5033952bcbb51dd82f,mobilenet_v3_small,dynamic_int8,float32,float32,1x224x224x3,builtin_cpu,none,none_builtin,,2,1,7,measured,87,336.196000,4.343000,226.400390625,336.85546875,85.0,charging,false,0,,,43.4,FLAG_KEEP_SCREEN_ON,no_load_injected_background_apps_unverified,
2026-08-22T12:12:59.348067Z,1.2.0,realme_RMX3760_api35,1.2.0+3,release,mobilenet_v3_small_dynamic_int8,1c3ca9e08ab14de0d8e7ca58f127b9955ae2cf3e9ffaad5033952bcbb51dd82f,mobilenet_v3_small,dynamic_int8,float32,float32,1x224x224x3,builtin_cpu,none,none_builtin,,2,1,7,measured,88,346.243000,4.343000,226.166015625,336.64453125,85.0,charging,false,0,,,43.4,FLAG_KEEP_SCREEN_ON,no_load_injected_background_apps_unverified,
2026-08-22T12:12:59.763967Z,1.2.0,realme_RMX3760_api35,1.2.0+3,release,mobilenet_v3_small_dynamic_int8,1c3ca9e08ab14de0d8e7ca58f127b9955ae2cf3e9ffaad5033952bcbb51dd82f,mobilenet_v3_small,dynamic_int8,float32,float32,1x224x224x3,builtin_cpu,none,none_builtin,,2,1,7,measured,89,357.753000,4.343000,225.736328125,336.2109375,85.0,charging,false,0,,,43.4,FLAG_KEEP_SCREEN_ON,no_load_injected_background_apps_unverified,
2026-08-22T12:13:00.183387Z,1.2.0,realme_RMX3760_api35,1.2.0+3,release,mobilenet_v3_small_dynamic_int8,1c3ca9e08ab14de0d8e7ca58f127b9955ae2cf3e9ffaad5033952bcbb51dd82f,mobilenet_v3_small,dynamic_int8,float32,float32,1x224x224x3,builtin_cpu,none,none_builtin,,2,1,7,measured,90,360.908000,4.343000,225.341796875,335.8203125,85.0,charging,false,0,,,43.4,FLAG_KEEP_SCREEN_ON,no_load_injected_background_apps_unverified,
2026-08-22T12:13:00.580506Z,1.2.0,realme_RMX3760_api35,1.2.0+3,release,mobilenet_v3_small_dynamic_int8,1c3ca9e08ab14de0d8e7ca58f127b9955ae2cf3e9ffaad5033952bcbb51dd82f,mobilenet_v3_small,dynamic_int8,float32,float32,1x224x224x3,builtin_cpu,none,none_builtin,,2,1,7,measured,91,339.456000,4.343000,226.041015625,336.5078125,85.0,charging,false,0,,,43.4,FLAG_KEEP_SCREEN_ON,no_load_injected_background_apps_unverified,
2026-08-22T12:13:00.978575Z,1.2.0,realme_RMX3760_api35,1.2.0+3,release,mobilenet_v3_small_dynamic_int8,1c3ca9e08ab14de0d8e7ca58f127b9955ae2cf3e9ffaad5033952bcbb51dd82f,mobilenet_v3_small,dynamic_int8,float32,float32,1x224x224x3,builtin_cpu,none,none_builtin,,2,1,7,measured,92,340.523000,4.343000,229.564453125,340.046875,85.0,charging,false,0,,,43.4,FLAG_KEEP_SCREEN_ON,no_load_injected_background_apps_unverified,
2026-08-22T12:13:01.391760Z,1.2.0,realme_RMX3760_api35,1.2.0+3,release,mobilenet_v3_small_dynamic_int8,1c3ca9e08ab14de0d8e7ca58f127b9955ae2cf3e9ffaad5033952bcbb51dd82f,mobilenet_v3_small,dynamic_int8,float32,float32,1x224x224x3,builtin_cpu,none,none_builtin,,2,1,7,measured,93,355.318000,4.343000,225.841796875,336.28515625,85.0,charging,false,0,,,43.4,FLAG_KEEP_SCREEN_ON,no_load_injected_background_apps_unverified,
2026-08-22T12:13:01.811695Z,1.2.0,realme_RMX3760_api35,1.2.0+3,release,mobilenet_v3_small_dynamic_int8,1c3ca9e08ab14de0d8e7ca58f127b9955ae2cf3e9ffaad5033952bcbb51dd82f,mobilenet_v3_small,dynamic_int8,float32,float32,1x224x224x3,builtin_cpu,none,none_builtin,,2,1,7,measured,94,360.688000,4.343000,225.982421875,336.45703125,85.0,charging,false,0,,,43.4,FLAG_KEEP_SCREEN_ON,no_load_injected_background_apps_unverified,
2026-08-22T12:13:02.231730Z,1.2.0,realme_RMX3760_api35,1.2.0+3,release,mobilenet_v3_small_dynamic_int8,1c3ca9e08ab14de0d8e7ca58f127b9955ae2cf3e9ffaad5033952bcbb51dd82f,mobilenet_v3_small,dynamic_int8,float32,float32,1x224x224x3,builtin_cpu,none,none_builtin,,2,1,7,measured,95,362.296000,4.343000,225.341796875,335.76953125,85.0,charging,false,0,,,43.4,FLAG_KEEP_SCREEN_ON,no_load_injected_background_apps_unverified,
2026-08-22T12:13:02.631603Z,1.2.0,realme_RMX3760_api35,1.2.0+3,release,mobilenet_v3_small_dynamic_int8,1c3ca9e08ab14de0d8e7ca58f127b9955ae2cf3e9ffaad5033952bcbb51dd82f,mobilenet_v3_small,dynamic_int8,float32,float32,1x224x224x3,builtin_cpu,none,none_builtin,,2,1,7,measured,96,340.352000,4.343000,225.931640625,336.40625,85.0,charging,false,0,,,43.4,FLAG_KEEP_SCREEN_ON,no_load_injected_background_apps_unverified,
2026-08-22T12:13:03.026217Z,1.2.0,realme_RMX3760_api35,1.2.0+3,release,mobilenet_v3_small_dynamic_int8,1c3ca9e08ab14de0d8e7ca58f127b9955ae2cf3e9ffaad5033952bcbb51dd82f,mobilenet_v3_small,dynamic_int8,float32,float32,1x224x224x3,builtin_cpu,none,none_builtin,,2,1,7,measured,97,337.065000,4.343000,225.962890625,336.3984375,85.0,charging,false,0,,,43.4,FLAG_KEEP_SCREEN_ON,no_load_injected_background_apps_unverified,
2026-08-22T12:13:03.427875Z,1.2.0,realme_RMX3760_api35,1.2.0+3,release,mobilenet_v3_small_dynamic_int8,1c3ca9e08ab14de0d8e7ca58f127b9955ae2cf3e9ffaad5033952bcbb51dd82f,mobilenet_v3_small,dynamic_int8,float32,float32,1x224x224x3,builtin_cpu,none,none_builtin,,2,1,7,measured,98,343.555000,4.343000,226.205078125,336.62109375,85.0,charging,false,0,,,43.4,FLAG_KEEP_SCREEN_ON,no_load_injected_background_apps_unverified,
2026-08-22T12:13:03.826205Z,1.2.0,realme_RMX3760_api35,1.2.0+3,release,mobilenet_v3_small_dynamic_int8,1c3ca9e08ab14de0d8e7ca58f127b9955ae2cf3e9ffaad5033952bcbb51dd82f,mobilenet_v3_small,dynamic_int8,float32,float32,1x224x224x3,builtin_cpu,none,none_builtin,,2,1,7,measured,99,341.297000,4.343000,226.673828125,337.0703125,85.0,charging,false,0,,,43.4,FLAG_KEEP_SCREEN_ON,no_load_injected_background_apps_unverified,
2026-08-22T12:13:03.893530Z,1.2.0,realme_RMX3760_api35,1.2.0+3,release,mobilenet_v3_small_full_int8,7eb4e5feb3ad6a7ffe9c7d81f9f7b78d520a334323c091aaddccb8859c84991b,mobilenet_v3_small,full_int8,int8,int8,1x224x224x3,xnnpack_cpu,xnnpack,xnnpack_initialized_partition_unverified,Bad state: failed precondition,4,1,8,configuration_error,-1,,0.000000,227.416015625,338.26953125,85.0,charging,false,0,,,43.4,FLAG_KEEP_SCREEN_ON,no_load_injected_background_apps_unverified,Bad state: failed precondition
2026-08-22T12:13:12.322062Z,1.2.0,realme_RMX3760_api35,1.2.0+3,release,mobilenet_v2_float32,bec15e3963d46e241acd9c906831107e97b4c00b81c895257a4321545dcd738d,mobilenet_v2,float32,float32,float32,1x224x224x3,xnnpack_cpu,xnnpack,xnnpack_initialized_partition_unverified,,2,1,9,measured,0,378.294000,22.359000,250.533203125,361.4609375,85.0,charging,false,0,,,43.4,FLAG_KEEP_SCREEN_ON,no_load_injected_background_apps_unverified,
2026-08-22T12:13:12.776230Z,1.2.0,realme_RMX3760_api35,1.2.0+3,release,mobilenet_v2_float32,bec15e3963d46e241acd9c906831107e97b4c00b81c895257a4321545dcd738d,mobilenet_v2,float32,float32,float32,1x224x224x3,xnnpack_cpu,xnnpack,xnnpack_initialized_partition_unverified,,2,1,9,measured,1,394.611000,22.359000,250.642578125,361.5390625,85.0,charging,false,0,,,43.4,FLAG_KEEP_SCREEN_ON,no_load_injected_background_apps_unverified,
2026-08-22T12:13:13.219233Z,1.2.0,realme_RMX3760_api35,1.2.0+3,release,mobilenet_v2_float32,bec15e3963d46e241acd9c906831107e97b4c00b81c895257a4321545dcd738d,mobilenet_v2,float32,float32,float32,1x224x224x3,xnnpack_cpu,xnnpack,xnnpack_initialized_partition_unverified,,2,1,9,measured,2,384.973000,22.359000,251.193359375,362.05078125,85.0,charging,false,0,,,43.4,FLAG_KEEP_SCREEN_ON,no_load_injected_background_apps_unverified,
2026-08-22T12:13:13.665930Z,1.2.0,realme_RMX3760_api35,1.2.0+3,release,mobilenet_v2_float32,bec15e3963d46e241acd9c906831107e97b4c00b81c895257a4321545dcd738d,mobilenet_v2,float32,float32,float32,1x224x224x3,xnnpack_cpu,xnnpack,xnnpack_initialized_partition_unverified,,2,1,9,measured,3,388.143000,22.359000,250.560546875,361.48046875,85.0,charging,false,0,,,43.4,FLAG_KEEP_SCREEN_ON,no_load_injected_background_apps_unverified,
2026-08-22T12:13:14.098058Z,1.2.0,realme_RMX3760_api35,1.2.0+3,release,mobilenet_v2_float32,bec15e3963d46e241acd9c906831107e97b4c00b81c895257a4321545dcd738d,mobilenet_v2,float32,float32,float32,1x224x224x3,xnnpack_cpu,xnnpack,xnnpack_initialized_partition_unverified,,2,1,9,measured,4,374.007000,22.359000,250.740234375,361.640625,85.0,charging,false,0,,,43.4,FLAG_KEEP_SCREEN_ON,no_load_injected_background_apps_unverified,
2026-08-22T12:13:14.541905Z,1.2.0,realme_RMX3760_api35,1.2.0+3,release,mobilenet_v2_float32,bec15e3963d46e241acd9c906831107e97b4c00b81c895257a4321545dcd738d,mobilenet_v2,float32,float32,float32,1x224x224x3,xnnpack_cpu,xnnpack,xnnpack_initialized_partition_unverified,,2,1,9,measured,5,385.274000,22.359000,250.662109375,361.52734375,85.0,charging,false,0,,,43.4,FLAG_KEEP_SCREEN_ON,no_load_injected_background_apps_unverified,
2026-08-22T12:13:14.989040Z,1.2.0,realme_RMX3760_api35,1.2.0+3,release,mobilenet_v2_float32,bec15e3963d46e241acd9c906831107e97b4c00b81c895257a4321545dcd738d,mobilenet_v2,float32,float32,float32,1x224x224x3,xnnpack_cpu,xnnpack,xnnpack_initialized_partition_unverified,,2,1,9,measured,6,388.039000,22.359000,250.716796875,361.609375,85.0,charging,false,0,,,43.4,FLAG_KEEP_SCREEN_ON,no_load_injected_background_apps_unverified,
2026-08-22T12:13:15.421743Z,1.2.0,realme_RMX3760_api35,1.2.0+3,release,mobilenet_v2_float32,bec15e3963d46e241acd9c906831107e97b4c00b81c895257a4321545dcd738d,mobilenet_v2,float32,float32,float32,1x224x224x3,xnnpack_cpu,xnnpack,xnnpack_initialized_partition_unverified,,2,1,9,measured,7,373.631000,22.359000,254.259765625,365.1796875,85.0,charging,false,0,,,43.4,FLAG_KEEP_SCREEN_ON,no_load_injected_background_apps_unverified,
2026-08-22T12:13:15.885308Z,1.2.0,realme_RMX3760_api35,1.2.0+3,release,mobilenet_v2_float32,bec15e3963d46e241acd9c906831107e97b4c00b81c895257a4321545dcd738d,mobilenet_v2,float32,float32,float32,1x224x224x3,xnnpack_cpu,xnnpack,xnnpack_initialized_partition_unverified,,2,1,9,measured,8,404.519000,22.359000,250.767578125,361.6640625,85.0,charging,false,0,,,43.4,FLAG_KEEP_SCREEN_ON,no_load_injected_background_apps_unverified,
2026-08-22T12:13:16.353408Z,1.2.0,realme_RMX3760_api35,1.2.0+3,release,mobilenet_v2_float32,bec15e3963d46e241acd9c906831107e97b4c00b81c895257a4321545dcd738d,mobilenet_v2,float32,float32,float32,1x224x224x3,xnnpack_cpu,xnnpack,xnnpack_initialized_partition_unverified,,2,1,9,measured,9,409.218000,22.359000,250.294921875,361.21875,85.0,charging,false,0,,,43.4,FLAG_KEEP_SCREEN_ON,no_load_injected_background_apps_unverified,
2026-08-22T12:13:16.809198Z,1.2.0,realme_RMX3760_api35,1.2.0+3,release,mobilenet_v2_float32,bec15e3963d46e241acd9c906831107e97b4c00b81c895257a4321545dcd738d,mobilenet_v2,float32,float32,float32,1x224x224x3,xnnpack_cpu,xnnpack,xnnpack_initialized_partition_unverified,,2,1,9,measured,10,396.684000,22.359000,251.373046875,362.28515625,85.0,charging,false,0,,,43.4,FLAG_KEEP_SCREEN_ON,no_load_injected_background_apps_unverified,
2026-08-22T12:13:17.252221Z,1.2.0,realme_RMX3760_api35,1.2.0+3,release,mobilenet_v2_float32,bec15e3963d46e241acd9c906831107e97b4c00b81c895257a4321545dcd738d,mobilenet_v2,float32,float32,float32,1x224x224x3,xnnpack_cpu,xnnpack,xnnpack_initialized_partition_unverified,,2,1,9,measured,11,383.449000,22.359000,250.892578125,361.81640625,85.0,charging,false,0,,,43.4,FLAG_KEEP_SCREEN_ON,no_load_injected_background_apps_unverified,
2026-08-22T12:13:17.712730Z,1.2.0,realme_RMX3760_api35,1.2.0+3,release,mobilenet_v2_float32,bec15e3963d46e241acd9c906831107e97b4c00b81c895257a4321545dcd738d,mobilenet_v2,float32,float32,float32,1x224x224x3,xnnpack_cpu,xnnpack,xnnpack_initialized_partition_unverified,,2,1,9,measured,12,400.019000,22.359000,251.275390625,362.171875,85.0,charging,false,0,,,43.4,FLAG_KEEP_SCREEN_ON,no_load_injected_background_apps_unverified,
2026-08-22T12:13:18.241119Z,1.2.0,realme_RMX3760_api35,1.2.0+3,release,mobilenet_v2_float32,bec15e3963d46e241acd9c906831107e97b4c00b81c895257a4321545dcd738d,mobilenet_v2,float32,float32,float32,1x224x224x3,xnnpack_cpu,xnnpack,xnnpack_initialized_partition_unverified,,2,1,9,measured,13,469.219000,22.359000,251.376953125,362.37890625,85.0,charging,false,0,,,43.4,FLAG_KEEP_SCREEN_ON,no_load_injected_background_apps_unverified,
2026-08-22T12:13:18.692908Z,1.2.0,realme_RMX3760_api35,1.2.0+3,release,mobilenet_v2_float32,bec15e3963d46e241acd9c906831107e97b4c00b81c895257a4321545dcd738d,mobilenet_v2,float32,float32,float32,1x224x224x3,xnnpack_cpu,xnnpack,xnnpack_initialized_partition_unverified,,2,1,9,measured,14,392.361000,22.359000,251.240234375,362.03515625,85.0,charging,false,0,,,43.4,FLAG_KEEP_SCREEN_ON,no_load_injected_background_apps_unverified,
2026-08-22T12:13:19.152445Z,1.2.0,realme_RMX3760_api35,1.2.0+3,release,mobilenet_v2_float32,bec15e3963d46e241acd9c906831107e97b4c00b81c895257a4321545dcd738d,mobilenet_v2,float32,float32,float32,1x224x224x3,xnnpack_cpu,xnnpack,xnnpack_initialized_partition_unverified,,2,1,9,measured,15,399.827000,22.359000,250.427734375,361.45703125,85.0,charging,false,0,,,43.4,FLAG_KEEP_SCREEN_ON,no_load_injected_background_apps_unverified,
2026-08-22T12:13:19.597957Z,1.2.0,realme_RMX3760_api35,1.2.0+3,release,mobilenet_v2_float32,bec15e3963d46e241acd9c906831107e97b4c00b81c895257a4321545dcd738d,mobilenet_v2,float32,float32,float32,1x224x224x3,xnnpack_cpu,xnnpack,xnnpack_initialized_partition_unverified,,2,1,9,measured,16,386.603000,22.359000,250.228515625,361.25390625,85.0,charging,false,0,,,43.4,FLAG_KEEP_SCREEN_ON,no_load_injected_background_apps_unverified,
2026-08-22T12:13:20.140486Z,1.2.0,realme_RMX3760_api35,1.2.0+3,release,mobilenet_v2_float32,bec15e3963d46e241acd9c906831107e97b4c00b81c895257a4321545dcd738d,mobilenet_v2,float32,float32,float32,1x224x224x3,xnnpack_cpu,xnnpack,xnnpack_initialized_partition_unverified,,2,1,9,measured,17,482.446000,22.359000,254.484375,365.51953125,85.0,charging,false,0,,,43.4,FLAG_KEEP_SCREEN_ON,no_load_injected_background_apps_unverified,
2026-08-22T12:13:20.583892Z,1.2.0,realme_RMX3760_api35,1.2.0+3,release,mobilenet_v2_float32,bec15e3963d46e241acd9c906831107e97b4c00b81c895257a4321545dcd738d,mobilenet_v2,float32,float32,float32,1x224x224x3,xnnpack_cpu,xnnpack,xnnpack_initialized_partition_unverified,,2,1,9,measured,18,383.230000,22.359000,251.513671875,362.5234375,85.0,charging,false,0,,,43.4,FLAG_KEEP_SCREEN_ON,no_load_injected_background_apps_unverified,
2026-08-22T12:13:21.048646Z,1.2.0,realme_RMX3760_api35,1.2.0+3,release,mobilenet_v2_float32,bec15e3963d46e241acd9c906831107e97b4c00b81c895257a4321545dcd738d,mobilenet_v2,float32,float32,float32,1x224x224x3,xnnpack_cpu,xnnpack,xnnpack_initialized_partition_unverified,,2,1,9,measured,19,404.913000,22.359000,251.080078125,362.109375,85.0,charging,false,0,,,43.4,FLAG_KEEP_SCREEN_ON,no_load_injected_background_apps_unverified,
2026-08-22T12:13:21.505176Z,1.2.0,realme_RMX3760_api35,1.2.0+3,release,mobilenet_v2_float32,bec15e3963d46e241acd9c906831107e97b4c00b81c895257a4321545dcd738d,mobilenet_v2,float32,float32,float32,1x224x224x3,xnnpack_cpu,xnnpack,xnnpack_initialized_partition_unverified,,2,1,9,measured,20,397.674000,22.359000,251.107421875,362.109375,85.0,charging,false,0,,,43.4,FLAG_KEEP_SCREEN_ON,no_load_injected_background_apps_unverified,
2026-08-22T12:13:21.965721Z,1.2.0,realme_RMX3760_api35,1.2.0+3,release,mobilenet_v2_float32,bec15e3963d46e241acd9c906831107e97b4c00b81c895257a4321545dcd738d,mobilenet_v2,float32,float32,float32,1x224x224x3,xnnpack_cpu,xnnpack,xnnpack_initialized_partition_unverified,,2,1,9,measured,21,401.587000,22.359000,250.533203125,361.55859375,85.0,charging,false,0,,,43.4,FLAG_KEEP_SCREEN_ON,no_load_injected_background_apps_unverified,
2026-08-22T12:13:22.407824Z,1.2.0,realme_RMX3760_api35,1.2.0+3,release,mobilenet_v2_float32,bec15e3963d46e241acd9c906831107e97b4c00b81c895257a4321545dcd738d,mobilenet_v2,float32,float32,float32,1x224x224x3,xnnpack_cpu,xnnpack,xnnpack_initialized_partition_unverified,,2,1,9,measured,22,381.916000,22.359000,251.095703125,362.08203125,85.0,charging,false,0,,,43.4,FLAG_KEEP_SCREEN_ON,no_load_injected_background_apps_unverified,
2026-08-22T12:13:22.861116Z,1.2.0,realme_RMX3760_api35,1.2.0+3,release,mobilenet_v2_float32,bec15e3963d46e241acd9c906831107e97b4c00b81c895257a4321545dcd738d,mobilenet_v2,float32,float32,float32,1x224x224x3,xnnpack_cpu,xnnpack,xnnpack_initialized_partition_unverified,,2,1,9,measured,23,394.538000,22.359000,251.111328125,362.0390625,85.0,charging,false,0,,,43.4,FLAG_KEEP_SCREEN_ON,no_load_injected_background_apps_unverified,
2026-08-22T12:13:23.309084Z,1.2.0,realme_RMX3760_api35,1.2.0+3,release,mobilenet_v2_float32,bec15e3963d46e241acd9c906831107e97b4c00b81c895257a4321545dcd738d,mobilenet_v2,float32,float32,float32,1x224x224x3,xnnpack_cpu,xnnpack,xnnpack_initialized_partition_unverified,,2,1,9,measured,24,388.902000,22.359000,251.134765625,362.09765625,85.0,charging,false,0,,,43.4,FLAG_KEEP_SCREEN_ON,no_load_injected_background_apps_unverified,
2026-08-22T12:13:23.766057Z,1.2.0,realme_RMX3760_api35,1.2.0+3,release,mobilenet_v2_float32,bec15e3963d46e241acd9c906831107e97b4c00b81c895257a4321545dcd738d,mobilenet_v2,float32,float32,float32,1x224x224x3,xnnpack_cpu,xnnpack,xnnpack_initialized_partition_unverified,,2,1,9,measured,25,396.676000,22.359000,251.197265625,362.1328125,85.0,charging,false,0,,,43.4,FLAG_KEEP_SCREEN_ON,no_load_injected_background_apps_unverified,
2026-08-22T12:13:24.227866Z,1.2.0,realme_RMX3760_api35,1.2.0+3,release,mobilenet_v2_float32,bec15e3963d46e241acd9c906831107e97b4c00b81c895257a4321545dcd738d,mobilenet_v2,float32,float32,float32,1x224x224x3,xnnpack_cpu,xnnpack,xnnpack_initialized_partition_unverified,,2,1,9,measured,26,402.094000,22.359000,251.224609375,362.13671875,85.0,charging,false,0,,,43.4,FLAG_KEEP_SCREEN_ON,no_load_injected_background_apps_unverified,
2026-08-22T12:13:24.665191Z,1.2.0,realme_RMX3760_api35,1.2.0+3,release,mobilenet_v2_float32,bec15e3963d46e241acd9c906831107e97b4c00b81c895257a4321545dcd738d,mobilenet_v2,float32,float32,float32,1x224x224x3,xnnpack_cpu,xnnpack,xnnpack_initialized_partition_unverified,,2,1,9,measured,27,377.780000,22.359000,255.244140625,366.2734375,85.0,charging,false,0,,,43.4,FLAG_KEEP_SCREEN_ON,no_load_injected_background_apps_unverified,
2026-08-22T12:13:25.121189Z,1.2.0,realme_RMX3760_api35,1.2.0+3,release,mobilenet_v2_float32,bec15e3963d46e241acd9c906831107e97b4c00b81c895257a4321545dcd738d,mobilenet_v2,float32,float32,float32,1x224x224x3,xnnpack_cpu,xnnpack,xnnpack_initialized_partition_unverified,,2,1,9,measured,28,397.160000,22.359000,251.232421875,362.25,85.0,charging,false,0,,,43.4,FLAG_KEEP_SCREEN_ON,no_load_injected_background_apps_unverified,
2026-08-22T12:13:25.560199Z,1.2.0,realme_RMX3760_api35,1.2.0+3,release,mobilenet_v2_float32,bec15e3963d46e241acd9c906831107e97b4c00b81c895257a4321545dcd738d,mobilenet_v2,float32,float32,float32,1x224x224x3,xnnpack_cpu,xnnpack,xnnpack_initialized_partition_unverified,,2,1,9,measured,29,378.973000,22.359000,251.283203125,362.3046875,85.0,charging,false,0,,,43.4,FLAG_KEEP_SCREEN_ON,no_load_injected_background_apps_unverified,
2026-08-22T12:13:26.021251Z,1.2.0,realme_RMX3760_api35,1.2.0+3,release,mobilenet_v2_float32,bec15e3963d46e241acd9c906831107e97b4c00b81c895257a4321545dcd738d,mobilenet_v2,float32,float32,float32,1x224x224x3,xnnpack_cpu,xnnpack,xnnpack_initialized_partition_unverified,,2,1,9,measured,30,402.369000,22.359000,251.748046875,362.71875,85.0,charging,false,0,,,43.4,FLAG_KEEP_SCREEN_ON,no_load_injected_background_apps_unverified,
2026-08-22T12:13:26.471998Z,1.2.0,realme_RMX3760_api35,1.2.0+3,release,mobilenet_v2_float32,bec15e3963d46e241acd9c906831107e97b4c00b81c895257a4321545dcd738d,mobilenet_v2,float32,float32,float32,1x224x224x3,xnnpack_cpu,xnnpack,xnnpack_initialized_partition_unverified,,2,1,9,measured,31,390.929000,22.359000,251.833984375,362.85546875,85.0,charging,false,0,,,43.4,FLAG_KEEP_SCREEN_ON,no_load_injected_background_apps_unverified,
2026-08-22T12:13:26.930452Z,1.2.0,realme_RMX3760_api35,1.2.0+3,release,mobilenet_v2_float32,bec15e3963d46e241acd9c906831107e97b4c00b81c895257a4321545dcd738d,mobilenet_v2,float32,float32,float32,1x224x224x3,xnnpack_cpu,xnnpack,xnnpack_initialized_partition_unverified,,2,1,9,measured,32,400.121000,22.359000,251.287109375,362.29296875,85.0,charging,false,0,,,43.4,FLAG_KEEP_SCREEN_ON,no_load_injected_background_apps_unverified,
2026-08-22T12:13:27.377813Z,1.2.0,realme_RMX3760_api35,1.2.0+3,release,mobilenet_v2_float32,bec15e3963d46e241acd9c906831107e97b4c00b81c895257a4321545dcd738d,mobilenet_v2,float32,float32,float32,1x224x224x3,xnnpack_cpu,xnnpack,xnnpack_initialized_partition_unverified,,2,1,9,measured,33,387.444000,22.359000,251.365234375,362.38671875,85.0,charging,false,0,,,43.4,FLAG_KEEP_SCREEN_ON,no_load_injected_background_apps_unverified,
2026-08-22T12:13:27.822007Z,1.2.0,realme_RMX3760_api35,1.2.0+3,release,mobilenet_v2_float32,bec15e3963d46e241acd9c906831107e97b4c00b81c895257a4321545dcd738d,mobilenet_v2,float32,float32,float32,1x224x224x3,xnnpack_cpu,xnnpack,xnnpack_initialized_partition_unverified,,2,1,9,measured,34,385.573000,22.359000,251.384765625,362.40234375,85.0,charging,false,0,,,43.4,FLAG_KEEP_SCREEN_ON,no_load_injected_background_apps_unverified,
2026-08-22T12:13:28.281521Z,1.2.0,realme_RMX3760_api35,1.2.0+3,release,mobilenet_v2_float32,bec15e3963d46e241acd9c906831107e97b4c00b81c895257a4321545dcd738d,mobilenet_v2,float32,float32,float32,1x224x224x3,xnnpack_cpu,xnnpack,xnnpack_initialized_partition_unverified,,2,1,9,measured,35,400.829000,22.359000,251.404296875,362.40625,85.0,charging,false,0,,,43.4,FLAG_KEEP_SCREEN_ON,no_load_injected_background_apps_unverified,
2026-08-22T12:13:28.737772Z,1.2.0,realme_RMX3760_api35,1.2.0+3,release,mobilenet_v2_float32,bec15e3963d46e241acd9c906831107e97b4c00b81c895257a4321545dcd738d,mobilenet_v2,float32,float32,float32,1x224x224x3,xnnpack_cpu,xnnpack,xnnpack_initialized_partition_unverified,,2,1,9,measured,36,396.685000,22.359000,250.935546875,361.94921875,85.0,charging,false,0,,,43.4,FLAG_KEEP_SCREEN_ON,no_load_injected_background_apps_unverified,
2026-08-22T12:13:29.201663Z,1.2.0,realme_RMX3760_api35,1.2.0+3,release,mobilenet_v2_float32,bec15e3963d46e241acd9c906831107e97b4c00b81c895257a4321545dcd738d,mobilenet_v2,float32,float32,float32,1x224x224x3,xnnpack_cpu,xnnpack,xnnpack_initialized_partition_unverified,,2,1,9,measured,37,405.089000,22.359000,251.396484375,362.37890625,85.0,charging,false,0,,,43.4,FLAG_KEEP_SCREEN_ON,no_load_injected_background_apps_unverified,
2026-08-22T12:13:29.660996Z,1.2.0,realme_RMX3760_api35,1.2.0+3,release,mobilenet_v2_float32,bec15e3963d46e241acd9c906831107e97b4c00b81c895257a4321545dcd738d,mobilenet_v2,float32,float32,float32,1x224x224x3,xnnpack_cpu,xnnpack,xnnpack_initialized_partition_unverified,,2,1,9,measured,38,399.919000,22.359000,251.201171875,362.05859375,85.0,charging,false,0,,,43.4,FLAG_KEEP_SCREEN_ON,no_load_injected_background_apps_unverified,
2026-08-22T12:13:30.097872Z,1.2.0,realme_RMX3760_api35,1.2.0+3,release,mobilenet_v2_float32,bec15e3963d46e241acd9c906831107e97b4c00b81c895257a4321545dcd738d,mobilenet_v2,float32,float32,float32,1x224x224x3,xnnpack_cpu,xnnpack,xnnpack_initialized_partition_unverified,,2,1,9,measured,39,378.121000,22.359000,252.017578125,362.8515625,85.0,charging,false,0,,,43.4,FLAG_KEEP_SCREEN_ON,no_load_injected_background_apps_unverified,
2026-08-22T12:13:30.549547Z,1.2.0,realme_RMX3760_api35,1.2.0+3,release,mobilenet_v2_float32,bec15e3963d46e241acd9c906831107e97b4c00b81c895257a4321545dcd738d,mobilenet_v2,float32,float32,float32,1x224x224x3,xnnpack_cpu,xnnpack,xnnpack_initialized_partition_unverified,,2,1,9,measured,40,392.642000,22.359000,251.044921875,362.01953125,85.0,charging,false,0,,,43.4,FLAG_KEEP_SCREEN_ON,no_load_injected_background_apps_unverified,
2026-08-22T12:13:30.999900Z,1.2.0,realme_RMX3760_api35,1.2.0+3,release,mobilenet_v2_float32,bec15e3963d46e241acd9c906831107e97b4c00b81c895257a4321545dcd738d,mobilenet_v2,float32,float32,float32,1x224x224x3,xnnpack_cpu,xnnpack,xnnpack_initialized_partition_unverified,,2,1,9,measured,41,390.424000,22.359000,250.908203125,361.8671875,85.0,charging,false,0,,,43.4,FLAG_KEEP_SCREEN_ON,no_load_injected_background_apps_unverified,
2026-08-22T12:13:31.433686Z,1.2.0,realme_RMX3760_api35,1.2.0+3,release,mobilenet_v2_float32,bec15e3963d46e241acd9c906831107e97b4c00b81c895257a4321545dcd738d,mobilenet_v2,float32,float32,float32,1x224x224x3,xnnpack_cpu,xnnpack,xnnpack_initialized_partition_unverified,,2,1,9,measured,42,374.775000,22.359000,255.658203125,366.57421875,85.0,charging,false,0,,,43.4,FLAG_KEEP_SCREEN_ON,no_load_injected_background_apps_unverified,
2026-08-22T12:13:31.902330Z,1.2.0,realme_RMX3760_api35,1.2.0+3,release,mobilenet_v2_float32,bec15e3963d46e241acd9c906831107e97b4c00b81c895257a4321545dcd738d,mobilenet_v2,float32,float32,float32,1x224x224x3,xnnpack_cpu,xnnpack,xnnpack_initialized_partition_unverified,,2,1,9,measured,43,404.879000,22.359000,251.623046875,362.60546875,85.0,charging,false,0,,,43.4,FLAG_KEEP_SCREEN_ON,no_load_injected_background_apps_unverified,
2026-08-22T12:13:32.387175Z,1.2.0,realme_RMX3760_api35,1.2.0+3,release,mobilenet_v2_float32,bec15e3963d46e241acd9c906831107e97b4c00b81c895257a4321545dcd738d,mobilenet_v2,float32,float32,float32,1x224x224x3,xnnpack_cpu,xnnpack,xnnpack_initialized_partition_unverified,,2,1,9,measured,44,425.755000,22.359000,251.6923828125,362.64453125,85.0,charging,false,0,,,43.4,FLAG_KEEP_SCREEN_ON,no_load_injected_background_apps_unverified,
2026-08-22T12:13:32.848563Z,1.2.0,realme_RMX3760_api35,1.2.0+3,release,mobilenet_v2_float32,bec15e3963d46e241acd9c906831107e97b4c00b81c895257a4321545dcd738d,mobilenet_v2,float32,float32,float32,1x224x224x3,xnnpack_cpu,xnnpack,xnnpack_initialized_partition_unverified,,2,1,9,measured,45,401.117000,22.359000,251.2119140625,362.1953125,85.0,charging,false,0,,,43.4,FLAG_KEEP_SCREEN_ON,no_load_injected_background_apps_unverified,
2026-08-22T12:13:33.300106Z,1.2.0,realme_RMX3760_api35,1.2.0+3,release,mobilenet_v2_float32,bec15e3963d46e241acd9c906831107e97b4c00b81c895257a4321545dcd738d,mobilenet_v2,float32,float32,float32,1x224x224x3,xnnpack_cpu,xnnpack,xnnpack_initialized_partition_unverified,,2,1,9,measured,46,391.630000,22.359000,251.7509765625,362.734375,85.0,charging,false,0,,,43.4,FLAG_KEEP_SCREEN_ON,no_load_injected_background_apps_unverified,
2026-08-22T12:13:33.732145Z,1.2.0,realme_RMX3760_api35,1.2.0+3,release,mobilenet_v2_float32,bec15e3963d46e241acd9c906831107e97b4c00b81c895257a4321545dcd738d,mobilenet_v2,float32,float32,float32,1x224x224x3,xnnpack_cpu,xnnpack,xnnpack_initialized_partition_unverified,,2,1,9,measured,47,372.452000,22.359000,255.7822265625,366.73828125,85.0,charging,false,0,,,43.4,FLAG_KEEP_SCREEN_ON,no_load_injected_background_apps_unverified,
2026-08-22T12:13:34.193134Z,1.2.0,realme_RMX3760_api35,1.2.0+3,release,mobilenet_v2_float32,bec15e3963d46e241acd9c906831107e97b4c00b81c895257a4321545dcd738d,mobilenet_v2,float32,float32,float32,1x224x224x3,xnnpack_cpu,xnnpack,xnnpack_initialized_partition_unverified,,2,1,9,measured,48,401.989000,22.359000,252.3017578125,363.2578125,85.0,charging,false,0,,,43.4,FLAG_KEEP_SCREEN_ON,no_load_injected_background_apps_unverified,
2026-08-22T12:13:34.629343Z,1.2.0,realme_RMX3760_api35,1.2.0+3,release,mobilenet_v2_float32,bec15e3963d46e241acd9c906831107e97b4c00b81c895257a4321545dcd738d,mobilenet_v2,float32,float32,float32,1x224x224x3,xnnpack_cpu,xnnpack,xnnpack_initialized_partition_unverified,,2,1,9,measured,49,377.226000,22.359000,255.8291015625,366.8125,85.0,charging,false,0,,,43.4,FLAG_KEEP_SCREEN_ON,no_load_injected_background_apps_unverified,
2026-08-22T12:13:35.096652Z,1.2.0,realme_RMX3760_api35,1.2.0+3,release,mobilenet_v2_float32,bec15e3963d46e241acd9c906831107e97b4c00b81c895257a4321545dcd738d,mobilenet_v2,float32,float32,float32,1x224x224x3,xnnpack_cpu,xnnpack,xnnpack_initialized_partition_unverified,,2,1,9,measured,50,407.964000,22.359000,252.3486328125,363.3046875,85.0,charging,false,0,,,43.4,FLAG_KEEP_SCREEN_ON,no_load_injected_background_apps_unverified,
2026-08-22T12:13:35.548598Z,1.2.0,realme_RMX3760_api35,1.2.0+3,release,mobilenet_v2_float32,bec15e3963d46e241acd9c906831107e97b4c00b81c895257a4321545dcd738d,mobilenet_v2,float32,float32,float32,1x224x224x3,xnnpack_cpu,xnnpack,xnnpack_initialized_partition_unverified,,2,1,9,measured,51,392.056000,22.359000,251.7666015625,362.74609375,85.0,charging,false,0,,,43.4,FLAG_KEEP_SCREEN_ON,no_load_injected_background_apps_unverified,
2026-08-22T12:13:35.999105Z,1.2.0,realme_RMX3760_api35,1.2.0+3,release,mobilenet_v2_float32,bec15e3963d46e241acd9c906831107e97b4c00b81c895257a4321545dcd738d,mobilenet_v2,float32,float32,float32,1x224x224x3,xnnpack_cpu,xnnpack,xnnpack_initialized_partition_unverified,,2,1,9,measured,52,392.412000,22.359000,252.3291015625,363.26953125,85.0,charging,false,0,,,43.4,FLAG_KEEP_SCREEN_ON,no_load_injected_background_apps_unverified,
2026-08-22T12:13:36.441445Z,1.2.0,realme_RMX3760_api35,1.2.0+3,release,mobilenet_v2_float32,bec15e3963d46e241acd9c906831107e97b4c00b81c895257a4321545dcd738d,mobilenet_v2,float32,float32,float32,1x224x224x3,xnnpack_cpu,xnnpack,xnnpack_initialized_partition_unverified,,2,1,9,measured,53,383.415000,22.359000,255.3525390625,366.32421875,85.0,charging,false,0,,,43.4,FLAG_KEEP_SCREEN_ON,no_load_injected_background_apps_unverified,
2026-08-22T12:13:36.904352Z,1.2.0,realme_RMX3760_api35,1.2.0+3,release,mobilenet_v2_float32,bec15e3963d46e241acd9c906831107e97b4c00b81c895257a4321545dcd738d,mobilenet_v2,float32,float32,float32,1x224x224x3,xnnpack_cpu,xnnpack,xnnpack_initialized_partition_unverified,,2,1,9,measured,54,402.959000,22.359000,251.8681640625,362.8125,85.0,charging,false,0,,,43.4,FLAG_KEEP_SCREEN_ON,no_load_injected_background_apps_unverified,
2026-08-22T12:13:37.357905Z,1.2.0,realme_RMX3760_api35,1.2.0+3,release,mobilenet_v2_float32,bec15e3963d46e241acd9c906831107e97b4c00b81c895257a4321545dcd738d,mobilenet_v2,float32,float32,float32,1x224x224x3,xnnpack_cpu,xnnpack,xnnpack_initialized_partition_unverified,,2,1,9,measured,55,395.010000,22.359000,251.8916015625,362.8125,85.0,charging,false,0,,,43.4,FLAG_KEEP_SCREEN_ON,no_load_injected_background_apps_unverified,
2026-08-22T12:13:37.806815Z,1.2.0,realme_RMX3760_api35,1.2.0+3,release,mobilenet_v2_float32,bec15e3963d46e241acd9c906831107e97b4c00b81c895257a4321545dcd738d,mobilenet_v2,float32,float32,float32,1x224x224x3,xnnpack_cpu,xnnpack,xnnpack_initialized_partition_unverified,,2,1,9,measured,56,389.593000,22.359000,251.9189453125,362.8125,85.0,charging,false,0,,,43.4,FLAG_KEEP_SCREEN_ON,no_load_injected_background_apps_unverified,
2026-08-22T12:13:38.256236Z,1.2.0,realme_RMX3760_api35,1.2.0+3,release,mobilenet_v2_float32,bec15e3963d46e241acd9c906831107e97b4c00b81c895257a4321545dcd738d,mobilenet_v2,float32,float32,float32,1x224x224x3,xnnpack_cpu,xnnpack,xnnpack_initialized_partition_unverified,,2,1,9,measured,57,389.239000,22.359000,251.6376953125,362.5,85.0,charging,false,0,,,43.4,FLAG_KEEP_SCREEN_ON,no_load_injected_background_apps_unverified,
2026-08-22T12:13:38.723767Z,1.2.0,realme_RMX3760_api35,1.2.0+3,release,mobilenet_v2_float32,bec15e3963d46e241acd9c906831107e97b4c00b81c895257a4321545dcd738d,mobilenet_v2,float32,float32,float32,1x224x224x3,xnnpack_cpu,xnnpack,xnnpack_initialized_partition_unverified,,2,1,9,measured,58,407.395000,22.359000,252.5048828125,363.22265625,85.0,charging,false,0,,,43.4,FLAG_KEEP_SCREEN_ON,no_load_injected_background_apps_unverified,
2026-08-22T12:13:39.184954Z,1.2.0,realme_RMX3760_api35,1.2.0+3,release,mobilenet_v2_float32,bec15e3963d46e241acd9c906831107e97b4c00b81c895257a4321545dcd738d,mobilenet_v2,float32,float32,float32,1x224x224x3,xnnpack_cpu,xnnpack,xnnpack_initialized_partition_unverified,,2,1,9,measured,59,401.490000,22.359000,252.0244140625,362.9921875,85.0,charging,false,0,,,43.4,FLAG_KEEP_SCREEN_ON,no_load_injected_background_apps_unverified,
2026-08-22T12:13:39.637495Z,1.2.0,realme_RMX3760_api35,1.2.0+3,release,mobilenet_v2_float32,bec15e3963d46e241acd9c906831107e97b4c00b81c895257a4321545dcd738d,mobilenet_v2,float32,float32,float32,1x224x224x3,xnnpack_cpu,xnnpack,xnnpack_initialized_partition_unverified,,2,1,9,measured,60,393.174000,22.359000,252.0517578125,362.9921875,85.0,charging,false,0,,,43.4,FLAG_KEEP_SCREEN_ON,no_load_injected_background_apps_unverified,
2026-08-22T12:13:40.104523Z,1.2.0,realme_RMX3760_api35,1.2.0+3,release,mobilenet_v2_float32,bec15e3963d46e241acd9c906831107e97b4c00b81c895257a4321545dcd738d,mobilenet_v2,float32,float32,float32,1x224x224x3,xnnpack_cpu,xnnpack,xnnpack_initialized_partition_unverified,,2,1,9,measured,61,406.780000,22.359000,252.0712890625,362.984375,85.0,charging,false,0,,,43.4,FLAG_KEEP_SCREEN_ON,no_load_injected_background_apps_unverified,
2026-08-22T12:13:40.572929Z,1.2.0,realme_RMX3760_api35,1.2.0+3,release,mobilenet_v2_float32,bec15e3963d46e241acd9c906831107e97b4c00b81c895257a4321545dcd738d,mobilenet_v2,float32,float32,float32,1x224x224x3,xnnpack_cpu,xnnpack,xnnpack_initialized_partition_unverified,,2,1,9,measured,62,408.045000,22.359000,252.0595703125,362.85546875,85.0,charging,false,0,,,43.4,FLAG_KEEP_SCREEN_ON,no_load_injected_background_apps_unverified,
2026-08-22T12:13:41.064713Z,1.2.0,realme_RMX3760_api35,1.2.0+3,release,mobilenet_v2_float32,bec15e3963d46e241acd9c906831107e97b4c00b81c895257a4321545dcd738d,mobilenet_v2,float32,float32,float32,1x224x224x3,xnnpack_cpu,xnnpack,xnnpack_initialized_partition_unverified,,2,1,9,measured,63,431.107000,22.359000,251.5712890625,362.53125,85.0,charging,false,0,,,43.4,FLAG_KEEP_SCREEN_ON,no_load_injected_background_apps_unverified,
2026-08-22T12:13:41.524608Z,1.2.0,realme_RMX3760_api35,1.2.0+3,release,mobilenet_v2_float32,bec15e3963d46e241acd9c906831107e97b4c00b81c895257a4321545dcd738d,mobilenet_v2,float32,float32,float32,1x224x224x3,xnnpack_cpu,xnnpack,xnnpack_initialized_partition_unverified,,2,1,9,measured,64,399.827000,22.359000,252.0009765625,362.953125,85.0,charging,false,0,,,43.4,FLAG_KEEP_SCREEN_ON,no_load_injected_background_apps_unverified,
2026-08-22T12:13:41.988492Z,1.2.0,realme_RMX3760_api35,1.2.0+3,release,mobilenet_v2_float32,bec15e3963d46e241acd9c906831107e97b4c00b81c895257a4321545dcd738d,mobilenet_v2,float32,float32,float32,1x224x224x3,xnnpack_cpu,xnnpack,xnnpack_initialized_partition_unverified,,2,1,9,measured,65,404.210000,22.359000,251.6572265625,362.609375,85.0,charging,false,0,,,43.4,FLAG_KEEP_SCREEN_ON,no_load_injected_background_apps_unverified,
2026-08-22T12:13:42.441998Z,1.2.0,realme_RMX3760_api35,1.2.0+3,release,mobilenet_v2_float32,bec15e3963d46e241acd9c906831107e97b4c00b81c895257a4321545dcd738d,mobilenet_v2,float32,float32,float32,1x224x224x3,xnnpack_cpu,xnnpack,xnnpack_initialized_partition_unverified,,2,1,9,measured,66,394.904000,22.359000,252.1884765625,363.11328125,85.0,charging,false,0,,,43.4,FLAG_KEEP_SCREEN_ON,no_load_injected_background_apps_unverified,
2026-08-22T12:13:42.901851Z,1.2.0,realme_RMX3760_api35,1.2.0+3,release,mobilenet_v2_float32,bec15e3963d46e241acd9c906831107e97b4c00b81c895257a4321545dcd738d,mobilenet_v2,float32,float32,float32,1x224x224x3,xnnpack_cpu,xnnpack,xnnpack_initialized_partition_unverified,,2,1,9,measured,67,401.044000,22.359000,251.7080078125,362.66796875,85.0,charging,false,0,,,43.4,FLAG_KEEP_SCREEN_ON,no_load_injected_background_apps_unverified,
2026-08-22T12:13:43.353339Z,1.2.0,realme_RMX3760_api35,1.2.0+3,release,mobilenet_v2_float32,bec15e3963d46e241acd9c906831107e97b4c00b81c895257a4321545dcd738d,mobilenet_v2,float32,float32,float32,1x224x224x3,xnnpack_cpu,xnnpack,xnnpack_initialized_partition_unverified,,2,1,9,measured,68,392.565000,22.359000,252.7314453125,363.6328125,85.0,charging,false,0,,,43.4,FLAG_KEEP_SCREEN_ON,no_load_injected_background_apps_unverified,
2026-08-22T12:13:43.808886Z,1.2.0,realme_RMX3760_api35,1.2.0+3,release,mobilenet_v2_float32,bec15e3963d46e241acd9c906831107e97b4c00b81c895257a4321545dcd738d,mobilenet_v2,float32,float32,float32,1x224x224x3,xnnpack_cpu,xnnpack,xnnpack_initialized_partition_unverified,,2,1,9,measured,69,395.827000,22.359000,252.7509765625,363.6796875,85.0,charging,false,0,,,43.4,FLAG_KEEP_SCREEN_ON,no_load_injected_background_apps_unverified,
2026-08-22T12:13:44.256809Z,1.2.0,realme_RMX3760_api35,1.2.0+3,release,mobilenet_v2_float32,bec15e3963d46e241acd9c906831107e97b4c00b81c895257a4321545dcd738d,mobilenet_v2,float32,float32,float32,1x224x224x3,xnnpack_cpu,xnnpack,xnnpack_initialized_partition_unverified,,2,1,9,measured,70,381.937000,22.359000,252.7705078125,363.6875,85.0,charging,false,0,,,43.4,FLAG_KEEP_SCREEN_ON,no_load_injected_background_apps_unverified,
2026-08-22T12:13:44.713657Z,1.2.0,realme_RMX3760_api35,1.2.0+3,release,mobilenet_v2_float32,bec15e3963d46e241acd9c906831107e97b4c00b81c895257a4321545dcd738d,mobilenet_v2,float32,float32,float32,1x224x224x3,xnnpack_cpu,xnnpack,xnnpack_initialized_partition_unverified,,2,1,9,measured,71,398.128000,22.359000,252.6728515625,363.59375,85.0,charging,false,0,,,43.4,FLAG_KEEP_SCREEN_ON,no_load_injected_background_apps_unverified,
2026-08-22T12:13:45.175694Z,1.2.0,realme_RMX3760_api35,1.2.0+3,release,mobilenet_v2_float32,bec15e3963d46e241acd9c906831107e97b4c00b81c895257a4321545dcd738d,mobilenet_v2,float32,float32,float32,1x224x224x3,xnnpack_cpu,xnnpack,xnnpack_initialized_partition_unverified,,2,1,9,measured,72,402.009000,22.359000,252.2197265625,363.14453125,85.0,charging,false,0,,,43.4,FLAG_KEEP_SCREEN_ON,no_load_injected_background_apps_unverified,
2026-08-22T12:13:45.605659Z,1.2.0,realme_RMX3760_api35,1.2.0+3,release,mobilenet_v2_float32,bec15e3963d46e241acd9c906831107e97b4c00b81c895257a4321545dcd738d,mobilenet_v2,float32,float32,float32,1x224x224x3,xnnpack_cpu,xnnpack,xnnpack_initialized_partition_unverified,,2,1,9,measured,73,370.708000,22.359000,252.7080078125,363.5703125,85.0,charging,false,0,,,43.5,FLAG_KEEP_SCREEN_ON,no_load_injected_background_apps_unverified,
2026-08-22T12:13:46.045771Z,1.2.0,realme_RMX3760_api35,1.2.0+3,release,mobilenet_v2_float32,bec15e3963d46e241acd9c906831107e97b4c00b81c895257a4321545dcd738d,mobilenet_v2,float32,float32,float32,1x224x224x3,xnnpack_cpu,xnnpack,xnnpack_initialized_partition_unverified,,2,1,9,measured,74,380.936000,22.359000,251.8291015625,362.76953125,85.0,charging,false,0,,,43.5,FLAG_KEEP_SCREEN_ON,no_load_injected_background_apps_unverified,
2026-08-22T12:13:46.500327Z,1.2.0,realme_RMX3760_api35,1.2.0+3,release,mobilenet_v2_float32,bec15e3963d46e241acd9c906831107e97b4c00b81c895257a4321545dcd738d,mobilenet_v2,float32,float32,float32,1x224x224x3,xnnpack_cpu,xnnpack,xnnpack_initialized_partition_unverified,,2,1,9,measured,75,395.162000,22.359000,252.3525390625,363.28125,85.0,charging,false,0,,,43.5,FLAG_KEEP_SCREEN_ON,no_load_injected_background_apps_unverified,
2026-08-22T12:13:46.953040Z,1.2.0,realme_RMX3760_api35,1.2.0+3,release,mobilenet_v2_float32,bec15e3963d46e241acd9c906831107e97b4c00b81c895257a4321545dcd738d,mobilenet_v2,float32,float32,float32,1x224x224x3,xnnpack_cpu,xnnpack,xnnpack_initialized_partition_unverified,,2,1,9,measured,76,393.712000,22.359000,251.8837890625,362.65625,85.0,charging,false,0,,,43.5,FLAG_KEEP_SCREEN_ON,no_load_injected_background_apps_unverified,
2026-08-22T12:13:47.389300Z,1.2.0,realme_RMX3760_api35,1.2.0+3,release,mobilenet_v2_float32,bec15e3963d46e241acd9c906831107e97b4c00b81c895257a4321545dcd738d,mobilenet_v2,float32,float32,float32,1x224x224x3,xnnpack_cpu,xnnpack,xnnpack_initialized_partition_unverified,,2,1,9,measured,77,377.079000,22.359000,252.4189453125,363.19921875,85.0,charging,false,0,,,43.5,FLAG_KEEP_SCREEN_ON,no_load_injected_background_apps_unverified,
2026-08-22T12:13:47.839893Z,1.2.0,realme_RMX3760_api35,1.2.0+3,release,mobilenet_v2_float32,bec15e3963d46e241acd9c906831107e97b4c00b81c895257a4321545dcd738d,mobilenet_v2,float32,float32,float32,1x224x224x3,xnnpack_cpu,xnnpack,xnnpack_initialized_partition_unverified,,2,1,9,measured,78,390.741000,22.359000,252.3564453125,363.05859375,85.0,charging,false,0,,,43.5,FLAG_KEEP_SCREEN_ON,no_load_injected_background_apps_unverified,
2026-08-22T12:13:48.289873Z,1.2.0,realme_RMX3760_api35,1.2.0+3,release,mobilenet_v2_float32,bec15e3963d46e241acd9c906831107e97b4c00b81c895257a4321545dcd738d,mobilenet_v2,float32,float32,float32,1x224x224x3,xnnpack_cpu,xnnpack,xnnpack_initialized_partition_unverified,,2,1,9,measured,79,391.391000,22.359000,252.4775390625,363.42578125,85.0,charging,false,0,,,43.5,FLAG_KEEP_SCREEN_ON,no_load_injected_background_apps_unverified,
2026-08-22T12:13:48.740029Z,1.2.0,realme_RMX3760_api35,1.2.0+3,release,mobilenet_v2_float32,bec15e3963d46e241acd9c906831107e97b4c00b81c895257a4321545dcd738d,mobilenet_v2,float32,float32,float32,1x224x224x3,xnnpack_cpu,xnnpack,xnnpack_initialized_partition_unverified,,2,1,9,measured,80,390.104000,22.359000,252.9970703125,363.921875,85.0,charging,false,0,,,43.5,FLAG_KEEP_SCREEN_ON,no_load_injected_background_apps_unverified,
2026-08-22T12:13:49.188707Z,1.2.0,realme_RMX3760_api35,1.2.0+3,release,mobilenet_v2_float32,bec15e3963d46e241acd9c906831107e97b4c00b81c895257a4321545dcd738d,mobilenet_v2,float32,float32,float32,1x224x224x3,xnnpack_cpu,xnnpack,xnnpack_initialized_partition_unverified,,2,1,9,measured,81,389.253000,22.359000,253.0166015625,363.796875,85.0,charging,false,0,,,43.5,FLAG_KEEP_SCREEN_ON,no_load_injected_background_apps_unverified,
2026-08-22T12:13:49.639541Z,1.2.0,realme_RMX3760_api35,1.2.0+3,release,mobilenet_v2_float32,bec15e3963d46e241acd9c906831107e97b4c00b81c895257a4321545dcd738d,mobilenet_v2,float32,float32,float32,1x224x224x3,xnnpack_cpu,xnnpack,xnnpack_initialized_partition_unverified,,2,1,9,measured,82,390.649000,22.359000,252.5478515625,363.4765625,85.0,charging,false,0,,,43.5,FLAG_KEEP_SCREEN_ON,no_load_injected_background_apps_unverified,
2026-08-22T12:13:50.096225Z,1.2.0,realme_RMX3760_api35,1.2.0+3,release,mobilenet_v2_float32,bec15e3963d46e241acd9c906831107e97b4c00b81c895257a4321545dcd738d,mobilenet_v2,float32,float32,float32,1x224x224x3,xnnpack_cpu,xnnpack,xnnpack_initialized_partition_unverified,,2,1,9,measured,83,396.614000,22.359000,252.5673828125,363.48046875,85.0,charging,false,0,,,43.5,FLAG_KEEP_SCREEN_ON,no_load_injected_background_apps_unverified,
2026-08-22T12:13:50.565444Z,1.2.0,realme_RMX3760_api35,1.2.0+3,release,mobilenet_v2_float32,bec15e3963d46e241acd9c906831107e97b4c00b81c895257a4321545dcd738d,mobilenet_v2,float32,float32,float32,1x224x224x3,xnnpack_cpu,xnnpack,xnnpack_initialized_partition_unverified,,2,1,9,measured,84,410.205000,22.359000,251.8251953125,362.7109375,85.0,charging,false,0,,,43.5,FLAG_KEEP_SCREEN_ON,no_load_injected_background_apps_unverified,
2026-08-22T12:13:51.012149Z,1.2.0,realme_RMX3760_api35,1.2.0+3,release,mobilenet_v2_float32,bec15e3963d46e241acd9c906831107e97b4c00b81c895257a4321545dcd738d,mobilenet_v2,float32,float32,float32,1x224x224x3,xnnpack_cpu,xnnpack,xnnpack_initialized_partition_unverified,,2,1,9,measured,85,386.707000,22.359000,253.1064453125,363.859375,85.0,charging,false,0,,,43.5,FLAG_KEEP_SCREEN_ON,no_load_injected_background_apps_unverified,
2026-08-22T12:13:51.469415Z,1.2.0,realme_RMX3760_api35,1.2.0+3,release,mobilenet_v2_float32,bec15e3963d46e241acd9c906831107e97b4c00b81c895257a4321545dcd738d,mobilenet_v2,float32,float32,float32,1x224x224x3,xnnpack_cpu,xnnpack,xnnpack_initialized_partition_unverified,,2,1,9,measured,86,398.313000,22.359000,252.6337890625,363.57421875,85.0,charging,false,0,,,43.5,FLAG_KEEP_SCREEN_ON,no_load_injected_background_apps_unverified,
2026-08-22T12:13:51.901219Z,1.2.0,realme_RMX3760_api35,1.2.0+3,release,mobilenet_v2_float32,bec15e3963d46e241acd9c906831107e97b4c00b81c895257a4321545dcd738d,mobilenet_v2,float32,float32,float32,1x224x224x3,xnnpack_cpu,xnnpack,xnnpack_initialized_partition_unverified,,2,1,9,measured,87,371.916000,22.359000,252.0634765625,363.00390625,85.0,charging,false,0,,,43.5,FLAG_KEEP_SCREEN_ON,no_load_injected_background_apps_unverified,
2026-08-22T12:13:52.346598Z,1.2.0,realme_RMX3760_api35,1.2.0+3,release,mobilenet_v2_float32,bec15e3963d46e241acd9c906831107e97b4c00b81c895257a4321545dcd738d,mobilenet_v2,float32,float32,float32,1x224x224x3,xnnpack_cpu,xnnpack,xnnpack_initialized_partition_unverified,,2,1,9,measured,88,379.703000,22.359000,252.6376953125,363.3828125,85.0,charging,false,0,,,43.5,FLAG_KEEP_SCREEN_ON,no_load_injected_background_apps_unverified,
2026-08-22T12:13:52.880870Z,1.2.0,realme_RMX3760_api35,1.2.0+3,release,mobilenet_v2_float32,bec15e3963d46e241acd9c906831107e97b4c00b81c895257a4321545dcd738d,mobilenet_v2,float32,float32,float32,1x224x224x3,xnnpack_cpu,xnnpack,xnnpack_initialized_partition_unverified,,2,1,9,measured,89,474.975000,22.359000,252.2001953125,362.9765625,85.0,charging,false,0,,,43.5,FLAG_KEEP_SCREEN_ON,no_load_injected_background_apps_unverified,
2026-08-22T12:13:53.336188Z,1.2.0,realme_RMX3760_api35,1.2.0+3,release,mobilenet_v2_float32,bec15e3963d46e241acd9c906831107e97b4c00b81c895257a4321545dcd738d,mobilenet_v2,float32,float32,float32,1x224x224x3,xnnpack_cpu,xnnpack,xnnpack_initialized_partition_unverified,,2,1,9,measured,90,395.141000,22.359000,252.7236328125,363.4765625,85.0,charging,false,0,,,43.5,FLAG_KEEP_SCREEN_ON,no_load_injected_background_apps_unverified,
2026-08-22T12:13:53.785855Z,1.2.0,realme_RMX3760_api35,1.2.0+3,release,mobilenet_v2_float32,bec15e3963d46e241acd9c906831107e97b4c00b81c895257a4321545dcd738d,mobilenet_v2,float32,float32,float32,1x224x224x3,xnnpack_cpu,xnnpack,xnnpack_initialized_partition_unverified,,2,1,9,measured,91,390.559000,22.359000,252.2470703125,363.0390625,85.0,charging,false,0,,,43.5,FLAG_KEEP_SCREEN_ON,no_load_injected_background_apps_unverified,
2026-08-22T12:13:54.243216Z,1.2.0,realme_RMX3760_api35,1.2.0+3,release,mobilenet_v2_float32,bec15e3963d46e241acd9c906831107e97b4c00b81c895257a4321545dcd738d,mobilenet_v2,float32,float32,float32,1x224x224x3,xnnpack_cpu,xnnpack,xnnpack_initialized_partition_unverified,,2,1,9,measured,92,399.560000,22.359000,252.7705078125,363.51953125,85.0,charging,false,0,,,43.5,FLAG_KEEP_SCREEN_ON,no_load_injected_background_apps_unverified,
2026-08-22T12:13:54.691185Z,1.2.0,realme_RMX3760_api35,1.2.0+3,release,mobilenet_v2_float32,bec15e3963d46e241acd9c906831107e97b4c00b81c895257a4321545dcd738d,mobilenet_v2,float32,float32,float32,1x224x224x3,xnnpack_cpu,xnnpack,xnnpack_initialized_partition_unverified,,2,1,9,measured,93,389.116000,22.359000,253.2900390625,364.05078125,85.0,charging,false,0,,,43.5,FLAG_KEEP_SCREEN_ON,no_load_injected_background_apps_unverified,
2026-08-22T12:13:55.145717Z,1.2.0,realme_RMX3760_api35,1.2.0+3,release,mobilenet_v2_float32,bec15e3963d46e241acd9c906831107e97b4c00b81c895257a4321545dcd738d,mobilenet_v2,float32,float32,float32,1x224x224x3,xnnpack_cpu,xnnpack,xnnpack_initialized_partition_unverified,,2,1,9,measured,94,395.862000,22.359000,252.3095703125,363.2421875,85.0,charging,false,0,,,43.5,FLAG_KEEP_SCREEN_ON,no_load_injected_background_apps_unverified,
2026-08-22T12:13:55.580500Z,1.2.0,realme_RMX3760_api35,1.2.0+3,release,mobilenet_v2_float32,bec15e3963d46e241acd9c906831107e97b4c00b81c895257a4321545dcd738d,mobilenet_v2,float32,float32,float32,1x224x224x3,xnnpack_cpu,xnnpack,xnnpack_initialized_partition_unverified,,2,1,9,measured,95,375.084000,22.359000,252.8408203125,363.6015625,85.0,charging,false,0,,,43.5,FLAG_KEEP_SCREEN_ON,no_load_injected_background_apps_unverified,
2026-08-22T12:13:56.049513Z,1.2.0,realme_RMX3760_api35,1.2.0+3,release,mobilenet_v2_float32,bec15e3963d46e241acd9c906831107e97b4c00b81c895257a4321545dcd738d,mobilenet_v2,float32,float32,float32,1x224x224x3,xnnpack_cpu,xnnpack,xnnpack_initialized_partition_unverified,,2,1,9,measured,96,408.898000,22.359000,253.3291015625,364.2734375,85.0,charging,false,0,,,43.5,FLAG_KEEP_SCREEN_ON,no_load_injected_background_apps_unverified,
2026-08-22T12:13:56.704558Z,1.2.0,realme_RMX3760_api35,1.2.0+3,release,mobilenet_v2_float32,bec15e3963d46e241acd9c906831107e97b4c00b81c895257a4321545dcd738d,mobilenet_v2,float32,float32,float32,1x224x224x3,xnnpack_cpu,xnnpack,xnnpack_initialized_partition_unverified,,2,1,9,measured,97,579.383000,22.359000,253.3798828125,364.30078125,85.0,charging,false,0,,,43.6,FLAG_KEEP_SCREEN_ON,no_load_injected_background_apps_unverified,
2026-08-22T12:13:57.167791Z,1.2.0,realme_RMX3760_api35,1.2.0+3,release,mobilenet_v2_float32,bec15e3963d46e241acd9c906831107e97b4c00b81c895257a4321545dcd738d,mobilenet_v2,float32,float32,float32,1x224x224x3,xnnpack_cpu,xnnpack,xnnpack_initialized_partition_unverified,,2,1,9,measured,98,403.080000,22.359000,252.8662109375,363.18359375,85.0,charging,false,0,,,43.6,FLAG_KEEP_SCREEN_ON,no_load_injected_background_apps_unverified,
2026-08-22T12:13:57.617507Z,1.2.0,realme_RMX3760_api35,1.2.0+3,release,mobilenet_v2_float32,bec15e3963d46e241acd9c906831107e97b4c00b81c895257a4321545dcd738d,mobilenet_v2,float32,float32,float32,1x224x224x3,xnnpack_cpu,xnnpack,xnnpack_initialized_partition_unverified,,2,1,9,measured,99,390.711000,22.359000,253.4013671875,363.828125,85.0,charging,false,0,,,43.6,FLAG_KEEP_SCREEN_ON,no_load_injected_background_apps_unverified,
2026-08-22T12:14:05.965646Z,1.2.0,realme_RMX3760_api35,1.2.0+3,release,mobilenet_v2_dynamic_int8,97e33bb8b77f611d54bdce32a39c325b54b8d1d0b5a6d401adea5c5bbb182b8f,mobilenet_v2,dynamic_int8,float32,float32,1x224x224x3,builtin_cpu,none,none_builtin,,1,1,10,measured,0,373.734000,3.160000,250.4541015625,360.8984375,85.0,charging,false,0,,,43.6,FLAG_KEEP_SCREEN_ON,no_load_injected_background_apps_unverified,
2026-08-22T12:14:06.396508Z,1.2.0,realme_RMX3760_api35,1.2.0+3,release,mobilenet_v2_dynamic_int8,97e33bb8b77f611d54bdce32a39c325b54b8d1d0b5a6d401adea5c5bbb182b8f,mobilenet_v2,dynamic_int8,float32,float32,1x224x224x3,builtin_cpu,none,none_builtin,,1,1,10,measured,1,372.094000,3.160000,250.9033203125,361.29296875,85.0,charging,false,0,,,43.6,FLAG_KEEP_SCREEN_ON,no_load_injected_background_apps_unverified,
2026-08-22T12:14:06.871574Z,1.2.0,realme_RMX3760_api35,1.2.0+3,release,mobilenet_v2_dynamic_int8,97e33bb8b77f611d54bdce32a39c325b54b8d1d0b5a6d401adea5c5bbb182b8f,mobilenet_v2,dynamic_int8,float32,float32,1x224x224x3,builtin_cpu,none,none_builtin,,1,1,10,measured,2,415.276000,3.160000,250.4853515625,360.921875,85.0,charging,false,0,,,43.6,FLAG_KEEP_SCREEN_ON,no_load_injected_background_apps_unverified,
2026-08-22T12:14:07.355768Z,1.2.0,realme_RMX3760_api35,1.2.0+3,release,mobilenet_v2_dynamic_int8,97e33bb8b77f611d54bdce32a39c325b54b8d1d0b5a6d401adea5c5bbb182b8f,mobilenet_v2,dynamic_int8,float32,float32,1x224x224x3,builtin_cpu,none,none_builtin,,1,1,10,measured,3,421.771000,3.160000,250.9775390625,361.21875,85.0,charging,false,0,,,43.7,FLAG_KEEP_SCREEN_ON,no_load_injected_background_apps_unverified,
2026-08-22T12:14:07.834163Z,1.2.0,realme_RMX3760_api35,1.2.0+3,release,mobilenet_v2_dynamic_int8,97e33bb8b77f611d54bdce32a39c325b54b8d1d0b5a6d401adea5c5bbb182b8f,mobilenet_v2,dynamic_int8,float32,float32,1x224x224x3,builtin_cpu,none,none_builtin,,1,1,10,measured,4,415.219000,3.160000,251.0908203125,361.44921875,85.0,charging,false,0,,,43.7,FLAG_KEEP_SCREEN_ON,no_load_injected_background_apps_unverified,
2026-08-22T12:14:08.310827Z,1.2.0,realme_RMX3760_api35,1.2.0+3,release,mobilenet_v2_dynamic_int8,97e33bb8b77f611d54bdce32a39c325b54b8d1d0b5a6d401adea5c5bbb182b8f,mobilenet_v2,dynamic_int8,float32,float32,1x224x224x3,builtin_cpu,none,none_builtin,,1,1,10,measured,5,417.053000,3.160000,250.9541015625,361.24609375,85.0,charging,false,0,,,43.7,FLAG_KEEP_SCREEN_ON,no_load_injected_background_apps_unverified,
2026-08-22T12:14:08.745762Z,1.2.0,realme_RMX3760_api35,1.2.0+3,release,mobilenet_v2_dynamic_int8,97e33bb8b77f611d54bdce32a39c325b54b8d1d0b5a6d401adea5c5bbb182b8f,mobilenet_v2,dynamic_int8,float32,float32,1x224x224x3,builtin_cpu,none,none_builtin,,1,1,10,measured,6,375.965000,3.160000,251.0283203125,361.35546875,85.0,charging,false,0,,,43.7,FLAG_KEEP_SCREEN_ON,no_load_injected_background_apps_unverified,
2026-08-22T12:14:09.208122Z,1.2.0,realme_RMX3760_api35,1.2.0+3,release,mobilenet_v2_dynamic_int8,97e33bb8b77f611d54bdce32a39c325b54b8d1d0b5a6d401adea5c5bbb182b8f,mobilenet_v2,dynamic_int8,float32,float32,1x224x224x3,builtin_cpu,none,none_builtin,,1,1,10,measured,7,402.529000,3.160000,250.4384765625,360.74609375,85.0,charging,false,0,,,43.7,FLAG_KEEP_SCREEN_ON,no_load_injected_background_apps_unverified,
2026-08-22T12:14:09.664041Z,1.2.0,realme_RMX3760_api35,1.2.0+3,release,mobilenet_v2_dynamic_int8,97e33bb8b77f611d54bdce32a39c325b54b8d1d0b5a6d401adea5c5bbb182b8f,mobilenet_v2,dynamic_int8,float32,float32,1x224x224x3,builtin_cpu,none,none_builtin,,1,1,10,measured,8,395.585000,3.160000,251.1064453125,361.38671875,85.0,charging,false,0,,,43.7,FLAG_KEEP_SCREEN_ON,no_load_injected_background_apps_unverified,
2026-08-22T12:14:10.128599Z,1.2.0,realme_RMX3760_api35,1.2.0+3,release,mobilenet_v2_dynamic_int8,97e33bb8b77f611d54bdce32a39c325b54b8d1d0b5a6d401adea5c5bbb182b8f,mobilenet_v2,dynamic_int8,float32,float32,1x224x224x3,builtin_cpu,none,none_builtin,,1,1,10,measured,9,405.237000,3.160000,250.6298828125,361.06640625,85.0,charging,false,0,,,43.7,FLAG_KEEP_SCREEN_ON,no_load_injected_background_apps_unverified,
2026-08-22T12:14:10.587307Z,1.2.0,realme_RMX3760_api35,1.2.0+3,release,mobilenet_v2_dynamic_int8,97e33bb8b77f611d54bdce32a39c325b54b8d1d0b5a6d401adea5c5bbb182b8f,mobilenet_v2,dynamic_int8,float32,float32,1x224x224x3,builtin_cpu,none,none_builtin,,1,1,10,measured,10,399.390000,3.160000,251.1494140625,361.5625,85.0,charging,false,0,,,43.7,FLAG_KEEP_SCREEN_ON,no_load_injected_background_apps_unverified,
2026-08-22T12:14:11.017543Z,1.2.0,realme_RMX3760_api35,1.2.0+3,release,mobilenet_v2_dynamic_int8,97e33bb8b77f611d54bdce32a39c325b54b8d1d0b5a6d401adea5c5bbb182b8f,mobilenet_v2,dynamic_int8,float32,float32,1x224x224x3,builtin_cpu,none,none_builtin,,1,1,10,measured,11,371.330000,3.160000,251.2041015625,361.5859375,85.0,charging,false,0,,,43.7,FLAG_KEEP_SCREEN_ON,no_load_injected_background_apps_unverified,
2026-08-22T12:14:11.468545Z,1.2.0,realme_RMX3760_api35,1.2.0+3,release,mobilenet_v2_dynamic_int8,97e33bb8b77f611d54bdce32a39c325b54b8d1d0b5a6d401adea5c5bbb182b8f,mobilenet_v2,dynamic_int8,float32,float32,1x224x224x3,builtin_cpu,none,none_builtin,,1,1,10,measured,12,392.119000,3.160000,251.2197265625,361.484375,85.0,charging,false,0,,,43.7,FLAG_KEEP_SCREEN_ON,no_load_injected_background_apps_unverified,
2026-08-22T12:14:11.905201Z,1.2.0,realme_RMX3760_api35,1.2.0+3,release,mobilenet_v2_dynamic_int8,97e33bb8b77f611d54bdce32a39c325b54b8d1d0b5a6d401adea5c5bbb182b8f,mobilenet_v2,dynamic_int8,float32,float32,1x224x224x3,builtin_cpu,none,none_builtin,,1,1,10,measured,13,378.602000,3.160000,251.2548828125,361.6015625,85.0,charging,false,0,,,43.7,FLAG_KEEP_SCREEN_ON,no_load_injected_background_apps_unverified,
2026-08-22T12:14:12.329396Z,1.2.0,realme_RMX3760_api35,1.2.0+3,release,mobilenet_v2_dynamic_int8,97e33bb8b77f611d54bdce32a39c325b54b8d1d0b5a6d401adea5c5bbb182b8f,mobilenet_v2,dynamic_int8,float32,float32,1x224x224x3,builtin_cpu,none,none_builtin,,1,1,10,measured,14,365.948000,3.160000,250.5595703125,360.9921875,85.0,charging,false,0,,,43.7,FLAG_KEEP_SCREEN_ON,no_load_injected_background_apps_unverified,
2026-08-22T12:14:12.753293Z,1.2.0,realme_RMX3760_api35,1.2.0+3,release,mobilenet_v2_dynamic_int8,97e33bb8b77f611d54bdce32a39c325b54b8d1d0b5a6d401adea5c5bbb182b8f,mobilenet_v2,dynamic_int8,float32,float32,1x224x224x3,builtin_cpu,none,none_builtin,,1,1,10,measured,15,365.727000,3.160000,251.3095703125,361.66796875,85.0,charging,false,0,,,43.7,FLAG_KEEP_SCREEN_ON,no_load_injected_background_apps_unverified,
2026-08-22T12:14:13.189145Z,1.2.0,realme_RMX3760_api35,1.2.0+3,release,mobilenet_v2_dynamic_int8,97e33bb8b77f611d54bdce32a39c325b54b8d1d0b5a6d401adea5c5bbb182b8f,mobilenet_v2,dynamic_int8,float32,float32,1x224x224x3,builtin_cpu,none,none_builtin,,1,1,10,measured,16,377.572000,3.160000,251.3291015625,361.72265625,85.0,charging,false,0,,,43.7,FLAG_KEEP_SCREEN_ON,no_load_injected_background_apps_unverified,
2026-08-22T12:14:13.639832Z,1.2.0,realme_RMX3760_api35,1.2.0+3,release,mobilenet_v2_dynamic_int8,97e33bb8b77f611d54bdce32a39c325b54b8d1d0b5a6d401adea5c5bbb182b8f,mobilenet_v2,dynamic_int8,float32,float32,1x224x224x3,builtin_cpu,none,none_builtin,,1,1,10,measured,17,391.858000,3.160000,251.2626953125,361.69921875,85.0,charging,false,0,,,43.7,FLAG_KEEP_SCREEN_ON,no_load_injected_background_apps_unverified,
2026-08-22T12:14:14.089434Z,1.2.0,realme_RMX3760_api35,1.2.0+3,release,mobilenet_v2_dynamic_int8,97e33bb8b77f611d54bdce32a39c325b54b8d1d0b5a6d401adea5c5bbb182b8f,mobilenet_v2,dynamic_int8,float32,float32,1x224x224x3,builtin_cpu,none,none_builtin,,1,1,10,measured,18,391.437000,3.160000,251.8095703125,362.2109375,85.0,charging,false,0,,,43.7,FLAG_KEEP_SCREEN_ON,no_load_injected_background_apps_unverified,
2026-08-22T12:14:14.540870Z,1.2.0,realme_RMX3760_api35,1.2.0+3,release,mobilenet_v2_dynamic_int8,97e33bb8b77f611d54bdce32a39c325b54b8d1d0b5a6d401adea5c5bbb182b8f,mobilenet_v2,dynamic_int8,float32,float32,1x224x224x3,builtin_cpu,none,none_builtin,,1,1,10,measured,19,393.031000,3.160000,250.8916015625,361.32421875,85.0,charging,false,0,,,43.7,FLAG_KEEP_SCREEN_ON,no_load_injected_background_apps_unverified,
2026-08-22T12:14:14.987857Z,1.2.0,realme_RMX3760_api35,1.2.0+3,release,mobilenet_v2_dynamic_int8,97e33bb8b77f611d54bdce32a39c325b54b8d1d0b5a6d401adea5c5bbb182b8f,mobilenet_v2,dynamic_int8,float32,float32,1x224x224x3,builtin_cpu,none,none_builtin,,1,1,10,measured,20,387.959000,3.160000,251.3994140625,361.8046875,85.0,charging,false,0,,,43.7,FLAG_KEEP_SCREEN_ON,no_load_injected_background_apps_unverified,
2026-08-22T12:14:15.444057Z,1.2.0,realme_RMX3760_api35,1.2.0+3,release,mobilenet_v2_dynamic_int8,97e33bb8b77f611d54bdce32a39c325b54b8d1d0b5a6d401adea5c5bbb182b8f,mobilenet_v2,dynamic_int8,float32,float32,1x224x224x3,builtin_cpu,none,none_builtin,,1,1,10,measured,21,396.921000,3.160000,251.2119140625,361.41796875,85.0,charging,false,0,,,43.7,FLAG_KEEP_SCREEN_ON,no_load_injected_background_apps_unverified,
2026-08-22T12:14:15.899710Z,1.2.0,realme_RMX3760_api35,1.2.0+3,release,mobilenet_v2_dynamic_int8,97e33bb8b77f611d54bdce32a39c325b54b8d1d0b5a6d401adea5c5bbb182b8f,mobilenet_v2,dynamic_int8,float32,float32,1x224x224x3,builtin_cpu,none,none_builtin,,1,1,10,measured,22,396.079000,3.160000,251.4189453125,361.7578125,85.0,charging,false,0,,,43.7,FLAG_KEEP_SCREEN_ON,no_load_injected_background_apps_unverified,
2026-08-22T12:14:16.351520Z,1.2.0,realme_RMX3760_api35,1.2.0+3,release,mobilenet_v2_dynamic_int8,97e33bb8b77f611d54bdce32a39c325b54b8d1d0b5a6d401adea5c5bbb182b8f,mobilenet_v2,dynamic_int8,float32,float32,1x224x224x3,builtin_cpu,none,none_builtin,,1,1,10,measured,23,392.574000,3.160000,250.7041015625,361.01171875,85.0,charging,false,0,,,43.7,FLAG_KEEP_SCREEN_ON,no_load_injected_background_apps_unverified,
2026-08-22T12:14:16.808602Z,1.2.0,realme_RMX3760_api35,1.2.0+3,release,mobilenet_v2_dynamic_int8,97e33bb8b77f611d54bdce32a39c325b54b8d1d0b5a6d401adea5c5bbb182b8f,mobilenet_v2,dynamic_int8,float32,float32,1x224x224x3,builtin_cpu,none,none_builtin,,1,1,10,measured,24,398.166000,3.160000,252.0283203125,362.328125,85.0,charging,false,0,,,43.7,FLAG_KEEP_SCREEN_ON,no_load_injected_background_apps_unverified,
2026-08-22T12:14:17.268155Z,1.2.0,realme_RMX3760_api35,1.2.0+3,release,mobilenet_v2_dynamic_int8,97e33bb8b77f611d54bdce32a39c325b54b8d1d0b5a6d401adea5c5bbb182b8f,mobilenet_v2,dynamic_int8,float32,float32,1x224x224x3,builtin_cpu,none,none_builtin,,1,1,10,measured,25,400.746000,3.160000,251.5478515625,361.828125,85.0,charging,false,0,,,43.7,FLAG_KEEP_SCREEN_ON,no_load_injected_background_apps_unverified,
2026-08-22T12:14:17.717348Z,1.2.0,realme_RMX3760_api35,1.2.0+3,release,mobilenet_v2_dynamic_int8,97e33bb8b77f611d54bdce32a39c325b54b8d1d0b5a6d401adea5c5bbb182b8f,mobilenet_v2,dynamic_int8,float32,float32,1x224x224x3,builtin_cpu,none,none_builtin,,1,1,10,measured,26,391.058000,3.160000,251.0751953125,361.5,85.0,charging,false,0,,,43.8,FLAG_KEEP_SCREEN_ON,no_load_injected_background_apps_unverified,
2026-08-22T12:14:18.164484Z,1.2.0,realme_RMX3760_api35,1.2.0+3,release,mobilenet_v2_dynamic_int8,97e33bb8b77f611d54bdce32a39c325b54b8d1d0b5a6d401adea5c5bbb182b8f,mobilenet_v2,dynamic_int8,float32,float32,1x224x224x3,builtin_cpu,none,none_builtin,,1,1,10,measured,27,388.853000,3.160000,251.5947265625,362.00390625,85.0,charging,false,0,,,43.8,FLAG_KEEP_SCREEN_ON,no_load_injected_background_apps_unverified,
2026-08-22T12:14:18.623581Z,1.2.0,realme_RMX3760_api35,1.2.0+3,release,mobilenet_v2_dynamic_int8,97e33bb8b77f611d54bdce32a39c325b54b8d1d0b5a6d401adea5c5bbb182b8f,mobilenet_v2,dynamic_int8,float32,float32,1x224x224x3,builtin_cpu,none,none_builtin,,1,1,10,measured,28,399.635000,3.160000,250.9970703125,361.42578125,85.0,charging,false,0,,,43.8,FLAG_KEEP_SCREEN_ON,no_load_injected_background_apps_unverified,
2026-08-22T12:14:19.064863Z,1.2.0,realme_RMX3760_api35,1.2.0+3,release,mobilenet_v2_dynamic_int8,97e33bb8b77f611d54bdce32a39c325b54b8d1d0b5a6d401adea5c5bbb182b8f,mobilenet_v2,dynamic_int8,float32,float32,1x224x224x3,builtin_cpu,none,none_builtin,,1,1,10,measured,29,382.421000,3.160000,251.5244140625,361.94140625,85.0,charging,false,0,,,43.8,FLAG_KEEP_SCREEN_ON,no_load_injected_background_apps_unverified,
2026-08-22T12:14:19.497246Z,1.2.0,realme_RMX3760_api35,1.2.0+3,release,mobilenet_v2_dynamic_int8,97e33bb8b77f611d54bdce32a39c325b54b8d1d0b5a6d401adea5c5bbb182b8f,mobilenet_v2,dynamic_int8,float32,float32,1x224x224x3,builtin_cpu,none,none_builtin,,1,1,10,measured,30,374.121000,3.160000,251.0576171875,361.4921875,85.0,charging,false,0,,,43.8,FLAG_KEEP_SCREEN_ON,no_load_injected_background_apps_unverified,
2026-08-22T12:14:19.922602Z,1.2.0,realme_RMX3760_api35,1.2.0+3,release,mobilenet_v2_dynamic_int8,97e33bb8b77f611d54bdce32a39c325b54b8d1d0b5a6d401adea5c5bbb182b8f,mobilenet_v2,dynamic_int8,float32,float32,1x224x224x3,builtin_cpu,none,none_builtin,,1,1,10,measured,31,367.635000,3.160000,251.6669921875,362.08203125,85.0,charging,false,0,,,43.8,FLAG_KEEP_SCREEN_ON,no_load_injected_background_apps_unverified,
2026-08-22T12:14:20.360733Z,1.2.0,realme_RMX3760_api35,1.2.0+3,release,mobilenet_v2_dynamic_int8,97e33bb8b77f611d54bdce32a39c325b54b8d1d0b5a6d401adea5c5bbb182b8f,mobilenet_v2,dynamic_int8,float32,float32,1x224x224x3,builtin_cpu,none,none_builtin,,1,1,10,measured,32,379.634000,3.160000,250.9951171875,361.38671875,85.0,charging,false,0,,,43.8,FLAG_KEEP_SCREEN_ON,no_load_injected_background_apps_unverified,
2026-08-22T12:14:20.816540Z,1.2.0,realme_RMX3760_api35,1.2.0+3,release,mobilenet_v2_dynamic_int8,97e33bb8b77f611d54bdce32a39c325b54b8d1d0b5a6d401adea5c5bbb182b8f,mobilenet_v2,dynamic_int8,float32,float32,1x224x224x3,builtin_cpu,none,none_builtin,,1,1,10,measured,33,396.323000,3.160000,251.7216796875,362.07421875,85.0,charging,false,0,,,43.8,FLAG_KEEP_SCREEN_ON,no_load_injected_background_apps_unverified,
2026-08-22T12:14:21.261503Z,1.2.0,realme_RMX3760_api35,1.2.0+3,release,mobilenet_v2_dynamic_int8,97e33bb8b77f611d54bdce32a39c325b54b8d1d0b5a6d401adea5c5bbb182b8f,mobilenet_v2,dynamic_int8,float32,float32,1x224x224x3,builtin_cpu,none,none_builtin,,1,1,10,measured,34,387.085000,3.160000,252.2451171875,362.66796875,85.0,charging,false,0,,,43.8,FLAG_KEEP_SCREEN_ON,no_load_injected_background_apps_unverified,
2026-08-22T12:14:21.713545Z,1.2.0,realme_RMX3760_api35,1.2.0+3,release,mobilenet_v2_dynamic_int8,97e33bb8b77f611d54bdce32a39c325b54b8d1d0b5a6d401adea5c5bbb182b8f,mobilenet_v2,dynamic_int8,float32,float32,1x224x224x3,builtin_cpu,none,none_builtin,,1,1,10,measured,35,393.955000,3.160000,251.2646484375,361.6875,85.0,charging,false,0,,,43.8,FLAG_KEEP_SCREEN_ON,no_load_injected_background_apps_unverified,
2026-08-22T12:14:22.167427Z,1.2.0,realme_RMX3760_api35,1.2.0+3,release,mobilenet_v2_dynamic_int8,97e33bb8b77f611d54bdce32a39c325b54b8d1d0b5a6d401adea5c5bbb182b8f,mobilenet_v2,dynamic_int8,float32,float32,1x224x224x3,builtin_cpu,none,none_builtin,,1,1,10,measured,36,394.531000,3.160000,251.2841796875,361.6953125,85.0,charging,false,0,,,43.8,FLAG_KEEP_SCREEN_ON,no_load_injected_background_apps_unverified,
2026-08-22T12:14:22.623710Z,1.2.0,realme_RMX3760_api35,1.2.0+3,release,mobilenet_v2_dynamic_int8,97e33bb8b77f611d54bdce32a39c325b54b8d1d0b5a6d401adea5c5bbb182b8f,mobilenet_v2,dynamic_int8,float32,float32,1x224x224x3,builtin_cpu,none,none_builtin,,1,1,10,measured,37,397.020000,3.160000,251.8037109375,361.984375,85.0,charging,false,0,,,43.8,FLAG_KEEP_SCREEN_ON,no_load_injected_background_apps_unverified,
2026-08-22T12:14:23.055964Z,1.2.0,realme_RMX3760_api35,1.2.0+3,release,mobilenet_v2_dynamic_int8,97e33bb8b77f611d54bdce32a39c325b54b8d1d0b5a6d401adea5c5bbb182b8f,mobilenet_v2,dynamic_int8,float32,float32,1x224x224x3,builtin_cpu,none,none_builtin,,1,1,10,measured,38,373.146000,3.160000,251.8193359375,362.1796875,85.0,charging,false,0,,,43.8,FLAG_KEEP_SCREEN_ON,no_load_injected_background_apps_unverified,
2026-08-22T12:14:23.490690Z,1.2.0,realme_RMX3760_api35,1.2.0+3,release,mobilenet_v2_dynamic_int8,97e33bb8b77f611d54bdce32a39c325b54b8d1d0b5a6d401adea5c5bbb182b8f,mobilenet_v2,dynamic_int8,float32,float32,1x224x224x3,builtin_cpu,none,none_builtin,,1,1,10,measured,39,376.928000,3.160000,251.8427734375,362.1796875,85.0,charging,false,0,,,43.8,FLAG_KEEP_SCREEN_ON,no_load_injected_background_apps_unverified,
2026-08-22T12:14:23.934294Z,1.2.0,realme_RMX3760_api35,1.2.0+3,release,mobilenet_v2_dynamic_int8,97e33bb8b77f611d54bdce32a39c325b54b8d1d0b5a6d401adea5c5bbb182b8f,mobilenet_v2,dynamic_int8,float32,float32,1x224x224x3,builtin_cpu,none,none_builtin,,1,1,10,measured,40,385.664000,3.160000,251.8701171875,362.171875,85.0,charging,false,0,,,43.8,FLAG_KEEP_SCREEN_ON,no_load_injected_background_apps_unverified,
2026-08-22T12:14:24.376567Z,1.2.0,realme_RMX3760_api35,1.2.0+3,release,mobilenet_v2_dynamic_int8,97e33bb8b77f611d54bdce32a39c325b54b8d1d0b5a6d401adea5c5bbb182b8f,mobilenet_v2,dynamic_int8,float32,float32,1x224x224x3,builtin_cpu,none,none_builtin,,1,1,10,measured,41,383.208000,3.160000,251.8896484375,362.16796875,85.0,charging,false,0,,,43.8,FLAG_KEEP_SCREEN_ON,no_load_injected_background_apps_unverified,
2026-08-22T12:14:24.811203Z,1.2.0,realme_RMX3760_api35,1.2.0+3,release,mobilenet_v2_dynamic_int8,97e33bb8b77f611d54bdce32a39c325b54b8d1d0b5a6d401adea5c5bbb182b8f,mobilenet_v2,dynamic_int8,float32,float32,1x224x224x3,builtin_cpu,none,none_builtin,,1,1,10,measured,42,374.847000,3.160000,255.8935546875,366.15625,85.0,charging,false,0,,,43.8,FLAG_KEEP_SCREEN_ON,no_load_injected_background_apps_unverified,
2026-08-22T12:14:25.294518Z,1.2.0,realme_RMX3760_api35,1.2.0+3,release,mobilenet_v2_dynamic_int8,97e33bb8b77f611d54bdce32a39c325b54b8d1d0b5a6d401adea5c5bbb182b8f,mobilenet_v2,dynamic_int8,float32,float32,1x224x224x3,builtin_cpu,none,none_builtin,,1,1,10,measured,43,385.318000,3.160000,251.9091796875,362.15234375,85.0,charging,false,0,,,43.8,FLAG_KEEP_SCREEN_ON,no_load_injected_background_apps_unverified,
2026-08-22T12:14:25.827936Z,1.2.0,realme_RMX3760_api35,1.2.0+3,release,mobilenet_v2_dynamic_int8,97e33bb8b77f611d54bdce32a39c325b54b8d1d0b5a6d401adea5c5bbb182b8f,mobilenet_v2,dynamic_int8,float32,float32,1x224x224x3,builtin_cpu,none,none_builtin,,1,1,10,measured,44,474.169000,3.160000,255.3857421875,365.80078125,85.0,charging,false,0,,,43.8,FLAG_KEEP_SCREEN_ON,no_load_injected_background_apps_unverified,
2026-08-22T12:14:26.273372Z,1.2.0,realme_RMX3760_api35,1.2.0+3,release,mobilenet_v2_dynamic_int8,97e33bb8b77f611d54bdce32a39c325b54b8d1d0b5a6d401adea5c5bbb182b8f,mobilenet_v2,dynamic_int8,float32,float32,1x224x224x3,builtin_cpu,none,none_builtin,,1,1,10,measured,45,387.434000,3.160000,251.9052734375,362.296875,85.0,charging,false,0,,,43.8,FLAG_KEEP_SCREEN_ON,no_load_injected_background_apps_unverified,
2026-08-22T12:14:26.720137Z,1.2.0,realme_RMX3760_api35,1.2.0+3,release,mobilenet_v2_dynamic_int8,97e33bb8b77f611d54bdce32a39c325b54b8d1d0b5a6d401adea5c5bbb182b8f,mobilenet_v2,dynamic_int8,float32,float32,1x224x224x3,builtin_cpu,none,none_builtin,,1,1,10,measured,46,387.671000,3.160000,251.4248046875,361.82421875,85.0,charging,false,0,,,43.8,FLAG_KEEP_SCREEN_ON,no_load_injected_background_apps_unverified,
2026-08-22T12:14:27.151672Z,1.2.0,realme_RMX3760_api35,1.2.0+3,release,mobilenet_v2_dynamic_int8,97e33bb8b77f611d54bdce32a39c325b54b8d1d0b5a6d401adea5c5bbb182b8f,mobilenet_v2,dynamic_int8,float32,float32,1x224x224x3,builtin_cpu,none,none_builtin,,1,1,10,measured,47,372.071000,3.160000,252.001953125,362.39453125,85.0,charging,false,0,,,43.8,FLAG_KEEP_SCREEN_ON,no_load_injected_background_apps_unverified,
2026-08-22T12:14:27.587461Z,1.2.0,realme_RMX3760_api35,1.2.0+3,release,mobilenet_v2_dynamic_int8,97e33bb8b77f611d54bdce32a39c325b54b8d1d0b5a6d401adea5c5bbb182b8f,mobilenet_v2,dynamic_int8,float32,float32,1x224x224x3,builtin_cpu,none,none_builtin,,1,1,10,measured,48,376.500000,3.160000,251.228515625,361.4921875,85.0,charging,false,0,,,43.8,FLAG_KEEP_SCREEN_ON,no_load_injected_background_apps_unverified,
2026-08-22T12:14:28.040419Z,1.2.0,realme_RMX3760_api35,1.2.0+3,release,mobilenet_v2_dynamic_int8,97e33bb8b77f611d54bdce32a39c325b54b8d1d0b5a6d401adea5c5bbb182b8f,mobilenet_v2,dynamic_int8,float32,float32,1x224x224x3,builtin_cpu,none,none_builtin,,1,1,10,measured,49,393.930000,3.160000,252.033203125,362.4453125,85.0,charging,false,0,,,43.8,FLAG_KEEP_SCREEN_ON,no_load_injected_background_apps_unverified,
2026-08-22T12:14:28.461729Z,1.2.0,realme_RMX3760_api35,1.2.0+3,release,mobilenet_v2_dynamic_int8,97e33bb8b77f611d54bdce32a39c325b54b8d1d0b5a6d401adea5c5bbb182b8f,mobilenet_v2,dynamic_int8,float32,float32,1x224x224x3,builtin_cpu,none,none_builtin,,1,1,10,measured,50,362.987000,3.160000,252.044921875,362.44140625,85.0,charging,false,0,,,43.8,FLAG_KEEP_SCREEN_ON,no_load_injected_background_apps_unverified,
2026-08-22T12:14:28.905270Z,1.2.0,realme_RMX3760_api35,1.2.0+3,release,mobilenet_v2_dynamic_int8,97e33bb8b77f611d54bdce32a39c325b54b8d1d0b5a6d401adea5c5bbb182b8f,mobilenet_v2,dynamic_int8,float32,float32,1x224x224x3,builtin_cpu,none,none_builtin,,1,1,10,measured,51,384.902000,3.160000,252.072265625,362.44140625,85.0,charging,false,0,,,43.8,FLAG_KEEP_SCREEN_ON,no_load_injected_background_apps_unverified,
2026-08-22T12:14:29.345968Z,1.2.0,realme_RMX3760_api35,1.2.0+3,release,mobilenet_v2_dynamic_int8,97e33bb8b77f611d54bdce32a39c325b54b8d1d0b5a6d401adea5c5bbb182b8f,mobilenet_v2,dynamic_int8,float32,float32,1x224x224x3,builtin_cpu,none,none_builtin,,1,1,10,measured,52,382.696000,3.160000,251.580078125,361.98828125,85.0,charging,false,0,,,43.8,FLAG_KEEP_SCREEN_ON,no_load_injected_background_apps_unverified,
2026-08-22T12:14:29.783142Z,1.2.0,realme_RMX3760_api35,1.2.0+3,release,mobilenet_v2_dynamic_int8,97e33bb8b77f611d54bdce32a39c325b54b8d1d0b5a6d401adea5c5bbb182b8f,mobilenet_v2,dynamic_int8,float32,float32,1x224x224x3,builtin_cpu,none,none_builtin,,1,1,10,measured,53,377.538000,3.160000,252.533203125,362.90625,85.0,charging,false,0,,,43.8,FLAG_KEEP_SCREEN_ON,no_load_injected_background_apps_unverified,
2026-08-22T12:14:30.231547Z,1.2.0,realme_RMX3760_api35,1.2.0+3,release,mobilenet_v2_dynamic_int8,97e33bb8b77f611d54bdce32a39c325b54b8d1d0b5a6d401adea5c5bbb182b8f,mobilenet_v2,dynamic_int8,float32,float32,1x224x224x3,builtin_cpu,none,none_builtin,,1,1,10,measured,54,389.030000,3.160000,252.072265625,362.453125,85.0,charging,false,0,,,43.8,FLAG_KEEP_SCREEN_ON,no_load_injected_background_apps_unverified,
2026-08-22T12:14:30.695271Z,1.2.0,realme_RMX3760_api35,1.2.0+3,release,mobilenet_v2_dynamic_int8,97e33bb8b77f611d54bdce32a39c325b54b8d1d0b5a6d401adea5c5bbb182b8f,mobilenet_v2,dynamic_int8,float32,float32,1x224x224x3,builtin_cpu,none,none_builtin,,1,1,10,measured,55,404.189000,3.160000,252.662109375,363.0390625,85.0,charging,false,0,,,43.8,FLAG_KEEP_SCREEN_ON,no_load_injected_background_apps_unverified,
2026-08-22T12:14:31.123896Z,1.2.0,realme_RMX3760_api35,1.2.0+3,release,mobilenet_v2_dynamic_int8,97e33bb8b77f611d54bdce32a39c325b54b8d1d0b5a6d401adea5c5bbb182b8f,mobilenet_v2,dynamic_int8,float32,float32,1x224x224x3,builtin_cpu,none,none_builtin,,1,1,10,measured,56,368.950000,3.160000,252.181640625,362.5859375,85.0,charging,false,0,,,43.8,FLAG_KEEP_SCREEN_ON,no_load_injected_background_apps_unverified,
2026-08-22T12:14:31.580433Z,1.2.0,realme_RMX3760_api35,1.2.0+3,release,mobilenet_v2_dynamic_int8,97e33bb8b77f611d54bdce32a39c325b54b8d1d0b5a6d401adea5c5bbb182b8f,mobilenet_v2,dynamic_int8,float32,float32,1x224x224x3,builtin_cpu,none,none_builtin,,1,1,10,measured,57,397.641000,3.160000,251.701171875,362.10546875,85.0,charging,false,0,,,43.8,FLAG_KEEP_SCREEN_ON,no_load_injected_background_apps_unverified,
2026-08-22T12:14:32.012362Z,1.2.0,realme_RMX3760_api35,1.2.0+3,release,mobilenet_v2_dynamic_int8,97e33bb8b77f611d54bdce32a39c325b54b8d1d0b5a6d401adea5c5bbb182b8f,mobilenet_v2,dynamic_int8,float32,float32,1x224x224x3,builtin_cpu,none,none_builtin,,1,1,10,measured,58,371.776000,3.160000,252.224609375,362.6015625,85.0,charging,false,0,,,43.8,FLAG_KEEP_SCREEN_ON,no_load_injected_background_apps_unverified,
2026-08-22T12:14:32.465648Z,1.2.0,realme_RMX3760_api35,1.2.0+3,release,mobilenet_v2_dynamic_int8,97e33bb8b77f611d54bdce32a39c325b54b8d1d0b5a6d401adea5c5bbb182b8f,mobilenet_v2,dynamic_int8,float32,float32,1x224x224x3,builtin_cpu,none,none_builtin,,1,1,10,measured,59,394.936000,3.160000,251.740234375,362.140625,85.0,charging,false,0,,,43.8,FLAG_KEEP_SCREEN_ON,no_load_injected_background_apps_unverified,
2026-08-22T12:14:32.908400Z,1.2.0,realme_RMX3760_api35,1.2.0+3,release,mobilenet_v2_dynamic_int8,97e33bb8b77f611d54bdce32a39c325b54b8d1d0b5a6d401adea5c5bbb182b8f,mobilenet_v2,dynamic_int8,float32,float32,1x224x224x3,builtin_cpu,none,none_builtin,,1,1,10,measured,60,383.652000,3.160000,251.603515625,361.890625,85.0,charging,false,0,,,43.8,FLAG_KEEP_SCREEN_ON,no_load_injected_background_apps_unverified,
2026-08-22T12:14:33.367821Z,1.2.0,realme_RMX3760_api35,1.2.0+3,release,mobilenet_v2_dynamic_int8,97e33bb8b77f611d54bdce32a39c325b54b8d1d0b5a6d401adea5c5bbb182b8f,mobilenet_v2,dynamic_int8,float32,float32,1x224x224x3,builtin_cpu,none,none_builtin,,1,1,10,measured,61,400.137000,3.160000,251.755859375,362.140625,85.0,charging,false,0,,,43.8,FLAG_KEEP_SCREEN_ON,no_load_injected_background_apps_unverified,
2026-08-22T12:14:33.809628Z,1.2.0,realme_RMX3760_api35,1.2.0+3,release,mobilenet_v2_dynamic_int8,97e33bb8b77f611d54bdce32a39c325b54b8d1d0b5a6d401adea5c5bbb182b8f,mobilenet_v2,dynamic_int8,float32,float32,1x224x224x3,builtin_cpu,none,none_builtin,,1,1,10,measured,62,383.690000,3.160000,252.275390625,362.64453125,85.0,charging,false,0,,,43.8,FLAG_KEEP_SCREEN_ON,no_load_injected_background_apps_unverified,
2026-08-22T12:14:34.237955Z,1.2.0,realme_RMX3760_api35,1.2.0+3,release,mobilenet_v2_dynamic_int8,97e33bb8b77f611d54bdce32a39c325b54b8d1d0b5a6d401adea5c5bbb182b8f,mobilenet_v2,dynamic_int8,float32,float32,1x224x224x3,builtin_cpu,none,none_builtin,,1,1,10,measured,63,370.327000,3.160000,252.298828125,362.63671875,85.0,charging,false,0,,,43.8,FLAG_KEEP_SCREEN_ON,no_load_injected_background_apps_unverified,
2026-08-22T12:14:34.663801Z,1.2.0,realme_RMX3760_api35,1.2.0+3,release,mobilenet_v2_dynamic_int8,97e33bb8b77f611d54bdce32a39c325b54b8d1d0b5a6d401adea5c5bbb182b8f,mobilenet_v2,dynamic_int8,float32,float32,1x224x224x3,builtin_cpu,none,none_builtin,,1,1,10,measured,64,363.772000,3.160000,252.318359375,362.71484375,85.0,charging,false,0,,,43.8,FLAG_KEEP_SCREEN_ON,no_load_injected_background_apps_unverified,
2026-08-22T12:14:35.117567Z,1.2.0,realme_RMX3760_api35,1.2.0+3,release,mobilenet_v2_dynamic_int8,97e33bb8b77f611d54bdce32a39c325b54b8d1d0b5a6d401adea5c5bbb182b8f,mobilenet_v2,dynamic_int8,float32,float32,1x224x224x3,builtin_cpu,none,none_builtin,,1,1,10,measured,65,394.989000,3.160000,251.818359375,362.2109375,85.0,charging,false,0,,,43.8,FLAG_KEEP_SCREEN_ON,no_load_injected_background_apps_unverified,
2026-08-22T12:14:35.552561Z,1.2.0,realme_RMX3760_api35,1.2.0+3,release,mobilenet_v2_dynamic_int8,97e33bb8b77f611d54bdce32a39c325b54b8d1d0b5a6d401adea5c5bbb182b8f,mobilenet_v2,dynamic_int8,float32,float32,1x224x224x3,builtin_cpu,none,none_builtin,,1,1,10,measured,66,376.467000,3.160000,252.337890625,362.71484375,85.0,charging,false,0,,,43.8,FLAG_KEEP_SCREEN_ON,no_load_injected_background_apps_unverified,
2026-08-22T12:14:36.002553Z,1.2.0,realme_RMX3760_api35,1.2.0+3,release,mobilenet_v2_dynamic_int8,97e33bb8b77f611d54bdce32a39c325b54b8d1d0b5a6d401adea5c5bbb182b8f,mobilenet_v2,dynamic_int8,float32,float32,1x224x224x3,builtin_cpu,none,none_builtin,,1,1,10,measured,67,392.293000,3.160000,251.841796875,362.19921875,85.0,charging,false,0,,,43.8,FLAG_KEEP_SCREEN_ON,no_load_injected_background_apps_unverified,
2026-08-22T12:14:36.456627Z,1.2.0,realme_RMX3760_api35,1.2.0+3,release,mobilenet_v2_dynamic_int8,97e33bb8b77f611d54bdce32a39c325b54b8d1d0b5a6d401adea5c5bbb182b8f,mobilenet_v2,dynamic_int8,float32,float32,1x224x224x3,builtin_cpu,none,none_builtin,,1,1,10,measured,68,395.009000,3.160000,252.365234375,362.75390625,85.0,charging,false,0,,,43.8,FLAG_KEEP_SCREEN_ON,no_load_injected_background_apps_unverified,
2026-08-22T12:14:36.907636Z,1.2.0,realme_RMX3760_api35,1.2.0+3,release,mobilenet_v2_dynamic_int8,97e33bb8b77f611d54bdce32a39c325b54b8d1d0b5a6d401adea5c5bbb182b8f,mobilenet_v2,dynamic_int8,float32,float32,1x224x224x3,builtin_cpu,none,none_builtin,,1,1,10,measured,69,391.442000,3.160000,251.962890625,362.359375,85.0,charging,false,0,,,43.8,FLAG_KEEP_SCREEN_ON,no_load_injected_background_apps_unverified,
2026-08-22T12:14:37.368437Z,1.2.0,realme_RMX3760_api35,1.2.0+3,release,mobilenet_v2_dynamic_int8,97e33bb8b77f611d54bdce32a39c325b54b8d1d0b5a6d401adea5c5bbb182b8f,mobilenet_v2,dynamic_int8,float32,float32,1x224x224x3,builtin_cpu,none,none_builtin,,1,1,10,measured,70,401.526000,3.160000,252.494140625,362.859375,85.0,charging,false,0,,,43.8,FLAG_KEEP_SCREEN_ON,no_load_injected_background_apps_unverified,
2026-08-22T12:14:37.819851Z,1.2.0,realme_RMX3760_api35,1.2.0+3,release,mobilenet_v2_dynamic_int8,97e33bb8b77f611d54bdce32a39c325b54b8d1d0b5a6d401adea5c5bbb182b8f,mobilenet_v2,dynamic_int8,float32,float32,1x224x224x3,builtin_cpu,none,none_builtin,,1,1,10,measured,71,392.207000,3.160000,252.611328125,362.96875,85.0,charging,false,0,,,43.8,FLAG_KEEP_SCREEN_ON,no_load_injected_background_apps_unverified,
2026-08-22T12:14:38.259656Z,1.2.0,realme_RMX3760_api35,1.2.0+3,release,mobilenet_v2_dynamic_int8,97e33bb8b77f611d54bdce32a39c325b54b8d1d0b5a6d401adea5c5bbb182b8f,mobilenet_v2,dynamic_int8,float32,float32,1x224x224x3,builtin_cpu,none,none_builtin,,1,1,10,measured,72,380.035000,3.160000,252.916015625,363.25390625,85.0,charging,false,0,,,43.8,FLAG_KEEP_SCREEN_ON,no_load_injected_background_apps_unverified,
2026-08-22T12:14:38.703678Z,1.2.0,realme_RMX3760_api35,1.2.0+3,release,mobilenet_v2_dynamic_int8,97e33bb8b77f611d54bdce32a39c325b54b8d1d0b5a6d401adea5c5bbb182b8f,mobilenet_v2,dynamic_int8,float32,float32,1x224x224x3,builtin_cpu,none,none_builtin,,1,1,10,measured,73,384.598000,3.160000,252.544921875,362.8671875,85.0,charging,false,0,,,43.8,FLAG_KEEP_SCREEN_ON,no_load_injected_background_apps_unverified,
2026-08-22T12:14:39.149046Z,1.2.0,realme_RMX3760_api35,1.2.0+3,release,mobilenet_v2_dynamic_int8,97e33bb8b77f611d54bdce32a39c325b54b8d1d0b5a6d401adea5c5bbb182b8f,mobilenet_v2,dynamic_int8,float32,float32,1x224x224x3,builtin_cpu,none,none_builtin,,1,1,10,measured,74,386.198000,3.160000,252.447265625,362.5859375,85.0,charging,false,0,,,43.8,FLAG_KEEP_SCREEN_ON,no_load_injected_background_apps_unverified,
2026-08-22T12:14:39.604956Z,1.2.0,realme_RMX3760_api35,1.2.0+3,release,mobilenet_v2_dynamic_int8,97e33bb8b77f611d54bdce32a39c325b54b8d1d0b5a6d401adea5c5bbb182b8f,mobilenet_v2,dynamic_int8,float32,float32,1x224x224x3,builtin_cpu,none,none_builtin,,1,1,10,measured,75,397.698000,3.160000,252.009765625,362.37890625,85.0,charging,false,0,,,43.8,FLAG_KEEP_SCREEN_ON,no_load_injected_background_apps_unverified,
2026-08-22T12:14:40.056945Z,1.2.0,realme_RMX3760_api35,1.2.0+3,release,mobilenet_v2_dynamic_int8,97e33bb8b77f611d54bdce32a39c325b54b8d1d0b5a6d401adea5c5bbb182b8f,mobilenet_v2,dynamic_int8,float32,float32,1x224x224x3,builtin_cpu,none,none_builtin,,1,1,10,measured,76,393.691000,3.160000,253.033203125,363.36328125,85.0,charging,false,0,,,43.8,FLAG_KEEP_SCREEN_ON,no_load_injected_background_apps_unverified,
2026-08-22T12:14:40.513199Z,1.2.0,realme_RMX3760_api35,1.2.0+3,release,mobilenet_v2_dynamic_int8,97e33bb8b77f611d54bdce32a39c325b54b8d1d0b5a6d401adea5c5bbb182b8f,mobilenet_v2,dynamic_int8,float32,float32,1x224x224x3,builtin_cpu,none,none_builtin,,1,1,10,measured,77,397.764000,3.160000,252.587890625,362.96484375,85.0,charging,false,0,,,43.8,FLAG_KEEP_SCREEN_ON,no_load_injected_background_apps_unverified,
2026-08-22T12:14:40.941274Z,1.2.0,realme_RMX3760_api35,1.2.0+3,release,mobilenet_v2_dynamic_int8,97e33bb8b77f611d54bdce32a39c325b54b8d1d0b5a6d401adea5c5bbb182b8f,mobilenet_v2,dynamic_int8,float32,float32,1x224x224x3,builtin_cpu,none,none_builtin,,1,1,10,measured,78,369.579000,3.160000,252.623046875,362.9765625,85.0,charging,false,0,,,43.8,FLAG_KEEP_SCREEN_ON,no_load_injected_background_apps_unverified,
2026-08-22T12:14:41.407496Z,1.2.0,realme_RMX3760_api35,1.2.0+3,release,mobilenet_v2_dynamic_int8,97e33bb8b77f611d54bdce32a39c325b54b8d1d0b5a6d401adea5c5bbb182b8f,mobilenet_v2,dynamic_int8,float32,float32,1x224x224x3,builtin_cpu,none,none_builtin,,1,1,10,measured,79,406.910000,3.160000,253.177734375,363.46484375,85.0,charging,false,0,,,43.8,FLAG_KEEP_SCREEN_ON,no_load_injected_background_apps_unverified,
2026-08-22T12:14:41.871386Z,1.2.0,realme_RMX3760_api35,1.2.0+3,release,mobilenet_v2_dynamic_int8,97e33bb8b77f611d54bdce32a39c325b54b8d1d0b5a6d401adea5c5bbb182b8f,mobilenet_v2,dynamic_int8,float32,float32,1x224x224x3,builtin_cpu,none,none_builtin,,1,1,10,measured,80,404.644000,3.160000,252.693359375,363.06640625,85.0,charging,false,0,,,43.8,FLAG_KEEP_SCREEN_ON,no_load_injected_background_apps_unverified,
2026-08-22T12:14:42.336658Z,1.2.0,realme_RMX3760_api35,1.2.0+3,release,mobilenet_v2_dynamic_int8,97e33bb8b77f611d54bdce32a39c325b54b8d1d0b5a6d401adea5c5bbb182b8f,mobilenet_v2,dynamic_int8,float32,float32,1x224x224x3,builtin_cpu,none,none_builtin,,1,1,10,measured,81,406.840000,3.160000,252.603515625,362.8125,85.0,charging,false,0,,,43.8,FLAG_KEEP_SCREEN_ON,no_load_injected_background_apps_unverified,
2026-08-22T12:14:42.783185Z,1.2.0,realme_RMX3760_api35,1.2.0+3,release,mobilenet_v2_dynamic_int8,97e33bb8b77f611d54bdce32a39c325b54b8d1d0b5a6d401adea5c5bbb182b8f,mobilenet_v2,dynamic_int8,float32,float32,1x224x224x3,builtin_cpu,none,none_builtin,,1,1,10,measured,82,387.049000,3.160000,253.169921875,363.4921875,85.0,charging,false,0,,,43.8,FLAG_KEEP_SCREEN_ON,no_load_injected_background_apps_unverified,
2026-08-22T12:14:43.234809Z,1.2.0,realme_RMX3760_api35,1.2.0+3,release,mobilenet_v2_dynamic_int8,97e33bb8b77f611d54bdce32a39c325b54b8d1d0b5a6d401adea5c5bbb182b8f,mobilenet_v2,dynamic_int8,float32,float32,1x224x224x3,builtin_cpu,none,none_builtin,,1,1,10,measured,83,391.307000,3.160000,252.189453125,362.56640625,85.0,charging,false,0,,,43.8,FLAG_KEEP_SCREEN_ON,no_load_injected_background_apps_unverified,
2026-08-22T12:14:43.683597Z,1.2.0,realme_RMX3760_api35,1.2.0+3,release,mobilenet_v2_dynamic_int8,97e33bb8b77f611d54bdce32a39c325b54b8d1d0b5a6d401adea5c5bbb182b8f,mobilenet_v2,dynamic_int8,float32,float32,1x224x224x3,builtin_cpu,none,none_builtin,,1,1,10,measured,84,388.930000,3.160000,253.208984375,363.56640625,85.0,charging,false,0,,,43.8,FLAG_KEEP_SCREEN_ON,no_load_injected_background_apps_unverified,
2026-08-22T12:14:44.136072Z,1.2.0,realme_RMX3760_api35,1.2.0+3,release,mobilenet_v2_dynamic_int8,97e33bb8b77f611d54bdce32a39c325b54b8d1d0b5a6d401adea5c5bbb182b8f,mobilenet_v2,dynamic_int8,float32,float32,1x224x224x3,builtin_cpu,none,none_builtin,,1,1,10,measured,85,393.483000,3.160000,253.232421875,363.5703125,85.0,charging,false,0,,,43.8,FLAG_KEEP_SCREEN_ON,no_load_injected_background_apps_unverified,
2026-08-22T12:14:44.603250Z,1.2.0,realme_RMX3760_api35,1.2.0+3,release,mobilenet_v2_dynamic_int8,97e33bb8b77f611d54bdce32a39c325b54b8d1d0b5a6d401adea5c5bbb182b8f,mobilenet_v2,dynamic_int8,float32,float32,1x224x224x3,builtin_cpu,none,none_builtin,,1,1,10,measured,86,407.348000,3.160000,253.255859375,363.5703125,85.0,charging,false,0,,,43.8,FLAG_KEEP_SCREEN_ON,no_load_injected_background_apps_unverified,
2026-08-22T12:14:45.064895Z,1.2.0,realme_RMX3760_api35,1.2.0+3,release,mobilenet_v2_dynamic_int8,97e33bb8b77f611d54bdce32a39c325b54b8d1d0b5a6d401adea5c5bbb182b8f,mobilenet_v2,dynamic_int8,float32,float32,1x224x224x3,builtin_cpu,none,none_builtin,,1,1,10,measured,87,402.749000,3.160000,253.279296875,363.57421875,85.0,charging,false,0,,,43.8,FLAG_KEEP_SCREEN_ON,no_load_injected_background_apps_unverified,
2026-08-22T12:14:45.512325Z,1.2.0,realme_RMX3760_api35,1.2.0+3,release,mobilenet_v2_dynamic_int8,97e33bb8b77f611d54bdce32a39c325b54b8d1d0b5a6d401adea5c5bbb182b8f,mobilenet_v2,dynamic_int8,float32,float32,1x224x224x3,builtin_cpu,none,none_builtin,,1,1,10,measured,88,388.668000,3.160000,252.802734375,363.17578125,85.0,charging,false,0,,,43.8,FLAG_KEEP_SCREEN_ON,no_load_injected_background_apps_unverified,
2026-08-22T12:14:45.961336Z,1.2.0,realme_RMX3760_api35,1.2.0+3,release,mobilenet_v2_dynamic_int8,97e33bb8b77f611d54bdce32a39c325b54b8d1d0b5a6d401adea5c5bbb182b8f,mobilenet_v2,dynamic_int8,float32,float32,1x224x224x3,builtin_cpu,none,none_builtin,,1,1,10,measured,89,390.552000,3.160000,252.337890625,362.7109375,85.0,charging,false,0,,,43.8,FLAG_KEEP_SCREEN_ON,no_load_injected_background_apps_unverified,
2026-08-22T12:14:46.412853Z,1.2.0,realme_RMX3760_api35,1.2.0+3,release,mobilenet_v2_dynamic_int8,97e33bb8b77f611d54bdce32a39c325b54b8d1d0b5a6d401adea5c5bbb182b8f,mobilenet_v2,dynamic_int8,float32,float32,1x224x224x3,builtin_cpu,none,none_builtin,,1,1,10,measured,90,393.061000,3.160000,253.298828125,363.61328125,85.0,charging,false,0,,,43.8,FLAG_KEEP_SCREEN_ON,no_load_injected_background_apps_unverified,
2026-08-22T12:14:46.865701Z,1.2.0,realme_RMX3760_api35,1.2.0+3,release,mobilenet_v2_dynamic_int8,97e33bb8b77f611d54bdce32a39c325b54b8d1d0b5a6d401adea5c5bbb182b8f,mobilenet_v2,dynamic_int8,float32,float32,1x224x224x3,builtin_cpu,none,none_builtin,,1,1,10,measured,91,394.722000,3.160000,252.357421875,362.73046875,85.0,charging,false,0,,,43.8,FLAG_KEEP_SCREEN_ON,no_load_injected_background_apps_unverified,
2026-08-22T12:14:47.324904Z,1.2.0,realme_RMX3760_api35,1.2.0+3,release,mobilenet_v2_dynamic_int8,97e33bb8b77f611d54bdce32a39c325b54b8d1d0b5a6d401adea5c5bbb182b8f,mobilenet_v2,dynamic_int8,float32,float32,1x224x224x3,builtin_cpu,none,none_builtin,,1,1,10,measured,92,399.427000,3.160000,252.943359375,363.2890625,85.0,charging,false,0,,,43.8,FLAG_KEEP_SCREEN_ON,no_load_injected_background_apps_unverified,
2026-08-22T12:14:47.772224Z,1.2.0,realme_RMX3760_api35,1.2.0+3,release,mobilenet_v2_dynamic_int8,97e33bb8b77f611d54bdce32a39c325b54b8d1d0b5a6d401adea5c5bbb182b8f,mobilenet_v2,dynamic_int8,float32,float32,1x224x224x3,builtin_cpu,none,none_builtin,,1,1,10,measured,93,388.201000,3.160000,252.966796875,363.27734375,85.0,charging,false,0,,,43.8,FLAG_KEEP_SCREEN_ON,no_load_injected_background_apps_unverified,
2026-08-22T12:14:48.209273Z,1.2.0,realme_RMX3760_api35,1.2.0+3,release,mobilenet_v2_dynamic_int8,97e33bb8b77f611d54bdce32a39c325b54b8d1d0b5a6d401adea5c5bbb182b8f,mobilenet_v2,dynamic_int8,float32,float32,1x224x224x3,builtin_cpu,none,none_builtin,,1,1,10,measured,94,377.290000,3.160000,252.955078125,363.2421875,85.0,charging,false,0,,,43.8,FLAG_KEEP_SCREEN_ON,no_load_injected_background_apps_unverified,
2026-08-22T12:14:48.632107Z,1.2.0,realme_RMX3760_api35,1.2.0+3,release,mobilenet_v2_dynamic_int8,97e33bb8b77f611d54bdce32a39c325b54b8d1d0b5a6d401adea5c5bbb182b8f,mobilenet_v2,dynamic_int8,float32,float32,1x224x224x3,builtin_cpu,none,none_builtin,,1,1,10,measured,95,363.618000,3.160000,252.388671875,362.75,85.0,charging,false,0,,,43.8,FLAG_KEEP_SCREEN_ON,no_load_injected_background_apps_unverified,
2026-08-22T12:14:49.085121Z,1.2.0,realme_RMX3760_api35,1.2.0+3,release,mobilenet_v2_dynamic_int8,97e33bb8b77f611d54bdce32a39c325b54b8d1d0b5a6d401adea5c5bbb182b8f,mobilenet_v2,dynamic_int8,float32,float32,1x224x224x3,builtin_cpu,none,none_builtin,,1,1,10,measured,96,393.731000,3.160000,252.923828125,363.25,85.0,charging,false,0,,,43.8,FLAG_KEEP_SCREEN_ON,no_load_injected_background_apps_unverified,
2026-08-22T12:14:49.523710Z,1.2.0,realme_RMX3760_api35,1.2.0+3,release,mobilenet_v2_dynamic_int8,97e33bb8b77f611d54bdce32a39c325b54b8d1d0b5a6d401adea5c5bbb182b8f,mobilenet_v2,dynamic_int8,float32,float32,1x224x224x3,builtin_cpu,none,none_builtin,,1,1,10,measured,97,378.922000,3.160000,256.455078125,366.8125,85.0,charging,false,0,,,43.8,FLAG_KEEP_SCREEN_ON,no_load_injected_background_apps_unverified,
2026-08-22T12:14:49.975357Z,1.2.0,realme_RMX3760_api35,1.2.0+3,release,mobilenet_v2_dynamic_int8,97e33bb8b77f611d54bdce32a39c325b54b8d1d0b5a6d401adea5c5bbb182b8f,mobilenet_v2,dynamic_int8,float32,float32,1x224x224x3,builtin_cpu,none,none_builtin,,1,1,10,measured,98,392.167000,3.160000,252.970703125,363.3125,85.0,charging,false,0,,,43.8,FLAG_KEEP_SCREEN_ON,no_load_injected_background_apps_unverified,
2026-08-22T12:14:50.428317Z,1.2.0,realme_RMX3760_api35,1.2.0+3,release,mobilenet_v2_dynamic_int8,97e33bb8b77f611d54bdce32a39c325b54b8d1d0b5a6d401adea5c5bbb182b8f,mobilenet_v2,dynamic_int8,float32,float32,1x224x224x3,builtin_cpu,none,none_builtin,,1,1,10,measured,99,394.086000,3.160000,252.853515625,363.0703125,85.0,charging,false,0,,,43.8,FLAG_KEEP_SCREEN_ON,no_load_injected_background_apps_unverified,
2026-08-22T12:14:57.923342Z,1.2.0,realme_RMX3760_api35,1.2.0+3,release,mobilenet_v3_small_float16,201167c633c4c8714d7c84905e88fe159d76e9eff38c91b70708b1ced5a8bb00,mobilenet_v3_small,float16,float32,float32,1x224x224x3,xnnpack_cpu,xnnpack,xnnpack_initialized_partition_unverified,,2,1,11,measured,0,347.534000,12.119000,250.224609375,360.5625,85.0,charging,false,0,,,43.7,FLAG_KEEP_SCREEN_ON,no_load_injected_background_apps_unverified,
2026-08-22T12:14:58.348298Z,1.2.0,realme_RMX3760_api35,1.2.0+3,release,mobilenet_v3_small_float16,201167c633c4c8714d7c84905e88fe159d76e9eff38c91b70708b1ced5a8bb00,mobilenet_v3_small,float16,float32,float32,1x224x224x3,xnnpack_cpu,xnnpack,xnnpack_initialized_partition_unverified,,2,1,11,measured,1,361.158000,12.119000,257.267578125,367.58203125,85.0,charging,false,0,,,43.7,FLAG_KEEP_SCREEN_ON,no_load_injected_background_apps_unverified,
2026-08-22T12:14:58.732814Z,1.2.0,realme_RMX3760_api35,1.2.0+3,release,mobilenet_v3_small_float16,201167c633c4c8714d7c84905e88fe159d76e9eff38c91b70708b1ced5a8bb00,mobilenet_v3_small,float16,float32,float32,1x224x224x3,xnnpack_cpu,xnnpack,xnnpack_initialized_partition_unverified,,2,1,11,measured,2,325.209000,12.119000,250.767578125,361.08984375,85.0,charging,false,0,,,43.7,FLAG_KEEP_SCREEN_ON,no_load_injected_background_apps_unverified,
2026-08-22T12:14:59.144298Z,1.2.0,realme_RMX3760_api35,1.2.0+3,release,mobilenet_v3_small_float16,201167c633c4c8714d7c84905e88fe159d76e9eff38c91b70708b1ced5a8bb00,mobilenet_v3_small,float16,float32,float32,1x224x224x3,xnnpack_cpu,xnnpack,xnnpack_initialized_partition_unverified,,2,1,11,measured,3,352.098000,12.119000,250.787109375,361.11328125,85.0,charging,false,0,,,43.7,FLAG_KEEP_SCREEN_ON,no_load_injected_background_apps_unverified,
2026-08-22T12:14:59.593299Z,1.2.0,realme_RMX3760_api35,1.2.0+3,release,mobilenet_v3_small_float16,201167c633c4c8714d7c84905e88fe159d76e9eff38c91b70708b1ced5a8bb00,mobilenet_v3_small,float16,float32,float32,1x224x224x3,xnnpack_cpu,xnnpack,xnnpack_initialized_partition_unverified,,2,1,11,measured,4,383.225000,12.119000,250.708984375,360.97265625,85.0,charging,false,0,,,43.7,FLAG_KEEP_SCREEN_ON,no_load_injected_background_apps_unverified,
2026-08-22T12:15:00.012045Z,1.2.0,realme_RMX3760_api35,1.2.0+3,release,mobilenet_v3_small_float16,201167c633c4c8714d7c84905e88fe159d76e9eff38c91b70708b1ced5a8bb00,mobilenet_v3_small,float16,float32,float32,1x224x224x3,xnnpack_cpu,xnnpack,xnnpack_initialized_partition_unverified,,2,1,11,measured,5,358.985000,12.119000,250.787109375,361.14453125,85.0,charging,false,0,,,43.7,FLAG_KEEP_SCREEN_ON,no_load_injected_background_apps_unverified,
2026-08-22T12:15:00.437207Z,1.2.0,realme_RMX3760_api35,1.2.0+3,release,mobilenet_v3_small_float16,201167c633c4c8714d7c84905e88fe159d76e9eff38c91b70708b1ced5a8bb00,mobilenet_v3_small,float16,float32,float32,1x224x224x3,xnnpack_cpu,xnnpack,xnnpack_initialized_partition_unverified,,2,1,11,measured,6,366.279000,12.119000,250.876953125,361.22265625,85.0,charging,false,0,,,43.7,FLAG_KEEP_SCREEN_ON,no_load_injected_background_apps_unverified,
2026-08-22T12:15:00.839700Z,1.2.0,realme_RMX3760_api35,1.2.0+3,release,mobilenet_v3_small_float16,201167c633c4c8714d7c84905e88fe159d76e9eff38c91b70708b1ced5a8bb00,mobilenet_v3_small,float16,float32,float32,1x224x224x3,xnnpack_cpu,xnnpack,xnnpack_initialized_partition_unverified,,2,1,11,measured,7,342.170000,12.119000,251.423828125,361.76953125,85.0,charging,false,0,,,43.7,FLAG_KEEP_SCREEN_ON,no_load_injected_background_apps_unverified,
2026-08-22T12:15:01.249919Z,1.2.0,realme_RMX3760_api35,1.2.0+3,release,mobilenet_v3_small_float16,201167c633c4c8714d7c84905e88fe159d76e9eff38c91b70708b1ced5a8bb00,mobilenet_v3_small,float16,float32,float32,1x224x224x3,xnnpack_cpu,xnnpack,xnnpack_initialized_partition_unverified,,2,1,11,measured,8,350.099000,12.119000,250.947265625,361.25390625,85.0,charging,false,0,,,43.7,FLAG_KEEP_SCREEN_ON,no_load_injected_background_apps_unverified,
2026-08-22T12:15:01.667035Z,1.2.0,realme_RMX3760_api35,1.2.0+3,release,mobilenet_v3_small_float16,201167c633c4c8714d7c84905e88fe159d76e9eff38c91b70708b1ced5a8bb00,mobilenet_v3_small,float16,float32,float32,1x224x224x3,xnnpack_cpu,xnnpack,xnnpack_initialized_partition_unverified,,2,1,11,measured,9,358.437000,12.119000,250.298828125,360.625,85.0,charging,false,0,,,43.7,FLAG_KEEP_SCREEN_ON,no_load_injected_background_apps_unverified,
2026-08-22T12:15:02.080150Z,1.2.0,realme_RMX3760_api35,1.2.0+3,release,mobilenet_v3_small_float16,201167c633c4c8714d7c84905e88fe159d76e9eff38c91b70708b1ced5a8bb00,mobilenet_v3_small,float16,float32,float32,1x224x224x3,xnnpack_cpu,xnnpack,xnnpack_initialized_partition_unverified,,2,1,11,measured,10,353.267000,12.119000,250.978515625,361.30078125,85.0,charging,false,0,,,43.7,FLAG_KEEP_SCREEN_ON,no_load_injected_background_apps_unverified,
2026-08-22T12:15:02.499296Z,1.2.0,realme_RMX3760_api35,1.2.0+3,release,mobilenet_v3_small_float16,201167c633c4c8714d7c84905e88fe159d76e9eff38c91b70708b1ced5a8bb00,mobilenet_v3_small,float16,float32,float32,1x224x224x3,xnnpack_cpu,xnnpack,xnnpack_initialized_partition_unverified,,2,1,11,measured,11,361.272000,12.119000,251.509765625,361.8515625,85.0,charging,false,0,,,43.7,FLAG_KEEP_SCREEN_ON,no_load_injected_background_apps_unverified,
2026-08-22T12:15:02.898486Z,1.2.0,realme_RMX3760_api35,1.2.0+3,release,mobilenet_v3_small_float16,201167c633c4c8714d7c84905e88fe159d76e9eff38c91b70708b1ced5a8bb00,mobilenet_v3_small,float16,float32,float32,1x224x224x3,xnnpack_cpu,xnnpack,xnnpack_initialized_partition_unverified,,2,1,11,measured,12,340.948000,12.119000,251.490234375,361.82421875,85.0,charging,false,0,,,43.7,FLAG_KEEP_SCREEN_ON,no_load_injected_background_apps_unverified,
2026-08-22T12:15:03.312338Z,1.2.0,realme_RMX3760_api35,1.2.0+3,release,mobilenet_v3_small_float16,201167c633c4c8714d7c84905e88fe159d76e9eff38c91b70708b1ced5a8bb00,mobilenet_v3_small,float16,float32,float32,1x224x224x3,xnnpack_cpu,xnnpack,xnnpack_initialized_partition_unverified,,2,1,11,measured,13,353.849000,12.119000,251.548828125,361.859375,85.0,charging,false,0,,,43.7,FLAG_KEEP_SCREEN_ON,no_load_injected_background_apps_unverified,
2026-08-22T12:15:03.714554Z,1.2.0,realme_RMX3760_api35,1.2.0+3,release,mobilenet_v3_small_float16,201167c633c4c8714d7c84905e88fe159d76e9eff38c91b70708b1ced5a8bb00,mobilenet_v3_small,float16,float32,float32,1x224x224x3,xnnpack_cpu,xnnpack,xnnpack_initialized_partition_unverified,,2,1,11,measured,14,344.013000,12.119000,250.572265625,360.91796875,85.0,charging,false,0,,,43.7,FLAG_KEEP_SCREEN_ON,no_load_injected_background_apps_unverified,
2026-08-22T12:15:04.130720Z,1.2.0,realme_RMX3760_api35,1.2.0+3,release,mobilenet_v3_small_float16,201167c633c4c8714d7c84905e88fe159d76e9eff38c91b70708b1ced5a8bb00,mobilenet_v3_small,float16,float32,float32,1x224x224x3,xnnpack_cpu,xnnpack,xnnpack_initialized_partition_unverified,,2,1,11,measured,15,357.158000,12.119000,251.095703125,361.65625,85.0,charging,false,0,,,43.7,FLAG_KEEP_SCREEN_ON,no_load_injected_background_apps_unverified,
2026-08-22T12:15:04.533543Z,1.2.0,realme_RMX3760_api35,1.2.0+3,release,mobilenet_v3_small_float16,201167c633c4c8714d7c84905e88fe159d76e9eff38c91b70708b1ced5a8bb00,mobilenet_v3_small,float16,float32,float32,1x224x224x3,xnnpack_cpu,xnnpack,xnnpack_initialized_partition_unverified,,2,1,11,measured,16,344.098000,12.119000,251.115234375,361.65625,85.0,charging,false,0,,,43.7,FLAG_KEEP_SCREEN_ON,no_load_injected_background_apps_unverified,
2026-08-22T12:15:04.924714Z,1.2.0,realme_RMX3760_api35,1.2.0+3,release,mobilenet_v3_small_float16,201167c633c4c8714d7c84905e88fe159d76e9eff38c91b70708b1ced5a8bb00,mobilenet_v3_small,float16,float32,float32,1x224x224x3,xnnpack_cpu,xnnpack,xnnpack_initialized_partition_unverified,,2,1,11,measured,17,331.645000,12.119000,251.068359375,361.5703125,85.0,charging,false,0,,,43.7,FLAG_KEEP_SCREEN_ON,no_load_injected_background_apps_unverified,
2026-08-22T12:15:05.330467Z,1.2.0,realme_RMX3760_api35,1.2.0+3,release,mobilenet_v3_small_float16,201167c633c4c8714d7c84905e88fe159d76e9eff38c91b70708b1ced5a8bb00,mobilenet_v3_small,float16,float32,float32,1x224x224x3,xnnpack_cpu,xnnpack,xnnpack_initialized_partition_unverified,,2,1,11,measured,18,346.699000,12.119000,250.619140625,361.19921875,85.0,charging,false,0,,,43.7,FLAG_KEEP_SCREEN_ON,no_load_injected_background_apps_unverified,
2026-08-22T12:15:05.725813Z,1.2.0,realme_RMX3760_api35,1.2.0+3,release,mobilenet_v3_small_float16,201167c633c4c8714d7c84905e88fe159d76e9eff38c91b70708b1ced5a8bb00,mobilenet_v3_small,float16,float32,float32,1x224x224x3,xnnpack_cpu,xnnpack,xnnpack_initialized_partition_unverified,,2,1,11,measured,19,336.725000,12.119000,251.146484375,361.65234375,85.0,charging,false,0,,,43.7,FLAG_KEEP_SCREEN_ON,no_load_injected_background_apps_unverified,
2026-08-22T12:15:06.133506Z,1.2.0,realme_RMX3760_api35,1.2.0+3,release,mobilenet_v3_small_float16,201167c633c4c8714d7c84905e88fe159d76e9eff38c91b70708b1ced5a8bb00,mobilenet_v3_small,float16,float32,float32,1x224x224x3,xnnpack_cpu,xnnpack,xnnpack_initialized_partition_unverified,,2,1,11,measured,20,348.860000,12.119000,250.685546875,361.2578125,85.0,charging,false,0,,,43.7,FLAG_KEEP_SCREEN_ON,no_load_injected_background_apps_unverified,
2026-08-22T12:15:06.546860Z,1.2.0,realme_RMX3760_api35,1.2.0+3,release,mobilenet_v3_small_float16,201167c633c4c8714d7c84905e88fe159d76e9eff38c91b70708b1ced5a8bb00,mobilenet_v3_small,float16,float32,float32,1x224x224x3,xnnpack_cpu,xnnpack,xnnpack_initialized_partition_unverified,,2,1,11,measured,21,355.161000,12.119000,251.212890625,361.78515625,85.0,charging,false,0,,,43.8,FLAG_KEEP_SCREEN_ON,no_load_injected_background_apps_unverified,
2026-08-22T12:15:06.945908Z,1.2.0,realme_RMX3760_api35,1.2.0+3,release,mobilenet_v3_small_float16,201167c633c4c8714d7c84905e88fe159d76e9eff38c91b70708b1ced5a8bb00,mobilenet_v3_small,float16,float32,float32,1x224x224x3,xnnpack_cpu,xnnpack,xnnpack_initialized_partition_unverified,,2,1,11,measured,22,337.666000,12.119000,250.677734375,361.046875,85.0,charging,false,0,,,43.8,FLAG_KEEP_SCREEN_ON,no_load_injected_background_apps_unverified,
2026-08-22T12:15:07.367838Z,1.2.0,realme_RMX3760_api35,1.2.0+3,release,mobilenet_v3_small_float16,201167c633c4c8714d7c84905e88fe159d76e9eff38c91b70708b1ced5a8bb00,mobilenet_v3_small,float16,float32,float32,1x224x224x3,xnnpack_cpu,xnnpack,xnnpack_initialized_partition_unverified,,2,1,11,measured,23,362.306000,12.119000,251.208984375,361.75,85.0,charging,false,0,,,43.8,FLAG_KEEP_SCREEN_ON,no_load_injected_background_apps_unverified,
2026-08-22T12:15:07.767540Z,1.2.0,realme_RMX3760_api35,1.2.0+3,release,mobilenet_v3_small_float16,201167c633c4c8714d7c84905e88fe159d76e9eff38c91b70708b1ced5a8bb00,mobilenet_v3_small,float16,float32,float32,1x224x224x3,xnnpack_cpu,xnnpack,xnnpack_initialized_partition_unverified,,2,1,11,measured,24,339.556000,12.119000,251.697265625,362.203125,85.0,charging,false,0,,,43.8,FLAG_KEEP_SCREEN_ON,no_load_injected_background_apps_unverified,
2026-08-22T12:15:08.177293Z,1.2.0,realme_RMX3760_api35,1.2.0+3,release,mobilenet_v3_small_float16,201167c633c4c8714d7c84905e88fe159d76e9eff38c91b70708b1ced5a8bb00,mobilenet_v3_small,float16,float32,float32,1x224x224x3,xnnpack_cpu,xnnpack,xnnpack_initialized_partition_unverified,,2,1,11,measured,25,350.749000,12.119000,251.294921875,361.8671875,85.0,charging,false,0,,,43.8,FLAG_KEEP_SCREEN_ON,no_load_injected_background_apps_unverified,
2026-08-22T12:15:08.571649Z,1.2.0,realme_RMX3760_api35,1.2.0+3,release,mobilenet_v3_small_float16,201167c633c4c8714d7c84905e88fe159d76e9eff38c91b70708b1ced5a8bb00,mobilenet_v3_small,float16,float32,float32,1x224x224x3,xnnpack_cpu,xnnpack,xnnpack_initialized_partition_unverified,,2,1,11,measured,26,334.551000,12.119000,251.314453125,361.8671875,85.0,charging,false,0,,,43.8,FLAG_KEEP_SCREEN_ON,no_load_injected_background_apps_unverified,
2026-08-22T12:15:08.978313Z,1.2.0,realme_RMX3760_api35,1.2.0+3,release,mobilenet_v3_small_float16,201167c633c4c8714d7c84905e88fe159d76e9eff38c91b70708b1ced5a8bb00,mobilenet_v3_small,float16,float32,float32,1x224x224x3,xnnpack_cpu,xnnpack,xnnpack_initialized_partition_unverified,,2,1,11,measured,27,345.411000,12.119000,251.833984375,362.39453125,85.0,charging,false,0,,,43.8,FLAG_KEEP_SCREEN_ON,no_load_injected_background_apps_unverified,
2026-08-22T12:15:09.369433Z,1.2.0,realme_RMX3760_api35,1.2.0+3,release,mobilenet_v3_small_float16,201167c633c4c8714d7c84905e88fe159d76e9eff38c91b70708b1ced5a8bb00,mobilenet_v3_small,float16,float32,float32,1x224x224x3,xnnpack_cpu,xnnpack,xnnpack_initialized_partition_unverified,,2,1,11,measured,28,331.897000,12.119000,251.857421875,362.37890625,85.0,charging,false,0,,,43.8,FLAG_KEEP_SCREEN_ON,no_load_injected_background_apps_unverified,
2026-08-22T12:15:09.793715Z,1.2.0,realme_RMX3760_api35,1.2.0+3,release,mobilenet_v3_small_float16,201167c633c4c8714d7c84905e88fe159d76e9eff38c91b70708b1ced5a8bb00,mobilenet_v3_small,float16,float32,float32,1x224x224x3,xnnpack_cpu,xnnpack,xnnpack_initialized_partition_unverified,,2,1,11,measured,29,365.730000,12.119000,251.298828125,361.73828125,85.0,charging,false,0,,,43.8,FLAG_KEEP_SCREEN_ON,no_load_injected_background_apps_unverified,
2026-08-22T12:15:10.191958Z,1.2.0,realme_RMX3760_api35,1.2.0+3,release,mobilenet_v3_small_float16,201167c633c4c8714d7c84905e88fe159d76e9eff38c91b70708b1ced5a8bb00,mobilenet_v3_small,float16,float32,float32,1x224x224x3,xnnpack_cpu,xnnpack,xnnpack_initialized_partition_unverified,,2,1,11,measured,30,338.378000,12.119000,251.900390625,362.41015625,85.0,charging,false,0,,,43.8,FLAG_KEEP_SCREEN_ON,no_load_injected_background_apps_unverified,
2026-08-22T12:15:10.607884Z,1.2.0,realme_RMX3760_api35,1.2.0+3,release,mobilenet_v3_small_float16,201167c633c4c8714d7c84905e88fe159d76e9eff38c91b70708b1ced5a8bb00,mobilenet_v3_small,float16,float32,float32,1x224x224x3,xnnpack_cpu,xnnpack,xnnpack_initialized_partition_unverified,,2,1,11,measured,31,356.131000,12.119000,250.919921875,361.484375,85.0,charging,false,0,,,43.8,FLAG_KEEP_SCREEN_ON,no_load_injected_background_apps_unverified,
2026-08-22T12:15:11.005603Z,1.2.0,realme_RMX3760_api35,1.2.0+3,release,mobilenet_v3_small_float16,201167c633c4c8714d7c84905e88fe159d76e9eff38c91b70708b1ced5a8bb00,mobilenet_v3_small,float16,float32,float32,1x224x224x3,xnnpack_cpu,xnnpack,xnnpack_initialized_partition_unverified,,2,1,11,measured,32,339.013000,12.119000,251.408203125,361.94140625,85.0,charging,false,0,,,43.8,FLAG_KEEP_SCREEN_ON,no_load_injected_background_apps_unverified,
2026-08-22T12:15:11.428375Z,1.2.0,realme_RMX3760_api35,1.2.0+3,release,mobilenet_v3_small_float16,201167c633c4c8714d7c84905e88fe159d76e9eff38c91b70708b1ced5a8bb00,mobilenet_v3_small,float16,float32,float32,1x224x224x3,xnnpack_cpu,xnnpack,xnnpack_initialized_partition_unverified,,2,1,11,measured,33,360.661000,12.119000,251.931640625,362.48828125,85.0,charging,false,0,,,43.8,FLAG_KEEP_SCREEN_ON,no_load_injected_background_apps_unverified,
2026-08-22T12:15:11.839735Z,1.2.0,realme_RMX3760_api35,1.2.0+3,release,mobilenet_v3_small_float16,201167c633c4c8714d7c84905e88fe159d76e9eff38c91b70708b1ced5a8bb00,mobilenet_v3_small,float16,float32,float32,1x224x224x3,xnnpack_cpu,xnnpack,xnnpack_initialized_partition_unverified,,2,1,11,measured,34,351.551000,12.119000,251.947265625,362.515625,85.0,charging,false,0,,,43.8,FLAG_KEEP_SCREEN_ON,no_load_injected_background_apps_unverified,
2026-08-22T12:15:12.249278Z,1.2.0,realme_RMX3760_api35,1.2.0+3,release,mobilenet_v3_small_float16,201167c633c4c8714d7c84905e88fe159d76e9eff38c91b70708b1ced5a8bb00,mobilenet_v3_small,float16,float32,float32,1x224x224x3,xnnpack_cpu,xnnpack,xnnpack_initialized_partition_unverified,,2,1,11,measured,35,350.448000,12.119000,250.970703125,361.5390625,85.0,charging,false,0,,,43.8,FLAG_KEEP_SCREEN_ON,no_load_injected_background_apps_unverified,
2026-08-22T12:15:12.669519Z,1.2.0,realme_RMX3760_api35,1.2.0+3,release,mobilenet_v3_small_float16,201167c633c4c8714d7c84905e88fe159d76e9eff38c91b70708b1ced5a8bb00,mobilenet_v3_small,float16,float32,float32,1x224x224x3,xnnpack_cpu,xnnpack,xnnpack_initialized_partition_unverified,,2,1,11,measured,36,360.753000,12.119000,251.990234375,362.515625,85.0,charging,false,0,,,43.8,FLAG_KEEP_SCREEN_ON,no_load_injected_background_apps_unverified,
2026-08-22T12:15:13.085861Z,1.2.0,realme_RMX3760_api35,1.2.0+3,release,mobilenet_v3_small_float16,201167c633c4c8714d7c84905e88fe159d76e9eff38c91b70708b1ced5a8bb00,mobilenet_v3_small,float16,float32,float32,1x224x224x3,xnnpack_cpu,xnnpack,xnnpack_initialized_partition_unverified,,2,1,11,measured,37,357.835000,12.119000,252.033203125,362.5859375,85.0,charging,false,0,,,43.8,FLAG_KEEP_SCREEN_ON,no_load_injected_background_apps_unverified,
2026-08-22T12:15:13.499450Z,1.2.0,realme_RMX3760_api35,1.2.0+3,release,mobilenet_v3_small_float16,201167c633c4c8714d7c84905e88fe159d76e9eff38c91b70708b1ced5a8bb00,mobilenet_v3_small,float16,float32,float32,1x224x224x3,xnnpack_cpu,xnnpack,xnnpack_initialized_partition_unverified,,2,1,11,measured,38,353.654000,12.119000,252.060546875,362.6171875,85.0,charging,false,0,,,43.8,FLAG_KEEP_SCREEN_ON,no_load_injected_background_apps_unverified,
2026-08-22T12:15:13.917823Z,1.2.0,realme_RMX3760_api35,1.2.0+3,release,mobilenet_v3_small_float16,201167c633c4c8714d7c84905e88fe159d76e9eff38c91b70708b1ced5a8bb00,mobilenet_v3_small,float16,float32,float32,1x224x224x3,xnnpack_cpu,xnnpack,xnnpack_initialized_partition_unverified,,2,1,11,measured,39,359.539000,12.119000,251.025390625,361.59375,85.0,charging,false,0,,,43.8,FLAG_KEEP_SCREEN_ON,no_load_injected_background_apps_unverified,
2026-08-22T12:15:14.316871Z,1.2.0,realme_RMX3760_api35,1.2.0+3,release,mobilenet_v3_small_float16,201167c633c4c8714d7c84905e88fe159d76e9eff38c91b70708b1ced5a8bb00,mobilenet_v3_small,float16,float32,float32,1x224x224x3,xnnpack_cpu,xnnpack,xnnpack_initialized_partition_unverified,,2,1,11,measured,40,338.226000,12.119000,251.556640625,362.109375,85.0,charging,false,0,,,43.8,FLAG_KEEP_SCREEN_ON,no_load_injected_background_apps_unverified,
2026-08-22T12:15:14.708934Z,1.2.0,realme_RMX3760_api35,1.2.0+3,release,mobilenet_v3_small_float16,201167c633c4c8714d7c84905e88fe159d76e9eff38c91b70708b1ced5a8bb00,mobilenet_v3_small,float16,float32,float32,1x224x224x3,xnnpack_cpu,xnnpack,xnnpack_initialized_partition_unverified,,2,1,11,measured,41,332.462000,12.119000,251.173828125,361.69140625,85.0,charging,false,0,,,43.8,FLAG_KEEP_SCREEN_ON,no_load_injected_background_apps_unverified,
2026-08-22T12:15:15.109256Z,1.2.0,realme_RMX3760_api35,1.2.0+3,release,mobilenet_v3_small_float16,201167c633c4c8714d7c84905e88fe159d76e9eff38c91b70708b1ced5a8bb00,mobilenet_v3_small,float16,float32,float32,1x224x224x3,xnnpack_cpu,xnnpack,xnnpack_initialized_partition_unverified,,2,1,11,measured,42,341.298000,12.119000,251.626953125,362.12890625,85.0,charging,false,0,,,43.8,FLAG_KEEP_SCREEN_ON,no_load_injected_background_apps_unverified,
2026-08-22T12:15:15.503635Z,1.2.0,realme_RMX3760_api35,1.2.0+3,release,mobilenet_v3_small_float16,201167c633c4c8714d7c84905e88fe159d76e9eff38c91b70708b1ced5a8bb00,mobilenet_v3_small,float16,float32,float32,1x224x224x3,xnnpack_cpu,xnnpack,xnnpack_initialized_partition_unverified,,2,1,11,measured,43,334.533000,12.119000,251.646484375,362.125,85.0,charging,false,0,,,43.8,FLAG_KEEP_SCREEN_ON,no_load_injected_background_apps_unverified,
2026-08-22T12:15:15.908202Z,1.2.0,realme_RMX3760_api35,1.2.0+3,release,mobilenet_v3_small_float16,201167c633c4c8714d7c84905e88fe159d76e9eff38c91b70708b1ced5a8bb00,mobilenet_v3_small,float16,float32,float32,1x224x224x3,xnnpack_cpu,xnnpack,xnnpack_initialized_partition_unverified,,2,1,11,measured,44,344.805000,12.119000,251.615234375,361.94140625,85.0,charging,false,0,,,43.8,FLAG_KEEP_SCREEN_ON,no_load_injected_background_apps_unverified,
2026-08-22T12:15:16.332148Z,1.2.0,realme_RMX3760_api35,1.2.0+3,release,mobilenet_v3_small_float16,201167c633c4c8714d7c84905e88fe159d76e9eff38c91b70708b1ced5a8bb00,mobilenet_v3_small,float16,float32,float32,1x224x224x3,xnnpack_cpu,xnnpack,xnnpack_initialized_partition_unverified,,2,1,11,measured,45,363.573000,12.119000,251.181640625,361.7265625,85.0,charging,false,0,,,43.8,FLAG_KEEP_SCREEN_ON,no_load_injected_background_apps_unverified,
2026-08-22T12:15:16.741068Z,1.2.0,realme_RMX3760_api35,1.2.0+3,release,mobilenet_v3_small_float16,201167c633c4c8714d7c84905e88fe159d76e9eff38c91b70708b1ced5a8bb00,mobilenet_v3_small,float16,float32,float32,1x224x224x3,xnnpack_cpu,xnnpack,xnnpack_initialized_partition_unverified,,2,1,11,measured,46,349.474000,12.119000,251.732421875,362.23046875,85.0,charging,false,0,,,43.8,FLAG_KEEP_SCREEN_ON,no_load_injected_background_apps_unverified,
2026-08-22T12:15:17.151957Z,1.2.0,realme_RMX3760_api35,1.2.0+3,release,mobilenet_v3_small_float16,201167c633c4c8714d7c84905e88fe159d76e9eff38c91b70708b1ced5a8bb00,mobilenet_v3_small,float16,float32,float32,1x224x224x3,xnnpack_cpu,xnnpack,xnnpack_initialized_partition_unverified,,2,1,11,measured,47,350.979000,12.119000,251.208984375,361.73828125,85.0,charging,false,0,,,43.8,FLAG_KEEP_SCREEN_ON,no_load_injected_background_apps_unverified,
2026-08-22T12:15:17.563972Z,1.2.0,realme_RMX3760_api35,1.2.0+3,release,mobilenet_v3_small_float16,201167c633c4c8714d7c84905e88fe159d76e9eff38c91b70708b1ced5a8bb00,mobilenet_v3_small,float16,float32,float32,1x224x224x3,xnnpack_cpu,xnnpack,xnnpack_initialized_partition_unverified,,2,1,11,measured,48,351.322000,12.119000,251.724609375,362.2421875,85.0,charging,false,0,,,43.8,FLAG_KEEP_SCREEN_ON,no_load_injected_background_apps_unverified,
2026-08-22T12:15:17.960936Z,1.2.0,realme_RMX3760_api35,1.2.0+3,release,mobilenet_v3_small_float16,201167c633c4c8714d7c84905e88fe159d76e9eff38c91b70708b1ced5a8bb00,mobilenet_v3_small,float16,float32,float32,1x224x224x3,xnnpack_cpu,xnnpack,xnnpack_initialized_partition_unverified,,2,1,11,measured,49,337.968000,12.119000,251.244140625,361.79296875,85.0,charging,false,0,,,43.8,FLAG_KEEP_SCREEN_ON,no_load_injected_background_apps_unverified,
2026-08-22T12:15:18.369384Z,1.2.0,realme_RMX3760_api35,1.2.0+3,release,mobilenet_v3_small_float16,201167c633c4c8714d7c84905e88fe159d76e9eff38c91b70708b1ced5a8bb00,mobilenet_v3_small,float16,float32,float32,1x224x224x3,xnnpack_cpu,xnnpack,xnnpack_initialized_partition_unverified,,2,1,11,measured,50,349.558000,12.119000,252.291015625,362.80859375,85.0,charging,false,0,,,43.8,FLAG_KEEP_SCREEN_ON,no_load_injected_background_apps_unverified,
2026-08-22T12:15:18.776128Z,1.2.0,realme_RMX3760_api35,1.2.0+3,release,mobilenet_v3_small_float16,201167c633c4c8714d7c84905e88fe159d76e9eff38c91b70708b1ced5a8bb00,mobilenet_v3_small,float16,float32,float32,1x224x224x3,xnnpack_cpu,xnnpack,xnnpack_initialized_partition_unverified,,2,1,11,measured,51,346.643000,12.119000,252.341796875,362.86328125,85.0,charging,false,0,,,43.8,FLAG_KEEP_SCREEN_ON,no_load_injected_background_apps_unverified,
2026-08-22T12:15:19.188672Z,1.2.0,realme_RMX3760_api35,1.2.0+3,release,mobilenet_v3_small_float16,201167c633c4c8714d7c84905e88fe159d76e9eff38c91b70708b1ced5a8bb00,mobilenet_v3_small,float16,float32,float32,1x224x224x3,xnnpack_cpu,xnnpack,xnnpack_initialized_partition_unverified,,2,1,11,measured,52,353.275000,12.119000,251.341796875,361.890625,85.0,charging,false,0,,,43.8,FLAG_KEEP_SCREEN_ON,no_load_injected_background_apps_unverified,
2026-08-22T12:15:19.588709Z,1.2.0,realme_RMX3760_api35,1.2.0+3,release,mobilenet_v3_small_float16,201167c633c4c8714d7c84905e88fe159d76e9eff38c91b70708b1ced5a8bb00,mobilenet_v3_small,float16,float32,float32,1x224x224x3,xnnpack_cpu,xnnpack,xnnpack_initialized_partition_unverified,,2,1,11,measured,53,341.096000,12.119000,251.873046875,362.40625,85.0,charging,false,0,,,43.8,FLAG_KEEP_SCREEN_ON,no_load_injected_background_apps_unverified,
2026-08-22T12:15:19.996912Z,1.2.0,realme_RMX3760_api35,1.2.0+3,release,mobilenet_v3_small_float16,201167c633c4c8714d7c84905e88fe159d76e9eff38c91b70708b1ced5a8bb00,mobilenet_v3_small,float16,float32,float32,1x224x224x3,xnnpack_cpu,xnnpack,xnnpack_initialized_partition_unverified,,2,1,11,measured,54,349.361000,12.119000,252.013671875,362.4453125,85.0,charging,false,0,,,43.8,FLAG_KEEP_SCREEN_ON,no_load_injected_background_apps_unverified,
2026-08-22T12:15:20.415670Z,1.2.0,realme_RMX3760_api35,1.2.0+3,release,mobilenet_v3_small_float16,201167c633c4c8714d7c84905e88fe159d76e9eff38c91b70708b1ced5a8bb00,mobilenet_v3_small,float16,float32,float32,1x224x224x3,xnnpack_cpu,xnnpack,xnnpack_initialized_partition_unverified,,2,1,11,measured,55,355.923000,12.119000,251.912109375,362.46484375,85.0,charging,false,0,,,43.8,FLAG_KEEP_SCREEN_ON,no_load_injected_background_apps_unverified,
2026-08-22T12:15:20.797020Z,1.2.0,realme_RMX3760_api35,1.2.0+3,release,mobilenet_v3_small_float16,201167c633c4c8714d7c84905e88fe159d76e9eff38c91b70708b1ced5a8bb00,mobilenet_v3_small,float16,float32,float32,1x224x224x3,xnnpack_cpu,xnnpack,xnnpack_initialized_partition_unverified,,2,1,11,measured,56,322.371000,12.119000,251.939453125,362.46484375,85.0,charging,false,0,,,43.8,FLAG_KEEP_SCREEN_ON,no_load_injected_background_apps_unverified,
2026-08-22T12:15:21.185856Z,1.2.0,realme_RMX3760_api35,1.2.0+3,release,mobilenet_v3_small_float16,201167c633c4c8714d7c84905e88fe159d76e9eff38c91b70708b1ced5a8bb00,mobilenet_v3_small,float16,float32,float32,1x224x224x3,xnnpack_cpu,xnnpack,xnnpack_initialized_partition_unverified,,2,1,11,measured,57,329.287000,12.119000,252.400390625,362.92578125,85.0,charging,false,0,,,43.8,FLAG_KEEP_SCREEN_ON,no_load_injected_background_apps_unverified,
2026-08-22T12:15:21.611711Z,1.2.0,realme_RMX3760_api35,1.2.0+3,release,mobilenet_v3_small_float16,201167c633c4c8714d7c84905e88fe159d76e9eff38c91b70708b1ced5a8bb00,mobilenet_v3_small,float16,float32,float32,1x224x224x3,xnnpack_cpu,xnnpack,xnnpack_initialized_partition_unverified,,2,1,11,measured,58,365.417000,12.119000,251.439453125,361.9921875,85.0,charging,false,0,,,43.9,FLAG_KEEP_SCREEN_ON,no_load_injected_background_apps_unverified,
2026-08-22T12:15:22.008368Z,1.2.0,realme_RMX3760_api35,1.2.0+3,release,mobilenet_v3_small_float16,201167c633c4c8714d7c84905e88fe159d76e9eff38c91b70708b1ced5a8bb00,mobilenet_v3_small,float16,float32,float32,1x224x224x3,xnnpack_cpu,xnnpack,xnnpack_initialized_partition_unverified,,2,1,11,measured,59,337.215000,12.119000,251.966796875,362.4453125,85.0,charging,false,0,,,43.9,FLAG_KEEP_SCREEN_ON,no_load_injected_background_apps_unverified,
2026-08-22T12:15:22.423190Z,1.2.0,realme_RMX3760_api35,1.2.0+3,release,mobilenet_v3_small_float16,201167c633c4c8714d7c84905e88fe159d76e9eff38c91b70708b1ced5a8bb00,mobilenet_v3_small,float16,float32,float32,1x224x224x3,xnnpack_cpu,xnnpack,xnnpack_initialized_partition_unverified,,2,1,11,measured,60,352.435000,12.119000,251.513671875,362.0625,85.0,charging,false,0,,,43.9,FLAG_KEEP_SCREEN_ON,no_load_injected_background_apps_unverified,
2026-08-22T12:15:22.832604Z,1.2.0,realme_RMX3760_api35,1.2.0+3,release,mobilenet_v3_small_float16,201167c633c4c8714d7c84905e88fe159d76e9eff38c91b70708b1ced5a8bb00,mobilenet_v3_small,float16,float32,float32,1x224x224x3,xnnpack_cpu,xnnpack,xnnpack_initialized_partition_unverified,,2,1,11,measured,61,350.071000,12.119000,252.033203125,362.55859375,85.0,charging,false,0,,,43.9,FLAG_KEEP_SCREEN_ON,no_load_injected_background_apps_unverified,
2026-08-22T12:15:23.221974Z,1.2.0,realme_RMX3760_api35,1.2.0+3,release,mobilenet_v3_small_float16,201167c633c4c8714d7c84905e88fe159d76e9eff38c91b70708b1ced5a8bb00,mobilenet_v3_small,float16,float32,float32,1x224x224x3,xnnpack_cpu,xnnpack,xnnpack_initialized_partition_unverified,,2,1,11,measured,62,330.617000,12.119000,251.466796875,362.015625,85.0,charging,false,0,,,43.9,FLAG_KEEP_SCREEN_ON,no_load_injected_background_apps_unverified,
2026-08-22T12:15:23.632710Z,1.2.0,realme_RMX3760_api35,1.2.0+3,release,mobilenet_v3_small_float16,201167c633c4c8714d7c84905e88fe159d76e9eff38c91b70708b1ced5a8bb00,mobilenet_v3_small,float16,float32,float32,1x224x224x3,xnnpack_cpu,xnnpack,xnnpack_initialized_partition_unverified,,2,1,11,measured,63,351.375000,12.119000,252.490234375,363.00390625,85.0,charging,false,0,,,43.9,FLAG_KEEP_SCREEN_ON,no_load_injected_background_apps_unverified,
2026-08-22T12:15:24.023544Z,1.2.0,realme_RMX3760_api35,1.2.0+3,release,mobilenet_v3_small_float16,201167c633c4c8714d7c84905e88fe159d76e9eff38c91b70708b1ced5a8bb00,mobilenet_v3_small,float16,float32,float32,1x224x224x3,xnnpack_cpu,xnnpack,xnnpack_initialized_partition_unverified,,2,1,11,measured,64,331.124000,12.119000,252.009765625,362.4375,85.0,charging,false,0,,,43.9,FLAG_KEEP_SCREEN_ON,no_load_injected_background_apps_unverified,
2026-08-22T12:15:24.403476Z,1.2.0,realme_RMX3760_api35,1.2.0+3,release,mobilenet_v3_small_float16,201167c633c4c8714d7c84905e88fe159d76e9eff38c91b70708b1ced5a8bb00,mobilenet_v3_small,float16,float32,float32,1x224x224x3,xnnpack_cpu,xnnpack,xnnpack_initialized_partition_unverified,,2,1,11,measured,65,321.349000,12.119000,252.068359375,362.57421875,85.0,charging,false,0,,,43.9,FLAG_KEEP_SCREEN_ON,no_load_injected_background_apps_unverified,
2026-08-22T12:15:24.813501Z,1.2.0,realme_RMX3760_api35,1.2.0+3,release,mobilenet_v3_small_float16,201167c633c4c8714d7c84905e88fe159d76e9eff38c91b70708b1ced5a8bb00,mobilenet_v3_small,float16,float32,float32,1x224x224x3,xnnpack_cpu,xnnpack,xnnpack_initialized_partition_unverified,,2,1,11,measured,66,351.556000,12.119000,252.095703125,362.57421875,85.0,charging,false,0,,,43.9,FLAG_KEEP_SCREEN_ON,no_load_injected_background_apps_unverified,
2026-08-22T12:15:25.212001Z,1.2.0,realme_RMX3760_api35,1.2.0+3,release,mobilenet_v3_small_float16,201167c633c4c8714d7c84905e88fe159d76e9eff38c91b70708b1ced5a8bb00,mobilenet_v3_small,float16,float32,float32,1x224x224x3,xnnpack_cpu,xnnpack,xnnpack_initialized_partition_unverified,,2,1,11,measured,67,338.701000,12.119000,252.115234375,362.57421875,85.0,charging,false,0,,,43.9,FLAG_KEEP_SCREEN_ON,no_load_injected_background_apps_unverified,
2026-08-22T12:15:25.623895Z,1.2.0,realme_RMX3760_api35,1.2.0+3,release,mobilenet_v3_small_float16,201167c633c4c8714d7c84905e88fe159d76e9eff38c91b70708b1ced5a8bb00,mobilenet_v3_small,float16,float32,float32,1x224x224x3,xnnpack_cpu,xnnpack,xnnpack_initialized_partition_unverified,,2,1,11,measured,68,351.825000,12.119000,252.134765625,362.578125,85.0,charging,false,0,,,43.9,FLAG_KEEP_SCREEN_ON,no_load_injected_background_apps_unverified,
2026-08-22T12:15:26.028306Z,1.2.0,realme_RMX3760_api35,1.2.0+3,release,mobilenet_v3_small_float16,201167c633c4c8714d7c84905e88fe159d76e9eff38c91b70708b1ced5a8bb00,mobilenet_v3_small,float16,float32,float32,1x224x224x3,xnnpack_cpu,xnnpack,xnnpack_initialized_partition_unverified,,2,1,11,measured,69,345.016000,12.119000,252.173828125,362.57421875,85.0,charging,false,0,,,43.9,FLAG_KEEP_SCREEN_ON,no_load_injected_background_apps_unverified,
2026-08-22T12:15:26.435080Z,1.2.0,realme_RMX3760_api35,1.2.0+3,release,mobilenet_v3_small_float16,201167c633c4c8714d7c84905e88fe159d76e9eff38c91b70708b1ced5a8bb00,mobilenet_v3_small,float16,float32,float32,1x224x224x3,xnnpack_cpu,xnnpack,xnnpack_initialized_partition_unverified,,2,1,11,measured,70,348.114000,12.119000,251.693359375,362.234375,85.0,charging,false,0,,,43.9,FLAG_KEEP_SCREEN_ON,no_load_injected_background_apps_unverified,
2026-08-22T12:15:26.824174Z,1.2.0,realme_RMX3760_api35,1.2.0+3,release,mobilenet_v3_small_float16,201167c633c4c8714d7c84905e88fe159d76e9eff38c91b70708b1ced5a8bb00,mobilenet_v3_small,float16,float32,float32,1x224x224x3,xnnpack_cpu,xnnpack,xnnpack_initialized_partition_unverified,,2,1,11,measured,71,329.525000,12.119000,252.212890625,362.734375,85.0,charging,false,0,,,43.9,FLAG_KEEP_SCREEN_ON,no_load_injected_background_apps_unverified,
2026-08-22T12:15:27.225674Z,1.2.0,realme_RMX3760_api35,1.2.0+3,release,mobilenet_v3_small_float16,201167c633c4c8714d7c84905e88fe159d76e9eff38c91b70708b1ced5a8bb00,mobilenet_v3_small,float16,float32,float32,1x224x224x3,xnnpack_cpu,xnnpack,xnnpack_initialized_partition_unverified,,2,1,11,measured,72,343.122000,12.119000,251.654296875,362.1953125,85.0,charging,false,0,,,43.9,FLAG_KEEP_SCREEN_ON,no_load_injected_background_apps_unverified,
2026-08-22T12:15:27.644405Z,1.2.0,realme_RMX3760_api35,1.2.0+3,release,mobilenet_v3_small_float16,201167c633c4c8714d7c84905e88fe159d76e9eff38c91b70708b1ced5a8bb00,mobilenet_v3_small,float16,float32,float32,1x224x224x3,xnnpack_cpu,xnnpack,xnnpack_initialized_partition_unverified,,2,1,11,measured,73,359.497000,12.119000,252.197265625,362.71875,85.0,charging,false,0,,,43.9,FLAG_KEEP_SCREEN_ON,no_load_injected_background_apps_unverified,
2026-08-22T12:15:28.048889Z,1.2.0,realme_RMX3760_api35,1.2.0+3,release,mobilenet_v3_small_float16,201167c633c4c8714d7c84905e88fe159d76e9eff38c91b70708b1ced5a8bb00,mobilenet_v3_small,float16,float32,float32,1x224x224x3,xnnpack_cpu,xnnpack,xnnpack_initialized_partition_unverified,,2,1,11,measured,74,345.340000,12.119000,251.666015625,362.20703125,85.0,charging,false,0,,,43.9,FLAG_KEEP_SCREEN_ON,no_load_injected_background_apps_unverified,
2026-08-22T12:15:28.456784Z,1.2.0,realme_RMX3760_api35,1.2.0+3,release,mobilenet_v3_small_float16,201167c633c4c8714d7c84905e88fe159d76e9eff38c91b70708b1ced5a8bb00,mobilenet_v3_small,float16,float32,float32,1x224x224x3,xnnpack_cpu,xnnpack,xnnpack_initialized_partition_unverified,,2,1,11,measured,75,345.797000,12.119000,252.255859375,362.7734375,85.0,charging,false,0,,,43.9,FLAG_KEEP_SCREEN_ON,no_load_injected_background_apps_unverified,
2026-08-22T12:15:28.845031Z,1.2.0,realme_RMX3760_api35,1.2.0+3,release,mobilenet_v3_small_float16,201167c633c4c8714d7c84905e88fe159d76e9eff38c91b70708b1ced5a8bb00,mobilenet_v3_small,float16,float32,float32,1x224x224x3,xnnpack_cpu,xnnpack,xnnpack_initialized_partition_unverified,,2,1,11,measured,76,329.175000,12.119000,252.279296875,362.765625,85.0,charging,false,0,,,43.9,FLAG_KEEP_SCREEN_ON,no_load_injected_background_apps_unverified,
2026-08-22T12:15:29.261446Z,1.2.0,realme_RMX3760_api35,1.2.0+3,release,mobilenet_v3_small_float16,201167c633c4c8714d7c84905e88fe159d76e9eff38c91b70708b1ced5a8bb00,mobilenet_v3_small,float16,float32,float32,1x224x224x3,xnnpack_cpu,xnnpack,xnnpack_initialized_partition_unverified,,2,1,11,measured,77,357.825000,12.119000,252.353515625,362.82421875,85.0,charging,false,0,,,43.9,FLAG_KEEP_SCREEN_ON,no_load_injected_background_apps_unverified,
2026-08-22T12:15:29.679157Z,1.2.0,realme_RMX3760_api35,1.2.0+3,release,mobilenet_v3_small_float16,201167c633c4c8714d7c84905e88fe159d76e9eff38c91b70708b1ced5a8bb00,mobilenet_v3_small,float16,float32,float32,1x224x224x3,xnnpack_cpu,xnnpack,xnnpack_initialized_partition_unverified,,2,1,11,measured,78,359.046000,12.119000,252.373046875,362.82421875,85.0,charging,false,0,,,43.9,FLAG_KEEP_SCREEN_ON,no_load_injected_background_apps_unverified,
2026-08-22T12:15:30.091544Z,1.2.0,realme_RMX3760_api35,1.2.0+3,release,mobilenet_v3_small_float16,201167c633c4c8714d7c84905e88fe159d76e9eff38c91b70708b1ced5a8bb00,mobilenet_v3_small,float16,float32,float32,1x224x224x3,xnnpack_cpu,xnnpack,xnnpack_initialized_partition_unverified,,2,1,11,measured,79,352.288000,12.119000,252.365234375,362.59375,85.0,charging,false,0,,,43.9,FLAG_KEEP_SCREEN_ON,no_load_injected_background_apps_unverified,
2026-08-22T12:15:30.504666Z,1.2.0,realme_RMX3760_api35,1.2.0+3,release,mobilenet_v3_small_float16,201167c633c4c8714d7c84905e88fe159d76e9eff38c91b70708b1ced5a8bb00,mobilenet_v3_small,float16,float32,float32,1x224x224x3,xnnpack_cpu,xnnpack,xnnpack_initialized_partition_unverified,,2,1,11,measured,80,353.210000,12.119000,252.037109375,362.50390625,85.0,charging,false,0,,,43.9,FLAG_KEEP_SCREEN_ON,no_load_injected_background_apps_unverified,
2026-08-22T12:15:30.953376Z,1.2.0,realme_RMX3760_api35,1.2.0+3,release,mobilenet_v3_small_float16,201167c633c4c8714d7c84905e88fe159d76e9eff38c91b70708b1ced5a8bb00,mobilenet_v3_small,float16,float32,float32,1x224x224x3,xnnpack_cpu,xnnpack,xnnpack_initialized_partition_unverified,,2,1,11,measured,81,389.255000,12.119000,252.431640625,362.8671875,85.0,charging,false,0,,,43.9,FLAG_KEEP_SCREEN_ON,no_load_injected_background_apps_unverified,
2026-08-22T12:15:31.345942Z,1.2.0,realme_RMX3760_api35,1.2.0+3,release,mobilenet_v3_small_float16,201167c633c4c8714d7c84905e88fe159d76e9eff38c91b70708b1ced5a8bb00,mobilenet_v3_small,float16,float32,float32,1x224x224x3,xnnpack_cpu,xnnpack,xnnpack_initialized_partition_unverified,,2,1,11,measured,82,334.240000,12.119000,252.419921875,362.95703125,85.0,charging,false,0,,,43.9,FLAG_KEEP_SCREEN_ON,no_load_injected_background_apps_unverified,
2026-08-22T12:15:31.751590Z,1.2.0,realme_RMX3760_api35,1.2.0+3,release,mobilenet_v3_small_float16,201167c633c4c8714d7c84905e88fe159d76e9eff38c91b70708b1ced5a8bb00,mobilenet_v3_small,float16,float32,float32,1x224x224x3,xnnpack_cpu,xnnpack,xnnpack_initialized_partition_unverified,,2,1,11,measured,83,345.625000,12.119000,252.427734375,362.9453125,85.0,charging,false,0,,,43.9,FLAG_KEEP_SCREEN_ON,no_load_injected_background_apps_unverified,
2026-08-22T12:15:32.159578Z,1.2.0,realme_RMX3760_api35,1.2.0+3,release,mobilenet_v3_small_float16,201167c633c4c8714d7c84905e88fe159d76e9eff38c91b70708b1ced5a8bb00,mobilenet_v3_small,float16,float32,float32,1x224x224x3,xnnpack_cpu,xnnpack,xnnpack_initialized_partition_unverified,,2,1,11,measured,84,348.060000,12.119000,252.458984375,362.9453125,85.0,charging,false,0,,,43.9,FLAG_KEEP_SCREEN_ON,no_load_injected_background_apps_unverified,
2026-08-22T12:15:32.589199Z,1.2.0,realme_RMX3760_api35,1.2.0+3,release,mobilenet_v3_small_float16,201167c633c4c8714d7c84905e88fe159d76e9eff38c91b70708b1ced5a8bb00,mobilenet_v3_small,float16,float32,float32,1x224x224x3,xnnpack_cpu,xnnpack,xnnpack_initialized_partition_unverified,,2,1,11,measured,85,370.926000,12.119000,252.517578125,362.96484375,85.0,charging,false,0,,,43.9,FLAG_KEEP_SCREEN_ON,no_load_injected_background_apps_unverified,
2026-08-22T12:15:33.000378Z,1.2.0,realme_RMX3760_api35,1.2.0+3,release,mobilenet_v3_small_float16,201167c633c4c8714d7c84905e88fe159d76e9eff38c91b70708b1ced5a8bb00,mobilenet_v3_small,float16,float32,float32,1x224x224x3,xnnpack_cpu,xnnpack,xnnpack_initialized_partition_unverified,,2,1,11,measured,86,351.793000,12.119000,252.537109375,363.06640625,85.0,charging,false,0,,,43.9,FLAG_KEEP_SCREEN_ON,no_load_injected_background_apps_unverified,
2026-08-22T12:15:33.417573Z,1.2.0,realme_RMX3760_api35,1.2.0+3,release,mobilenet_v3_small_float16,201167c633c4c8714d7c84905e88fe159d76e9eff38c91b70708b1ced5a8bb00,mobilenet_v3_small,float16,float32,float32,1x224x224x3,xnnpack_cpu,xnnpack,xnnpack_initialized_partition_unverified,,2,1,11,measured,87,357.902000,12.119000,252.537109375,363.0390625,85.0,charging,false,0,,,43.9,FLAG_KEEP_SCREEN_ON,no_load_injected_background_apps_unverified,
2026-08-22T12:15:33.820062Z,1.2.0,realme_RMX3760_api35,1.2.0+3,release,mobilenet_v3_small_float16,201167c633c4c8714d7c84905e88fe159d76e9eff38c91b70708b1ced5a8bb00,mobilenet_v3_small,float16,float32,float32,1x224x224x3,xnnpack_cpu,xnnpack,xnnpack_initialized_partition_unverified,,2,1,11,measured,88,342.758000,12.119000,252.552734375,363.02734375,85.0,charging,false,0,,,43.9,FLAG_KEEP_SCREEN_ON,no_load_injected_background_apps_unverified,
2026-08-22T12:15:34.229418Z,1.2.0,realme_RMX3760_api35,1.2.0+3,release,mobilenet_v3_small_float16,201167c633c4c8714d7c84905e88fe159d76e9eff38c91b70708b1ced5a8bb00,mobilenet_v3_small,float16,float32,float32,1x224x224x3,xnnpack_cpu,xnnpack,xnnpack_initialized_partition_unverified,,2,1,11,measured,89,350.487000,12.119000,253.076171875,363.52734375,85.0,charging,false,0,,,43.9,FLAG_KEEP_SCREEN_ON,no_load_injected_background_apps_unverified,
2026-08-22T12:15:34.637515Z,1.2.0,realme_RMX3760_api35,1.2.0+3,release,mobilenet_v3_small_float16,201167c633c4c8714d7c84905e88fe159d76e9eff38c91b70708b1ced5a8bb00,mobilenet_v3_small,float16,float32,float32,1x224x224x3,xnnpack_cpu,xnnpack,xnnpack_initialized_partition_unverified,,2,1,11,measured,90,348.527000,12.119000,252.599609375,363.12109375,85.0,charging,false,0,,,43.9,FLAG_KEEP_SCREEN_ON,no_load_injected_background_apps_unverified,
2026-08-22T12:15:35.036095Z,1.2.0,realme_RMX3760_api35,1.2.0+3,release,mobilenet_v3_small_float16,201167c633c4c8714d7c84905e88fe159d76e9eff38c91b70708b1ced5a8bb00,mobilenet_v3_small,float16,float32,float32,1x224x224x3,xnnpack_cpu,xnnpack,xnnpack_initialized_partition_unverified,,2,1,11,measured,91,339.020000,12.119000,253.119140625,363.640625,85.0,charging,false,0,,,43.9,FLAG_KEEP_SCREEN_ON,no_load_injected_background_apps_unverified,
2026-08-22T12:15:35.443463Z,1.2.0,realme_RMX3760_api35,1.2.0+3,release,mobilenet_v3_small_float16,201167c633c4c8714d7c84905e88fe159d76e9eff38c91b70708b1ced5a8bb00,mobilenet_v3_small,float16,float32,float32,1x224x224x3,xnnpack_cpu,xnnpack,xnnpack_initialized_partition_unverified,,2,1,11,measured,92,346.219000,12.119000,252.626953125,363.15625,85.0,charging,false,0,,,43.9,FLAG_KEEP_SCREEN_ON,no_load_injected_background_apps_unverified,
2026-08-22T12:15:35.842694Z,1.2.0,realme_RMX3760_api35,1.2.0+3,release,mobilenet_v3_small_float16,201167c633c4c8714d7c84905e88fe159d76e9eff38c91b70708b1ced5a8bb00,mobilenet_v3_small,float16,float32,float32,1x224x224x3,xnnpack_cpu,xnnpack,xnnpack_initialized_partition_unverified,,2,1,11,measured,93,339.831000,12.119000,253.146484375,363.6328125,85.0,charging,false,0,,,43.9,FLAG_KEEP_SCREEN_ON,no_load_injected_background_apps_unverified,
2026-08-22T12:15:36.257758Z,1.2.0,realme_RMX3760_api35,1.2.0+3,release,mobilenet_v3_small_float16,201167c633c4c8714d7c84905e88fe159d76e9eff38c91b70708b1ced5a8bb00,mobilenet_v3_small,float16,float32,float32,1x224x224x3,xnnpack_cpu,xnnpack,xnnpack_initialized_partition_unverified,,2,1,11,measured,94,355.942000,12.119000,252.146484375,362.62890625,85.0,charging,false,0,,,43.9,FLAG_KEEP_SCREEN_ON,no_load_injected_background_apps_unverified,
2026-08-22T12:15:36.657993Z,1.2.0,realme_RMX3760_api35,1.2.0+3,release,mobilenet_v3_small_float16,201167c633c4c8714d7c84905e88fe159d76e9eff38c91b70708b1ced5a8bb00,mobilenet_v3_small,float16,float32,float32,1x224x224x3,xnnpack_cpu,xnnpack,xnnpack_initialized_partition_unverified,,2,1,11,measured,95,341.231000,12.119000,252.666015625,363.16015625,85.0,charging,false,0,,,43.9,FLAG_KEEP_SCREEN_ON,no_load_injected_background_apps_unverified,
2026-08-22T12:15:37.076075Z,1.2.0,realme_RMX3760_api35,1.2.0+3,release,mobilenet_v3_small_float16,201167c633c4c8714d7c84905e88fe159d76e9eff38c91b70708b1ced5a8bb00,mobilenet_v3_small,float16,float32,float32,1x224x224x3,xnnpack_cpu,xnnpack,xnnpack_initialized_partition_unverified,,2,1,11,measured,96,359.421000,12.119000,253.189453125,363.6875,85.0,charging,false,0,,,43.9,FLAG_KEEP_SCREEN_ON,no_load_injected_background_apps_unverified,
2026-08-22T12:15:37.500855Z,1.2.0,realme_RMX3760_api35,1.2.0+3,release,mobilenet_v3_small_float16,201167c633c4c8714d7c84905e88fe159d76e9eff38c91b70708b1ced5a8bb00,mobilenet_v3_small,float16,float32,float32,1x224x224x3,xnnpack_cpu,xnnpack,xnnpack_initialized_partition_unverified,,2,1,11,measured,97,363.882000,12.119000,252.693359375,363.109375,85.0,charging,false,0,,,43.9,FLAG_KEEP_SCREEN_ON,no_load_injected_background_apps_unverified,
2026-08-22T12:15:37.921881Z,1.2.0,realme_RMX3760_api35,1.2.0+3,release,mobilenet_v3_small_float16,201167c633c4c8714d7c84905e88fe159d76e9eff38c91b70708b1ced5a8bb00,mobilenet_v3_small,float16,float32,float32,1x224x224x3,xnnpack_cpu,xnnpack,xnnpack_initialized_partition_unverified,,2,1,11,measured,98,361.744000,12.119000,252.708984375,363.22265625,85.0,charging,false,0,,,43.9,FLAG_KEEP_SCREEN_ON,no_load_injected_background_apps_unverified,
2026-08-22T12:15:38.301880Z,1.2.0,realme_RMX3760_api35,1.2.0+3,release,mobilenet_v3_small_float16,201167c633c4c8714d7c84905e88fe159d76e9eff38c91b70708b1ced5a8bb00,mobilenet_v3_small,float16,float32,float32,1x224x224x3,xnnpack_cpu,xnnpack,xnnpack_initialized_partition_unverified,,2,1,11,measured,99,320.585000,12.119000,253.232421875,363.72265625,85.0,charging,false,0,,,43.9,FLAG_KEEP_SCREEN_ON,no_load_injected_background_apps_unverified,
2026-08-22T12:15:45.977730Z,1.2.0,realme_RMX3760_api35,1.2.0+3,release,mobilenet_v3_small_float32,cf6183dcd31c9ec34724e8f68d15423dc09b0cf71b1e91ba37800321b7526ba4,mobilenet_v3_small,float32,float32,float32,1x224x224x3,xnnpack_cpu,xnnpack,xnnpack_initialized_partition_unverified,,1,1,12,measured,0,347.996000,8.045000,256.939453125,367.26953125,85.0,charging,false,0,,,43.9,FLAG_KEEP_SCREEN_ON,no_load_injected_background_apps_unverified,
2026-08-22T12:15:46.385963Z,1.2.0,realme_RMX3760_api35,1.2.0+3,release,mobilenet_v3_small_float32,cf6183dcd31c9ec34724e8f68d15423dc09b0cf71b1e91ba37800321b7526ba4,mobilenet_v3_small,float32,float32,float32,1x224x224x3,xnnpack_cpu,xnnpack,xnnpack_initialized_partition_unverified,,1,1,12,measured,1,348.331000,8.045000,256.943359375,367.41015625,85.0,charging,false,0,,,43.9,FLAG_KEEP_SCREEN_ON,no_load_injected_background_apps_unverified,
2026-08-22T12:15:46.824685Z,1.2.0,realme_RMX3760_api35,1.2.0+3,release,mobilenet_v3_small_float32,cf6183dcd31c9ec34724e8f68d15423dc09b0cf71b1e91ba37800321b7526ba4,mobilenet_v3_small,float32,float32,float32,1x224x224x3,xnnpack_cpu,xnnpack,xnnpack_initialized_partition_unverified,,1,1,12,measured,2,378.187000,8.045000,256.970703125,367.44921875,85.0,charging,false,0,,,43.9,FLAG_KEEP_SCREEN_ON,no_load_injected_background_apps_unverified,
2026-08-22T12:15:47.225742Z,1.2.0,realme_RMX3760_api35,1.2.0+3,release,mobilenet_v3_small_float32,cf6183dcd31c9ec34724e8f68d15423dc09b0cf71b1e91ba37800321b7526ba4,mobilenet_v3_small,float32,float32,float32,1x224x224x3,xnnpack_cpu,xnnpack,xnnpack_initialized_partition_unverified,,1,1,12,measured,3,341.440000,8.045000,256.990234375,367.44140625,85.0,charging,false,0,,,43.9,FLAG_KEEP_SCREEN_ON,no_load_injected_background_apps_unverified,
2026-08-22T12:15:47.640781Z,1.2.0,realme_RMX3760_api35,1.2.0+3,release,mobilenet_v3_small_float32,cf6183dcd31c9ec34724e8f68d15423dc09b0cf71b1e91ba37800321b7526ba4,mobilenet_v3_small,float32,float32,float32,1x224x224x3,xnnpack_cpu,xnnpack,xnnpack_initialized_partition_unverified,,1,1,12,measured,4,354.825000,8.045000,257.013671875,367.43359375,85.0,charging,false,0,,,43.9,FLAG_KEEP_SCREEN_ON,no_load_injected_background_apps_unverified,
2026-08-22T12:15:48.062648Z,1.2.0,realme_RMX3760_api35,1.2.0+3,release,mobilenet_v3_small_float32,cf6183dcd31c9ec34724e8f68d15423dc09b0cf71b1e91ba37800321b7526ba4,mobilenet_v3_small,float32,float32,float32,1x224x224x3,xnnpack_cpu,xnnpack,xnnpack_initialized_partition_unverified,,1,1,12,measured,5,362.154000,8.045000,257.048828125,367.4453125,85.0,charging,false,0,,,43.9,FLAG_KEEP_SCREEN_ON,no_load_injected_background_apps_unverified,
2026-08-22T12:15:48.473356Z,1.2.0,realme_RMX3760_api35,1.2.0+3,release,mobilenet_v3_small_float32,cf6183dcd31c9ec34724e8f68d15423dc09b0cf71b1e91ba37800321b7526ba4,mobilenet_v3_small,float32,float32,float32,1x224x224x3,xnnpack_cpu,xnnpack,xnnpack_initialized_partition_unverified,,1,1,12,measured,6,351.328000,8.045000,256.037109375,366.4453125,85.0,charging,false,0,,,43.9,FLAG_KEEP_SCREEN_ON,no_load_injected_background_apps_unverified,
2026-08-22T12:15:48.880603Z,1.2.0,realme_RMX3760_api35,1.2.0+3,release,mobilenet_v3_small_float32,cf6183dcd31c9ec34724e8f68d15423dc09b0cf71b1e91ba37800321b7526ba4,mobilenet_v3_small,float32,float32,float32,1x224x224x3,xnnpack_cpu,xnnpack,xnnpack_initialized_partition_unverified,,1,1,12,measured,7,347.204000,8.045000,257.072265625,367.53125,85.0,charging,false,0,,,43.9,FLAG_KEEP_SCREEN_ON,no_load_injected_background_apps_unverified,
2026-08-22T12:15:49.292163Z,1.2.0,realme_RMX3760_api35,1.2.0+3,release,mobilenet_v3_small_float32,cf6183dcd31c9ec34724e8f68d15423dc09b0cf71b1e91ba37800321b7526ba4,mobilenet_v3_small,float32,float32,float32,1x224x224x3,xnnpack_cpu,xnnpack,xnnpack_initialized_partition_unverified,,1,1,12,measured,8,350.925000,8.045000,256.580078125,367.078125,85.0,charging,false,0,,,43.9,FLAG_KEEP_SCREEN_ON,no_load_injected_background_apps_unverified,
2026-08-22T12:15:49.700365Z,1.2.0,realme_RMX3760_api35,1.2.0+3,release,mobilenet_v3_small_float32,cf6183dcd31c9ec34724e8f68d15423dc09b0cf71b1e91ba37800321b7526ba4,mobilenet_v3_small,float32,float32,float32,1x224x224x3,xnnpack_cpu,xnnpack,xnnpack_initialized_partition_unverified,,1,1,12,measured,9,347.932000,8.045000,256.638671875,367.140625,85.0,charging,false,0,,,43.9,FLAG_KEEP_SCREEN_ON,no_load_injected_background_apps_unverified,
2026-08-22T12:15:50.100270Z,1.2.0,realme_RMX3760_api35,1.2.0+3,release,mobilenet_v3_small_float32,cf6183dcd31c9ec34724e8f68d15423dc09b0cf71b1e91ba37800321b7526ba4,mobilenet_v3_small,float32,float32,float32,1x224x224x3,xnnpack_cpu,xnnpack,xnnpack_initialized_partition_unverified,,1,1,12,measured,10,339.447000,8.045000,260.666015625,371.1640625,85.0,charging,false,0,,,43.9,FLAG_KEEP_SCREEN_ON,no_load_injected_background_apps_unverified,
2026-08-22T12:15:50.536715Z,1.2.0,realme_RMX3760_api35,1.2.0+3,release,mobilenet_v3_small_float32,cf6183dcd31c9ec34724e8f68d15423dc09b0cf71b1e91ba37800321b7526ba4,mobilenet_v3_small,float32,float32,float32,1x224x224x3,xnnpack_cpu,xnnpack,xnnpack_initialized_partition_unverified,,1,1,12,measured,11,373.755000,8.045000,257.119140625,367.515625,85.0,charging,false,0,,,43.9,FLAG_KEEP_SCREEN_ON,no_load_injected_background_apps_unverified,
2026-08-22T12:15:50.956234Z,1.2.0,realme_RMX3760_api35,1.2.0+3,release,mobilenet_v3_small_float32,cf6183dcd31c9ec34724e8f68d15423dc09b0cf71b1e91ba37800321b7526ba4,mobilenet_v3_small,float32,float32,float32,1x224x224x3,xnnpack_cpu,xnnpack,xnnpack_initialized_partition_unverified,,1,1,12,measured,12,358.609000,8.045000,256.658203125,367.14453125,85.0,charging,false,0,,,43.9,FLAG_KEEP_SCREEN_ON,no_load_injected_background_apps_unverified,
2026-08-22T12:15:51.337687Z,1.2.0,realme_RMX3760_api35,1.2.0+3,release,mobilenet_v3_small_float32,cf6183dcd31c9ec34724e8f68d15423dc09b0cf71b1e91ba37800321b7526ba4,mobilenet_v3_small,float32,float32,float32,1x224x224x3,xnnpack_cpu,xnnpack,xnnpack_initialized_partition_unverified,,1,1,12,measured,13,321.780000,8.045000,257.216796875,367.68359375,85.0,charging,false,0,,,43.9,FLAG_KEEP_SCREEN_ON,no_load_injected_background_apps_unverified,
2026-08-22T12:15:51.741144Z,1.2.0,realme_RMX3760_api35,1.2.0+3,release,mobilenet_v3_small_float32,cf6183dcd31c9ec34724e8f68d15423dc09b0cf71b1e91ba37800321b7526ba4,mobilenet_v3_small,float32,float32,float32,1x224x224x3,xnnpack_cpu,xnnpack,xnnpack_initialized_partition_unverified,,1,1,12,measured,14,341.453000,8.045000,260.740234375,371.23828125,85.0,charging,false,0,,,43.9,FLAG_KEEP_SCREEN_ON,no_load_injected_background_apps_unverified,
2026-08-22T12:15:52.156645Z,1.2.0,realme_RMX3760_api35,1.2.0+3,release,mobilenet_v3_small_float32,cf6183dcd31c9ec34724e8f68d15423dc09b0cf71b1e91ba37800321b7526ba4,mobilenet_v3_small,float32,float32,float32,1x224x224x3,xnnpack_cpu,xnnpack,xnnpack_initialized_partition_unverified,,1,1,12,measured,15,356.086000,8.045000,257.255859375,367.73046875,85.0,charging,false,0,,,43.9,FLAG_KEEP_SCREEN_ON,no_load_injected_background_apps_unverified,
2026-08-22T12:15:52.568458Z,1.2.0,realme_RMX3760_api35,1.2.0+3,release,mobilenet_v3_small_float32,cf6183dcd31c9ec34724e8f68d15423dc09b0cf71b1e91ba37800321b7526ba4,mobilenet_v3_small,float32,float32,float32,1x224x224x3,xnnpack_cpu,xnnpack,xnnpack_initialized_partition_unverified,,1,1,12,measured,16,352.161000,8.045000,257.283203125,367.78125,85.0,charging,false,0,,,43.9,FLAG_KEEP_SCREEN_ON,no_load_injected_background_apps_unverified,
2026-08-22T12:15:52.968595Z,1.2.0,realme_RMX3760_api35,1.2.0+3,release,mobilenet_v3_small_float32,cf6183dcd31c9ec34724e8f68d15423dc09b0cf71b1e91ba37800321b7526ba4,mobilenet_v3_small,float32,float32,float32,1x224x224x3,xnnpack_cpu,xnnpack,xnnpack_initialized_partition_unverified,,1,1,12,measured,17,339.932000,8.045000,257.306640625,367.7734375,85.0,charging,false,0,,,43.9,FLAG_KEEP_SCREEN_ON,no_load_injected_background_apps_unverified,
2026-08-22T12:15:53.361486Z,1.2.0,realme_RMX3760_api35,1.2.0+3,release,mobilenet_v3_small_float32,cf6183dcd31c9ec34724e8f68d15423dc09b0cf71b1e91ba37800321b7526ba4,mobilenet_v3_small,float32,float32,float32,1x224x224x3,xnnpack_cpu,xnnpack,xnnpack_initialized_partition_unverified,,1,1,12,measured,18,327.275000,8.045000,257.322265625,367.7734375,85.0,charging,false,0,,,43.9,FLAG_KEEP_SCREEN_ON,no_load_injected_background_apps_unverified,
2026-08-22T12:15:53.773122Z,1.2.0,realme_RMX3760_api35,1.2.0+3,release,mobilenet_v3_small_float32,cf6183dcd31c9ec34724e8f68d15423dc09b0cf71b1e91ba37800321b7526ba4,mobilenet_v3_small,float32,float32,float32,1x224x224x3,xnnpack_cpu,xnnpack,xnnpack_initialized_partition_unverified,,1,1,12,measured,19,352.606000,8.045000,256.861328125,367.34375,85.0,charging,false,0,,,43.9,FLAG_KEEP_SCREEN_ON,no_load_injected_background_apps_unverified,
2026-08-22T12:15:54.185202Z,1.2.0,realme_RMX3760_api35,1.2.0+3,release,mobilenet_v3_small_float32,cf6183dcd31c9ec34724e8f68d15423dc09b0cf71b1e91ba37800321b7526ba4,mobilenet_v3_small,float32,float32,float32,1x224x224x3,xnnpack_cpu,xnnpack,xnnpack_initialized_partition_unverified,,1,1,12,measured,20,351.628000,8.045000,257.388671875,367.80859375,85.0,charging,false,0,,,43.9,FLAG_KEEP_SCREEN_ON,no_load_injected_background_apps_unverified,
2026-08-22T12:15:54.612670Z,1.2.0,realme_RMX3760_api35,1.2.0+3,release,mobilenet_v3_small_float32,cf6183dcd31c9ec34724e8f68d15423dc09b0cf71b1e91ba37800321b7526ba4,mobilenet_v3_small,float32,float32,float32,1x224x224x3,xnnpack_cpu,xnnpack,xnnpack_initialized_partition_unverified,,1,1,12,measured,21,364.966000,8.045000,257.412109375,367.8671875,85.0,charging,false,0,,,43.9,FLAG_KEEP_SCREEN_ON,no_load_injected_background_apps_unverified,
2026-08-22T12:15:55.008875Z,1.2.0,realme_RMX3760_api35,1.2.0+3,release,mobilenet_v3_small_float32,cf6183dcd31c9ec34724e8f68d15423dc09b0cf71b1e91ba37800321b7526ba4,mobilenet_v3_small,float32,float32,float32,1x224x224x3,xnnpack_cpu,xnnpack,xnnpack_initialized_partition_unverified,,1,1,12,measured,22,336.856000,8.045000,257.431640625,367.9140625,85.0,charging,false,0,,,43.9,FLAG_KEEP_SCREEN_ON,no_load_injected_background_apps_unverified,
2026-08-22T12:15:55.396460Z,1.2.0,realme_RMX3760_api35,1.2.0+3,release,mobilenet_v3_small_float32,cf6183dcd31c9ec34724e8f68d15423dc09b0cf71b1e91ba37800321b7526ba4,mobilenet_v3_small,float32,float32,float32,1x224x224x3,xnnpack_cpu,xnnpack,xnnpack_initialized_partition_unverified,,1,1,12,measured,23,327.780000,8.045000,260.447265625,370.93359375,85.0,charging,false,0,,,43.9,FLAG_KEEP_SCREEN_ON,no_load_injected_background_apps_unverified,
2026-08-22T12:15:55.811058Z,1.2.0,realme_RMX3760_api35,1.2.0+3,release,mobilenet_v3_small_float32,cf6183dcd31c9ec34724e8f68d15423dc09b0cf71b1e91ba37800321b7526ba4,mobilenet_v3_small,float32,float32,float32,1x224x224x3,xnnpack_cpu,xnnpack,xnnpack_initialized_partition_unverified,,1,1,12,measured,24,355.850000,8.045000,256.970703125,367.4296875,85.0,charging,false,0,,,43.9,FLAG_KEEP_SCREEN_ON,no_load_injected_background_apps_unverified,
2026-08-22T12:15:56.229470Z,1.2.0,realme_RMX3760_api35,1.2.0+3,release,mobilenet_v3_small_float32,cf6183dcd31c9ec34724e8f68d15423dc09b0cf71b1e91ba37800321b7526ba4,mobilenet_v3_small,float32,float32,float32,1x224x224x3,xnnpack_cpu,xnnpack,xnnpack_initialized_partition_unverified,,1,1,12,measured,25,359.843000,8.045000,257.486328125,367.97265625,85.0,charging,false,0,,,43.9,FLAG_KEEP_SCREEN_ON,no_load_injected_background_apps_unverified,
2026-08-22T12:15:56.617558Z,1.2.0,realme_RMX3760_api35,1.2.0+3,release,mobilenet_v3_small_float32,cf6183dcd31c9ec34724e8f68d15423dc09b0cf71b1e91ba37800321b7526ba4,mobilenet_v3_small,float32,float32,float32,1x224x224x3,xnnpack_cpu,xnnpack,xnnpack_initialized_partition_unverified,,1,1,12,measured,26,328.298000,8.045000,256.947265625,367.34765625,85.0,charging,false,0,,,43.9,FLAG_KEEP_SCREEN_ON,no_load_injected_background_apps_unverified,
2026-08-22T12:15:57.011017Z,1.2.0,realme_RMX3760_api35,1.2.0+3,release,mobilenet_v3_small_float32,cf6183dcd31c9ec34724e8f68d15423dc09b0cf71b1e91ba37800321b7526ba4,mobilenet_v3_small,float32,float32,float32,1x224x224x3,xnnpack_cpu,xnnpack,xnnpack_initialized_partition_unverified,,1,1,12,measured,27,333.161000,8.045000,256.529296875,366.9921875,85.0,charging,false,0,,,43.9,FLAG_KEEP_SCREEN_ON,no_load_injected_background_apps_unverified,
2026-08-22T12:15:57.411671Z,1.2.0,realme_RMX3760_api35,1.2.0+3,release,mobilenet_v3_small_float32,cf6183dcd31c9ec34724e8f68d15423dc09b0cf71b1e91ba37800321b7526ba4,mobilenet_v3_small,float32,float32,float32,1x224x224x3,xnnpack_cpu,xnnpack,xnnpack_initialized_partition_unverified,,1,1,12,measured,28,339.748000,8.045000,257.052734375,367.51171875,85.0,charging,false,0,,,43.9,FLAG_KEEP_SCREEN_ON,no_load_injected_background_apps_unverified,
2026-08-22T12:15:57.797451Z,1.2.0,realme_RMX3760_api35,1.2.0+3,release,mobilenet_v3_small_float32,cf6183dcd31c9ec34724e8f68d15423dc09b0cf71b1e91ba37800321b7526ba4,mobilenet_v3_small,float32,float32,float32,1x224x224x3,xnnpack_cpu,xnnpack,xnnpack_initialized_partition_unverified,,1,1,12,measured,29,326.703000,8.045000,257.580078125,368.0625,85.0,charging,false,0,,,43.9,FLAG_KEEP_SCREEN_ON,no_load_injected_background_apps_unverified,
2026-08-22T12:15:58.209061Z,1.2.0,realme_RMX3760_api35,1.2.0+3,release,mobilenet_v3_small_float32,cf6183dcd31c9ec34724e8f68d15423dc09b0cf71b1e91ba37800321b7526ba4,mobilenet_v3_small,float32,float32,float32,1x224x224x3,xnnpack_cpu,xnnpack,xnnpack_initialized_partition_unverified,,1,1,12,measured,30,352.272000,8.045000,257.603515625,368.05859375,85.0,charging,false,0,,,43.9,FLAG_KEEP_SCREEN_ON,no_load_injected_background_apps_unverified,
2026-08-22T12:15:58.613829Z,1.2.0,realme_RMX3760_api35,1.2.0+3,release,mobilenet_v3_small_float32,cf6183dcd31c9ec34724e8f68d15423dc09b0cf71b1e91ba37800321b7526ba4,mobilenet_v3_small,float32,float32,float32,1x224x224x3,xnnpack_cpu,xnnpack,xnnpack_initialized_partition_unverified,,1,1,12,measured,31,342.681000,8.045000,256.861328125,367.30859375,85.0,charging,false,0,,,43.9,FLAG_KEEP_SCREEN_ON,no_load_injected_background_apps_unverified,
2026-08-22T12:15:59.021341Z,1.2.0,realme_RMX3760_api35,1.2.0+3,release,mobilenet_v3_small_float32,cf6183dcd31c9ec34724e8f68d15423dc09b0cf71b1e91ba37800321b7526ba4,mobilenet_v3_small,float32,float32,float32,1x224x224x3,xnnpack_cpu,xnnpack,xnnpack_initialized_partition_unverified,,1,1,12,measured,32,347.327000,8.045000,257.607421875,368.0234375,85.0,charging,false,0,,,43.9,FLAG_KEEP_SCREEN_ON,no_load_injected_background_apps_unverified,
2026-08-22T12:15:59.439390Z,1.2.0,realme_RMX3760_api35,1.2.0+3,release,mobilenet_v3_small_float32,cf6183dcd31c9ec34724e8f68d15423dc09b0cf71b1e91ba37800321b7526ba4,mobilenet_v3_small,float32,float32,float32,1x224x224x3,xnnpack_cpu,xnnpack,xnnpack_initialized_partition_unverified,,1,1,12,measured,33,358.208000,8.045000,257.638671875,368.11328125,85.0,charging,false,0,,,43.8,FLAG_KEEP_SCREEN_ON,no_load_injected_background_apps_unverified,
2026-08-22T12:15:59.861833Z,1.2.0,realme_RMX3760_api35,1.2.0+3,release,mobilenet_v3_small_float32,cf6183dcd31c9ec34724e8f68d15423dc09b0cf71b1e91ba37800321b7526ba4,mobilenet_v3_small,float32,float32,float32,1x224x224x3,xnnpack_cpu,xnnpack,xnnpack_initialized_partition_unverified,,1,1,12,measured,34,363.858000,8.045000,257.142578125,367.62109375,85.0,charging,false,0,,,43.8,FLAG_KEEP_SCREEN_ON,no_load_injected_background_apps_unverified,
2026-08-22T12:16:00.255388Z,1.2.0,realme_RMX3760_api35,1.2.0+3,release,mobilenet_v3_small_float32,cf6183dcd31c9ec34724e8f68d15423dc09b0cf71b1e91ba37800321b7526ba4,mobilenet_v3_small,float32,float32,float32,1x224x224x3,xnnpack_cpu,xnnpack,xnnpack_initialized_partition_unverified,,1,1,12,measured,35,335.125000,8.045000,256.658203125,367.1328125,85.0,charging,false,0,,,43.8,FLAG_KEEP_SCREEN_ON,no_load_injected_background_apps_unverified,
2026-08-22T12:16:00.658261Z,1.2.0,realme_RMX3760_api35,1.2.0+3,release,mobilenet_v3_small_float32,cf6183dcd31c9ec34724e8f68d15423dc09b0cf71b1e91ba37800321b7526ba4,mobilenet_v3_small,float32,float32,float32,1x224x224x3,xnnpack_cpu,xnnpack,xnnpack_initialized_partition_unverified,,1,1,12,measured,36,339.159000,8.045000,257.072265625,367.4921875,85.0,charging,false,0,,,43.8,FLAG_KEEP_SCREEN_ON,no_load_injected_background_apps_unverified,
2026-08-22T12:16:01.059685Z,1.2.0,realme_RMX3760_api35,1.2.0+3,release,mobilenet_v3_small_float32,cf6183dcd31c9ec34724e8f68d15423dc09b0cf71b1e91ba37800321b7526ba4,mobilenet_v3_small,float32,float32,float32,1x224x224x3,xnnpack_cpu,xnnpack,xnnpack_initialized_partition_unverified,,1,1,12,measured,37,339.738000,8.045000,257.701171875,368.16015625,85.0,charging,false,0,,,43.8,FLAG_KEEP_SCREEN_ON,no_load_injected_background_apps_unverified,
2026-08-22T12:16:01.470226Z,1.2.0,realme_RMX3760_api35,1.2.0+3,release,mobilenet_v3_small_float32,cf6183dcd31c9ec34724e8f68d15423dc09b0cf71b1e91ba37800321b7526ba4,mobilenet_v3_small,float32,float32,float32,1x224x224x3,xnnpack_cpu,xnnpack,xnnpack_initialized_partition_unverified,,1,1,12,measured,38,350.913000,8.045000,257.759765625,368.20703125,85.0,charging,false,0,,,43.8,FLAG_KEEP_SCREEN_ON,no_load_injected_background_apps_unverified,
2026-08-22T12:16:01.873104Z,1.2.0,realme_RMX3760_api35,1.2.0+3,release,mobilenet_v3_small_float32,cf6183dcd31c9ec34724e8f68d15423dc09b0cf71b1e91ba37800321b7526ba4,mobilenet_v3_small,float32,float32,float32,1x224x224x3,xnnpack_cpu,xnnpack,xnnpack_initialized_partition_unverified,,1,1,12,measured,39,343.801000,8.045000,257.779296875,368.2578125,85.0,charging,false,0,,,43.8,FLAG_KEEP_SCREEN_ON,no_load_injected_background_apps_unverified,
2026-08-22T12:16:02.276496Z,1.2.0,realme_RMX3760_api35,1.2.0+3,release,mobilenet_v3_small_float32,cf6183dcd31c9ec34724e8f68d15423dc09b0cf71b1e91ba37800321b7526ba4,mobilenet_v3_small,float32,float32,float32,1x224x224x3,xnnpack_cpu,xnnpack,xnnpack_initialized_partition_unverified,,1,1,12,measured,40,343.573000,8.045000,257.802734375,368.23828125,85.0,charging,false,0,,,43.8,FLAG_KEEP_SCREEN_ON,no_load_injected_background_apps_unverified,
2026-08-22T12:16:02.685820Z,1.2.0,realme_RMX3760_api35,1.2.0+3,release,mobilenet_v3_small_float32,cf6183dcd31c9ec34724e8f68d15423dc09b0cf71b1e91ba37800321b7526ba4,mobilenet_v3_small,float32,float32,float32,1x224x224x3,xnnpack_cpu,xnnpack,xnnpack_initialized_partition_unverified,,1,1,12,measured,41,350.428000,8.045000,257.705078125,368.07421875,85.0,charging,false,0,,,43.8,FLAG_KEEP_SCREEN_ON,no_load_injected_background_apps_unverified,
2026-08-22T12:16:03.102039Z,1.2.0,realme_RMX3760_api35,1.2.0+3,release,mobilenet_v3_small_float32,cf6183dcd31c9ec34724e8f68d15423dc09b0cf71b1e91ba37800321b7526ba4,mobilenet_v3_small,float32,float32,float32,1x224x224x3,xnnpack_cpu,xnnpack,xnnpack_initialized_partition_unverified,,1,1,12,measured,42,355.957000,8.045000,256.822265625,367.29296875,85.0,charging,false,0,,,43.8,FLAG_KEEP_SCREEN_ON,no_load_injected_background_apps_unverified,
2026-08-22T12:16:03.552941Z,1.2.0,realme_RMX3760_api35,1.2.0+3,release,mobilenet_v3_small_float32,cf6183dcd31c9ec34724e8f68d15423dc09b0cf71b1e91ba37800321b7526ba4,mobilenet_v3_small,float32,float32,float32,1x224x224x3,xnnpack_cpu,xnnpack,xnnpack_initialized_partition_unverified,,1,1,12,measured,43,352.078000,8.045000,257.841796875,368.26953125,85.0,charging,false,0,,,43.8,FLAG_KEEP_SCREEN_ON,no_load_injected_background_apps_unverified,
2026-08-22T12:16:03.969418Z,1.2.0,realme_RMX3760_api35,1.2.0+3,release,mobilenet_v3_small_float32,cf6183dcd31c9ec34724e8f68d15423dc09b0cf71b1e91ba37800321b7526ba4,mobilenet_v3_small,float32,float32,float32,1x224x224x3,xnnpack_cpu,xnnpack,xnnpack_initialized_partition_unverified,,1,1,12,measured,44,357.483000,8.045000,256.849609375,367.32421875,85.0,charging,false,0,,,43.8,FLAG_KEEP_SCREEN_ON,no_load_injected_background_apps_unverified,
2026-08-22T12:16:04.371741Z,1.2.0,realme_RMX3760_api35,1.2.0+3,release,mobilenet_v3_small_float32,cf6183dcd31c9ec34724e8f68d15423dc09b0cf71b1e91ba37800321b7526ba4,mobilenet_v3_small,float32,float32,float32,1x224x224x3,xnnpack_cpu,xnnpack,xnnpack_initialized_partition_unverified,,1,1,12,measured,45,337.000000,8.045000,257.3642578125,367.8203125,85.0,charging,false,0,,,43.8,FLAG_KEEP_SCREEN_ON,no_load_injected_background_apps_unverified,
2026-08-22T12:16:04.800145Z,1.2.0,realme_RMX3760_api35,1.2.0+3,release,mobilenet_v3_small_float32,cf6183dcd31c9ec34724e8f68d15423dc09b0cf71b1e91ba37800321b7526ba4,mobilenet_v3_small,float32,float32,float32,1x224x224x3,xnnpack_cpu,xnnpack,xnnpack_initialized_partition_unverified,,1,1,12,measured,46,365.970000,8.045000,257.365234375,367.81640625,85.0,charging,false,0,,,43.9,FLAG_KEEP_SCREEN_ON,no_load_injected_background_apps_unverified,
2026-08-22T12:16:05.216369Z,1.2.0,realme_RMX3760_api35,1.2.0+3,release,mobilenet_v3_small_float32,cf6183dcd31c9ec34724e8f68d15423dc09b0cf71b1e91ba37800321b7526ba4,mobilenet_v3_small,float32,float32,float32,1x224x224x3,xnnpack_cpu,xnnpack,xnnpack_initialized_partition_unverified,,1,1,12,measured,47,359.273000,8.045000,257.13671875,367.87109375,85.0,charging,false,0,,,43.9,FLAG_KEEP_SCREEN_ON,no_load_injected_background_apps_unverified,
2026-08-22T12:16:05.671497Z,1.2.0,realme_RMX3760_api35,1.2.0+3,release,mobilenet_v3_small_float32,cf6183dcd31c9ec34724e8f68d15423dc09b0cf71b1e91ba37800321b7526ba4,mobilenet_v3_small,float32,float32,float32,1x224x224x3,xnnpack_cpu,xnnpack,xnnpack_initialized_partition_unverified,,1,1,12,measured,48,394.288000,8.045000,257.62890625,368.375,85.0,charging,false,0,,,43.9,FLAG_KEEP_SCREEN_ON,no_load_injected_background_apps_unverified,
2026-08-22T12:16:06.112945Z,1.2.0,realme_RMX3760_api35,1.2.0+3,release,mobilenet_v3_small_float32,cf6183dcd31c9ec34724e8f68d15423dc09b0cf71b1e91ba37800321b7526ba4,mobilenet_v3_small,float32,float32,float32,1x224x224x3,xnnpack_cpu,xnnpack,xnnpack_initialized_partition_unverified,,1,1,12,measured,49,378.632000,8.045000,257.5947265625,368.38671875,85.0,charging,false,0,,,43.9,FLAG_KEEP_SCREEN_ON,no_load_injected_background_apps_unverified,
2026-08-22T12:16:06.527029Z,1.2.0,realme_RMX3760_api35,1.2.0+3,release,mobilenet_v3_small_float32,cf6183dcd31c9ec34724e8f68d15423dc09b0cf71b1e91ba37800321b7526ba4,mobilenet_v3_small,float32,float32,float32,1x224x224x3,xnnpack_cpu,xnnpack,xnnpack_initialized_partition_unverified,,1,1,12,measured,50,352.630000,8.045000,257.462890625,368.46875,85.0,charging,false,0,,,43.9,FLAG_KEEP_SCREEN_ON,no_load_injected_background_apps_unverified,
2026-08-22T12:16:06.946666Z,1.2.0,realme_RMX3760_api35,1.2.0+3,release,mobilenet_v3_small_float32,cf6183dcd31c9ec34724e8f68d15423dc09b0cf71b1e91ba37800321b7526ba4,mobilenet_v3_small,float32,float32,float32,1x224x224x3,xnnpack_cpu,xnnpack,xnnpack_initialized_partition_unverified,,1,1,12,measured,51,360.147000,8.045000,257.4833984375,368.48828125,85.0,charging,false,0,,,43.9,FLAG_KEEP_SCREEN_ON,no_load_injected_background_apps_unverified,
2026-08-22T12:16:07.358258Z,1.2.0,realme_RMX3760_api35,1.2.0+3,release,mobilenet_v3_small_float32,cf6183dcd31c9ec34724e8f68d15423dc09b0cf71b1e91ba37800321b7526ba4,mobilenet_v3_small,float32,float32,float32,1x224x224x3,xnnpack_cpu,xnnpack,xnnpack_initialized_partition_unverified,,1,1,12,measured,52,352.913000,8.045000,257.0029296875,368.0,85.0,charging,false,0,,,43.9,FLAG_KEEP_SCREEN_ON,no_load_injected_background_apps_unverified,
2026-08-22T12:16:07.777056Z,1.2.0,realme_RMX3760_api35,1.2.0+3,release,mobilenet_v3_small_float32,cf6183dcd31c9ec34724e8f68d15423dc09b0cf71b1e91ba37800321b7526ba4,mobilenet_v3_small,float32,float32,float32,1x224x224x3,xnnpack_cpu,xnnpack,xnnpack_initialized_partition_unverified,,1,1,12,measured,53,359.183000,8.045000,255.8505859375,366.8515625,85.0,charging,false,0,,,43.9,FLAG_KEEP_SCREEN_ON,no_load_injected_background_apps_unverified,
2026-08-22T12:16:08.197194Z,1.2.0,realme_RMX3760_api35,1.2.0+3,release,mobilenet_v3_small_float32,cf6183dcd31c9ec34724e8f68d15423dc09b0cf71b1e91ba37800321b7526ba4,mobilenet_v3_small,float32,float32,float32,1x224x224x3,xnnpack_cpu,xnnpack,xnnpack_initialized_partition_unverified,,1,1,12,measured,54,361.157000,8.045000,256.44140625,367.453125,85.0,charging,false,0,,,43.9,FLAG_KEEP_SCREEN_ON,no_load_injected_background_apps_unverified,
2026-08-22T12:16:08.584562Z,1.2.0,realme_RMX3760_api35,1.2.0+3,release,mobilenet_v3_small_float32,cf6183dcd31c9ec34724e8f68d15423dc09b0cf71b1e91ba37800321b7526ba4,mobilenet_v3_small,float32,float32,float32,1x224x224x3,xnnpack_cpu,xnnpack,xnnpack_initialized_partition_unverified,,1,1,12,measured,55,327.324000,8.045000,256.5009765625,367.53515625,85.0,charging,false,0,,,43.9,FLAG_KEEP_SCREEN_ON,no_load_injected_background_apps_unverified,
2026-08-22T12:16:09.009017Z,1.2.0,realme_RMX3760_api35,1.2.0+3,release,mobilenet_v3_small_float32,cf6183dcd31c9ec34724e8f68d15423dc09b0cf71b1e91ba37800321b7526ba4,mobilenet_v3_small,float32,float32,float32,1x224x224x3,xnnpack_cpu,xnnpack,xnnpack_initialized_partition_unverified,,1,1,12,measured,56,364.532000,8.045000,257.5400390625,368.36328125,85.0,charging,false,0,,,43.9,FLAG_KEEP_SCREEN_ON,no_load_injected_background_apps_unverified,
2026-08-22T12:16:09.416064Z,1.2.0,realme_RMX3760_api35,1.2.0+3,release,mobilenet_v3_small_float32,cf6183dcd31c9ec34724e8f68d15423dc09b0cf71b1e91ba37800321b7526ba4,mobilenet_v3_small,float32,float32,float32,1x224x224x3,xnnpack_cpu,xnnpack,xnnpack_initialized_partition_unverified,,1,1,12,measured,57,345.644000,8.045000,257.0556640625,368.09375,85.0,charging,false,0,,,43.9,FLAG_KEEP_SCREEN_ON,no_load_injected_background_apps_unverified,
2026-08-22T12:16:09.845979Z,1.2.0,realme_RMX3760_api35,1.2.0+3,release,mobilenet_v3_small_float32,cf6183dcd31c9ec34724e8f68d15423dc09b0cf71b1e91ba37800321b7526ba4,mobilenet_v3_small,float32,float32,float32,1x224x224x3,xnnpack_cpu,xnnpack,xnnpack_initialized_partition_unverified,,1,1,12,measured,58,370.502000,8.045000,257.5791015625,368.59375,85.0,charging,false,0,,,43.9,FLAG_KEEP_SCREEN_ON,no_load_injected_background_apps_unverified,
2026-08-22T12:16:10.236074Z,1.2.0,realme_RMX3760_api35,1.2.0+3,release,mobilenet_v3_small_float32,cf6183dcd31c9ec34724e8f68d15423dc09b0cf71b1e91ba37800321b7526ba4,mobilenet_v3_small,float32,float32,float32,1x224x224x3,xnnpack_cpu,xnnpack,xnnpack_initialized_partition_unverified,,1,1,12,measured,59,330.210000,8.045000,257.5947265625,368.57421875,85.0,charging,false,0,,,43.9,FLAG_KEEP_SCREEN_ON,no_load_injected_background_apps_unverified,
2026-08-22T12:16:10.642786Z,1.2.0,realme_RMX3760_api35,1.2.0+3,release,mobilenet_v3_small_float32,cf6183dcd31c9ec34724e8f68d15423dc09b0cf71b1e91ba37800321b7526ba4,mobilenet_v3_small,float32,float32,float32,1x224x224x3,xnnpack_cpu,xnnpack,xnnpack_initialized_partition_unverified,,1,1,12,measured,60,348.304000,8.045000,257.5498046875,368.640625,85.0,charging,false,0,,,44.0,FLAG_KEEP_SCREEN_ON,no_load_injected_background_apps_unverified,
2026-08-22T12:16:11.053176Z,1.2.0,realme_RMX3760_api35,1.2.0+3,release,mobilenet_v3_small_float32,cf6183dcd31c9ec34724e8f68d15423dc09b0cf71b1e91ba37800321b7526ba4,mobilenet_v3_small,float32,float32,float32,1x224x224x3,xnnpack_cpu,xnnpack,xnnpack_initialized_partition_unverified,,1,1,12,measured,61,350.252000,8.045000,256.9501953125,368.00390625,85.0,charging,false,0,,,44.0,FLAG_KEEP_SCREEN_ON,no_load_injected_background_apps_unverified,
2026-08-22T12:16:11.493365Z,1.2.0,realme_RMX3760_api35,1.2.0+3,release,mobilenet_v3_small_float32,cf6183dcd31c9ec34724e8f68d15423dc09b0cf71b1e91ba37800321b7526ba4,mobilenet_v3_small,float32,float32,float32,1x224x224x3,xnnpack_cpu,xnnpack,xnnpack_initialized_partition_unverified,,1,1,12,measured,62,377.106000,8.045000,257.5625,368.66796875,85.0,charging,false,0,,,44.0,FLAG_KEEP_SCREEN_ON,no_load_injected_background_apps_unverified,
2026-08-22T12:16:11.929565Z,1.2.0,realme_RMX3760_api35,1.2.0+3,release,mobilenet_v3_small_float32,cf6183dcd31c9ec34724e8f68d15423dc09b0cf71b1e91ba37800321b7526ba4,mobilenet_v3_small,float32,float32,float32,1x224x224x3,xnnpack_cpu,xnnpack,xnnpack_initialized_partition_unverified,,1,1,12,measured,63,375.309000,8.045000,257.546875,368.62109375,85.0,charging,false,0,,,44.0,FLAG_KEEP_SCREEN_ON,no_load_injected_background_apps_unverified,
2026-08-22T12:16:12.339953Z,1.2.0,realme_RMX3760_api35,1.2.0+3,release,mobilenet_v3_small_float32,cf6183dcd31c9ec34724e8f68d15423dc09b0cf71b1e91ba37800321b7526ba4,mobilenet_v3_small,float32,float32,float32,1x224x224x3,xnnpack_cpu,xnnpack,xnnpack_initialized_partition_unverified,,1,1,12,measured,64,350.740000,8.045000,261.58203125,372.6484375,85.0,charging,false,0,,,44.0,FLAG_KEEP_SCREEN_ON,no_load_injected_background_apps_unverified,
2026-08-22T12:16:12.770509Z,1.2.0,realme_RMX3760_api35,1.2.0+3,release,mobilenet_v3_small_float32,cf6183dcd31c9ec34724e8f68d15423dc09b0cf71b1e91ba37800321b7526ba4,mobilenet_v3_small,float32,float32,float32,1x224x224x3,xnnpack_cpu,xnnpack,xnnpack_initialized_partition_unverified,,1,1,12,measured,65,369.664000,8.045000,257.65234375,368.703125,85.0,charging,false,0,,,44.0,FLAG_KEEP_SCREEN_ON,no_load_injected_background_apps_unverified,
2026-08-22T12:16:13.176121Z,1.2.0,realme_RMX3760_api35,1.2.0+3,release,mobilenet_v3_small_float32,cf6183dcd31c9ec34724e8f68d15423dc09b0cf71b1e91ba37800321b7526ba4,mobilenet_v3_small,float32,float32,float32,1x224x224x3,xnnpack_cpu,xnnpack,xnnpack_initialized_partition_unverified,,1,1,12,measured,66,345.158000,8.045000,257.1484375,368.19921875,85.0,charging,false,0,,,44.0,FLAG_KEEP_SCREEN_ON,no_load_injected_background_apps_unverified,
2026-08-22T12:16:13.587286Z,1.2.0,realme_RMX3760_api35,1.2.0+3,release,mobilenet_v3_small_float32,cf6183dcd31c9ec34724e8f68d15423dc09b0cf71b1e91ba37800321b7526ba4,mobilenet_v3_small,float32,float32,float32,1x224x224x3,xnnpack_cpu,xnnpack,xnnpack_initialized_partition_unverified,,1,1,12,measured,67,351.962000,8.045000,257.6796875,368.71875,85.0,charging,false,0,,,44.0,FLAG_KEEP_SCREEN_ON,no_load_injected_background_apps_unverified,
2026-08-22T12:16:14.005189Z,1.2.0,realme_RMX3760_api35,1.2.0+3,release,mobilenet_v3_small_float32,cf6183dcd31c9ec34724e8f68d15423dc09b0cf71b1e91ba37800321b7526ba4,mobilenet_v3_small,float32,float32,float32,1x224x224x3,xnnpack_cpu,xnnpack,xnnpack_initialized_partition_unverified,,1,1,12,measured,68,358.772000,8.045000,256.65234375,367.71875,85.0,charging,false,0,,,44.0,FLAG_KEEP_SCREEN_ON,no_load_injected_background_apps_unverified,
2026-08-22T12:16:14.416339Z,1.2.0,realme_RMX3760_api35,1.2.0+3,release,mobilenet_v3_small_float32,cf6183dcd31c9ec34724e8f68d15423dc09b0cf71b1e91ba37800321b7526ba4,mobilenet_v3_small,float32,float32,float32,1x224x224x3,xnnpack_cpu,xnnpack,xnnpack_initialized_partition_unverified,,1,1,12,measured,69,350.574000,8.045000,257.75,368.78125,85.0,charging,false,0,,,44.0,FLAG_KEEP_SCREEN_ON,no_load_injected_background_apps_unverified,
2026-08-22T12:16:14.817413Z,1.2.0,realme_RMX3760_api35,1.2.0+3,release,mobilenet_v3_small_float32,cf6183dcd31c9ec34724e8f68d15423dc09b0cf71b1e91ba37800321b7526ba4,mobilenet_v3_small,float32,float32,float32,1x224x224x3,xnnpack_cpu,xnnpack,xnnpack_initialized_partition_unverified,,1,1,12,measured,70,342.027000,8.045000,257.7734375,368.796875,85.0,charging,false,0,,,44.0,FLAG_KEEP_SCREEN_ON,no_load_injected_background_apps_unverified,
2026-08-22T12:16:15.232598Z,1.2.0,realme_RMX3760_api35,1.2.0+3,release,mobilenet_v3_small_float32,cf6183dcd31c9ec34724e8f68d15423dc09b0cf71b1e91ba37800321b7526ba4,mobilenet_v3_small,float32,float32,float32,1x224x224x3,xnnpack_cpu,xnnpack,xnnpack_initialized_partition_unverified,,1,1,12,measured,71,355.669000,8.045000,258.296875,369.328125,85.0,charging,false,0,,,44.0,FLAG_KEEP_SCREEN_ON,no_load_injected_background_apps_unverified,
2026-08-22T12:16:15.651335Z,1.2.0,realme_RMX3760_api35,1.2.0+3,release,mobilenet_v3_small_float32,cf6183dcd31c9ec34724e8f68d15423dc09b0cf71b1e91ba37800321b7526ba4,mobilenet_v3_small,float32,float32,float32,1x224x224x3,xnnpack_cpu,xnnpack,xnnpack_initialized_partition_unverified,,1,1,12,measured,72,360.458000,8.045000,257.8203125,368.875,85.0,charging,false,0,,,44.0,FLAG_KEEP_SCREEN_ON,no_load_injected_background_apps_unverified,
2026-08-22T12:16:16.071968Z,1.2.0,realme_RMX3760_api35,1.2.0+3,release,mobilenet_v3_small_float32,cf6183dcd31c9ec34724e8f68d15423dc09b0cf71b1e91ba37800321b7526ba4,mobilenet_v3_small,float32,float32,float32,1x224x224x3,xnnpack_cpu,xnnpack,xnnpack_initialized_partition_unverified,,1,1,12,measured,73,358.785000,8.045000,256.76953125,367.72265625,85.0,charging,false,0,,,44.0,FLAG_KEEP_SCREEN_ON,no_load_injected_background_apps_unverified,
2026-08-22T12:16:16.464764Z,1.2.0,realme_RMX3760_api35,1.2.0+3,release,mobilenet_v3_small_float32,cf6183dcd31c9ec34724e8f68d15423dc09b0cf71b1e91ba37800321b7526ba4,mobilenet_v3_small,float32,float32,float32,1x224x224x3,xnnpack_cpu,xnnpack,xnnpack_initialized_partition_unverified,,1,1,12,measured,74,333.156000,8.045000,257.34375,368.34375,85.0,charging,false,0,,,44.0,FLAG_KEEP_SCREEN_ON,no_load_injected_background_apps_unverified,
2026-08-22T12:16:16.888709Z,1.2.0,realme_RMX3760_api35,1.2.0+3,release,mobilenet_v3_small_float32,cf6183dcd31c9ec34724e8f68d15423dc09b0cf71b1e91ba37800321b7526ba4,mobilenet_v3_small,float32,float32,float32,1x224x224x3,xnnpack_cpu,xnnpack,xnnpack_initialized_partition_unverified,,1,1,12,measured,75,362.670000,8.045000,257.341796875,368.4140625,85.0,charging,false,0,,,44.0,FLAG_KEEP_SCREEN_ON,no_load_injected_background_apps_unverified,
2026-08-22T12:16:17.282887Z,1.2.0,realme_RMX3760_api35,1.2.0+3,release,mobilenet_v3_small_float32,cf6183dcd31c9ec34724e8f68d15423dc09b0cf71b1e91ba37800321b7526ba4,mobilenet_v3_small,float32,float32,float32,1x224x224x3,xnnpack_cpu,xnnpack,xnnpack_initialized_partition_unverified,,1,1,12,measured,76,334.592000,8.045000,257.8720703125,368.90625,85.0,charging,false,0,,,44.0,FLAG_KEEP_SCREEN_ON,no_load_injected_background_apps_unverified,
2026-08-22T12:16:17.698680Z,1.2.0,realme_RMX3760_api35,1.2.0+3,release,mobilenet_v3_small_float32,cf6183dcd31c9ec34724e8f68d15423dc09b0cf71b1e91ba37800321b7526ba4,mobilenet_v3_small,float32,float32,float32,1x224x224x3,xnnpack_cpu,xnnpack,xnnpack_initialized_partition_unverified,,1,1,12,measured,77,355.770000,8.045000,257.39453125,368.3203125,85.0,charging,false,0,,,44.0,FLAG_KEEP_SCREEN_ON,no_load_injected_background_apps_unverified,
2026-08-22T12:16:18.103982Z,1.2.0,realme_RMX3760_api35,1.2.0+3,release,mobilenet_v3_small_float32,cf6183dcd31c9ec34724e8f68d15423dc09b0cf71b1e91ba37800321b7526ba4,mobilenet_v3_small,float32,float32,float32,1x224x224x3,xnnpack_cpu,xnnpack,xnnpack_initialized_partition_unverified,,1,1,12,measured,78,344.956000,8.045000,257.9140625,368.8125,85.0,charging,false,0,,,44.0,FLAG_KEEP_SCREEN_ON,no_load_injected_background_apps_unverified,
2026-08-22T12:16:18.512238Z,1.2.0,realme_RMX3760_api35,1.2.0+3,release,mobilenet_v3_small_float32,cf6183dcd31c9ec34724e8f68d15423dc09b0cf71b1e91ba37800321b7526ba4,mobilenet_v3_small,float32,float32,float32,1x224x224x3,xnnpack_cpu,xnnpack,xnnpack_initialized_partition_unverified,,1,1,12,measured,79,347.867000,8.045000,257.93359375,368.81640625,85.0,charging,false,0,,,44.0,FLAG_KEEP_SCREEN_ON,no_load_injected_background_apps_unverified,
2026-08-22T12:16:18.923896Z,1.2.0,realme_RMX3760_api35,1.2.0+3,release,mobilenet_v3_small_float32,cf6183dcd31c9ec34724e8f68d15423dc09b0cf71b1e91ba37800321b7526ba4,mobilenet_v3_small,float32,float32,float32,1x224x224x3,xnnpack_cpu,xnnpack,xnnpack_initialized_partition_unverified,,1,1,12,measured,80,351.169000,8.045000,257.453125,368.53515625,85.0,charging,false,0,,,44.0,FLAG_KEEP_SCREEN_ON,no_load_injected_background_apps_unverified,
2026-08-22T12:16:19.346380Z,1.2.0,realme_RMX3760_api35,1.2.0+3,release,mobilenet_v3_small_float32,cf6183dcd31c9ec34724e8f68d15423dc09b0cf71b1e91ba37800321b7526ba4,mobilenet_v3_small,float32,float32,float32,1x224x224x3,xnnpack_cpu,xnnpack,xnnpack_initialized_partition_unverified,,1,1,12,measured,81,363.559000,8.045000,256.98828125,367.87890625,85.0,charging,false,0,,,44.0,FLAG_KEEP_SCREEN_ON,no_load_injected_background_apps_unverified,
2026-08-22T12:16:19.765943Z,1.2.0,realme_RMX3760_api35,1.2.0+3,release,mobilenet_v3_small_float32,cf6183dcd31c9ec34724e8f68d15423dc09b0cf71b1e91ba37800321b7526ba4,mobilenet_v3_small,float32,float32,float32,1x224x224x3,xnnpack_cpu,xnnpack,xnnpack_initialized_partition_unverified,,1,1,12,measured,82,357.454000,8.045000,257.51953125,368.43359375,85.0,charging,false,0,,,44.0,FLAG_KEEP_SCREEN_ON,no_load_injected_background_apps_unverified,
2026-08-22T12:16:20.237686Z,1.2.0,realme_RMX3760_api35,1.2.0+3,release,mobilenet_v3_small_float32,cf6183dcd31c9ec34724e8f68d15423dc09b0cf71b1e91ba37800321b7526ba4,mobilenet_v3_small,float32,float32,float32,1x224x224x3,xnnpack_cpu,xnnpack,xnnpack_initialized_partition_unverified,,1,1,12,measured,83,412.265000,8.045000,258.0390625,369.078125,85.0,charging,false,0,,,44.0,FLAG_KEEP_SCREEN_ON,no_load_injected_background_apps_unverified,
2026-08-22T12:16:20.653059Z,1.2.0,realme_RMX3760_api35,1.2.0+3,release,mobilenet_v3_small_float32,cf6183dcd31c9ec34724e8f68d15423dc09b0cf71b1e91ba37800321b7526ba4,mobilenet_v3_small,float32,float32,float32,1x224x224x3,xnnpack_cpu,xnnpack,xnnpack_initialized_partition_unverified,,1,1,12,measured,84,356.058000,8.045000,258.05859375,369.0,85.0,charging,false,0,,,44.0,FLAG_KEEP_SCREEN_ON,no_load_injected_background_apps_unverified,
2026-08-22T12:16:21.076329Z,1.2.0,realme_RMX3760_api35,1.2.0+3,release,mobilenet_v3_small_float32,cf6183dcd31c9ec34724e8f68d15423dc09b0cf71b1e91ba37800321b7526ba4,mobilenet_v3_small,float32,float32,float32,1x224x224x3,xnnpack_cpu,xnnpack,xnnpack_initialized_partition_unverified,,1,1,12,measured,85,363.452000,8.045000,258.078125,369.01953125,85.0,charging,false,0,,,44.0,FLAG_KEEP_SCREEN_ON,no_load_injected_background_apps_unverified,
2026-08-22T12:16:21.477379Z,1.2.0,realme_RMX3760_api35,1.2.0+3,release,mobilenet_v3_small_float32,cf6183dcd31c9ec34724e8f68d15423dc09b0cf71b1e91ba37800321b7526ba4,mobilenet_v3_small,float32,float32,float32,1x224x224x3,xnnpack_cpu,xnnpack,xnnpack_initialized_partition_unverified,,1,1,12,measured,86,341.310000,8.045000,258.05859375,368.95703125,85.0,charging,false,0,,,44.0,FLAG_KEEP_SCREEN_ON,no_load_injected_background_apps_unverified,
2026-08-22T12:16:21.894237Z,1.2.0,realme_RMX3760_api35,1.2.0+3,release,mobilenet_v3_small_float32,cf6183dcd31c9ec34724e8f68d15423dc09b0cf71b1e91ba37800321b7526ba4,mobilenet_v3_small,float32,float32,float32,1x224x224x3,xnnpack_cpu,xnnpack,xnnpack_initialized_partition_unverified,,1,1,12,measured,87,357.143000,8.045000,257.62109375,368.55078125,85.0,charging,false,0,,,44.0,FLAG_KEEP_SCREEN_ON,no_load_injected_background_apps_unverified,
2026-08-22T12:16:22.309959Z,1.2.0,realme_RMX3760_api35,1.2.0+3,release,mobilenet_v3_small_float32,cf6183dcd31c9ec34724e8f68d15423dc09b0cf71b1e91ba37800321b7526ba4,mobilenet_v3_small,float32,float32,float32,1x224x224x3,xnnpack_cpu,xnnpack,xnnpack_initialized_partition_unverified,,1,1,12,measured,88,356.937000,8.045000,257.546875,368.578125,85.0,charging,false,0,,,44.0,FLAG_KEEP_SCREEN_ON,no_load_injected_background_apps_unverified,
2026-08-22T12:16:22.718141Z,1.2.0,realme_RMX3760_api35,1.2.0+3,release,mobilenet_v3_small_float32,cf6183dcd31c9ec34724e8f68d15423dc09b0cf71b1e91ba37800321b7526ba4,mobilenet_v3_small,float32,float32,float32,1x224x224x3,xnnpack_cpu,xnnpack,xnnpack_initialized_partition_unverified,,1,1,12,measured,89,349.125000,8.045000,257.1484375,368.0859375,85.0,charging,false,0,,,44.0,FLAG_KEEP_SCREEN_ON,no_load_injected_background_apps_unverified,
2026-08-22T12:16:23.125461Z,1.2.0,realme_RMX3760_api35,1.2.0+3,release,mobilenet_v3_small_float32,cf6183dcd31c9ec34724e8f68d15423dc09b0cf71b1e91ba37800321b7526ba4,mobilenet_v3_small,float32,float32,float32,1x224x224x3,xnnpack_cpu,xnnpack,xnnpack_initialized_partition_unverified,,1,1,12,measured,90,347.938000,8.045000,257.66796875,368.58984375,85.0,charging,false,0,,,44.0,FLAG_KEEP_SCREEN_ON,no_load_injected_background_apps_unverified,
2026-08-22T12:16:23.542189Z,1.2.0,realme_RMX3760_api35,1.2.0+3,release,mobilenet_v3_small_float32,cf6183dcd31c9ec34724e8f68d15423dc09b0cf71b1e91ba37800321b7526ba4,mobilenet_v3_small,float32,float32,float32,1x224x224x3,xnnpack_cpu,xnnpack,xnnpack_initialized_partition_unverified,,1,1,12,measured,91,357.849000,8.045000,257.1328125,368.0625,85.0,charging,false,0,,,44.0,FLAG_KEEP_SCREEN_ON,no_load_injected_background_apps_unverified,
2026-08-22T12:16:23.957667Z,1.2.0,realme_RMX3760_api35,1.2.0+3,release,mobilenet_v3_small_float32,cf6183dcd31c9ec34724e8f68d15423dc09b0cf71b1e91ba37800321b7526ba4,mobilenet_v3_small,float32,float32,float32,1x224x224x3,xnnpack_cpu,xnnpack,xnnpack_initialized_partition_unverified,,1,1,12,measured,92,355.365000,8.045000,257.65625,368.57421875,85.0,charging,false,0,,,44.0,FLAG_KEEP_SCREEN_ON,no_load_injected_background_apps_unverified,
2026-08-22T12:16:24.381071Z,1.2.0,realme_RMX3760_api35,1.2.0+3,release,mobilenet_v3_small_float32,cf6183dcd31c9ec34724e8f68d15423dc09b0cf71b1e91ba37800321b7526ba4,mobilenet_v3_small,float32,float32,float32,1x224x224x3,xnnpack_cpu,xnnpack,xnnpack_initialized_partition_unverified,,1,1,12,measured,93,363.753000,8.045000,258.1171875,368.76171875,85.0,charging,false,0,,,44.0,FLAG_KEEP_SCREEN_ON,no_load_injected_background_apps_unverified,
2026-08-22T12:16:24.796823Z,1.2.0,realme_RMX3760_api35,1.2.0+3,release,mobilenet_v3_small_float32,cf6183dcd31c9ec34724e8f68d15423dc09b0cf71b1e91ba37800321b7526ba4,mobilenet_v3_small,float32,float32,float32,1x224x224x3,xnnpack_cpu,xnnpack,xnnpack_initialized_partition_unverified,,1,1,12,measured,94,351.672000,8.045000,258.19140625,369.23046875,85.0,charging,false,0,,,44.0,FLAG_KEEP_SCREEN_ON,no_load_injected_background_apps_unverified,
2026-08-22T12:16:25.204279Z,1.2.0,realme_RMX3760_api35,1.2.0+3,release,mobilenet_v3_small_float32,cf6183dcd31c9ec34724e8f68d15423dc09b0cf71b1e91ba37800321b7526ba4,mobilenet_v3_small,float32,float32,float32,1x224x224x3,xnnpack_cpu,xnnpack,xnnpack_initialized_partition_unverified,,1,1,12,measured,95,347.270000,8.045000,257.7109375,368.640625,85.0,charging,false,0,,,44.0,FLAG_KEEP_SCREEN_ON,no_load_injected_background_apps_unverified,
2026-08-22T12:16:25.617135Z,1.2.0,realme_RMX3760_api35,1.2.0+3,release,mobilenet_v3_small_float32,cf6183dcd31c9ec34724e8f68d15423dc09b0cf71b1e91ba37800321b7526ba4,mobilenet_v3_small,float32,float32,float32,1x224x224x3,xnnpack_cpu,xnnpack,xnnpack_initialized_partition_unverified,,1,1,12,measured,96,353.270000,8.045000,257.79296875,368.703125,85.0,charging,false,0,,,44.1,FLAG_KEEP_SCREEN_ON,no_load_injected_background_apps_unverified,
2026-08-22T12:16:26.041112Z,1.2.0,realme_RMX3760_api35,1.2.0+3,release,mobilenet_v3_small_float32,cf6183dcd31c9ec34724e8f68d15423dc09b0cf71b1e91ba37800321b7526ba4,mobilenet_v3_small,float32,float32,float32,1x224x224x3,xnnpack_cpu,xnnpack,xnnpack_initialized_partition_unverified,,1,1,12,measured,97,364.386000,8.045000,257.8125,368.87890625,85.0,charging,false,0,,,44.1,FLAG_KEEP_SCREEN_ON,no_load_injected_background_apps_unverified,
2026-08-22T12:16:26.412887Z,1.2.0,realme_RMX3760_api35,1.2.0+3,release,mobilenet_v3_small_float32,cf6183dcd31c9ec34724e8f68d15423dc09b0cf71b1e91ba37800321b7526ba4,mobilenet_v3_small,float32,float32,float32,1x224x224x3,xnnpack_cpu,xnnpack,xnnpack_initialized_partition_unverified,,1,1,12,measured,98,312.179000,8.045000,257.83203125,368.9140625,85.0,charging,false,0,,,44.1,FLAG_KEEP_SCREEN_ON,no_load_injected_background_apps_unverified,
2026-08-22T12:16:26.819667Z,1.2.0,realme_RMX3760_api35,1.2.0+3,release,mobilenet_v3_small_float32,cf6183dcd31c9ec34724e8f68d15423dc09b0cf71b1e91ba37800321b7526ba4,mobilenet_v3_small,float32,float32,float32,1x224x224x3,xnnpack_cpu,xnnpack,xnnpack_initialized_partition_unverified,,1,1,12,measured,99,348.497000,8.045000,257.35546875,368.4375,85.0,charging,false,0,,,44.1,FLAG_KEEP_SCREEN_ON,no_load_injected_background_apps_unverified,
2026-08-22T12:16:37.020400Z,1.2.0,realme_RMX3760_api35,1.2.0+3,release,efficientnet_b0_float16,8b487a2559093bb4a7f986aa93665bf5c61d27c44c836376ec46bebc84d1bc8c,efficientnet_b0,float16,float32,float32,1x224x224x3,xnnpack_cpu,xnnpack,xnnpack_initialized_partition_unverified,,4,1,13,measured,0,505.942000,46.737000,306.796875,417.8515625,85.0,charging,false,0,,,44.2,FLAG_KEEP_SCREEN_ON,no_load_injected_background_apps_unverified,
2026-08-22T12:16:37.564292Z,1.2.0,realme_RMX3760_api35,1.2.0+3,release,efficientnet_b0_float16,8b487a2559093bb4a7f986aa93665bf5c61d27c44c836376ec46bebc84d1bc8c,efficientnet_b0,float16,float32,float32,1x224x224x3,xnnpack_cpu,xnnpack,xnnpack_initialized_partition_unverified,,4,1,13,measured,1,482.342000,46.737000,307.8359375,418.8515625,85.0,charging,false,0,,,44.2,FLAG_KEEP_SCREEN_ON,no_load_injected_background_apps_unverified,
2026-08-22T12:16:38.060310Z,1.2.0,realme_RMX3760_api35,1.2.0+3,release,efficientnet_b0_float16,8b487a2559093bb4a7f986aa93665bf5c61d27c44c836376ec46bebc84d1bc8c,efficientnet_b0,float16,float32,float32,1x224x224x3,xnnpack_cpu,xnnpack,xnnpack_initialized_partition_unverified,,4,1,13,measured,2,434.201000,46.737000,311.83203125,422.83984375,85.0,charging,false,0,,,44.2,FLAG_KEEP_SCREEN_ON,no_load_injected_background_apps_unverified,
2026-08-22T12:16:38.570050Z,1.2.0,realme_RMX3760_api35,1.2.0+3,release,efficientnet_b0_float16,8b487a2559093bb4a7f986aa93665bf5c61d27c44c836376ec46bebc84d1bc8c,efficientnet_b0,float16,float32,float32,1x224x224x3,xnnpack_cpu,xnnpack,xnnpack_initialized_partition_unverified,,4,1,13,measured,3,447.223000,46.737000,307.8515625,418.8984375,85.0,charging,false,0,,,44.2,FLAG_KEEP_SCREEN_ON,no_load_injected_background_apps_unverified,
2026-08-22T12:16:39.092847Z,1.2.0,realme_RMX3760_api35,1.2.0+3,release,efficientnet_b0_float16,8b487a2559093bb4a7f986aa93665bf5c61d27c44c836376ec46bebc84d1bc8c,efficientnet_b0,float16,float32,float32,1x224x224x3,xnnpack_cpu,xnnpack,xnnpack_initialized_partition_unverified,,4,1,13,measured,4,461.456000,46.737000,306.89453125,417.94140625,85.0,charging,false,0,,,44.2,FLAG_KEEP_SCREEN_ON,no_load_injected_background_apps_unverified,
2026-08-22T12:16:39.598877Z,1.2.0,realme_RMX3760_api35,1.2.0+3,release,efficientnet_b0_float16,8b487a2559093bb4a7f986aa93665bf5c61d27c44c836376ec46bebc84d1bc8c,efficientnet_b0,float16,float32,float32,1x224x224x3,xnnpack_cpu,xnnpack,xnnpack_initialized_partition_unverified,,4,1,13,measured,5,444.069000,46.737000,307.41796875,418.4453125,85.0,charging,false,0,,,44.2,FLAG_KEEP_SCREEN_ON,no_load_injected_background_apps_unverified,
2026-08-22T12:16:40.128701Z,1.2.0,realme_RMX3760_api35,1.2.0+3,release,efficientnet_b0_float16,8b487a2559093bb4a7f986aa93665bf5c61d27c44c836376ec46bebc84d1bc8c,efficientnet_b0,float16,float32,float32,1x224x224x3,xnnpack_cpu,xnnpack,xnnpack_initialized_partition_unverified,,4,1,13,measured,6,468.674000,46.737000,307.4375,418.4453125,85.0,charging,false,0,,,44.2,FLAG_KEEP_SCREEN_ON,no_load_injected_background_apps_unverified,
2026-08-22T12:16:40.650762Z,1.2.0,realme_RMX3760_api35,1.2.0+3,release,efficientnet_b0_float16,8b487a2559093bb4a7f986aa93665bf5c61d27c44c836376ec46bebc84d1bc8c,efficientnet_b0,float16,float32,float32,1x224x224x3,xnnpack_cpu,xnnpack,xnnpack_initialized_partition_unverified,,4,1,13,measured,7,459.742000,46.737000,307.95703125,418.93359375,85.0,charging,false,0,,,44.2,FLAG_KEEP_SCREEN_ON,no_load_injected_background_apps_unverified,
2026-08-22T12:16:41.150697Z,1.2.0,realme_RMX3760_api35,1.2.0+3,release,efficientnet_b0_float16,8b487a2559093bb4a7f986aa93665bf5c61d27c44c836376ec46bebc84d1bc8c,efficientnet_b0,float16,float32,float32,1x224x224x3,xnnpack_cpu,xnnpack,xnnpack_initialized_partition_unverified,,4,1,13,measured,8,437.632000,46.737000,307.98046875,418.98828125,85.0,charging,false,0,,,44.2,FLAG_KEEP_SCREEN_ON,no_load_injected_background_apps_unverified,
2026-08-22T12:16:41.674426Z,1.2.0,realme_RMX3760_api35,1.2.0+3,release,efficientnet_b0_float16,8b487a2559093bb4a7f986aa93665bf5c61d27c44c836376ec46bebc84d1bc8c,efficientnet_b0,float16,float32,float32,1x224x224x3,xnnpack_cpu,xnnpack,xnnpack_initialized_partition_unverified,,4,1,13,measured,9,461.440000,46.737000,306.99609375,418.03515625,85.0,charging,false,0,,,44.2,FLAG_KEEP_SCREEN_ON,no_load_injected_background_apps_unverified,
2026-08-22T12:16:42.191058Z,1.2.0,realme_RMX3760_api35,1.2.0+3,release,efficientnet_b0_float16,8b487a2559093bb4a7f986aa93665bf5c61d27c44c836376ec46bebc84d1bc8c,efficientnet_b0,float16,float32,float32,1x224x224x3,xnnpack_cpu,xnnpack,xnnpack_initialized_partition_unverified,,4,1,13,measured,10,454.789000,46.737000,307.51953125,418.54296875,85.0,charging,false,0,,,44.2,FLAG_KEEP_SCREEN_ON,no_load_injected_background_apps_unverified,
2026-08-22T12:16:42.706826Z,1.2.0,realme_RMX3760_api35,1.2.0+3,release,efficientnet_b0_float16,8b487a2559093bb4a7f986aa93665bf5c61d27c44c836376ec46bebc84d1bc8c,efficientnet_b0,float16,float32,float32,1x224x224x3,xnnpack_cpu,xnnpack,xnnpack_initialized_partition_unverified,,4,1,13,measured,11,453.814000,46.737000,307.53515625,418.578125,85.0,charging,false,0,,,44.1,FLAG_KEEP_SCREEN_ON,no_load_injected_background_apps_unverified,
2026-08-22T12:16:43.231901Z,1.2.0,realme_RMX3760_api35,1.2.0+3,release,efficientnet_b0_float16,8b487a2559093bb4a7f986aa93665bf5c61d27c44c836376ec46bebc84d1bc8c,efficientnet_b0,float16,float32,float32,1x224x224x3,xnnpack_cpu,xnnpack,xnnpack_initialized_partition_unverified,,4,1,13,measured,12,463.459000,46.737000,308.03515625,418.9375,85.0,charging,false,0,,,44.1,FLAG_KEEP_SCREEN_ON,no_load_injected_background_apps_unverified,
2026-08-22T12:16:43.719952Z,1.2.0,realme_RMX3760_api35,1.2.0+3,release,efficientnet_b0_float16,8b487a2559093bb4a7f986aa93665bf5c61d27c44c836376ec46bebc84d1bc8c,efficientnet_b0,float16,float32,float32,1x224x224x3,xnnpack_cpu,xnnpack,xnnpack_initialized_partition_unverified,,4,1,13,measured,13,426.623000,46.737000,307.5546875,418.51171875,85.0,charging,false,0,,,44.1,FLAG_KEEP_SCREEN_ON,no_load_injected_background_apps_unverified,
2026-08-22T12:16:44.228097Z,1.2.0,realme_RMX3760_api35,1.2.0+3,release,efficientnet_b0_float16,8b487a2559093bb4a7f986aa93665bf5c61d27c44c836376ec46bebc84d1bc8c,efficientnet_b0,float16,float32,float32,1x224x224x3,xnnpack_cpu,xnnpack,xnnpack_initialized_partition_unverified,,4,1,13,measured,14,446.243000,46.737000,307.5703125,418.50390625,85.0,charging,false,0,,,44.1,FLAG_KEEP_SCREEN_ON,no_load_injected_background_apps_unverified,
2026-08-22T12:16:44.742677Z,1.2.0,realme_RMX3760_api35,1.2.0+3,release,efficientnet_b0_float16,8b487a2559093bb4a7f986aa93665bf5c61d27c44c836376ec46bebc84d1bc8c,efficientnet_b0,float16,float32,float32,1x224x224x3,xnnpack_cpu,xnnpack,xnnpack_initialized_partition_unverified,,4,1,13,measured,15,452.470000,46.737000,307.62109375,418.53515625,85.0,charging,false,0,,,44.1,FLAG_KEEP_SCREEN_ON,no_load_injected_background_apps_unverified,
2026-08-22T12:16:45.238572Z,1.2.0,realme_RMX3760_api35,1.2.0+3,release,efficientnet_b0_float16,8b487a2559093bb4a7f986aa93665bf5c61d27c44c836376ec46bebc84d1bc8c,efficientnet_b0,float16,float32,float32,1x224x224x3,xnnpack_cpu,xnnpack,xnnpack_initialized_partition_unverified,,4,1,13,measured,16,433.554000,46.737000,307.640625,418.53515625,85.0,charging,false,0,,,44.1,FLAG_KEEP_SCREEN_ON,no_load_injected_background_apps_unverified,
2026-08-22T12:16:45.755489Z,1.2.0,realme_RMX3760_api35,1.2.0+3,release,efficientnet_b0_float16,8b487a2559093bb4a7f986aa93665bf5c61d27c44c836376ec46bebc84d1bc8c,efficientnet_b0,float16,float32,float32,1x224x224x3,xnnpack_cpu,xnnpack,xnnpack_initialized_partition_unverified,,4,1,13,measured,17,455.299000,46.737000,307.6640625,418.52734375,85.0,charging,false,0,,,44.1,FLAG_KEEP_SCREEN_ON,no_load_injected_background_apps_unverified,
2026-08-22T12:16:46.258874Z,1.2.0,realme_RMX3760_api35,1.2.0+3,release,efficientnet_b0_float16,8b487a2559093bb4a7f986aa93665bf5c61d27c44c836376ec46bebc84d1bc8c,efficientnet_b0,float16,float32,float32,1x224x224x3,xnnpack_cpu,xnnpack,xnnpack_initialized_partition_unverified,,4,1,13,measured,18,441.243000,46.737000,308.1484375,418.9921875,85.0,charging,false,0,,,44.1,FLAG_KEEP_SCREEN_ON,no_load_injected_background_apps_unverified,
2026-08-22T12:16:46.766193Z,1.2.0,realme_RMX3760_api35,1.2.0+3,release,efficientnet_b0_float16,8b487a2559093bb4a7f986aa93665bf5c61d27c44c836376ec46bebc84d1bc8c,efficientnet_b0,float16,float32,float32,1x224x224x3,xnnpack_cpu,xnnpack,xnnpack_initialized_partition_unverified,,4,1,13,measured,19,444.761000,46.737000,307.69140625,418.73046875,85.0,charging,false,0,,,44.1,FLAG_KEEP_SCREEN_ON,no_load_injected_background_apps_unverified,
2026-08-22T12:16:47.283840Z,1.2.0,realme_RMX3760_api35,1.2.0+3,release,efficientnet_b0_float16,8b487a2559093bb4a7f986aa93665bf5c61d27c44c836376ec46bebc84d1bc8c,efficientnet_b0,float16,float32,float32,1x224x224x3,xnnpack_cpu,xnnpack,xnnpack_initialized_partition_unverified,,4,1,13,measured,20,455.788000,46.737000,308.2109375,419.234375,85.0,charging,false,0,,,44.1,FLAG_KEEP_SCREEN_ON,no_load_injected_background_apps_unverified,
2026-08-22T12:16:47.802514Z,1.2.0,realme_RMX3760_api35,1.2.0+3,release,efficientnet_b0_float16,8b487a2559093bb4a7f986aa93665bf5c61d27c44c836376ec46bebc84d1bc8c,efficientnet_b0,float16,float32,float32,1x224x224x3,xnnpack_cpu,xnnpack,xnnpack_initialized_partition_unverified,,4,1,13,measured,21,456.212000,46.737000,308.234375,419.2578125,85.0,charging,false,0,,,44.1,FLAG_KEEP_SCREEN_ON,no_load_injected_background_apps_unverified,
2026-08-22T12:16:48.331718Z,1.2.0,realme_RMX3760_api35,1.2.0+3,release,efficientnet_b0_float16,8b487a2559093bb4a7f986aa93665bf5c61d27c44c836376ec46bebc84d1bc8c,efficientnet_b0,float16,float32,float32,1x224x224x3,xnnpack_cpu,xnnpack,xnnpack_initialized_partition_unverified,,4,1,13,measured,22,467.406000,46.737000,308.25,419.29296875,85.0,charging,false,0,,,44.1,FLAG_KEEP_SCREEN_ON,no_load_injected_background_apps_unverified,
2026-08-22T12:16:48.844152Z,1.2.0,realme_RMX3760_api35,1.2.0+3,release,efficientnet_b0_float16,8b487a2559093bb4a7f986aa93665bf5c61d27c44c836376ec46bebc84d1bc8c,efficientnet_b0,float16,float32,float32,1x224x224x3,xnnpack_cpu,xnnpack,xnnpack_initialized_partition_unverified,,4,1,13,measured,23,450.960000,46.737000,307.7734375,418.80859375,85.0,charging,false,0,,,44.1,FLAG_KEEP_SCREEN_ON,no_load_injected_background_apps_unverified,
2026-08-22T12:16:49.363016Z,1.2.0,realme_RMX3760_api35,1.2.0+3,release,efficientnet_b0_float16,8b487a2559093bb4a7f986aa93665bf5c61d27c44c836376ec46bebc84d1bc8c,efficientnet_b0,float16,float32,float32,1x224x224x3,xnnpack_cpu,xnnpack,xnnpack_initialized_partition_unverified,,4,1,13,measured,24,457.204000,46.737000,307.28515625,418.32421875,85.0,charging,false,0,,,44.1,FLAG_KEEP_SCREEN_ON,no_load_injected_background_apps_unverified,
2026-08-22T12:16:49.878593Z,1.2.0,realme_RMX3760_api35,1.2.0+3,release,efficientnet_b0_float16,8b487a2559093bb4a7f986aa93665bf5c61d27c44c836376ec46bebc84d1bc8c,efficientnet_b0,float16,float32,float32,1x224x224x3,xnnpack_cpu,xnnpack,xnnpack_initialized_partition_unverified,,4,1,13,measured,25,451.393000,46.737000,308.30859375,419.3125,85.0,charging,false,0,,,44.1,FLAG_KEEP_SCREEN_ON,no_load_injected_background_apps_unverified,
2026-08-22T12:16:50.400133Z,1.2.0,realme_RMX3760_api35,1.2.0+3,release,efficientnet_b0_float16,8b487a2559093bb4a7f986aa93665bf5c61d27c44c836376ec46bebc84d1bc8c,efficientnet_b0,float16,float32,float32,1x224x224x3,xnnpack_cpu,xnnpack,xnnpack_initialized_partition_unverified,,4,1,13,measured,26,459.926000,46.737000,307.828125,418.80078125,85.0,charging,false,0,,,44.1,FLAG_KEEP_SCREEN_ON,no_load_injected_background_apps_unverified,
2026-08-22T12:16:50.918698Z,1.2.0,realme_RMX3760_api35,1.2.0+3,release,efficientnet_b0_float16,8b487a2559093bb4a7f986aa93665bf5c61d27c44c836376ec46bebc84d1bc8c,efficientnet_b0,float16,float32,float32,1x224x224x3,xnnpack_cpu,xnnpack,xnnpack_initialized_partition_unverified,,4,1,13,measured,27,455.857000,46.737000,308.35546875,419.33984375,85.0,charging,false,0,,,44.1,FLAG_KEEP_SCREEN_ON,no_load_injected_background_apps_unverified,
2026-08-22T12:16:51.441396Z,1.2.0,realme_RMX3760_api35,1.2.0+3,release,efficientnet_b0_float16,8b487a2559093bb4a7f986aa93665bf5c61d27c44c836376ec46bebc84d1bc8c,efficientnet_b0,float16,float32,float32,1x224x224x3,xnnpack_cpu,xnnpack,xnnpack_initialized_partition_unverified,,4,1,13,measured,28,460.791000,46.737000,307.875,418.91796875,85.0,charging,false,0,,,44.1,FLAG_KEEP_SCREEN_ON,no_load_injected_background_apps_unverified,
2026-08-22T12:16:51.950174Z,1.2.0,realme_RMX3760_api35,1.2.0+3,release,efficientnet_b0_float16,8b487a2559093bb4a7f986aa93665bf5c61d27c44c836376ec46bebc84d1bc8c,efficientnet_b0,float16,float32,float32,1x224x224x3,xnnpack_cpu,xnnpack,xnnpack_initialized_partition_unverified,,4,1,13,measured,29,446.214000,46.737000,307.8984375,418.90625,85.0,charging,false,0,,,44.1,FLAG_KEEP_SCREEN_ON,no_load_injected_background_apps_unverified,
2026-08-22T12:16:52.471269Z,1.2.0,realme_RMX3760_api35,1.2.0+3,release,efficientnet_b0_float16,8b487a2559093bb4a7f986aa93665bf5c61d27c44c836376ec46bebc84d1bc8c,efficientnet_b0,float16,float32,float32,1x224x224x3,xnnpack_cpu,xnnpack,xnnpack_initialized_partition_unverified,,4,1,13,measured,30,458.168000,46.737000,307.88671875,418.87109375,85.0,charging,false,0,,,44.2,FLAG_KEEP_SCREEN_ON,no_load_injected_background_apps_unverified,
2026-08-22T12:16:52.974931Z,1.2.0,realme_RMX3760_api35,1.2.0+3,release,efficientnet_b0_float16,8b487a2559093bb4a7f986aa93665bf5c61d27c44c836376ec46bebc84d1bc8c,efficientnet_b0,float16,float32,float32,1x224x224x3,xnnpack_cpu,xnnpack,xnnpack_initialized_partition_unverified,,4,1,13,measured,31,440.795000,46.737000,307.90625,418.8671875,85.0,charging,false,0,,,44.2,FLAG_KEEP_SCREEN_ON,no_load_injected_background_apps_unverified,
2026-08-22T12:16:53.491724Z,1.2.0,realme_RMX3760_api35,1.2.0+3,release,efficientnet_b0_float16,8b487a2559093bb4a7f986aa93665bf5c61d27c44c836376ec46bebc84d1bc8c,efficientnet_b0,float16,float32,float32,1x224x224x3,xnnpack_cpu,xnnpack,xnnpack_initialized_partition_unverified,,4,1,13,measured,32,455.131000,46.737000,307.4296875,418.46875,85.0,charging,false,0,,,44.2,FLAG_KEEP_SCREEN_ON,no_load_injected_background_apps_unverified,
2026-08-22T12:16:53.991340Z,1.2.0,realme_RMX3760_api35,1.2.0+3,release,efficientnet_b0_float16,8b487a2559093bb4a7f986aa93665bf5c61d27c44c836376ec46bebc84d1bc8c,efficientnet_b0,float16,float32,float32,1x224x224x3,xnnpack_cpu,xnnpack,xnnpack_initialized_partition_unverified,,4,1,13,measured,33,436.013000,46.737000,308.45703125,419.47265625,85.0,charging,false,0,,,44.2,FLAG_KEEP_SCREEN_ON,no_load_injected_background_apps_unverified,
2026-08-22T12:16:54.494499Z,1.2.0,realme_RMX3760_api35,1.2.0+3,release,efficientnet_b0_float16,8b487a2559093bb4a7f986aa93665bf5c61d27c44c836376ec46bebc84d1bc8c,efficientnet_b0,float16,float32,float32,1x224x224x3,xnnpack_cpu,xnnpack,xnnpack_initialized_partition_unverified,,4,1,13,measured,34,440.765000,46.737000,308.5,419.53515625,85.0,charging,false,0,,,44.2,FLAG_KEEP_SCREEN_ON,no_load_injected_background_apps_unverified,
2026-08-22T12:16:55.022380Z,1.2.0,realme_RMX3760_api35,1.2.0+3,release,efficientnet_b0_float16,8b487a2559093bb4a7f986aa93665bf5c61d27c44c836376ec46bebc84d1bc8c,efficientnet_b0,float16,float32,float32,1x224x224x3,xnnpack_cpu,xnnpack,xnnpack_initialized_partition_unverified,,4,1,13,measured,35,465.764000,46.737000,308.0234375,419.0625,85.0,charging,false,0,,,44.2,FLAG_KEEP_SCREEN_ON,no_load_injected_background_apps_unverified,
2026-08-22T12:16:55.530783Z,1.2.0,realme_RMX3760_api35,1.2.0+3,release,efficientnet_b0_float16,8b487a2559093bb4a7f986aa93665bf5c61d27c44c836376ec46bebc84d1bc8c,efficientnet_b0,float16,float32,float32,1x224x224x3,xnnpack_cpu,xnnpack,xnnpack_initialized_partition_unverified,,4,1,13,measured,36,446.504000,46.737000,308.03515625,419.0546875,85.0,charging,false,0,,,44.2,FLAG_KEEP_SCREEN_ON,no_load_injected_background_apps_unverified,
2026-08-22T12:16:56.071448Z,1.2.0,realme_RMX3760_api35,1.2.0+3,release,efficientnet_b0_float16,8b487a2559093bb4a7f986aa93665bf5c61d27c44c836376ec46bebc84d1bc8c,efficientnet_b0,float16,float32,float32,1x224x224x3,xnnpack_cpu,xnnpack,xnnpack_initialized_partition_unverified,,4,1,13,measured,37,478.967000,46.737000,308.5703125,419.5625,85.0,charging,false,0,,,44.2,FLAG_KEEP_SCREEN_ON,no_load_injected_background_apps_unverified,
2026-08-22T12:16:56.582264Z,1.2.0,realme_RMX3760_api35,1.2.0+3,release,efficientnet_b0_float16,8b487a2559093bb4a7f986aa93665bf5c61d27c44c836376ec46bebc84d1bc8c,efficientnet_b0,float16,float32,float32,1x224x224x3,xnnpack_cpu,xnnpack,xnnpack_initialized_partition_unverified,,4,1,13,measured,38,449.975000,46.737000,308.5625,419.6015625,85.0,charging,false,0,,,44.2,FLAG_KEEP_SCREEN_ON,no_load_injected_background_apps_unverified,
2026-08-22T12:16:57.101836Z,1.2.0,realme_RMX3760_api35,1.2.0+3,release,efficientnet_b0_float16,8b487a2559093bb4a7f986aa93665bf5c61d27c44c836376ec46bebc84d1bc8c,efficientnet_b0,float16,float32,float32,1x224x224x3,xnnpack_cpu,xnnpack,xnnpack_initialized_partition_unverified,,4,1,13,measured,39,457.143000,46.737000,308.1015625,419.13671875,85.0,charging,false,0,,,44.2,FLAG_KEEP_SCREEN_ON,no_load_injected_background_apps_unverified,
2026-08-22T12:16:57.598359Z,1.2.0,realme_RMX3760_api35,1.2.0+3,release,efficientnet_b0_float16,8b487a2559093bb4a7f986aa93665bf5c61d27c44c836376ec46bebc84d1bc8c,efficientnet_b0,float16,float32,float32,1x224x224x3,xnnpack_cpu,xnnpack,xnnpack_initialized_partition_unverified,,4,1,13,measured,40,434.192000,46.737000,308.12109375,419.140625,85.0,charging,false,0,,,44.2,FLAG_KEEP_SCREEN_ON,no_load_injected_background_apps_unverified,
2026-08-22T12:16:58.126682Z,1.2.0,realme_RMX3760_api35,1.2.0+3,release,efficientnet_b0_float16,8b487a2559093bb4a7f986aa93665bf5c61d27c44c836376ec46bebc84d1bc8c,efficientnet_b0,float16,float32,float32,1x224x224x3,xnnpack_cpu,xnnpack,xnnpack_initialized_partition_unverified,,4,1,13,measured,41,466.158000,46.737000,308.6484375,419.6484375,85.0,charging,false,0,,,44.2,FLAG_KEEP_SCREEN_ON,no_load_injected_background_apps_unverified,
2026-08-22T12:16:58.642752Z,1.2.0,realme_RMX3760_api35,1.2.0+3,release,efficientnet_b0_float16,8b487a2559093bb4a7f986aa93665bf5c61d27c44c836376ec46bebc84d1bc8c,efficientnet_b0,float16,float32,float32,1x224x224x3,xnnpack_cpu,xnnpack,xnnpack_initialized_partition_unverified,,4,1,13,measured,42,453.774000,46.737000,308.17578125,419.15234375,85.0,charging,false,0,,,44.2,FLAG_KEEP_SCREEN_ON,no_load_injected_background_apps_unverified,
2026-08-22T12:16:59.169810Z,1.2.0,realme_RMX3760_api35,1.2.0+3,release,efficientnet_b0_float16,8b487a2559093bb4a7f986aa93665bf5c61d27c44c836376ec46bebc84d1bc8c,efficientnet_b0,float16,float32,float32,1x224x224x3,xnnpack_cpu,xnnpack,xnnpack_initialized_partition_unverified,,4,1,13,measured,43,463.778000,46.737000,307.69921875,418.734375,85.0,charging,false,0,,,44.2,FLAG_KEEP_SCREEN_ON,no_load_injected_background_apps_unverified,
2026-08-22T12:16:59.675878Z,1.2.0,realme_RMX3760_api35,1.2.0+3,release,efficientnet_b0_float16,8b487a2559093bb4a7f986aa93665bf5c61d27c44c836376ec46bebc84d1bc8c,efficientnet_b0,float16,float32,float32,1x224x224x3,xnnpack_cpu,xnnpack,xnnpack_initialized_partition_unverified,,4,1,13,measured,44,444.478000,46.737000,308.19921875,419.234375,85.0,charging,false,0,,,44.2,FLAG_KEEP_SCREEN_ON,no_load_injected_background_apps_unverified,
2026-08-22T12:17:00.184700Z,1.2.0,realme_RMX3760_api35,1.2.0+3,release,efficientnet_b0_float16,8b487a2559093bb4a7f986aa93665bf5c61d27c44c836376ec46bebc84d1bc8c,efficientnet_b0,float16,float32,float32,1x224x224x3,xnnpack_cpu,xnnpack,xnnpack_initialized_partition_unverified,,4,1,13,measured,45,446.828000,46.737000,308.30859375,419.28125,85.0,charging,false,0,,,44.2,FLAG_KEEP_SCREEN_ON,no_load_injected_background_apps_unverified,
2026-08-22T12:17:00.699376Z,1.2.0,realme_RMX3760_api35,1.2.0+3,release,efficientnet_b0_float16,8b487a2559093bb4a7f986aa93665bf5c61d27c44c836376ec46bebc84d1bc8c,efficientnet_b0,float16,float32,float32,1x224x224x3,xnnpack_cpu,xnnpack,xnnpack_initialized_partition_unverified,,4,1,13,measured,46,452.927000,46.737000,308.24609375,419.28125,85.0,charging,false,0,,,44.2,FLAG_KEEP_SCREEN_ON,no_load_injected_background_apps_unverified,
2026-08-22T12:17:01.227042Z,1.2.0,realme_RMX3760_api35,1.2.0+3,release,efficientnet_b0_float16,8b487a2559093bb4a7f986aa93665bf5c61d27c44c836376ec46bebc84d1bc8c,efficientnet_b0,float16,float32,float32,1x224x224x3,xnnpack_cpu,xnnpack,xnnpack_initialized_partition_unverified,,4,1,13,measured,47,465.373000,46.737000,307.7734375,418.8046875,85.0,charging,false,0,,,44.2,FLAG_KEEP_SCREEN_ON,no_load_injected_background_apps_unverified,
2026-08-22T12:17:01.743342Z,1.2.0,realme_RMX3760_api35,1.2.0+3,release,efficientnet_b0_float16,8b487a2559093bb4a7f986aa93665bf5c61d27c44c836376ec46bebc84d1bc8c,efficientnet_b0,float16,float32,float32,1x224x224x3,xnnpack_cpu,xnnpack,xnnpack_initialized_partition_unverified,,4,1,13,measured,48,454.286000,46.737000,308.78515625,419.796875,85.0,charging,false,0,,,44.2,FLAG_KEEP_SCREEN_ON,no_load_injected_background_apps_unverified,
2026-08-22T12:17:02.276150Z,1.2.0,realme_RMX3760_api35,1.2.0+3,release,efficientnet_b0_float16,8b487a2559093bb4a7f986aa93665bf5c61d27c44c836376ec46bebc84d1bc8c,efficientnet_b0,float16,float32,float32,1x224x224x3,xnnpack_cpu,xnnpack,xnnpack_initialized_partition_unverified,,4,1,13,measured,49,471.002000,46.737000,307.80859375,418.83984375,85.0,charging,false,0,,,44.2,FLAG_KEEP_SCREEN_ON,no_load_injected_background_apps_unverified,
2026-08-22T12:17:02.782456Z,1.2.0,realme_RMX3760_api35,1.2.0+3,release,efficientnet_b0_float16,8b487a2559093bb4a7f986aa93665bf5c61d27c44c836376ec46bebc84d1bc8c,efficientnet_b0,float16,float32,float32,1x224x224x3,xnnpack_cpu,xnnpack,xnnpack_initialized_partition_unverified,,4,1,13,measured,50,443.654000,46.737000,308.83203125,419.8515625,85.0,charging,false,0,,,44.2,FLAG_KEEP_SCREEN_ON,no_load_injected_background_apps_unverified,
2026-08-22T12:17:03.294425Z,1.2.0,realme_RMX3760_api35,1.2.0+3,release,efficientnet_b0_float16,8b487a2559093bb4a7f986aa93665bf5c61d27c44c836376ec46bebc84d1bc8c,efficientnet_b0,float16,float32,float32,1x224x224x3,xnnpack_cpu,xnnpack,xnnpack_initialized_partition_unverified,,4,1,13,measured,51,449.498000,46.737000,307.85546875,418.87890625,85.0,charging,false,0,,,44.2,FLAG_KEEP_SCREEN_ON,no_load_injected_background_apps_unverified,
2026-08-22T12:17:03.787266Z,1.2.0,realme_RMX3760_api35,1.2.0+3,release,efficientnet_b0_float16,8b487a2559093bb4a7f986aa93665bf5c61d27c44c836376ec46bebc84d1bc8c,efficientnet_b0,float16,float32,float32,1x224x224x3,xnnpack_cpu,xnnpack,xnnpack_initialized_partition_unverified,,4,1,13,measured,52,431.007000,46.737000,308.35546875,419.34375,85.0,charging,false,0,,,44.2,FLAG_KEEP_SCREEN_ON,no_load_injected_background_apps_unverified,
2026-08-22T12:17:04.323957Z,1.2.0,realme_RMX3760_api35,1.2.0+3,release,efficientnet_b0_float16,8b487a2559093bb4a7f986aa93665bf5c61d27c44c836376ec46bebc84d1bc8c,efficientnet_b0,float16,float32,float32,1x224x224x3,xnnpack_cpu,xnnpack,xnnpack_initialized_partition_unverified,,4,1,13,measured,53,475.067000,46.737000,307.875,418.8984375,85.0,charging,false,0,,,44.2,FLAG_KEEP_SCREEN_ON,no_load_injected_background_apps_unverified,
2026-08-22T12:17:04.836791Z,1.2.0,realme_RMX3760_api35,1.2.0+3,release,efficientnet_b0_float16,8b487a2559093bb4a7f986aa93665bf5c61d27c44c836376ec46bebc84d1bc8c,efficientnet_b0,float16,float32,float32,1x224x224x3,xnnpack_cpu,xnnpack,xnnpack_initialized_partition_unverified,,4,1,13,measured,54,450.116000,46.737000,308.41796875,419.41015625,85.0,charging,false,0,,,44.2,FLAG_KEEP_SCREEN_ON,no_load_injected_background_apps_unverified,
2026-08-22T12:17:05.345360Z,1.2.0,realme_RMX3760_api35,1.2.0+3,release,efficientnet_b0_float16,8b487a2559093bb4a7f986aa93665bf5c61d27c44c836376ec46bebc84d1bc8c,efficientnet_b0,float16,float32,float32,1x224x224x3,xnnpack_cpu,xnnpack,xnnpack_initialized_partition_unverified,,4,1,13,measured,55,445.435000,46.737000,308.9375,419.91015625,85.0,charging,false,0,,,44.2,FLAG_KEEP_SCREEN_ON,no_load_injected_background_apps_unverified,
2026-08-22T12:17:05.871290Z,1.2.0,realme_RMX3760_api35,1.2.0+3,release,efficientnet_b0_float16,8b487a2559093bb4a7f986aa93665bf5c61d27c44c836376ec46bebc84d1bc8c,efficientnet_b0,float16,float32,float32,1x224x224x3,xnnpack_cpu,xnnpack,xnnpack_initialized_partition_unverified,,4,1,13,measured,56,463.877000,46.737000,307.9140625,418.94140625,85.0,charging,false,0,,,44.2,FLAG_KEEP_SCREEN_ON,no_load_injected_background_apps_unverified,
2026-08-22T12:17:06.404752Z,1.2.0,realme_RMX3760_api35,1.2.0+3,release,efficientnet_b0_float16,8b487a2559093bb4a7f986aa93665bf5c61d27c44c836376ec46bebc84d1bc8c,efficientnet_b0,float16,float32,float32,1x224x224x3,xnnpack_cpu,xnnpack,xnnpack_initialized_partition_unverified,,4,1,13,measured,57,471.908000,46.737000,308.95703125,419.96875,85.0,charging,false,0,,,44.2,FLAG_KEEP_SCREEN_ON,no_load_injected_background_apps_unverified,
2026-08-22T12:17:06.923261Z,1.2.0,realme_RMX3760_api35,1.2.0+3,release,efficientnet_b0_float16,8b487a2559093bb4a7f986aa93665bf5c61d27c44c836376ec46bebc84d1bc8c,efficientnet_b0,float16,float32,float32,1x224x224x3,xnnpack_cpu,xnnpack,xnnpack_initialized_partition_unverified,,4,1,13,measured,58,456.310000,46.737000,307.9765625,418.99609375,85.0,charging,false,0,,,44.2,FLAG_KEEP_SCREEN_ON,no_load_injected_background_apps_unverified,
2026-08-22T12:17:07.415888Z,1.2.0,realme_RMX3760_api35,1.2.0+3,release,efficientnet_b0_float16,8b487a2559093bb4a7f986aa93665bf5c61d27c44c836376ec46bebc84d1bc8c,efficientnet_b0,float16,float32,float32,1x224x224x3,xnnpack_cpu,xnnpack,xnnpack_initialized_partition_unverified,,4,1,13,measured,59,430.718000,46.737000,308.49609375,419.49609375,85.0,charging,false,0,,,44.2,FLAG_KEEP_SCREEN_ON,no_load_injected_background_apps_unverified,
2026-08-22T12:17:07.914275Z,1.2.0,realme_RMX3760_api35,1.2.0+3,release,efficientnet_b0_float16,8b487a2559093bb4a7f986aa93665bf5c61d27c44c836376ec46bebc84d1bc8c,efficientnet_b0,float16,float32,float32,1x224x224x3,xnnpack_cpu,xnnpack,xnnpack_initialized_partition_unverified,,4,1,13,measured,60,435.556000,46.737000,308.515625,419.4921875,85.0,charging,false,0,,,44.2,FLAG_KEEP_SCREEN_ON,no_load_injected_background_apps_unverified,
2026-08-22T12:17:08.437109Z,1.2.0,realme_RMX3760_api35,1.2.0+3,release,efficientnet_b0_float16,8b487a2559093bb4a7f986aa93665bf5c61d27c44c836376ec46bebc84d1bc8c,efficientnet_b0,float16,float32,float32,1x224x224x3,xnnpack_cpu,xnnpack,xnnpack_initialized_partition_unverified,,4,1,13,measured,61,461.679000,46.737000,308.5390625,419.4921875,85.0,charging,false,0,,,44.2,FLAG_KEEP_SCREEN_ON,no_load_injected_background_apps_unverified,
2026-08-22T12:17:08.954392Z,1.2.0,realme_RMX3760_api35,1.2.0+3,release,efficientnet_b0_float16,8b487a2559093bb4a7f986aa93665bf5c61d27c44c836376ec46bebc84d1bc8c,efficientnet_b0,float16,float32,float32,1x224x224x3,xnnpack_cpu,xnnpack,xnnpack_initialized_partition_unverified,,4,1,13,measured,62,454.753000,46.737000,308.55859375,419.48046875,85.0,charging,false,0,,,44.3,FLAG_KEEP_SCREEN_ON,no_load_injected_background_apps_unverified,
2026-08-22T12:17:09.486279Z,1.2.0,realme_RMX3760_api35,1.2.0+3,release,efficientnet_b0_float16,8b487a2559093bb4a7f986aa93665bf5c61d27c44c836376ec46bebc84d1bc8c,efficientnet_b0,float16,float32,float32,1x224x224x3,xnnpack_cpu,xnnpack,xnnpack_initialized_partition_unverified,,4,1,13,measured,63,469.261000,46.737000,308.078125,419.09375,85.0,charging,false,0,,,44.3,FLAG_KEEP_SCREEN_ON,no_load_injected_background_apps_unverified,
2026-08-22T12:17:09.995910Z,1.2.0,realme_RMX3760_api35,1.2.0+3,release,efficientnet_b0_float16,8b487a2559093bb4a7f986aa93665bf5c61d27c44c836376ec46bebc84d1bc8c,efficientnet_b0,float16,float32,float32,1x224x224x3,xnnpack_cpu,xnnpack,xnnpack_initialized_partition_unverified,,4,1,13,measured,64,447.500000,46.737000,308.59765625,419.59375,85.0,charging,false,0,,,44.3,FLAG_KEEP_SCREEN_ON,no_load_injected_background_apps_unverified,
2026-08-22T12:17:10.497654Z,1.2.0,realme_RMX3760_api35,1.2.0+3,release,efficientnet_b0_float16,8b487a2559093bb4a7f986aa93665bf5c61d27c44c836376ec46bebc84d1bc8c,efficientnet_b0,float16,float32,float32,1x224x224x3,xnnpack_cpu,xnnpack,xnnpack_initialized_partition_unverified,,4,1,13,measured,65,440.637000,46.737000,308.1171875,419.1328125,85.0,charging,false,0,,,44.3,FLAG_KEEP_SCREEN_ON,no_load_injected_background_apps_unverified,
2026-08-22T12:17:10.987266Z,1.2.0,realme_RMX3760_api35,1.2.0+3,release,efficientnet_b0_float16,8b487a2559093bb4a7f986aa93665bf5c61d27c44c836376ec46bebc84d1bc8c,efficientnet_b0,float16,float32,float32,1x224x224x3,xnnpack_cpu,xnnpack,xnnpack_initialized_partition_unverified,,4,1,13,measured,66,426.136000,46.737000,309.13671875,420.1015625,85.0,charging,false,0,,,44.3,FLAG_KEEP_SCREEN_ON,no_load_injected_background_apps_unverified,
2026-08-22T12:17:11.515681Z,1.2.0,realme_RMX3760_api35,1.2.0+3,release,efficientnet_b0_float16,8b487a2559093bb4a7f986aa93665bf5c61d27c44c836376ec46bebc84d1bc8c,efficientnet_b0,float16,float32,float32,1x224x224x3,xnnpack_cpu,xnnpack,xnnpack_initialized_partition_unverified,,4,1,13,measured,67,466.412000,46.737000,308.15625,419.171875,85.0,charging,false,0,,,44.3,FLAG_KEEP_SCREEN_ON,no_load_injected_background_apps_unverified,
2026-08-22T12:17:12.046883Z,1.2.0,realme_RMX3760_api35,1.2.0+3,release,efficientnet_b0_float16,8b487a2559093bb4a7f986aa93665bf5c61d27c44c836376ec46bebc84d1bc8c,efficientnet_b0,float16,float32,float32,1x224x224x3,xnnpack_cpu,xnnpack,xnnpack_initialized_partition_unverified,,4,1,13,measured,68,455.230000,46.737000,308.66796875,419.68359375,85.0,charging,false,0,,,44.3,FLAG_KEEP_SCREEN_ON,no_load_injected_background_apps_unverified,
2026-08-22T12:17:12.561306Z,1.2.0,realme_RMX3760_api35,1.2.0+3,release,efficientnet_b0_float16,8b487a2559093bb4a7f986aa93665bf5c61d27c44c836376ec46bebc84d1bc8c,efficientnet_b0,float16,float32,float32,1x224x224x3,xnnpack_cpu,xnnpack,xnnpack_initialized_partition_unverified,,4,1,13,measured,69,453.280000,46.737000,308.19140625,419.19921875,85.0,charging,false,0,,,44.3,FLAG_KEEP_SCREEN_ON,no_load_injected_background_apps_unverified,
2026-08-22T12:17:13.059541Z,1.2.0,realme_RMX3760_api35,1.2.0+3,release,efficientnet_b0_float16,8b487a2559093bb4a7f986aa93665bf5c61d27c44c836376ec46bebc84d1bc8c,efficientnet_b0,float16,float32,float32,1x224x224x3,xnnpack_cpu,xnnpack,xnnpack_initialized_partition_unverified,,4,1,13,measured,70,433.826000,46.737000,308.72265625,419.66796875,85.0,charging,false,0,,,44.3,FLAG_KEEP_SCREEN_ON,no_load_injected_background_apps_unverified,
2026-08-22T12:17:13.594682Z,1.2.0,realme_RMX3760_api35,1.2.0+3,release,efficientnet_b0_float16,8b487a2559093bb4a7f986aa93665bf5c61d27c44c836376ec46bebc84d1bc8c,efficientnet_b0,float16,float32,float32,1x224x224x3,xnnpack_cpu,xnnpack,xnnpack_initialized_partition_unverified,,4,1,13,measured,71,472.797000,46.737000,308.23828125,419.25,85.0,charging,false,0,,,44.3,FLAG_KEEP_SCREEN_ON,no_load_injected_background_apps_unverified,
2026-08-22T12:17:14.112857Z,1.2.0,realme_RMX3760_api35,1.2.0+3,release,efficientnet_b0_float16,8b487a2559093bb4a7f986aa93665bf5c61d27c44c836376ec46bebc84d1bc8c,efficientnet_b0,float16,float32,float32,1x224x224x3,xnnpack_cpu,xnnpack,xnnpack_initialized_partition_unverified,,4,1,13,measured,72,457.017000,46.737000,308.7578125,419.765625,85.0,charging,false,0,,,44.3,FLAG_KEEP_SCREEN_ON,no_load_injected_background_apps_unverified,
2026-08-22T12:17:14.651363Z,1.2.0,realme_RMX3760_api35,1.2.0+3,release,efficientnet_b0_float16,8b487a2559093bb4a7f986aa93665bf5c61d27c44c836376ec46bebc84d1bc8c,efficientnet_b0,float16,float32,float32,1x224x224x3,xnnpack_cpu,xnnpack,xnnpack_initialized_partition_unverified,,4,1,13,measured,73,454.492000,46.737000,308.2451171875,419.28515625,86.0,charging,false,0,,,44.3,FLAG_KEEP_SCREEN_ON,no_load_injected_background_apps_unverified,
2026-08-22T12:17:15.205242Z,1.2.0,realme_RMX3760_api35,1.2.0+3,release,efficientnet_b0_float16,8b487a2559093bb4a7f986aa93665bf5c61d27c44c836376ec46bebc84d1bc8c,efficientnet_b0,float16,float32,float32,1x224x224x3,xnnpack_cpu,xnnpack,xnnpack_initialized_partition_unverified,,4,1,13,measured,74,492.229000,46.737000,308.72265625,419.79296875,86.0,charging,false,0,,,44.3,FLAG_KEEP_SCREEN_ON,no_load_injected_background_apps_unverified,
2026-08-22T12:17:15.711099Z,1.2.0,realme_RMX3760_api35,1.2.0+3,release,efficientnet_b0_float16,8b487a2559093bb4a7f986aa93665bf5c61d27c44c836376ec46bebc84d1bc8c,efficientnet_b0,float16,float32,float32,1x224x224x3,xnnpack_cpu,xnnpack,xnnpack_initialized_partition_unverified,,4,1,13,measured,75,443.844000,46.737000,308.2373046875,419.3046875,86.0,charging,false,0,,,44.3,FLAG_KEEP_SCREEN_ON,no_load_injected_background_apps_unverified,
2026-08-22T12:17:16.223251Z,1.2.0,realme_RMX3760_api35,1.2.0+3,release,efficientnet_b0_float16,8b487a2559093bb4a7f986aa93665bf5c61d27c44c836376ec46bebc84d1bc8c,efficientnet_b0,float16,float32,float32,1x224x224x3,xnnpack_cpu,xnnpack,xnnpack_initialized_partition_unverified,,4,1,13,measured,76,448.896000,46.737000,308.7646484375,419.7890625,86.0,charging,false,0,,,44.3,FLAG_KEEP_SCREEN_ON,no_load_injected_background_apps_unverified,
2026-08-22T12:17:16.724002Z,1.2.0,realme_RMX3760_api35,1.2.0+3,release,efficientnet_b0_float16,8b487a2559093bb4a7f986aa93665bf5c61d27c44c836376ec46bebc84d1bc8c,efficientnet_b0,float16,float32,float32,1x224x224x3,xnnpack_cpu,xnnpack,xnnpack_initialized_partition_unverified,,4,1,13,measured,77,439.211000,46.737000,309.2763671875,420.2890625,86.0,charging,false,0,,,44.3,FLAG_KEEP_SCREEN_ON,no_load_injected_background_apps_unverified,
2026-08-22T12:17:17.230201Z,1.2.0,realme_RMX3760_api35,1.2.0+3,release,efficientnet_b0_float16,8b487a2559093bb4a7f986aa93665bf5c61d27c44c836376ec46bebc84d1bc8c,efficientnet_b0,float16,float32,float32,1x224x224x3,xnnpack_cpu,xnnpack,xnnpack_initialized_partition_unverified,,4,1,13,measured,78,443.364000,46.737000,308.2880859375,419.359375,86.0,charging,false,0,,,44.3,FLAG_KEEP_SCREEN_ON,no_load_injected_background_apps_unverified,
2026-08-22T12:17:17.720292Z,1.2.0,realme_RMX3760_api35,1.2.0+3,release,efficientnet_b0_float16,8b487a2559093bb4a7f986aa93665bf5c61d27c44c836376ec46bebc84d1bc8c,efficientnet_b0,float16,float32,float32,1x224x224x3,xnnpack_cpu,xnnpack,xnnpack_initialized_partition_unverified,,4,1,13,measured,79,427.453000,46.737000,308.8271484375,419.8671875,86.0,charging,false,0,,,44.3,FLAG_KEEP_SCREEN_ON,no_load_injected_background_apps_unverified,
2026-08-22T12:17:18.246852Z,1.2.0,realme_RMX3760_api35,1.2.0+3,release,efficientnet_b0_float16,8b487a2559093bb4a7f986aa93665bf5c61d27c44c836376ec46bebc84d1bc8c,efficientnet_b0,float16,float32,float32,1x224x224x3,xnnpack_cpu,xnnpack,xnnpack_initialized_partition_unverified,,4,1,13,measured,80,464.808000,46.737000,308.8427734375,419.86328125,86.0,charging,false,0,,,44.3,FLAG_KEEP_SCREEN_ON,no_load_injected_background_apps_unverified,
2026-08-22T12:17:18.775970Z,1.2.0,realme_RMX3760_api35,1.2.0+3,release,efficientnet_b0_float16,8b487a2559093bb4a7f986aa93665bf5c61d27c44c836376ec46bebc84d1bc8c,efficientnet_b0,float16,float32,float32,1x224x224x3,xnnpack_cpu,xnnpack,xnnpack_initialized_partition_unverified,,4,1,13,measured,81,467.568000,46.737000,308.8662109375,419.92578125,86.0,charging,false,0,,,44.3,FLAG_KEEP_SCREEN_ON,no_load_injected_background_apps_unverified,
2026-08-22T12:17:19.285344Z,1.2.0,realme_RMX3760_api35,1.2.0+3,release,efficientnet_b0_float16,8b487a2559093bb4a7f986aa93665bf5c61d27c44c836376ec46bebc84d1bc8c,efficientnet_b0,float16,float32,float32,1x224x224x3,xnnpack_cpu,xnnpack,xnnpack_initialized_partition_unverified,,4,1,13,measured,82,447.663000,46.737000,308.9052734375,419.97265625,86.0,charging,false,0,,,44.3,FLAG_KEEP_SCREEN_ON,no_load_injected_background_apps_unverified,
2026-08-22T12:17:19.779152Z,1.2.0,realme_RMX3760_api35,1.2.0+3,release,efficientnet_b0_float16,8b487a2559093bb4a7f986aa93665bf5c61d27c44c836376ec46bebc84d1bc8c,efficientnet_b0,float16,float32,float32,1x224x224x3,xnnpack_cpu,xnnpack,xnnpack_initialized_partition_unverified,,4,1,13,measured,83,431.528000,46.737000,308.92578125,419.95703125,86.0,charging,false,0,,,44.3,FLAG_KEEP_SCREEN_ON,no_load_injected_background_apps_unverified,
2026-08-22T12:17:20.280029Z,1.2.0,realme_RMX3760_api35,1.2.0+3,release,efficientnet_b0_float16,8b487a2559093bb4a7f986aa93665bf5c61d27c44c836376ec46bebc84d1bc8c,efficientnet_b0,float16,float32,float32,1x224x224x3,xnnpack_cpu,xnnpack,xnnpack_initialized_partition_unverified,,4,1,13,measured,84,438.940000,46.737000,313.0400390625,424.078125,86.0,charging,false,0,,,44.3,FLAG_KEEP_SCREEN_ON,no_load_injected_background_apps_unverified,
2026-08-22T12:17:20.775521Z,1.2.0,realme_RMX3760_api35,1.2.0+3,release,efficientnet_b0_float16,8b487a2559093bb4a7f986aa93665bf5c61d27c44c836376ec46bebc84d1bc8c,efficientnet_b0,float16,float32,float32,1x224x224x3,xnnpack_cpu,xnnpack,xnnpack_initialized_partition_unverified,,4,1,13,measured,85,433.849000,46.737000,308.9541015625,420.0234375,86.0,charging,false,0,,,44.3,FLAG_KEEP_SCREEN_ON,no_load_injected_background_apps_unverified,
2026-08-22T12:17:21.285477Z,1.2.0,realme_RMX3760_api35,1.2.0+3,release,efficientnet_b0_float16,8b487a2559093bb4a7f986aa93665bf5c61d27c44c836376ec46bebc84d1bc8c,efficientnet_b0,float16,float32,float32,1x224x224x3,xnnpack_cpu,xnnpack,xnnpack_initialized_partition_unverified,,4,1,13,measured,86,448.965000,46.737000,308.4580078125,419.53125,86.0,charging,false,0,,,44.3,FLAG_KEEP_SCREEN_ON,no_load_injected_background_apps_unverified,
2026-08-22T12:17:21.803387Z,1.2.0,realme_RMX3760_api35,1.2.0+3,release,efficientnet_b0_float16,8b487a2559093bb4a7f986aa93665bf5c61d27c44c836376ec46bebc84d1bc8c,efficientnet_b0,float16,float32,float32,1x224x224x3,xnnpack_cpu,xnnpack,xnnpack_initialized_partition_unverified,,4,1,13,measured,87,454.823000,46.737000,309.0048828125,420.046875,86.0,charging,false,0,,,44.3,FLAG_KEEP_SCREEN_ON,no_load_injected_background_apps_unverified,
2026-08-22T12:17:22.315558Z,1.2.0,realme_RMX3760_api35,1.2.0+3,release,efficientnet_b0_float16,8b487a2559093bb4a7f986aa93665bf5c61d27c44c836376ec46bebc84d1bc8c,efficientnet_b0,float16,float32,float32,1x224x224x3,xnnpack_cpu,xnnpack,xnnpack_initialized_partition_unverified,,4,1,13,measured,88,448.593000,46.737000,308.5234375,419.5859375,86.0,charging,false,0,,,44.3,FLAG_KEEP_SCREEN_ON,no_load_injected_background_apps_unverified,
2026-08-22T12:17:22.852418Z,1.2.0,realme_RMX3760_api35,1.2.0+3,release,efficientnet_b0_float16,8b487a2559093bb4a7f986aa93665bf5c61d27c44c836376ec46bebc84d1bc8c,efficientnet_b0,float16,float32,float32,1x224x224x3,xnnpack_cpu,xnnpack,xnnpack_initialized_partition_unverified,,4,1,13,measured,89,475.138000,46.737000,309.0390625,420.0859375,86.0,charging,false,0,,,44.3,FLAG_KEEP_SCREEN_ON,no_load_injected_background_apps_unverified,
2026-08-22T12:17:23.364894Z,1.2.0,realme_RMX3760_api35,1.2.0+3,release,efficientnet_b0_float16,8b487a2559093bb4a7f986aa93665bf5c61d27c44c836376ec46bebc84d1bc8c,efficientnet_b0,float16,float32,float32,1x224x224x3,xnnpack_cpu,xnnpack,xnnpack_initialized_partition_unverified,,4,1,13,measured,90,450.723000,46.737000,308.54296875,419.61328125,86.0,charging,false,0,,,44.3,FLAG_KEEP_SCREEN_ON,no_load_injected_background_apps_unverified,
2026-08-22T12:17:23.876260Z,1.2.0,realme_RMX3760_api35,1.2.0+3,release,efficientnet_b0_float16,8b487a2559093bb4a7f986aa93665bf5c61d27c44c836376ec46bebc84d1bc8c,efficientnet_b0,float16,float32,float32,1x224x224x3,xnnpack_cpu,xnnpack,xnnpack_initialized_partition_unverified,,4,1,13,measured,91,449.859000,46.737000,309.08203125,420.109375,86.0,charging,false,0,,,44.3,FLAG_KEEP_SCREEN_ON,no_load_injected_background_apps_unverified,
2026-08-22T12:17:24.400502Z,1.2.0,realme_RMX3760_api35,1.2.0+3,release,efficientnet_b0_float16,8b487a2559093bb4a7f986aa93665bf5c61d27c44c836376ec46bebc84d1bc8c,efficientnet_b0,float16,float32,float32,1x224x224x3,xnnpack_cpu,xnnpack,xnnpack_initialized_partition_unverified,,4,1,13,measured,92,459.584000,46.737000,308.6015625,419.66796875,86.0,charging,false,0,,,44.3,FLAG_KEEP_SCREEN_ON,no_load_injected_background_apps_unverified,
2026-08-22T12:17:24.917469Z,1.2.0,realme_RMX3760_api35,1.2.0+3,release,efficientnet_b0_float16,8b487a2559093bb4a7f986aa93665bf5c61d27c44c836376ec46bebc84d1bc8c,efficientnet_b0,float16,float32,float32,1x224x224x3,xnnpack_cpu,xnnpack,xnnpack_initialized_partition_unverified,,4,1,13,measured,93,455.068000,46.737000,309.1171875,420.16015625,86.0,charging,false,0,,,44.4,FLAG_KEEP_SCREEN_ON,no_load_injected_background_apps_unverified,
2026-08-22T12:17:25.435701Z,1.2.0,realme_RMX3760_api35,1.2.0+3,release,efficientnet_b0_float16,8b487a2559093bb4a7f986aa93665bf5c61d27c44c836376ec46bebc84d1bc8c,efficientnet_b0,float16,float32,float32,1x224x224x3,xnnpack_cpu,xnnpack,xnnpack_initialized_partition_unverified,,4,1,13,measured,94,455.623000,46.737000,309.63671875,420.6796875,86.0,charging,false,0,,,44.4,FLAG_KEEP_SCREEN_ON,no_load_injected_background_apps_unverified,
2026-08-22T12:17:25.954562Z,1.2.0,realme_RMX3760_api35,1.2.0+3,release,efficientnet_b0_float16,8b487a2559093bb4a7f986aa93665bf5c61d27c44c836376ec46bebc84d1bc8c,efficientnet_b0,float16,float32,float32,1x224x224x3,xnnpack_cpu,xnnpack,xnnpack_initialized_partition_unverified,,4,1,13,measured,95,456.031000,46.737000,309.15625,420.21484375,86.0,charging,false,0,,,44.4,FLAG_KEEP_SCREEN_ON,no_load_injected_background_apps_unverified,
2026-08-22T12:17:26.484405Z,1.2.0,realme_RMX3760_api35,1.2.0+3,release,efficientnet_b0_float16,8b487a2559093bb4a7f986aa93665bf5c61d27c44c836376ec46bebc84d1bc8c,efficientnet_b0,float16,float32,float32,1x224x224x3,xnnpack_cpu,xnnpack,xnnpack_initialized_partition_unverified,,4,1,13,measured,96,467.888000,46.737000,309.66796875,420.69921875,86.0,charging,false,0,,,44.4,FLAG_KEEP_SCREEN_ON,no_load_injected_background_apps_unverified,
2026-08-22T12:17:26.998432Z,1.2.0,realme_RMX3760_api35,1.2.0+3,release,efficientnet_b0_float16,8b487a2559093bb4a7f986aa93665bf5c61d27c44c836376ec46bebc84d1bc8c,efficientnet_b0,float16,float32,float32,1x224x224x3,xnnpack_cpu,xnnpack,xnnpack_initialized_partition_unverified,,4,1,13,measured,97,451.859000,46.737000,309.19140625,420.25,86.0,charging,false,0,,,44.4,FLAG_KEEP_SCREEN_ON,no_load_injected_background_apps_unverified,
2026-08-22T12:17:27.493785Z,1.2.0,realme_RMX3760_api35,1.2.0+3,release,efficientnet_b0_float16,8b487a2559093bb4a7f986aa93665bf5c61d27c44c836376ec46bebc84d1bc8c,efficientnet_b0,float16,float32,float32,1x224x224x3,xnnpack_cpu,xnnpack,xnnpack_initialized_partition_unverified,,4,1,13,measured,98,433.381000,46.737000,309.21484375,420.2578125,86.0,charging,false,0,,,44.4,FLAG_KEEP_SCREEN_ON,no_load_injected_background_apps_unverified,
2026-08-22T12:17:27.994620Z,1.2.0,realme_RMX3760_api35,1.2.0+3,release,efficientnet_b0_float16,8b487a2559093bb4a7f986aa93665bf5c61d27c44c836376ec46bebc84d1bc8c,efficientnet_b0,float16,float32,float32,1x224x224x3,xnnpack_cpu,xnnpack,xnnpack_initialized_partition_unverified,,4,1,13,measured,99,438.636000,46.737000,309.24609375,420.25390625,86.0,charging,false,0,,,44.4,FLAG_KEEP_SCREEN_ON,no_load_injected_background_apps_unverified,
2026-08-22T12:17:39.380866Z,1.2.0,realme_RMX3760_api35,1.2.0+3,release,efficientnet_b0_float16,8b487a2559093bb4a7f986aa93665bf5c61d27c44c836376ec46bebc84d1bc8c,efficientnet_b0,float16,float32,float32,1x224x224x3,builtin_cpu,none,none_builtin,,4,1,14,measured,0,537.642000,7.750000,326.4775390625,436.94921875,86.0,charging,false,0,,,44.5,FLAG_KEEP_SCREEN_ON,no_load_injected_background_apps_unverified,
2026-08-22T12:17:40.016418Z,1.2.0,realme_RMX3760_api35,1.2.0+3,release,efficientnet_b0_float16,8b487a2559093bb4a7f986aa93665bf5c61d27c44c836376ec46bebc84d1bc8c,efficientnet_b0,float16,float32,float32,1x224x224x3,builtin_cpu,none,none_builtin,,4,1,14,measured,1,566.153000,7.750000,328.6025390625,439.1796875,86.0,charging,false,0,,,44.5,FLAG_KEEP_SCREEN_ON,no_load_injected_background_apps_unverified,
2026-08-22T12:17:40.631056Z,1.2.0,realme_RMX3760_api35,1.2.0+3,release,efficientnet_b0_float16,8b487a2559093bb4a7f986aa93665bf5c61d27c44c836376ec46bebc84d1bc8c,efficientnet_b0,float16,float32,float32,1x224x224x3,builtin_cpu,none,none_builtin,,4,1,14,measured,2,551.994000,7.750000,321.9462890625,432.1953125,86.0,charging,false,0,,,44.6,FLAG_KEEP_SCREEN_ON,no_load_injected_background_apps_unverified,
2026-08-22T12:17:41.219713Z,1.2.0,realme_RMX3760_api35,1.2.0+3,release,efficientnet_b0_float16,8b487a2559093bb4a7f986aa93665bf5c61d27c44c836376ec46bebc84d1bc8c,efficientnet_b0,float16,float32,float32,1x224x224x3,builtin_cpu,none,none_builtin,,4,1,14,measured,3,524.917000,7.750000,321.9853515625,432.59375,86.0,charging,false,0,,,44.6,FLAG_KEEP_SCREEN_ON,no_load_injected_background_apps_unverified,
2026-08-22T12:17:41.759423Z,1.2.0,realme_RMX3760_api35,1.2.0+3,release,efficientnet_b0_float16,8b487a2559093bb4a7f986aa93665bf5c61d27c44c836376ec46bebc84d1bc8c,efficientnet_b0,float16,float32,float32,1x224x224x3,builtin_cpu,none,none_builtin,,4,1,14,measured,4,472.235000,7.750000,327.5009765625,437.88671875,86.0,charging,false,0,,,44.6,FLAG_KEEP_SCREEN_ON,no_load_injected_background_apps_unverified,
2026-08-22T12:17:42.387873Z,1.2.0,realme_RMX3760_api35,1.2.0+3,release,efficientnet_b0_float16,8b487a2559093bb4a7f986aa93665bf5c61d27c44c836376ec46bebc84d1bc8c,efficientnet_b0,float16,float32,float32,1x224x224x3,builtin_cpu,none,none_builtin,,4,1,14,measured,5,562.946000,7.750000,323.1689453125,433.64453125,86.0,charging,false,0,,,44.6,FLAG_KEEP_SCREEN_ON,no_load_injected_background_apps_unverified,
2026-08-22T12:17:42.962744Z,1.2.0,realme_RMX3760_api35,1.2.0+3,release,efficientnet_b0_float16,8b487a2559093bb4a7f986aa93665bf5c61d27c44c836376ec46bebc84d1bc8c,efficientnet_b0,float16,float32,float32,1x224x224x3,builtin_cpu,none,none_builtin,,4,1,14,measured,6,505.167000,7.750000,328.9501953125,439.140625,86.0,charging,false,0,,,44.6,FLAG_KEEP_SCREEN_ON,no_load_injected_background_apps_unverified,
2026-08-22T12:17:43.642674Z,1.2.0,realme_RMX3760_api35,1.2.0+3,release,efficientnet_b0_float16,8b487a2559093bb4a7f986aa93665bf5c61d27c44c836376ec46bebc84d1bc8c,efficientnet_b0,float16,float32,float32,1x224x224x3,builtin_cpu,none,none_builtin,,4,1,14,measured,7,610.936000,7.750000,323.0751953125,433.65625,86.0,charging,false,0,,,44.6,FLAG_KEEP_SCREEN_ON,no_load_injected_background_apps_unverified,
2026-08-22T12:17:44.323990Z,1.2.0,realme_RMX3760_api35,1.2.0+3,release,efficientnet_b0_float16,8b487a2559093bb4a7f986aa93665bf5c61d27c44c836376ec46bebc84d1bc8c,efficientnet_b0,float16,float32,float32,1x224x224x3,builtin_cpu,none,none_builtin,,4,1,14,measured,8,618.884000,7.750000,323.0869140625,433.6015625,86.0,charging,false,0,,,44.6,FLAG_KEEP_SCREEN_ON,no_load_injected_background_apps_unverified,
2026-08-22T12:17:44.926958Z,1.2.0,realme_RMX3760_api35,1.2.0+3,release,efficientnet_b0_float16,8b487a2559093bb4a7f986aa93665bf5c61d27c44c836376ec46bebc84d1bc8c,efficientnet_b0,float16,float32,float32,1x224x224x3,builtin_cpu,none,none_builtin,,4,1,14,measured,9,536.069000,7.750000,329.2705078125,439.578125,86.0,charging,false,0,,,44.6,FLAG_KEEP_SCREEN_ON,no_load_injected_background_apps_unverified,
2026-08-22T12:17:45.523449Z,1.2.0,realme_RMX3760_api35,1.2.0+3,release,efficientnet_b0_float16,8b487a2559093bb4a7f986aa93665bf5c61d27c44c836376ec46bebc84d1bc8c,efficientnet_b0,float16,float32,float32,1x224x224x3,builtin_cpu,none,none_builtin,,4,1,14,measured,10,529.835000,7.750000,323.2783203125,433.69921875,86.0,charging,false,0,,,44.6,FLAG_KEEP_SCREEN_ON,no_load_injected_background_apps_unverified,
2026-08-22T12:17:46.118119Z,1.2.0,realme_RMX3760_api35,1.2.0+3,release,efficientnet_b0_float16,8b487a2559093bb4a7f986aa93665bf5c61d27c44c836376ec46bebc84d1bc8c,efficientnet_b0,float16,float32,float32,1x224x224x3,builtin_cpu,none,none_builtin,,4,1,14,measured,11,520.670000,7.750000,328.7548828125,439.25,86.0,charging,false,0,,,44.6,FLAG_KEEP_SCREEN_ON,no_load_injected_background_apps_unverified,
2026-08-22T12:17:46.814004Z,1.2.0,realme_RMX3760_api35,1.2.0+3,release,efficientnet_b0_float16,8b487a2559093bb4a7f986aa93665bf5c61d27c44c836376ec46bebc84d1bc8c,efficientnet_b0,float16,float32,float32,1x224x224x3,builtin_cpu,none,none_builtin,,4,1,14,measured,12,632.810000,7.750000,322.6533203125,433.3671875,86.0,charging,false,0,,,44.6,FLAG_KEEP_SCREEN_ON,no_load_injected_background_apps_unverified,
2026-08-22T12:17:47.418959Z,1.2.0,realme_RMX3760_api35,1.2.0+3,release,efficientnet_b0_float16,8b487a2559093bb4a7f986aa93665bf5c61d27c44c836376ec46bebc84d1bc8c,efficientnet_b0,float16,float32,float32,1x224x224x3,builtin_cpu,none,none_builtin,,4,1,14,measured,13,541.458000,7.750000,322.6689453125,432.859375,86.0,charging,false,0,,,44.6,FLAG_KEEP_SCREEN_ON,no_load_injected_background_apps_unverified,
2026-08-22T12:17:47.998956Z,1.2.0,realme_RMX3760_api35,1.2.0+3,release,efficientnet_b0_float16,8b487a2559093bb4a7f986aa93665bf5c61d27c44c836376ec46bebc84d1bc8c,efficientnet_b0,float16,float32,float32,1x224x224x3,builtin_cpu,none,none_builtin,,4,1,14,measured,14,511.037000,7.750000,328.7744140625,439.25,86.0,charging,false,0,,,44.6,FLAG_KEEP_SCREEN_ON,no_load_injected_background_apps_unverified,
2026-08-22T12:17:48.626169Z,1.2.0,realme_RMX3760_api35,1.2.0+3,release,efficientnet_b0_float16,8b487a2559093bb4a7f986aa93665bf5c61d27c44c836376ec46bebc84d1bc8c,efficientnet_b0,float16,float32,float32,1x224x224x3,builtin_cpu,none,none_builtin,,4,1,14,measured,15,559.646000,7.750000,322.7900390625,433.44140625,86.0,charging,false,0,,,44.6,FLAG_KEEP_SCREEN_ON,no_load_injected_background_apps_unverified,
2026-08-22T12:17:49.243050Z,1.2.0,realme_RMX3760_api35,1.2.0+3,release,efficientnet_b0_float16,8b487a2559093bb4a7f986aa93665bf5c61d27c44c836376ec46bebc84d1bc8c,efficientnet_b0,float16,float32,float32,1x224x224x3,builtin_cpu,none,none_builtin,,4,1,14,measured,16,550.123000,7.750000,322.2041015625,433.08984375,86.0,charging,false,0,,,44.6,FLAG_KEEP_SCREEN_ON,no_load_injected_background_apps_unverified,
2026-08-22T12:17:49.818106Z,1.2.0,realme_RMX3760_api35,1.2.0+3,release,efficientnet_b0_float16,8b487a2559093bb4a7f986aa93665bf5c61d27c44c836376ec46bebc84d1bc8c,efficientnet_b0,float16,float32,float32,1x224x224x3,builtin_cpu,none,none_builtin,,4,1,14,measured,17,507.425000,7.750000,322.8251953125,433.296875,86.0,charging,false,0,,,44.6,FLAG_KEEP_SCREEN_ON,no_load_injected_background_apps_unverified,
2026-08-22T12:17:50.442634Z,1.2.0,realme_RMX3760_api35,1.2.0+3,release,efficientnet_b0_float16,8b487a2559093bb4a7f986aa93665bf5c61d27c44c836376ec46bebc84d1bc8c,efficientnet_b0,float16,float32,float32,1x224x224x3,builtin_cpu,none,none_builtin,,4,1,14,measured,18,556.085000,7.750000,323.3955078125,433.9140625,86.0,charging,false,0,,,44.6,FLAG_KEEP_SCREEN_ON,no_load_injected_background_apps_unverified,
2026-08-22T12:17:51.037712Z,1.2.0,realme_RMX3760_api35,1.2.0+3,release,efficientnet_b0_float16,8b487a2559093bb4a7f986aa93665bf5c61d27c44c836376ec46bebc84d1bc8c,efficientnet_b0,float16,float32,float32,1x224x224x3,builtin_cpu,none,none_builtin,,4,1,14,measured,19,526.043000,7.750000,322.9111328125,433.328125,86.0,charging,false,0,,,44.6,FLAG_KEEP_SCREEN_ON,no_load_injected_background_apps_unverified,
2026-08-22T12:17:51.678604Z,1.2.0,realme_RMX3760_api35,1.2.0+3,release,efficientnet_b0_float16,8b487a2559093bb4a7f986aa93665bf5c61d27c44c836376ec46bebc84d1bc8c,efficientnet_b0,float16,float32,float32,1x224x224x3,builtin_cpu,none,none_builtin,,4,1,14,measured,20,572.521000,7.750000,329.375,439.578125,86.0,charging,false,0,,,44.6,FLAG_KEEP_SCREEN_ON,no_load_injected_background_apps_unverified,
2026-08-22T12:17:52.306462Z,1.2.0,realme_RMX3760_api35,1.2.0+3,release,efficientnet_b0_float16,8b487a2559093bb4a7f986aa93665bf5c61d27c44c836376ec46bebc84d1bc8c,efficientnet_b0,float16,float32,float32,1x224x224x3,builtin_cpu,none,none_builtin,,4,1,14,measured,21,556.898000,7.750000,322.8828125,433.32421875,86.0,charging,false,0,,,44.6,FLAG_KEEP_SCREEN_ON,no_load_injected_background_apps_unverified,
2026-08-22T12:17:52.861445Z,1.2.0,realme_RMX3760_api35,1.2.0+3,release,efficientnet_b0_float16,8b487a2559093bb4a7f986aa93665bf5c61d27c44c836376ec46bebc84d1bc8c,efficientnet_b0,float16,float32,float32,1x224x224x3,builtin_cpu,none,none_builtin,,4,1,14,measured,22,491.561000,7.750000,316.546875,427.17578125,86.0,charging,false,0,,,44.6,FLAG_KEEP_SCREEN_ON,no_load_injected_background_apps_unverified,
2026-08-22T12:17:53.441450Z,1.2.0,realme_RMX3760_api35,1.2.0+3,release,efficientnet_b0_float16,8b487a2559093bb4a7f986aa93665bf5c61d27c44c836376ec46bebc84d1bc8c,efficientnet_b0,float16,float32,float32,1x224x224x3,builtin_cpu,none,none_builtin,,4,1,14,measured,23,518.463000,7.750000,310.578125,421.32421875,86.0,charging,false,0,,,44.6,FLAG_KEEP_SCREEN_ON,no_load_injected_background_apps_unverified,
2026-08-22T12:17:54.020387Z,1.2.0,realme_RMX3760_api35,1.2.0+3,release,efficientnet_b0_float16,8b487a2559093bb4a7f986aa93665bf5c61d27c44c836376ec46bebc84d1bc8c,efficientnet_b0,float16,float32,float32,1x224x224x3,builtin_cpu,none,none_builtin,,4,1,14,measured,24,517.809000,7.750000,310.484375,421.13671875,86.0,charging,false,0,,,44.6,FLAG_KEEP_SCREEN_ON,no_load_injected_background_apps_unverified,
2026-08-22T12:17:54.579805Z,1.2.0,realme_RMX3760_api35,1.2.0+3,release,efficientnet_b0_float16,8b487a2559093bb4a7f986aa93665bf5c61d27c44c836376ec46bebc84d1bc8c,efficientnet_b0,float16,float32,float32,1x224x224x3,builtin_cpu,none,none_builtin,,4,1,14,measured,25,496.883000,7.750000,310.48046875,421.33203125,86.0,charging,false,0,,,44.6,FLAG_KEEP_SCREEN_ON,no_load_injected_background_apps_unverified,
2026-08-22T12:17:55.159989Z,1.2.0,realme_RMX3760_api35,1.2.0+3,release,efficientnet_b0_float16,8b487a2559093bb4a7f986aa93665bf5c61d27c44c836376ec46bebc84d1bc8c,efficientnet_b0,float16,float32,float32,1x224x224x3,builtin_cpu,none,none_builtin,,4,1,14,measured,26,518.850000,7.750000,310.578125,421.11328125,86.0,charging,false,0,,,44.6,FLAG_KEEP_SCREEN_ON,no_load_injected_background_apps_unverified,
2026-08-22T12:17:55.707991Z,1.2.0,realme_RMX3760_api35,1.2.0+3,release,efficientnet_b0_float16,8b487a2559093bb4a7f986aa93665bf5c61d27c44c836376ec46bebc84d1bc8c,efficientnet_b0,float16,float32,float32,1x224x224x3,builtin_cpu,none,none_builtin,,4,1,14,measured,27,486.550000,7.750000,313.9765625,425.0546875,86.0,charging,false,0,,,44.6,FLAG_KEEP_SCREEN_ON,no_load_injected_background_apps_unverified,
2026-08-22T12:17:56.466693Z,1.2.0,realme_RMX3760_api35,1.2.0+3,release,efficientnet_b0_float16,8b487a2559093bb4a7f986aa93665bf5c61d27c44c836376ec46bebc84d1bc8c,efficientnet_b0,float16,float32,float32,1x224x224x3,builtin_cpu,none,none_builtin,,4,1,14,measured,28,692.739000,7.750000,315.3994140625,426.16796875,86.0,charging,false,0,,,44.6,FLAG_KEEP_SCREEN_ON,no_load_injected_background_apps_unverified,
2026-08-22T12:17:57.194897Z,1.2.0,realme_RMX3760_api35,1.2.0+3,release,efficientnet_b0_float16,8b487a2559093bb4a7f986aa93665bf5c61d27c44c836376ec46bebc84d1bc8c,efficientnet_b0,float16,float32,float32,1x224x224x3,builtin_cpu,none,none_builtin,,4,1,14,measured,29,663.766000,7.750000,307.05078125,421.5859375,86.0,charging,false,0,,,44.6,FLAG_KEEP_SCREEN_ON,no_load_injected_background_apps_unverified,
2026-08-22T12:17:57.933075Z,1.2.0,realme_RMX3760_api35,1.2.0+3,release,efficientnet_b0_float16,8b487a2559093bb4a7f986aa93665bf5c61d27c44c836376ec46bebc84d1bc8c,efficientnet_b0,float16,float32,float32,1x224x224x3,builtin_cpu,none,none_builtin,,4,1,14,measured,30,679.469000,7.750000,306.4814453125,420.1796875,86.0,charging,false,0,,,44.6,FLAG_KEEP_SCREEN_ON,no_load_injected_background_apps_unverified,
2026-08-22T12:17:58.509352Z,1.2.0,realme_RMX3760_api35,1.2.0+3,release,efficientnet_b0_float16,8b487a2559093bb4a7f986aa93665bf5c61d27c44c836376ec46bebc84d1bc8c,efficientnet_b0,float16,float32,float32,1x224x224x3,builtin_cpu,none,none_builtin,,4,1,14,measured,31,520.296000,7.750000,306.8916015625,421.34765625,86.0,charging,false,0,,,44.6,FLAG_KEEP_SCREEN_ON,no_load_injected_background_apps_unverified,
2026-08-22T12:17:59.062451Z,1.2.0,realme_RMX3760_api35,1.2.0+3,release,efficientnet_b0_float16,8b487a2559093bb4a7f986aa93665bf5c61d27c44c836376ec46bebc84d1bc8c,efficientnet_b0,float16,float32,float32,1x224x224x3,builtin_cpu,none,none_builtin,,4,1,14,measured,32,493.278000,7.750000,306.6611328125,421.09375,86.0,charging,false,0,,,44.6,FLAG_KEEP_SCREEN_ON,no_load_injected_background_apps_unverified,
2026-08-22T12:17:59.607360Z,1.2.0,realme_RMX3760_api35,1.2.0+3,release,efficientnet_b0_float16,8b487a2559093bb4a7f986aa93665bf5c61d27c44c836376ec46bebc84d1bc8c,efficientnet_b0,float16,float32,float32,1x224x224x3,builtin_cpu,none,none_builtin,,4,1,14,measured,33,483.583000,7.750000,306.4111328125,420.515625,86.0,charging,false,0,,,44.6,FLAG_KEEP_SCREEN_ON,no_load_injected_background_apps_unverified,
2026-08-22T12:18:00.170184Z,1.2.0,realme_RMX3760_api35,1.2.0+3,release,efficientnet_b0_float16,8b487a2559093bb4a7f986aa93665bf5c61d27c44c836376ec46bebc84d1bc8c,efficientnet_b0,float16,float32,float32,1x224x224x3,builtin_cpu,none,none_builtin,,4,1,14,measured,34,501.032000,7.750000,307.1259765625,421.2890625,86.0,charging,false,0,,,44.6,FLAG_KEEP_SCREEN_ON,no_load_injected_background_apps_unverified,
2026-08-22T12:18:00.721619Z,1.2.0,realme_RMX3760_api35,1.2.0+3,release,efficientnet_b0_float16,8b487a2559093bb4a7f986aa93665bf5c61d27c44c836376ec46bebc84d1bc8c,efficientnet_b0,float16,float32,float32,1x224x224x3,builtin_cpu,none,none_builtin,,4,1,14,measured,35,490.546000,7.750000,307.6416015625,421.93359375,86.0,charging,false,0,,,44.6,FLAG_KEEP_SCREEN_ON,no_load_injected_background_apps_unverified,
2026-08-22T12:18:01.267995Z,1.2.0,realme_RMX3760_api35,1.2.0+3,release,efficientnet_b0_float16,8b487a2559093bb4a7f986aa93665bf5c61d27c44c836376ec46bebc84d1bc8c,efficientnet_b0,float16,float32,float32,1x224x224x3,builtin_cpu,none,none_builtin,,4,1,14,measured,36,485.692000,7.750000,306.6611328125,421.140625,86.0,charging,false,0,,,44.6,FLAG_KEEP_SCREEN_ON,no_load_injected_background_apps_unverified,
2026-08-22T12:18:01.816226Z,1.2.0,realme_RMX3760_api35,1.2.0+3,release,efficientnet_b0_float16,8b487a2559093bb4a7f986aa93665bf5c61d27c44c836376ec46bebc84d1bc8c,efficientnet_b0,float16,float32,float32,1x224x224x3,builtin_cpu,none,none_builtin,,4,1,14,measured,37,487.058000,7.750000,307.28125,421.359375,86.0,charging,false,0,,,44.7,FLAG_KEEP_SCREEN_ON,no_load_injected_background_apps_unverified,
2026-08-22T12:18:02.376993Z,1.2.0,realme_RMX3760_api35,1.2.0+3,release,efficientnet_b0_float16,8b487a2559093bb4a7f986aa93665bf5c61d27c44c836376ec46bebc84d1bc8c,efficientnet_b0,float16,float32,float32,1x224x224x3,builtin_cpu,none,none_builtin,,4,1,14,measured,38,497.709000,7.750000,306.796875,420.875,86.0,charging,false,0,,,44.7,FLAG_KEEP_SCREEN_ON,no_load_injected_background_apps_unverified,
2026-08-22T12:18:02.915403Z,1.2.0,realme_RMX3760_api35,1.2.0+3,release,efficientnet_b0_float16,8b487a2559093bb4a7f986aa93665bf5c61d27c44c836376ec46bebc84d1bc8c,efficientnet_b0,float16,float32,float32,1x224x224x3,builtin_cpu,none,none_builtin,,4,1,14,measured,39,477.362000,7.750000,307.33203125,421.6015625,86.0,charging,false,0,,,44.7,FLAG_KEEP_SCREEN_ON,no_load_injected_background_apps_unverified,
2026-08-22T12:18:03.470031Z,1.2.0,realme_RMX3760_api35,1.2.0+3,release,efficientnet_b0_float16,8b487a2559093bb4a7f986aa93665bf5c61d27c44c836376ec46bebc84d1bc8c,efficientnet_b0,float16,float32,float32,1x224x224x3,builtin_cpu,none,none_builtin,,4,1,14,measured,40,492.243000,7.750000,307.34765625,421.55859375,86.0,charging,false,0,,,44.7,FLAG_KEEP_SCREEN_ON,no_load_injected_background_apps_unverified,
2026-08-22T12:18:04.013804Z,1.2.0,realme_RMX3760_api35,1.2.0+3,release,efficientnet_b0_float16,8b487a2559093bb4a7f986aa93665bf5c61d27c44c836376ec46bebc84d1bc8c,efficientnet_b0,float16,float32,float32,1x224x224x3,builtin_cpu,none,none_builtin,,4,1,14,measured,41,481.947000,7.750000,307.8232421875,421.95703125,86.0,charging,false,0,,,44.7,FLAG_KEEP_SCREEN_ON,no_load_injected_background_apps_unverified,
2026-08-22T12:18:04.570094Z,1.2.0,realme_RMX3760_api35,1.2.0+3,release,efficientnet_b0_float16,8b487a2559093bb4a7f986aa93665bf5c61d27c44c836376ec46bebc84d1bc8c,efficientnet_b0,float16,float32,float32,1x224x224x3,builtin_cpu,none,none_builtin,,4,1,14,measured,42,494.483000,7.750000,307.3310546875,421.625,86.0,charging,false,0,,,44.7,FLAG_KEEP_SCREEN_ON,no_load_injected_background_apps_unverified,
2026-08-22T12:18:05.114625Z,1.2.0,realme_RMX3760_api35,1.2.0+3,release,efficientnet_b0_float16,8b487a2559093bb4a7f986aa93665bf5c61d27c44c836376ec46bebc84d1bc8c,efficientnet_b0,float16,float32,float32,1x224x224x3,builtin_cpu,none,none_builtin,,4,1,14,measured,43,483.025000,7.750000,307.8779296875,422.08984375,86.0,charging,false,0,,,44.7,FLAG_KEEP_SCREEN_ON,no_load_injected_background_apps_unverified,
2026-08-22T12:18:05.666011Z,1.2.0,realme_RMX3760_api35,1.2.0+3,release,efficientnet_b0_float16,8b487a2559093bb4a7f986aa93665bf5c61d27c44c836376ec46bebc84d1bc8c,efficientnet_b0,float16,float32,float32,1x224x224x3,builtin_cpu,none,none_builtin,,4,1,14,measured,44,491.140000,7.750000,306.8974609375,421.296875,86.0,charging,false,0,,,44.7,FLAG_KEEP_SCREEN_ON,no_load_injected_background_apps_unverified,
2026-08-22T12:18:06.203013Z,1.2.0,realme_RMX3760_api35,1.2.0+3,release,efficientnet_b0_float16,8b487a2559093bb4a7f986aa93665bf5c61d27c44c836376ec46bebc84d1bc8c,efficientnet_b0,float16,float32,float32,1x224x224x3,builtin_cpu,none,none_builtin,,4,1,14,measured,45,475.544000,7.750000,307.8818359375,422.21484375,86.0,charging,false,0,,,44.7,FLAG_KEEP_SCREEN_ON,no_load_injected_background_apps_unverified,
2026-08-22T12:18:06.732481Z,1.2.0,realme_RMX3760_api35,1.2.0+3,release,efficientnet_b0_float16,8b487a2559093bb4a7f986aa93665bf5c61d27c44c836376ec46bebc84d1bc8c,efficientnet_b0,float16,float32,float32,1x224x224x3,builtin_cpu,none,none_builtin,,4,1,14,measured,46,465.546000,7.750000,307.8935546875,421.8828125,86.0,charging,false,0,,,44.7,FLAG_KEEP_SCREEN_ON,no_load_injected_background_apps_unverified,
2026-08-22T12:18:07.278187Z,1.2.0,realme_RMX3760_api35,1.2.0+3,release,efficientnet_b0_float16,8b487a2559093bb4a7f986aa93665bf5c61d27c44c836376ec46bebc84d1bc8c,efficientnet_b0,float16,float32,float32,1x224x224x3,builtin_cpu,none,none_builtin,,4,1,14,measured,47,483.875000,7.750000,307.3779296875,421.7734375,86.0,charging,false,0,,,44.7,FLAG_KEEP_SCREEN_ON,no_load_injected_background_apps_unverified,
2026-08-22T12:18:07.843326Z,1.2.0,realme_RMX3760_api35,1.2.0+3,release,efficientnet_b0_float16,8b487a2559093bb4a7f986aa93665bf5c61d27c44c836376ec46bebc84d1bc8c,efficientnet_b0,float16,float32,float32,1x224x224x3,builtin_cpu,none,none_builtin,,4,1,14,measured,48,503.401000,7.750000,307.1552734375,421.30859375,86.0,charging,false,0,,,44.7,FLAG_KEEP_SCREEN_ON,no_load_injected_background_apps_unverified,
2026-08-22T12:18:08.417973Z,1.2.0,realme_RMX3760_api35,1.2.0+3,release,efficientnet_b0_float16,8b487a2559093bb4a7f986aa93665bf5c61d27c44c836376ec46bebc84d1bc8c,efficientnet_b0,float16,float32,float32,1x224x224x3,builtin_cpu,none,none_builtin,,4,1,14,measured,49,509.081000,7.750000,307.8623046875,422.0546875,86.0,charging,false,0,,,44.7,FLAG_KEEP_SCREEN_ON,no_load_injected_background_apps_unverified,
2026-08-22T12:18:08.954466Z,1.2.0,realme_RMX3760_api35,1.2.0+3,release,efficientnet_b0_float16,8b487a2559093bb4a7f986aa93665bf5c61d27c44c836376ec46bebc84d1bc8c,efficientnet_b0,float16,float32,float32,1x224x224x3,builtin_cpu,none,none_builtin,,4,1,14,measured,50,474.083000,7.750000,308.0224609375,422.06640625,86.0,charging,false,0,,,44.7,FLAG_KEEP_SCREEN_ON,no_load_injected_background_apps_unverified,
2026-08-22T12:18:09.504254Z,1.2.0,realme_RMX3760_api35,1.2.0+3,release,efficientnet_b0_float16,8b487a2559093bb4a7f986aa93665bf5c61d27c44c836376ec46bebc84d1bc8c,efficientnet_b0,float16,float32,float32,1x224x224x3,builtin_cpu,none,none_builtin,,4,1,14,measured,51,489.022000,7.750000,308.0419921875,422.265625,86.0,charging,false,0,,,44.7,FLAG_KEEP_SCREEN_ON,no_load_injected_background_apps_unverified,
2026-08-22T12:18:10.016197Z,1.2.0,realme_RMX3760_api35,1.2.0+3,release,efficientnet_b0_float16,8b487a2559093bb4a7f986aa93665bf5c61d27c44c836376ec46bebc84d1bc8c,efficientnet_b0,float16,float32,float32,1x224x224x3,builtin_cpu,none,none_builtin,,4,1,14,measured,52,450.557000,7.750000,307.8818359375,422.27734375,86.0,charging,false,0,,,44.7,FLAG_KEEP_SCREEN_ON,no_load_injected_background_apps_unverified,
2026-08-22T12:18:10.595034Z,1.2.0,realme_RMX3760_api35,1.2.0+3,release,efficientnet_b0_float16,8b487a2559093bb4a7f986aa93665bf5c61d27c44c836376ec46bebc84d1bc8c,efficientnet_b0,float16,float32,float32,1x224x224x3,builtin_cpu,none,none_builtin,,4,1,14,measured,53,517.554000,7.750000,307.5693359375,421.6171875,86.0,charging,false,0,,,44.7,FLAG_KEEP_SCREEN_ON,no_load_injected_background_apps_unverified,
2026-08-22T12:18:11.128750Z,1.2.0,realme_RMX3760_api35,1.2.0+3,release,efficientnet_b0_float16,8b487a2559093bb4a7f986aa93665bf5c61d27c44c836376ec46bebc84d1bc8c,efficientnet_b0,float16,float32,float32,1x224x224x3,builtin_cpu,none,none_builtin,,4,1,14,measured,54,472.296000,7.750000,307.9873046875,421.9921875,86.0,charging,false,0,,,44.7,FLAG_KEEP_SCREEN_ON,no_load_injected_background_apps_unverified,
2026-08-22T12:18:11.666843Z,1.2.0,realme_RMX3760_api35,1.2.0+3,release,efficientnet_b0_float16,8b487a2559093bb4a7f986aa93665bf5c61d27c44c836376ec46bebc84d1bc8c,efficientnet_b0,float16,float32,float32,1x224x224x3,builtin_cpu,none,none_builtin,,4,1,14,measured,55,476.625000,7.750000,306.9287109375,421.3125,86.0,charging,false,0,,,44.7,FLAG_KEEP_SCREEN_ON,no_load_injected_background_apps_unverified,
2026-08-22T12:18:12.210978Z,1.2.0,realme_RMX3760_api35,1.2.0+3,release,efficientnet_b0_float16,8b487a2559093bb4a7f986aa93665bf5c61d27c44c836376ec46bebc84d1bc8c,efficientnet_b0,float16,float32,float32,1x224x224x3,builtin_cpu,none,none_builtin,,4,1,14,measured,56,482.878000,7.750000,308.0927734375,422.09375,86.0,charging,false,0,,,44.7,FLAG_KEEP_SCREEN_ON,no_load_injected_background_apps_unverified,
2026-08-22T12:18:12.739516Z,1.2.0,realme_RMX3760_api35,1.2.0+3,release,efficientnet_b0_float16,8b487a2559093bb4a7f986aa93665bf5c61d27c44c836376ec46bebc84d1bc8c,efficientnet_b0,float16,float32,float32,1x224x224x3,builtin_cpu,none,none_builtin,,4,1,14,measured,57,467.255000,7.750000,308.1005859375,422.3515625,86.0,charging,false,0,,,44.7,FLAG_KEEP_SCREEN_ON,no_load_injected_background_apps_unverified,
2026-08-22T12:18:13.267529Z,1.2.0,realme_RMX3760_api35,1.2.0+3,release,efficientnet_b0_float16,8b487a2559093bb4a7f986aa93665bf5c61d27c44c836376ec46bebc84d1bc8c,efficientnet_b0,float16,float32,float32,1x224x224x3,builtin_cpu,none,none_builtin,,4,1,14,measured,58,467.216000,7.750000,308.1083984375,422.35546875,86.0,charging,false,0,,,44.7,FLAG_KEEP_SCREEN_ON,no_load_injected_background_apps_unverified,
2026-08-22T12:18:13.818806Z,1.2.0,realme_RMX3760_api35,1.2.0+3,release,efficientnet_b0_float16,8b487a2559093bb4a7f986aa93665bf5c61d27c44c836376ec46bebc84d1bc8c,efficientnet_b0,float16,float32,float32,1x224x224x3,builtin_cpu,none,none_builtin,,4,1,14,measured,59,489.788000,7.750000,307.1357421875,421.3984375,86.0,charging,false,0,,,44.7,FLAG_KEEP_SCREEN_ON,no_load_injected_background_apps_unverified,
2026-08-22T12:18:14.370434Z,1.2.0,realme_RMX3760_api35,1.2.0+3,release,efficientnet_b0_float16,8b487a2559093bb4a7f986aa93665bf5c61d27c44c836376ec46bebc84d1bc8c,efficientnet_b0,float16,float32,float32,1x224x224x3,builtin_cpu,none,none_builtin,,4,1,14,measured,60,489.107000,7.750000,307.6748046875,422.1328125,86.0,charging,false,0,,,44.7,FLAG_KEEP_SCREEN_ON,no_load_injected_background_apps_unverified,
2026-08-22T12:18:14.892019Z,1.2.0,realme_RMX3760_api35,1.2.0+3,release,efficientnet_b0_float16,8b487a2559093bb4a7f986aa93665bf5c61d27c44c836376ec46bebc84d1bc8c,efficientnet_b0,float16,float32,float32,1x224x224x3,builtin_cpu,none,none_builtin,,4,1,14,measured,61,460.108000,7.750000,308.2451171875,422.3359375,86.0,charging,false,0,,,44.7,FLAG_KEEP_SCREEN_ON,no_load_injected_background_apps_unverified,
2026-08-22T12:18:15.442525Z,1.2.0,realme_RMX3760_api35,1.2.0+3,release,efficientnet_b0_float16,8b487a2559093bb4a7f986aa93665bf5c61d27c44c836376ec46bebc84d1bc8c,efficientnet_b0,float16,float32,float32,1x224x224x3,builtin_cpu,none,none_builtin,,4,1,14,measured,62,488.731000,7.750000,307.7568359375,421.8671875,86.0,charging,false,0,,,44.7,FLAG_KEEP_SCREEN_ON,no_load_injected_background_apps_unverified,
2026-08-22T12:18:15.978635Z,1.2.0,realme_RMX3760_api35,1.2.0+3,release,efficientnet_b0_float16,8b487a2559093bb4a7f986aa93665bf5c61d27c44c836376ec46bebc84d1bc8c,efficientnet_b0,float16,float32,float32,1x224x224x3,builtin_cpu,none,none_builtin,,4,1,14,measured,63,474.434000,7.750000,307.2724609375,421.54296875,86.0,charging,false,0,,,44.7,FLAG_KEEP_SCREEN_ON,no_load_injected_background_apps_unverified,
2026-08-22T12:18:16.536089Z,1.2.0,realme_RMX3760_api35,1.2.0+3,release,efficientnet_b0_float16,8b487a2559093bb4a7f986aa93665bf5c61d27c44c836376ec46bebc84d1bc8c,efficientnet_b0,float16,float32,float32,1x224x224x3,builtin_cpu,none,none_builtin,,4,1,14,measured,64,496.394000,7.750000,308.3349609375,422.52734375,86.0,charging,false,0,,,44.7,FLAG_KEEP_SCREEN_ON,no_load_injected_background_apps_unverified,
2026-08-22T12:18:17.058778Z,1.2.0,realme_RMX3760_api35,1.2.0+3,release,efficientnet_b0_float16,8b487a2559093bb4a7f986aa93665bf5c61d27c44c836376ec46bebc84d1bc8c,efficientnet_b0,float16,float32,float32,1x224x224x3,builtin_cpu,none,none_builtin,,4,1,14,measured,65,461.014000,7.750000,308.3544921875,422.43359375,86.0,charging,false,0,,,44.7,FLAG_KEEP_SCREEN_ON,no_load_injected_background_apps_unverified,
2026-08-22T12:18:17.585659Z,1.2.0,realme_RMX3760_api35,1.2.0+3,release,efficientnet_b0_float16,8b487a2559093bb4a7f986aa93665bf5c61d27c44c836376ec46bebc84d1bc8c,efficientnet_b0,float16,float32,float32,1x224x224x3,builtin_cpu,none,none_builtin,,4,1,14,measured,66,464.905000,7.750000,307.2685546875,421.23828125,86.0,charging,false,0,,,44.7,FLAG_KEEP_SCREEN_ON,no_load_injected_background_apps_unverified,
2026-08-22T12:18:18.128595Z,1.2.0,realme_RMX3760_api35,1.2.0+3,release,efficientnet_b0_float16,8b487a2559093bb4a7f986aa93665bf5c61d27c44c836376ec46bebc84d1bc8c,efficientnet_b0,float16,float32,float32,1x224x224x3,builtin_cpu,none,none_builtin,,4,1,14,measured,67,481.996000,7.750000,308.2880859375,422.22265625,86.0,charging,false,0,,,44.7,FLAG_KEEP_SCREEN_ON,no_load_injected_background_apps_unverified,
2026-08-22T12:18:18.683158Z,1.2.0,realme_RMX3760_api35,1.2.0+3,release,efficientnet_b0_float16,8b487a2559093bb4a7f986aa93665bf5c61d27c44c836376ec46bebc84d1bc8c,efficientnet_b0,float16,float32,float32,1x224x224x3,builtin_cpu,none,none_builtin,,4,1,14,measured,68,493.326000,7.750000,308.3466796875,422.80078125,86.0,charging,false,0,,,44.7,FLAG_KEEP_SCREEN_ON,no_load_injected_background_apps_unverified,
2026-08-22T12:18:19.215823Z,1.2.0,realme_RMX3760_api35,1.2.0+3,release,efficientnet_b0_float16,8b487a2559093bb4a7f986aa93665bf5c61d27c44c836376ec46bebc84d1bc8c,efficientnet_b0,float16,float32,float32,1x224x224x3,builtin_cpu,none,none_builtin,,4,1,14,measured,69,470.933000,7.750000,308.4052734375,422.703125,86.0,charging,false,0,,,44.7,FLAG_KEEP_SCREEN_ON,no_load_injected_background_apps_unverified,
2026-08-22T12:18:19.758127Z,1.2.0,realme_RMX3760_api35,1.2.0+3,release,efficientnet_b0_float16,8b487a2559093bb4a7f986aa93665bf5c61d27c44c836376ec46bebc84d1bc8c,efficientnet_b0,float16,float32,float32,1x224x224x3,builtin_cpu,none,none_builtin,,4,1,14,measured,70,480.533000,7.750000,307.3857421875,421.54296875,86.0,charging,false,0,,,44.7,FLAG_KEEP_SCREEN_ON,no_load_injected_background_apps_unverified,
2026-08-22T12:18:20.288116Z,1.2.0,realme_RMX3760_api35,1.2.0+3,release,efficientnet_b0_float16,8b487a2559093bb4a7f986aa93665bf5c61d27c44c836376ec46bebc84d1bc8c,efficientnet_b0,float16,float32,float32,1x224x224x3,builtin_cpu,none,none_builtin,,4,1,14,measured,71,468.889000,7.750000,308.3779296875,422.5703125,86.0,charging,false,0,,,44.7,FLAG_KEEP_SCREEN_ON,no_load_injected_background_apps_unverified,
2026-08-22T12:18:20.826914Z,1.2.0,realme_RMX3760_api35,1.2.0+3,release,efficientnet_b0_float16,8b487a2559093bb4a7f986aa93665bf5c61d27c44c836376ec46bebc84d1bc8c,efficientnet_b0,float16,float32,float32,1x224x224x3,builtin_cpu,none,none_builtin,,4,1,14,measured,72,477.232000,7.750000,311.9951171875,425.93359375,86.0,charging,false,0,,,44.7,FLAG_KEEP_SCREEN_ON,no_load_injected_background_apps_unverified,
2026-08-22T12:18:21.381079Z,1.2.0,realme_RMX3760_api35,1.2.0+3,release,efficientnet_b0_float16,8b487a2559093bb4a7f986aa93665bf5c61d27c44c836376ec46bebc84d1bc8c,efficientnet_b0,float16,float32,float32,1x224x224x3,builtin_cpu,none,none_builtin,,4,1,14,measured,73,493.788000,7.750000,308.5068359375,422.60546875,86.0,charging,false,0,,,44.7,FLAG_KEEP_SCREEN_ON,no_load_injected_background_apps_unverified,
2026-08-22T12:18:21.929762Z,1.2.0,realme_RMX3760_api35,1.2.0+3,release,efficientnet_b0_float16,8b487a2559093bb4a7f986aa93665bf5c61d27c44c836376ec46bebc84d1bc8c,efficientnet_b0,float16,float32,float32,1x224x224x3,builtin_cpu,none,none_builtin,,4,1,14,measured,74,486.411000,7.750000,307.9443359375,422.00390625,86.0,charging,false,0,,,44.7,FLAG_KEEP_SCREEN_ON,no_load_injected_background_apps_unverified,
2026-08-22T12:18:22.483901Z,1.2.0,realme_RMX3760_api35,1.2.0+3,release,efficientnet_b0_float16,8b487a2559093bb4a7f986aa93665bf5c61d27c44c836376ec46bebc84d1bc8c,efficientnet_b0,float16,float32,float32,1x224x224x3,builtin_cpu,none,none_builtin,,4,1,14,measured,75,492.547000,7.750000,308.0966796875,422.30078125,86.0,charging,false,0,,,44.7,FLAG_KEEP_SCREEN_ON,no_load_injected_background_apps_unverified,
2026-08-22T12:18:23.035080Z,1.2.0,realme_RMX3760_api35,1.2.0+3,release,efficientnet_b0_float16,8b487a2559093bb4a7f986aa93665bf5c61d27c44c836376ec46bebc84d1bc8c,efficientnet_b0,float16,float32,float32,1x224x224x3,builtin_cpu,none,none_builtin,,4,1,14,measured,76,489.125000,7.750000,307.49609375,421.6484375,86.0,charging,false,0,,,44.7,FLAG_KEEP_SCREEN_ON,no_load_injected_background_apps_unverified,
2026-08-22T12:18:23.586150Z,1.2.0,realme_RMX3760_api35,1.2.0+3,release,efficientnet_b0_float16,8b487a2559093bb4a7f986aa93665bf5c61d27c44c836376ec46bebc84d1bc8c,efficientnet_b0,float16,float32,float32,1x224x224x3,builtin_cpu,none,none_builtin,,4,1,14,measured,77,489.309000,7.750000,308.5380859375,422.609375,86.0,charging,false,0,,,44.7,FLAG_KEEP_SCREEN_ON,no_load_injected_background_apps_unverified,
2026-08-22T12:18:24.141880Z,1.2.0,realme_RMX3760_api35,1.2.0+3,release,efficientnet_b0_float16,8b487a2559093bb4a7f986aa93665bf5c61d27c44c836376ec46bebc84d1bc8c,efficientnet_b0,float16,float32,float32,1x224x224x3,builtin_cpu,none,none_builtin,,4,1,14,measured,78,492.204000,7.750000,307.5419921875,421.6015625,86.0,charging,false,0,,,44.7,FLAG_KEEP_SCREEN_ON,no_load_injected_background_apps_unverified,
2026-08-22T12:18:24.663523Z,1.2.0,realme_RMX3760_api35,1.2.0+3,release,efficientnet_b0_float16,8b487a2559093bb4a7f986aa93665bf5c61d27c44c836376ec46bebc84d1bc8c,efficientnet_b0,float16,float32,float32,1x224x224x3,builtin_cpu,none,none_builtin,,4,1,14,measured,79,459.854000,7.750000,308.5849609375,422.55859375,86.0,charging,false,0,,,44.7,FLAG_KEEP_SCREEN_ON,no_load_injected_background_apps_unverified,
2026-08-22T12:18:25.203138Z,1.2.0,realme_RMX3760_api35,1.2.0+3,release,efficientnet_b0_float16,8b487a2559093bb4a7f986aa93665bf5c61d27c44c836376ec46bebc84d1bc8c,efficientnet_b0,float16,float32,float32,1x224x224x3,builtin_cpu,none,none_builtin,,4,1,14,measured,80,478.104000,7.750000,308.0537109375,422.0546875,86.0,charging,false,0,,,44.7,FLAG_KEEP_SCREEN_ON,no_load_injected_background_apps_unverified,
2026-08-22T12:18:25.750310Z,1.2.0,realme_RMX3760_api35,1.2.0+3,release,efficientnet_b0_float16,8b487a2559093bb4a7f986aa93665bf5c61d27c44c836376ec46bebc84d1bc8c,efficientnet_b0,float16,float32,float32,1x224x224x3,builtin_cpu,none,none_builtin,,4,1,14,measured,81,485.460000,7.750000,308.1318359375,421.984375,86.0,charging,false,0,,,44.7,FLAG_KEEP_SCREEN_ON,no_load_injected_background_apps_unverified,
2026-08-22T12:18:26.291819Z,1.2.0,realme_RMX3760_api35,1.2.0+3,release,efficientnet_b0_float16,8b487a2559093bb4a7f986aa93665bf5c61d27c44c836376ec46bebc84d1bc8c,efficientnet_b0,float16,float32,float32,1x224x224x3,builtin_cpu,none,none_builtin,,4,1,14,measured,82,480.386000,7.750000,308.6474609375,422.671875,86.0,charging,false,0,,,44.7,FLAG_KEEP_SCREEN_ON,no_load_injected_background_apps_unverified,
2026-08-22T12:18:26.814318Z,1.2.0,realme_RMX3760_api35,1.2.0+3,release,efficientnet_b0_float16,8b487a2559093bb4a7f986aa93665bf5c61d27c44c836376ec46bebc84d1bc8c,efficientnet_b0,float16,float32,float32,1x224x224x3,builtin_cpu,none,none_builtin,,4,1,14,measured,83,460.871000,7.750000,308.1748046875,422.37890625,86.0,charging,false,0,,,44.7,FLAG_KEEP_SCREEN_ON,no_load_injected_background_apps_unverified,
2026-08-22T12:18:27.363725Z,1.2.0,realme_RMX3760_api35,1.2.0+3,release,efficientnet_b0_float16,8b487a2559093bb4a7f986aa93665bf5c61d27c44c836376ec46bebc84d1bc8c,efficientnet_b0,float16,float32,float32,1x224x224x3,builtin_cpu,none,none_builtin,,4,1,14,measured,84,488.253000,7.750000,308.4521484375,422.625,86.0,charging,false,0,,,44.7,FLAG_KEEP_SCREEN_ON,no_load_injected_background_apps_unverified,
2026-08-22T12:18:27.903732Z,1.2.0,realme_RMX3760_api35,1.2.0+3,release,efficientnet_b0_float16,8b487a2559093bb4a7f986aa93665bf5c61d27c44c836376ec46bebc84d1bc8c,efficientnet_b0,float16,float32,float32,1x224x224x3,builtin_cpu,none,none_builtin,,4,1,14,measured,85,478.755000,7.750000,308.7841796875,422.88671875,86.0,charging,false,0,,,44.7,FLAG_KEEP_SCREEN_ON,no_load_injected_background_apps_unverified,
2026-08-22T12:18:28.453003Z,1.2.0,realme_RMX3760_api35,1.2.0+3,release,efficientnet_b0_float16,8b487a2559093bb4a7f986aa93665bf5c61d27c44c836376ec46bebc84d1bc8c,efficientnet_b0,float16,float32,float32,1x224x224x3,builtin_cpu,none,none_builtin,,4,1,14,measured,86,487.668000,7.750000,307.7998046875,421.87109375,86.0,charging,false,0,,,44.7,FLAG_KEEP_SCREEN_ON,no_load_injected_background_apps_unverified,
2026-08-22T12:18:28.979245Z,1.2.0,realme_RMX3760_api35,1.2.0+3,release,efficientnet_b0_float16,8b487a2559093bb4a7f986aa93665bf5c61d27c44c836376ec46bebc84d1bc8c,efficientnet_b0,float16,float32,float32,1x224x224x3,builtin_cpu,none,none_builtin,,4,1,14,measured,87,464.831000,7.750000,308.3232421875,422.546875,86.0,charging,false,0,,,44.7,FLAG_KEEP_SCREEN_ON,no_load_injected_background_apps_unverified,
2026-08-22T12:18:29.546801Z,1.2.0,realme_RMX3760_api35,1.2.0+3,release,efficientnet_b0_float16,8b487a2559093bb4a7f986aa93665bf5c61d27c44c836376ec46bebc84d1bc8c,efficientnet_b0,float16,float32,float32,1x224x224x3,builtin_cpu,none,none_builtin,,4,1,14,measured,88,506.023000,7.750000,308.6943359375,422.6328125,86.0,charging,false,0,,,44.7,FLAG_KEEP_SCREEN_ON,no_load_injected_background_apps_unverified,
2026-08-22T12:18:30.095167Z,1.2.0,realme_RMX3760_api35,1.2.0+3,release,efficientnet_b0_float16,8b487a2559093bb4a7f986aa93665bf5c61d27c44c836376ec46bebc84d1bc8c,efficientnet_b0,float16,float32,float32,1x224x224x3,builtin_cpu,none,none_builtin,,4,1,14,measured,89,487.130000,7.750000,307.8349609375,422.0625,86.0,charging,false,0,,,44.7,FLAG_KEEP_SCREEN_ON,no_load_injected_background_apps_unverified,
2026-08-22T12:18:30.651215Z,1.2.0,realme_RMX3760_api35,1.2.0+3,release,efficientnet_b0_float16,8b487a2559093bb4a7f986aa93665bf5c61d27c44c836376ec46bebc84d1bc8c,efficientnet_b0,float16,float32,float32,1x224x224x3,builtin_cpu,none,none_builtin,,4,1,14,measured,90,494.583000,7.750000,307.8544921875,422.01953125,86.0,charging,false,0,,,44.7,FLAG_KEEP_SCREEN_ON,no_load_injected_background_apps_unverified,
2026-08-22T12:18:31.200238Z,1.2.0,realme_RMX3760_api35,1.2.0+3,release,efficientnet_b0_float16,8b487a2559093bb4a7f986aa93665bf5c61d27c44c836376ec46bebc84d1bc8c,efficientnet_b0,float16,float32,float32,1x224x224x3,builtin_cpu,none,none_builtin,,4,1,14,measured,91,488.097000,7.750000,308.2060546875,422.265625,86.0,charging,false,0,,,44.7,FLAG_KEEP_SCREEN_ON,no_load_injected_background_apps_unverified,
2026-08-22T12:18:31.742045Z,1.2.0,realme_RMX3760_api35,1.2.0+3,release,efficientnet_b0_float16,8b487a2559093bb4a7f986aa93665bf5c61d27c44c836376ec46bebc84d1bc8c,efficientnet_b0,float16,float32,float32,1x224x224x3,builtin_cpu,none,none_builtin,,4,1,14,measured,92,479.766000,7.750000,307.8271484375,421.8671875,86.0,charging,false,0,,,44.7,FLAG_KEEP_SCREEN_ON,no_load_injected_background_apps_unverified,
2026-08-22T12:18:32.294750Z,1.2.0,realme_RMX3760_api35,1.2.0+3,release,efficientnet_b0_float16,8b487a2559093bb4a7f986aa93665bf5c61d27c44c836376ec46bebc84d1bc8c,efficientnet_b0,float16,float32,float32,1x224x224x3,builtin_cpu,none,none_builtin,,4,1,14,measured,93,491.153000,7.750000,308.3935546875,422.5859375,86.0,charging,false,0,,,44.7,FLAG_KEEP_SCREEN_ON,no_load_injected_background_apps_unverified,
2026-08-22T12:18:32.850093Z,1.2.0,realme_RMX3760_api35,1.2.0+3,release,efficientnet_b0_float16,8b487a2559093bb4a7f986aa93665bf5c61d27c44c836376ec46bebc84d1bc8c,efficientnet_b0,float16,float32,float32,1x224x224x3,builtin_cpu,none,none_builtin,,4,1,14,measured,94,493.994000,7.750000,308.9248046875,423.11328125,86.0,charging,false,0,,,44.7,FLAG_KEEP_SCREEN_ON,no_load_injected_background_apps_unverified,
2026-08-22T12:18:33.398170Z,1.2.0,realme_RMX3760_api35,1.2.0+3,release,efficientnet_b0_float16,8b487a2559093bb4a7f986aa93665bf5c61d27c44c836376ec46bebc84d1bc8c,efficientnet_b0,float16,float32,float32,1x224x224x3,builtin_cpu,none,none_builtin,,4,1,14,measured,95,483.819000,7.750000,308.8388671875,422.4375,86.0,charging,false,0,,,44.7,FLAG_KEEP_SCREEN_ON,no_load_injected_background_apps_unverified,
2026-08-22T12:18:33.936837Z,1.2.0,realme_RMX3760_api35,1.2.0+3,release,efficientnet_b0_float16,8b487a2559093bb4a7f986aa93665bf5c61d27c44c836376ec46bebc84d1bc8c,efficientnet_b0,float16,float32,float32,1x224x224x3,builtin_cpu,none,none_builtin,,4,1,14,measured,96,477.413000,7.750000,308.9208984375,422.8359375,86.0,charging,false,0,,,44.7,FLAG_KEEP_SCREEN_ON,no_load_injected_background_apps_unverified,
2026-08-22T12:18:34.477942Z,1.2.0,realme_RMX3760_api35,1.2.0+3,release,efficientnet_b0_float16,8b487a2559093bb4a7f986aa93665bf5c61d27c44c836376ec46bebc84d1bc8c,efficientnet_b0,float16,float32,float32,1x224x224x3,builtin_cpu,none,none_builtin,,4,1,14,measured,97,479.077000,7.750000,309.0380859375,423.1171875,86.0,charging,false,0,,,44.7,FLAG_KEEP_SCREEN_ON,no_load_injected_background_apps_unverified,
2026-08-22T12:18:35.006287Z,1.2.0,realme_RMX3760_api35,1.2.0+3,release,efficientnet_b0_float16,8b487a2559093bb4a7f986aa93665bf5c61d27c44c836376ec46bebc84d1bc8c,efficientnet_b0,float16,float32,float32,1x224x224x3,builtin_cpu,none,none_builtin,,4,1,14,measured,98,466.572000,7.750000,309.0654296875,423.05078125,86.0,charging,false,0,,,44.7,FLAG_KEEP_SCREEN_ON,no_load_injected_background_apps_unverified,
2026-08-22T12:18:35.563112Z,1.2.0,realme_RMX3760_api35,1.2.0+3,release,efficientnet_b0_float16,8b487a2559093bb4a7f986aa93665bf5c61d27c44c836376ec46bebc84d1bc8c,efficientnet_b0,float16,float32,float32,1x224x224x3,builtin_cpu,none,none_builtin,,4,1,14,measured,99,495.179000,7.750000,309.0458984375,423.34375,86.0,charging,false,0,,,44.7,FLAG_KEEP_SCREEN_ON,no_load_injected_background_apps_unverified,
2026-08-22T12:18:44.408150Z,1.2.0,realme_RMX3760_api35,1.2.0+3,release,mobilenet_v2_float16,801130c48bc49023dd5481bab243c5909309bb5630b0b1d4594ca5ef1ab954dd,mobilenet_v2,float16,float32,float32,1x224x224x3,builtin_cpu,none,none_builtin,,1,1,15,measured,0,433.517000,4.254000,276.7861328125,391.5078125,86.0,charging,false,0,,,44.7,FLAG_KEEP_SCREEN_ON,no_load_injected_background_apps_unverified,
2026-08-22T12:18:44.889661Z,1.2.0,realme_RMX3760_api35,1.2.0+3,release,mobilenet_v2_float16,801130c48bc49023dd5481bab243c5909309bb5630b0b1d4594ca5ef1ab954dd,mobilenet_v2,float16,float32,float32,1x224x224x3,builtin_cpu,none,none_builtin,,1,1,15,measured,1,421.019000,4.254000,277.3134765625,391.96484375,86.0,charging,false,0,,,44.7,FLAG_KEEP_SCREEN_ON,no_load_injected_background_apps_unverified,
2026-08-22T12:18:45.344923Z,1.2.0,realme_RMX3760_api35,1.2.0+3,release,mobilenet_v2_float16,801130c48bc49023dd5481bab243c5909309bb5630b0b1d4594ca5ef1ab954dd,mobilenet_v2,float16,float32,float32,1x224x224x3,builtin_cpu,none,none_builtin,,1,1,15,measured,2,396.089000,4.254000,277.3525390625,391.98046875,86.0,charging,false,0,,,44.7,FLAG_KEEP_SCREEN_ON,no_load_injected_background_apps_unverified,
2026-08-22T12:18:45.792865Z,1.2.0,realme_RMX3760_api35,1.2.0+3,release,mobilenet_v2_float16,801130c48bc49023dd5481bab243c5909309bb5630b0b1d4594ca5ef1ab954dd,mobilenet_v2,float16,float32,float32,1x224x224x3,builtin_cpu,none,none_builtin,,1,1,15,measured,3,386.702000,4.254000,280.8759765625,395.578125,86.0,charging,false,0,,,44.7,FLAG_KEEP_SCREEN_ON,no_load_injected_background_apps_unverified,
2026-08-22T12:18:46.266383Z,1.2.0,realme_RMX3760_api35,1.2.0+3,release,mobilenet_v2_float16,801130c48bc49023dd5481bab243c5909309bb5630b0b1d4594ca5ef1ab954dd,mobilenet_v2,float16,float32,float32,1x224x224x3,builtin_cpu,none,none_builtin,,1,1,15,measured,4,413.530000,4.254000,277.3955078125,392.07421875,86.0,charging,false,0,,,44.7,FLAG_KEEP_SCREEN_ON,no_load_injected_background_apps_unverified,
2026-08-22T12:18:46.713254Z,1.2.0,realme_RMX3760_api35,1.2.0+3,release,mobilenet_v2_float16,801130c48bc49023dd5481bab243c5909309bb5630b0b1d4594ca5ef1ab954dd,mobilenet_v2,float16,float32,float32,1x224x224x3,builtin_cpu,none,none_builtin,,1,1,15,measured,5,385.498000,4.254000,280.8017578125,395.484375,86.0,charging,false,0,,,44.7,FLAG_KEEP_SCREEN_ON,no_load_injected_background_apps_unverified,
2026-08-22T12:18:47.178659Z,1.2.0,realme_RMX3760_api35,1.2.0+3,release,mobilenet_v2_float16,801130c48bc49023dd5481bab243c5909309bb5630b0b1d4594ca5ef1ab954dd,mobilenet_v2,float16,float32,float32,1x224x224x3,builtin_cpu,none,none_builtin,,1,1,15,measured,6,405.195000,4.254000,277.3994140625,392.078125,86.0,charging,false,0,,,44.7,FLAG_KEEP_SCREEN_ON,no_load_injected_background_apps_unverified,
2026-08-22T12:18:47.650336Z,1.2.0,realme_RMX3760_api35,1.2.0+3,release,mobilenet_v2_float16,801130c48bc49023dd5481bab243c5909309bb5630b0b1d4594ca5ef1ab954dd,mobilenet_v2,float16,float32,float32,1x224x224x3,builtin_cpu,none,none_builtin,,1,1,15,measured,7,411.394000,4.254000,280.7861328125,395.421875,86.0,charging,false,0,,,44.7,FLAG_KEEP_SCREEN_ON,no_load_injected_background_apps_unverified,
2026-08-22T12:18:48.166213Z,1.2.0,realme_RMX3760_api35,1.2.0+3,release,mobilenet_v2_float16,801130c48bc49023dd5481bab243c5909309bb5630b0b1d4594ca5ef1ab954dd,mobilenet_v2,float16,float32,float32,1x224x224x3,builtin_cpu,none,none_builtin,,1,1,15,measured,8,442.570000,4.254000,276.8759765625,391.5546875,86.0,charging,false,0,,,44.7,FLAG_KEEP_SCREEN_ON,no_load_injected_background_apps_unverified,
2026-08-22T12:18:48.855729Z,1.2.0,realme_RMX3760_api35,1.2.0+3,release,mobilenet_v2_float16,801130c48bc49023dd5481bab243c5909309bb5630b0b1d4594ca5ef1ab954dd,mobilenet_v2,float16,float32,float32,1x224x224x3,builtin_cpu,none,none_builtin,,1,1,15,measured,9,633.621000,4.254000,276.9169921875,391.37890625,86.0,charging,false,0,,,44.7,FLAG_KEEP_SCREEN_ON,no_load_injected_background_apps_unverified,
2026-08-22T12:18:49.368921Z,1.2.0,realme_RMX3760_api35,1.2.0+3,release,mobilenet_v2_float16,801130c48bc49023dd5481bab243c5909309bb5630b0b1d4594ca5ef1ab954dd,mobilenet_v2,float16,float32,float32,1x224x224x3,builtin_cpu,none,none_builtin,,1,1,15,measured,10,449.777000,4.254000,280.91796875,395.51953125,86.0,charging,false,0,,,44.7,FLAG_KEEP_SCREEN_ON,no_load_injected_background_apps_unverified,
2026-08-22T12:18:49.893867Z,1.2.0,realme_RMX3760_api35,1.2.0+3,release,mobilenet_v2_float16,801130c48bc49023dd5481bab243c5909309bb5630b0b1d4594ca5ef1ab954dd,mobilenet_v2,float16,float32,float32,1x224x224x3,builtin_cpu,none,none_builtin,,1,1,15,measured,11,463.848000,4.254000,277.4765625,392.04296875,86.0,charging,false,0,,,44.7,FLAG_KEEP_SCREEN_ON,no_load_injected_background_apps_unverified,
2026-08-22T12:18:50.538787Z,1.2.0,realme_RMX3760_api35,1.2.0+3,release,mobilenet_v2_float16,801130c48bc49023dd5481bab243c5909309bb5630b0b1d4594ca5ef1ab954dd,mobilenet_v2,float16,float32,float32,1x224x224x3,builtin_cpu,none,none_builtin,,1,1,15,measured,12,496.779000,4.254000,277.474609375,391.98046875,86.0,charging,false,0,,,44.7,FLAG_KEEP_SCREEN_ON,no_load_injected_background_apps_unverified,
2026-08-22T12:18:51.510323Z,1.2.0,realme_RMX3760_api35,1.2.0+3,release,mobilenet_v2_float16,801130c48bc49023dd5481bab243c5909309bb5630b0b1d4594ca5ef1ab954dd,mobilenet_v2,float16,float32,float32,1x224x224x3,builtin_cpu,none,none_builtin,,1,1,15,measured,13,866.640000,4.254000,270.1728515625,383.0390625,86.0,charging,false,0,,,44.7,FLAG_KEEP_SCREEN_ON,no_load_injected_background_apps_unverified,
2026-08-22T12:18:52.347858Z,1.2.0,realme_RMX3760_api35,1.2.0+3,release,mobilenet_v2_float16,801130c48bc49023dd5481bab243c5909309bb5630b0b1d4594ca5ef1ab954dd,mobilenet_v2,float16,float32,float32,1x224x224x3,builtin_cpu,none,none_builtin,,1,1,15,measured,14,729.791000,4.254000,282.3505859375,395.19921875,86.0,charging,false,0,,,44.7,FLAG_KEEP_SCREEN_ON,no_load_injected_background_apps_unverified,
2026-08-22T12:18:53.199325Z,1.2.0,realme_RMX3760_api35,1.2.0+3,release,mobilenet_v2_float16,801130c48bc49023dd5481bab243c5909309bb5630b0b1d4594ca5ef1ab954dd,mobilenet_v2,float16,float32,float32,1x224x224x3,builtin_cpu,none,none_builtin,,1,1,15,measured,15,744.315000,4.254000,273.435546875,386.26953125,86.0,charging,false,0,,,44.7,FLAG_KEEP_SCREEN_ON,no_load_injected_background_apps_unverified,
2026-08-22T12:18:54.038664Z,1.2.0,realme_RMX3760_api35,1.2.0+3,release,mobilenet_v2_float16,801130c48bc49023dd5481bab243c5909309bb5630b0b1d4594ca5ef1ab954dd,mobilenet_v2,float16,float32,float32,1x224x224x3,builtin_cpu,none,none_builtin,,1,1,15,measured,16,729.583000,4.254000,286.5380859375,399.1328125,86.0,charging,false,0,,,44.7,FLAG_KEEP_SCREEN_ON,no_load_injected_background_apps_unverified,
2026-08-22T12:18:54.864931Z,1.2.0,realme_RMX3760_api35,1.2.0+3,release,mobilenet_v2_float16,801130c48bc49023dd5481bab243c5909309bb5630b0b1d4594ca5ef1ab954dd,mobilenet_v2,float16,float32,float32,1x224x224x3,builtin_cpu,none,none_builtin,,1,1,15,measured,17,725.333000,4.254000,277.8984375,390.609375,86.0,charging,false,0,,,44.7,FLAG_KEEP_SCREEN_ON,no_load_injected_background_apps_unverified,
2026-08-22T12:18:55.686701Z,1.2.0,realme_RMX3760_api35,1.2.0+3,release,mobilenet_v2_float16,801130c48bc49023dd5481bab243c5909309bb5630b0b1d4594ca5ef1ab954dd,mobilenet_v2,float16,float32,float32,1x224x224x3,builtin_cpu,none,none_builtin,,1,1,15,measured,18,724.103000,4.254000,275.3349609375,387.9140625,86.0,charging,false,0,,,44.7,FLAG_KEEP_SCREEN_ON,no_load_injected_background_apps_unverified,
2026-08-22T12:18:56.517713Z,1.2.0,realme_RMX3760_api35,1.2.0+3,release,mobilenet_v2_float16,801130c48bc49023dd5481bab243c5909309bb5630b0b1d4594ca5ef1ab954dd,mobilenet_v2,float16,float32,float32,1x224x224x3,builtin_cpu,none,none_builtin,,1,1,15,measured,19,726.205000,4.254000,269.3544921875,382.03515625,86.0,charging,false,0,,,44.7,FLAG_KEEP_SCREEN_ON,no_load_injected_background_apps_unverified,
2026-08-22T12:18:57.342919Z,1.2.0,realme_RMX3760_api35,1.2.0+3,release,mobilenet_v2_float16,801130c48bc49023dd5481bab243c5909309bb5630b0b1d4594ca5ef1ab954dd,mobilenet_v2,float16,float32,float32,1x224x224x3,builtin_cpu,none,none_builtin,,1,1,15,measured,20,720.749000,4.254000,282.3037109375,394.953125,86.0,charging,false,0,,,44.7,FLAG_KEEP_SCREEN_ON,no_load_injected_background_apps_unverified,
2026-08-22T12:18:58.159702Z,1.2.0,realme_RMX3760_api35,1.2.0+3,release,mobilenet_v2_float16,801130c48bc49023dd5481bab243c5909309bb5630b0b1d4594ca5ef1ab954dd,mobilenet_v2,float16,float32,float32,1x224x224x3,builtin_cpu,none,none_builtin,,1,1,15,measured,21,718.130000,4.254000,273.3271484375,385.7578125,86.0,charging,false,0,,,44.7,FLAG_KEEP_SCREEN_ON,no_load_injected_background_apps_unverified,
2026-08-22T12:18:58.983705Z,1.2.0,realme_RMX3760_api35,1.2.0+3,release,mobilenet_v2_float16,801130c48bc49023dd5481bab243c5909309bb5630b0b1d4594ca5ef1ab954dd,mobilenet_v2,float16,float32,float32,1x224x224x3,builtin_cpu,none,none_builtin,,1,1,15,measured,22,717.396000,4.254000,286.3310546875,398.6875,86.0,charging,false,0,,,44.7,FLAG_KEEP_SCREEN_ON,no_load_injected_background_apps_unverified,
2026-08-22T12:18:59.804681Z,1.2.0,realme_RMX3760_api35,1.2.0+3,release,mobilenet_v2_float16,801130c48bc49023dd5481bab243c5909309bb5630b0b1d4594ca5ef1ab954dd,mobilenet_v2,float16,float32,float32,1x224x224x3,builtin_cpu,none,none_builtin,,1,1,15,measured,23,714.709000,4.254000,277.642578125,390.30078125,86.0,charging,false,0,,,44.7,FLAG_KEEP_SCREEN_ON,no_load_injected_background_apps_unverified,
2026-08-22T12:19:00.649745Z,1.2.0,realme_RMX3760_api35,1.2.0+3,release,mobilenet_v2_float16,801130c48bc49023dd5481bab243c5909309bb5630b0b1d4594ca5ef1ab954dd,mobilenet_v2,float16,float32,float32,1x224x224x3,builtin_cpu,none,none_builtin,,1,1,15,measured,24,740.576000,4.254000,275.310546875,387.80859375,86.0,charging,false,0,,,44.8,FLAG_KEEP_SCREEN_ON,no_load_injected_background_apps_unverified,
2026-08-22T12:19:01.478425Z,1.2.0,realme_RMX3760_api35,1.2.0+3,release,mobilenet_v2_float16,801130c48bc49023dd5481bab243c5909309bb5630b0b1d4594ca5ef1ab954dd,mobilenet_v2,float16,float32,float32,1x224x224x3,builtin_cpu,none,none_builtin,,1,1,15,measured,25,722.466000,4.254000,269.3251953125,382.03515625,86.0,charging,false,0,,,44.8,FLAG_KEEP_SCREEN_ON,no_load_injected_background_apps_unverified,
2026-08-22T12:19:02.325266Z,1.2.0,realme_RMX3760_api35,1.2.0+3,release,mobilenet_v2_float16,801130c48bc49023dd5481bab243c5909309bb5630b0b1d4594ca5ef1ab954dd,mobilenet_v2,float16,float32,float32,1x224x224x3,builtin_cpu,none,none_builtin,,1,1,15,measured,26,746.088000,4.254000,282.2802734375,394.97265625,86.0,charging,false,0,,,44.8,FLAG_KEEP_SCREEN_ON,no_load_injected_background_apps_unverified,
2026-08-22T12:19:03.161660Z,1.2.0,realme_RMX3760_api35,1.2.0+3,release,mobilenet_v2_float16,801130c48bc49023dd5481bab243c5909309bb5630b0b1d4594ca5ef1ab954dd,mobilenet_v2,float16,float32,float32,1x224x224x3,builtin_cpu,none,none_builtin,,1,1,15,measured,27,734.706000,4.254000,273.3798828125,386.05078125,86.0,charging,false,0,,,44.8,FLAG_KEEP_SCREEN_ON,no_load_injected_background_apps_unverified,
2026-08-22T12:19:03.977857Z,1.2.0,realme_RMX3760_api35,1.2.0+3,release,mobilenet_v2_float16,801130c48bc49023dd5481bab243c5909309bb5630b0b1d4594ca5ef1ab954dd,mobilenet_v2,float16,float32,float32,1x224x224x3,builtin_cpu,none,none_builtin,,1,1,15,measured,28,708.077000,4.254000,286.3486328125,398.984375,86.0,charging,false,0,,,44.8,FLAG_KEEP_SCREEN_ON,no_load_injected_background_apps_unverified,
2026-08-22T12:19:04.809096Z,1.2.0,realme_RMX3760_api35,1.2.0+3,release,mobilenet_v2_float16,801130c48bc49023dd5481bab243c5909309bb5630b0b1d4594ca5ef1ab954dd,mobilenet_v2,float16,float32,float32,1x224x224x3,builtin_cpu,none,none_builtin,,1,1,15,measured,29,722.531000,4.254000,277.6884765625,390.30078125,86.0,charging,false,0,,,44.8,FLAG_KEEP_SCREEN_ON,no_load_injected_background_apps_unverified,
2026-08-22T12:19:05.662024Z,1.2.0,realme_RMX3760_api35,1.2.0+3,release,mobilenet_v2_float16,801130c48bc49023dd5481bab243c5909309bb5630b0b1d4594ca5ef1ab954dd,mobilenet_v2,float16,float32,float32,1x224x224x3,builtin_cpu,none,none_builtin,,1,1,15,measured,30,746.752000,4.254000,275.4462890625,388.05859375,86.0,charging,false,0,,,44.8,FLAG_KEEP_SCREEN_ON,no_load_injected_background_apps_unverified,
2026-08-22T12:19:06.502213Z,1.2.0,realme_RMX3760_api35,1.2.0+3,release,mobilenet_v2_float16,801130c48bc49023dd5481bab243c5909309bb5630b0b1d4594ca5ef1ab954dd,mobilenet_v2,float16,float32,float32,1x224x224x3,builtin_cpu,none,none_builtin,,1,1,15,measured,31,732.501000,4.254000,269.4814453125,382.06640625,86.0,charging,false,0,,,44.8,FLAG_KEEP_SCREEN_ON,no_load_injected_background_apps_unverified,
2026-08-22T12:19:07.349293Z,1.2.0,realme_RMX3760_api35,1.2.0+3,release,mobilenet_v2_float16,801130c48bc49023dd5481bab243c5909309bb5630b0b1d4594ca5ef1ab954dd,mobilenet_v2,float16,float32,float32,1x224x224x3,builtin_cpu,none,none_builtin,,1,1,15,measured,32,738.449000,4.254000,282.4462890625,395.01171875,86.0,charging,false,0,,,44.8,FLAG_KEEP_SCREEN_ON,no_load_injected_background_apps_unverified,
2026-08-22T12:19:08.194253Z,1.2.0,realme_RMX3760_api35,1.2.0+3,release,mobilenet_v2_float16,801130c48bc49023dd5481bab243c5909309bb5630b0b1d4594ca5ef1ab954dd,mobilenet_v2,float16,float32,float32,1x224x224x3,builtin_cpu,none,none_builtin,,1,1,15,measured,33,738.621000,4.254000,273.5673828125,386.10546875,86.0,charging,false,0,,,44.8,FLAG_KEEP_SCREEN_ON,no_load_injected_background_apps_unverified,
2026-08-22T12:19:09.028847Z,1.2.0,realme_RMX3760_api35,1.2.0+3,release,mobilenet_v2_float16,801130c48bc49023dd5481bab243c5909309bb5630b0b1d4594ca5ef1ab954dd,mobilenet_v2,float16,float32,float32,1x224x224x3,builtin_cpu,none,none_builtin,,1,1,15,measured,34,726.015000,4.254000,286.5048828125,398.8203125,86.0,charging,false,0,,,44.8,FLAG_KEEP_SCREEN_ON,no_load_injected_background_apps_unverified,
2026-08-22T12:19:09.880267Z,1.2.0,realme_RMX3760_api35,1.2.0+3,release,mobilenet_v2_float16,801130c48bc49023dd5481bab243c5909309bb5630b0b1d4594ca5ef1ab954dd,mobilenet_v2,float16,float32,float32,1x224x224x3,builtin_cpu,none,none_builtin,,1,1,15,measured,35,741.109000,4.254000,277.8486328125,390.31640625,86.0,charging,false,0,,,44.8,FLAG_KEEP_SCREEN_ON,no_load_injected_background_apps_unverified,
2026-08-22T12:19:10.718323Z,1.2.0,realme_RMX3760_api35,1.2.0+3,release,mobilenet_v2_float16,801130c48bc49023dd5481bab243c5909309bb5630b0b1d4594ca5ef1ab954dd,mobilenet_v2,float16,float32,float32,1x224x224x3,builtin_cpu,none,none_builtin,,1,1,15,measured,36,725.875000,4.254000,275.6103515625,388.3046875,86.0,charging,false,0,,,44.8,FLAG_KEEP_SCREEN_ON,no_load_injected_background_apps_unverified,
2026-08-22T12:19:11.578349Z,1.2.0,realme_RMX3760_api35,1.2.0+3,release,mobilenet_v2_float16,801130c48bc49023dd5481bab243c5909309bb5630b0b1d4594ca5ef1ab954dd,mobilenet_v2,float16,float32,float32,1x224x224x3,builtin_cpu,none,none_builtin,,1,1,15,measured,37,760.799000,4.254000,269.23046875,381.87109375,86.0,charging,false,0,,,44.8,FLAG_KEEP_SCREEN_ON,no_load_injected_background_apps_unverified,
2026-08-22T12:19:12.398839Z,1.2.0,realme_RMX3760_api35,1.2.0+3,release,mobilenet_v2_float16,801130c48bc49023dd5481bab243c5909309bb5630b0b1d4594ca5ef1ab954dd,mobilenet_v2,float16,float32,float32,1x224x224x3,builtin_cpu,none,none_builtin,,1,1,15,measured,38,714.018000,4.254000,281.5419921875,394.81640625,86.0,charging,false,0,,,44.8,FLAG_KEEP_SCREEN_ON,no_load_injected_background_apps_unverified,
2026-08-22T12:19:13.254791Z,1.2.0,realme_RMX3760_api35,1.2.0+3,release,mobilenet_v2_float16,801130c48bc49023dd5481bab243c5909309bb5630b0b1d4594ca5ef1ab954dd,mobilenet_v2,float16,float32,float32,1x224x224x3,builtin_cpu,none,none_builtin,,1,1,15,measured,39,745.144000,4.254000,273.0771484375,386.35546875,86.0,charging,false,0,,,44.8,FLAG_KEEP_SCREEN_ON,no_load_injected_background_apps_unverified,
2026-08-22T12:19:14.080511Z,1.2.0,realme_RMX3760_api35,1.2.0+3,release,mobilenet_v2_float16,801130c48bc49023dd5481bab243c5909309bb5630b0b1d4594ca5ef1ab954dd,mobilenet_v2,float16,float32,float32,1x224x224x3,builtin_cpu,none,none_builtin,,1,1,15,measured,40,716.866000,4.254000,286.0029296875,399.30859375,86.0,charging,false,0,,,44.8,FLAG_KEEP_SCREEN_ON,no_load_injected_background_apps_unverified,
2026-08-22T12:19:14.915753Z,1.2.0,realme_RMX3760_api35,1.2.0+3,release,mobilenet_v2_float16,801130c48bc49023dd5481bab243c5909309bb5630b0b1d4594ca5ef1ab954dd,mobilenet_v2,float16,float32,float32,1x224x224x3,builtin_cpu,none,none_builtin,,1,1,15,measured,41,754.861000,4.254000,275.4931640625,387.31640625,86.0,charging,false,0,,,44.8,FLAG_KEEP_SCREEN_ON,no_load_injected_background_apps_unverified,
2026-08-22T12:19:15.497511Z,1.2.0,realme_RMX3760_api35,1.2.0+3,release,mobilenet_v2_float16,801130c48bc49023dd5481bab243c5909309bb5630b0b1d4594ca5ef1ab954dd,mobilenet_v2,float16,float32,float32,1x224x224x3,builtin_cpu,none,none_builtin,,1,1,15,measured,42,518.812000,4.254000,273.7763671875,394.26171875,86.0,charging,false,0,,,44.8,FLAG_KEEP_SCREEN_ON,no_load_injected_background_apps_unverified,
2026-08-22T12:19:15.977443Z,1.2.0,realme_RMX3760_api35,1.2.0+3,release,mobilenet_v2_float16,801130c48bc49023dd5481bab243c5909309bb5630b0b1d4594ca5ef1ab954dd,mobilenet_v2,float16,float32,float32,1x224x224x3,builtin_cpu,none,none_builtin,,1,1,15,measured,43,423.228000,4.254000,272.8212890625,393.26953125,86.0,charging,false,0,,,44.8,FLAG_KEEP_SCREEN_ON,no_load_injected_background_apps_unverified,
2026-08-22T12:19:16.463190Z,1.2.0,realme_RMX3760_api35,1.2.0+3,release,mobilenet_v2_float16,801130c48bc49023dd5481bab243c5909309bb5630b0b1d4594ca5ef1ab954dd,mobilenet_v2,float16,float32,float32,1x224x224x3,builtin_cpu,none,none_builtin,,1,1,15,measured,44,430.754000,4.254000,268.98828125,389.60546875,86.0,charging,false,0,,,44.8,FLAG_KEEP_SCREEN_ON,no_load_injected_background_apps_unverified,
2026-08-22T12:19:16.935958Z,1.2.0,realme_RMX3760_api35,1.2.0+3,release,mobilenet_v2_float16,801130c48bc49023dd5481bab243c5909309bb5630b0b1d4594ca5ef1ab954dd,mobilenet_v2,float16,float32,float32,1x224x224x3,builtin_cpu,none,none_builtin,,1,1,15,measured,45,418.048000,4.254000,272.546875,393.171875,86.0,charging,false,0,,,44.8,FLAG_KEEP_SCREEN_ON,no_load_injected_background_apps_unverified,
2026-08-22T12:19:17.396384Z,1.2.0,realme_RMX3760_api35,1.2.0+3,release,mobilenet_v2_float16,801130c48bc49023dd5481bab243c5909309bb5630b0b1d4594ca5ef1ab954dd,mobilenet_v2,float16,float32,float32,1x224x224x3,builtin_cpu,none,none_builtin,,1,1,15,measured,46,404.828000,4.254000,268.8095703125,389.54296875,86.0,charging,false,0,,,44.8,FLAG_KEEP_SCREEN_ON,no_load_injected_background_apps_unverified,
2026-08-22T12:19:17.895869Z,1.2.0,realme_RMX3760_api35,1.2.0+3,release,mobilenet_v2_float16,801130c48bc49023dd5481bab243c5909309bb5630b0b1d4594ca5ef1ab954dd,mobilenet_v2,float16,float32,float32,1x224x224x3,builtin_cpu,none,none_builtin,,1,1,15,measured,47,442.795000,4.254000,268.8447265625,389.578125,86.0,charging,false,0,,,44.8,FLAG_KEEP_SCREEN_ON,no_load_injected_background_apps_unverified,
2026-08-22T12:19:18.365346Z,1.2.0,realme_RMX3760_api35,1.2.0+3,release,mobilenet_v2_float16,801130c48bc49023dd5481bab243c5909309bb5630b0b1d4594ca5ef1ab954dd,mobilenet_v2,float16,float32,float32,1x224x224x3,builtin_cpu,none,none_builtin,,1,1,15,measured,48,406.762000,4.254000,268.9033203125,389.5546875,86.0,charging,false,0,,,44.8,FLAG_KEEP_SCREEN_ON,no_load_injected_background_apps_unverified,
2026-08-22T12:19:18.834687Z,1.2.0,realme_RMX3760_api35,1.2.0+3,release,mobilenet_v2_float16,801130c48bc49023dd5481bab243c5909309bb5630b0b1d4594ca5ef1ab954dd,mobilenet_v2,float16,float32,float32,1x224x224x3,builtin_cpu,none,none_builtin,,1,1,15,measured,49,407.893000,4.254000,268.423828125,389.1171875,86.0,charging,false,0,,,44.8,FLAG_KEEP_SCREEN_ON,no_load_injected_background_apps_unverified,
2026-08-22T12:19:19.298940Z,1.2.0,realme_RMX3760_api35,1.2.0+3,release,mobilenet_v2_float16,801130c48bc49023dd5481bab243c5909309bb5630b0b1d4594ca5ef1ab954dd,mobilenet_v2,float16,float32,float32,1x224x224x3,builtin_cpu,none,none_builtin,,1,1,15,measured,50,404.057000,4.254000,268.904296875,389.51171875,86.0,charging,false,0,,,44.8,FLAG_KEEP_SCREEN_ON,no_load_injected_background_apps_unverified,
2026-08-22T12:19:19.786005Z,1.2.0,realme_RMX3760_api35,1.2.0+3,release,mobilenet_v2_float16,801130c48bc49023dd5481bab243c5909309bb5630b0b1d4594ca5ef1ab954dd,mobilenet_v2,float16,float32,float32,1x224x224x3,builtin_cpu,none,none_builtin,,1,1,15,measured,51,424.493000,4.254000,268.43359375,389.1171875,86.0,charging,false,0,,,44.8,FLAG_KEEP_SCREEN_ON,no_load_injected_background_apps_unverified,
2026-08-22T12:19:20.282397Z,1.2.0,realme_RMX3760_api35,1.2.0+3,release,mobilenet_v2_float16,801130c48bc49023dd5481bab243c5909309bb5630b0b1d4594ca5ef1ab954dd,mobilenet_v2,float16,float32,float32,1x224x224x3,builtin_cpu,none,none_builtin,,1,1,15,measured,52,434.828000,4.254000,268.890625,389.54296875,86.0,charging,false,0,,,44.8,FLAG_KEEP_SCREEN_ON,no_load_injected_background_apps_unverified,
2026-08-22T12:19:20.773393Z,1.2.0,realme_RMX3760_api35,1.2.0+3,release,mobilenet_v2_float16,801130c48bc49023dd5481bab243c5909309bb5630b0b1d4594ca5ef1ab954dd,mobilenet_v2,float16,float32,float32,1x224x224x3,builtin_cpu,none,none_builtin,,1,1,15,measured,53,429.812000,4.254000,268.94140625,389.55859375,86.0,charging,false,0,,,44.8,FLAG_KEEP_SCREEN_ON,no_load_injected_background_apps_unverified,
2026-08-22T12:19:21.301649Z,1.2.0,realme_RMX3760_api35,1.2.0+3,release,mobilenet_v2_float16,801130c48bc49023dd5481bab243c5909309bb5630b0b1d4594ca5ef1ab954dd,mobilenet_v2,float16,float32,float32,1x224x224x3,builtin_cpu,none,none_builtin,,1,1,15,measured,54,467.220000,4.254000,268.982421875,389.54296875,86.0,charging,false,0,,,44.8,FLAG_KEEP_SCREEN_ON,no_load_injected_background_apps_unverified,
2026-08-22T12:19:21.786413Z,1.2.0,realme_RMX3760_api35,1.2.0+3,release,mobilenet_v2_float16,801130c48bc49023dd5481bab243c5909309bb5630b0b1d4594ca5ef1ab954dd,mobilenet_v2,float16,float32,float32,1x224x224x3,builtin_cpu,none,none_builtin,,1,1,15,measured,55,422.752000,4.254000,269.017578125,389.61328125,86.0,charging,false,0,,,44.8,FLAG_KEEP_SCREEN_ON,no_load_injected_background_apps_unverified,
2026-08-22T12:19:22.289472Z,1.2.0,realme_RMX3760_api35,1.2.0+3,release,mobilenet_v2_float16,801130c48bc49023dd5481bab243c5909309bb5630b0b1d4594ca5ef1ab954dd,mobilenet_v2,float16,float32,float32,1x224x224x3,builtin_cpu,none,none_builtin,,1,1,15,measured,56,442.279000,4.254000,268.771484375,389.34765625,86.0,charging,false,0,,,44.8,FLAG_KEEP_SCREEN_ON,no_load_injected_background_apps_unverified,
2026-08-22T12:19:22.779137Z,1.2.0,realme_RMX3760_api35,1.2.0+3,release,mobilenet_v2_float16,801130c48bc49023dd5481bab243c5909309bb5630b0b1d4594ca5ef1ab954dd,mobilenet_v2,float16,float32,float32,1x224x224x3,builtin_cpu,none,none_builtin,,1,1,15,measured,57,429.400000,4.254000,268.998046875,389.5546875,86.0,charging,false,0,,,44.8,FLAG_KEEP_SCREEN_ON,no_load_injected_background_apps_unverified,
2026-08-22T12:19:23.257854Z,1.2.0,realme_RMX3760_api35,1.2.0+3,release,mobilenet_v2_float16,801130c48bc49023dd5481bab243c5909309bb5630b0b1d4594ca5ef1ab954dd,mobilenet_v2,float16,float32,float32,1x224x224x3,builtin_cpu,none,none_builtin,,1,1,15,measured,58,418.004000,4.254000,268.373046875,389.0390625,86.0,charging,false,0,,,44.8,FLAG_KEEP_SCREEN_ON,no_load_injected_background_apps_unverified,
2026-08-22T12:19:23.725423Z,1.2.0,realme_RMX3760_api35,1.2.0+3,release,mobilenet_v2_float16,801130c48bc49023dd5481bab243c5909309bb5630b0b1d4594ca5ef1ab954dd,mobilenet_v2,float16,float32,float32,1x224x224x3,builtin_cpu,none,none_builtin,,1,1,15,measured,59,406.304000,4.254000,268.658203125,389.34375,86.0,charging,false,0,,,44.8,FLAG_KEEP_SCREEN_ON,no_load_injected_background_apps_unverified,
2026-08-22T12:19:24.182432Z,1.2.0,realme_RMX3760_api35,1.2.0+3,release,mobilenet_v2_float16,801130c48bc49023dd5481bab243c5909309bb5630b0b1d4594ca5ef1ab954dd,mobilenet_v2,float16,float32,float32,1x224x224x3,builtin_cpu,none,none_builtin,,1,1,15,measured,60,397.319000,4.254000,269.177734375,389.84375,86.0,charging,false,0,,,44.8,FLAG_KEEP_SCREEN_ON,no_load_injected_background_apps_unverified,
2026-08-22T12:19:24.652678Z,1.2.0,realme_RMX3760_api35,1.2.0+3,release,mobilenet_v2_float16,801130c48bc49023dd5481bab243c5909309bb5630b0b1d4594ca5ef1ab954dd,mobilenet_v2,float16,float32,float32,1x224x224x3,builtin_cpu,none,none_builtin,,1,1,15,measured,61,409.657000,4.254000,268.701171875,389.3828125,86.0,charging,false,0,,,44.8,FLAG_KEEP_SCREEN_ON,no_load_injected_background_apps_unverified,
2026-08-22T12:19:25.141132Z,1.2.0,realme_RMX3760_api35,1.2.0+3,release,mobilenet_v2_float16,801130c48bc49023dd5481bab243c5909309bb5630b0b1d4594ca5ef1ab954dd,mobilenet_v2,float16,float32,float32,1x224x224x3,builtin_cpu,none,none_builtin,,1,1,15,measured,62,429.289000,4.254000,269.220703125,389.87890625,86.0,charging,false,0,,,44.8,FLAG_KEEP_SCREEN_ON,no_load_injected_background_apps_unverified,
2026-08-22T12:19:25.617260Z,1.2.0,realme_RMX3760_api35,1.2.0+3,release,mobilenet_v2_float16,801130c48bc49023dd5481bab243c5909309bb5630b0b1d4594ca5ef1ab954dd,mobilenet_v2,float16,float32,float32,1x224x224x3,builtin_cpu,none,none_builtin,,1,1,15,measured,63,414.833000,4.254000,269.228515625,389.76953125,86.0,charging,false,0,,,44.8,FLAG_KEEP_SCREEN_ON,no_load_injected_background_apps_unverified,
2026-08-22T12:19:26.178157Z,1.2.0,realme_RMX3760_api35,1.2.0+3,release,mobilenet_v2_float16,801130c48bc49023dd5481bab243c5909309bb5630b0b1d4594ca5ef1ab954dd,mobilenet_v2,float16,float32,float32,1x224x224x3,builtin_cpu,none,none_builtin,,1,1,15,measured,64,491.826000,4.254000,269.255859375,389.84765625,86.0,charging,false,0,,,44.8,FLAG_KEEP_SCREEN_ON,no_load_injected_background_apps_unverified,
2026-08-22T12:19:26.665534Z,1.2.0,realme_RMX3760_api35,1.2.0+3,release,mobilenet_v2_float16,801130c48bc49023dd5481bab243c5909309bb5630b0b1d4594ca5ef1ab954dd,mobilenet_v2,float16,float32,float32,1x224x224x3,builtin_cpu,none,none_builtin,,1,1,15,measured,65,425.986000,4.254000,269.275390625,389.8359375,86.0,charging,false,0,,,44.8,FLAG_KEEP_SCREEN_ON,no_load_injected_background_apps_unverified,
2026-08-22T12:19:27.146165Z,1.2.0,realme_RMX3760_api35,1.2.0+3,release,mobilenet_v2_float16,801130c48bc49023dd5481bab243c5909309bb5630b0b1d4594ca5ef1ab954dd,mobilenet_v2,float16,float32,float32,1x224x224x3,builtin_cpu,none,none_builtin,,1,1,15,measured,66,420.421000,4.254000,268.794921875,389.46875,86.0,charging,false,0,,,44.8,FLAG_KEEP_SCREEN_ON,no_load_injected_background_apps_unverified,
2026-08-22T12:19:27.634457Z,1.2.0,realme_RMX3760_api35,1.2.0+3,release,mobilenet_v2_float16,801130c48bc49023dd5481bab243c5909309bb5630b0b1d4594ca5ef1ab954dd,mobilenet_v2,float16,float32,float32,1x224x224x3,builtin_cpu,none,none_builtin,,1,1,15,measured,67,428.581000,4.254000,269.255859375,389.73828125,86.0,charging,false,0,,,44.6,FLAG_KEEP_SCREEN_ON,no_load_injected_background_apps_unverified,
2026-08-22T12:19:28.098259Z,1.2.0,realme_RMX3760_api35,1.2.0+3,release,mobilenet_v2_float16,801130c48bc49023dd5481bab243c5909309bb5630b0b1d4594ca5ef1ab954dd,mobilenet_v2,float16,float32,float32,1x224x224x3,builtin_cpu,none,none_builtin,,1,1,15,measured,68,404.098000,4.254000,269.283203125,389.94921875,86.0,charging,false,0,,,44.6,FLAG_KEEP_SCREEN_ON,no_load_injected_background_apps_unverified,
2026-08-22T12:19:28.545135Z,1.2.0,realme_RMX3760_api35,1.2.0+3,release,mobilenet_v2_float16,801130c48bc49023dd5481bab243c5909309bb5630b0b1d4594ca5ef1ab954dd,mobilenet_v2,float16,float32,float32,1x224x224x3,builtin_cpu,none,none_builtin,,1,1,15,measured,69,386.363000,4.254000,273.369140625,394.00390625,86.0,charging,false,0,,,44.6,FLAG_KEEP_SCREEN_ON,no_load_injected_background_apps_unverified,
2026-08-22T12:19:29.017968Z,1.2.0,realme_RMX3760_api35,1.2.0+3,release,mobilenet_v2_float16,801130c48bc49023dd5481bab243c5909309bb5630b0b1d4594ca5ef1ab954dd,mobilenet_v2,float16,float32,float32,1x224x224x3,builtin_cpu,none,none_builtin,,1,1,15,measured,70,412.980000,4.254000,269.384765625,390.0078125,86.0,charging,false,0,,,44.6,FLAG_KEEP_SCREEN_ON,no_load_injected_background_apps_unverified,
2026-08-22T12:19:29.470769Z,1.2.0,realme_RMX3760_api35,1.2.0+3,release,mobilenet_v2_float16,801130c48bc49023dd5481bab243c5909309bb5630b0b1d4594ca5ef1ab954dd,mobilenet_v2,float16,float32,float32,1x224x224x3,builtin_cpu,none,none_builtin,,1,1,15,measured,71,393.317000,4.254000,268.775390625,389.4296875,86.0,charging,false,0,,,44.6,FLAG_KEEP_SCREEN_ON,no_load_injected_background_apps_unverified,
2026-08-22T12:19:29.929587Z,1.2.0,realme_RMX3760_api35,1.2.0+3,release,mobilenet_v2_float16,801130c48bc49023dd5481bab243c5909309bb5630b0b1d4594ca5ef1ab954dd,mobilenet_v2,float16,float32,float32,1x224x224x3,builtin_cpu,none,none_builtin,,1,1,15,measured,72,397.972000,4.254000,269.3505859375,389.97265625,86.0,charging,false,0,,,44.6,FLAG_KEEP_SCREEN_ON,no_load_injected_background_apps_unverified,
2026-08-22T12:19:30.394312Z,1.2.0,realme_RMX3760_api35,1.2.0+3,release,mobilenet_v2_float16,801130c48bc49023dd5481bab243c5909309bb5630b0b1d4594ca5ef1ab954dd,mobilenet_v2,float16,float32,float32,1x224x224x3,builtin_cpu,none,none_builtin,,1,1,15,measured,73,404.903000,4.254000,268.5244140625,389.13671875,86.0,charging,false,0,,,44.6,FLAG_KEEP_SCREEN_ON,no_load_injected_background_apps_unverified,
2026-08-22T12:19:30.863064Z,1.2.0,realme_RMX3760_api35,1.2.0+3,release,mobilenet_v2_float16,801130c48bc49023dd5481bab243c5909309bb5630b0b1d4594ca5ef1ab954dd,mobilenet_v2,float16,float32,float32,1x224x224x3,builtin_cpu,none,none_builtin,,1,1,15,measured,74,409.179000,4.254000,270.0166015625,390.5859375,86.0,charging,false,0,,,44.6,FLAG_KEEP_SCREEN_ON,no_load_injected_background_apps_unverified,
2026-08-22T12:19:31.342216Z,1.2.0,realme_RMX3760_api35,1.2.0+3,release,mobilenet_v2_float16,801130c48bc49023dd5481bab243c5909309bb5630b0b1d4594ca5ef1ab954dd,mobilenet_v2,float16,float32,float32,1x224x224x3,builtin_cpu,none,none_builtin,,1,1,15,measured,75,419.620000,4.254000,268.7978515625,389.41015625,86.0,charging,false,0,,,44.6,FLAG_KEEP_SCREEN_ON,no_load_injected_background_apps_unverified,
2026-08-22T12:19:31.812035Z,1.2.0,realme_RMX3760_api35,1.2.0+3,release,mobilenet_v2_float16,801130c48bc49023dd5481bab243c5909309bb5630b0b1d4594ca5ef1ab954dd,mobilenet_v2,float16,float32,float32,1x224x224x3,builtin_cpu,none,none_builtin,,1,1,15,measured,76,410.866000,4.254000,269.4970703125,390.08984375,86.0,charging,false,0,,,44.6,FLAG_KEEP_SCREEN_ON,no_load_injected_background_apps_unverified,
2026-08-22T12:19:32.310730Z,1.2.0,realme_RMX3760_api35,1.2.0+3,release,mobilenet_v2_float16,801130c48bc49023dd5481bab243c5909309bb5630b0b1d4594ca5ef1ab954dd,mobilenet_v2,float16,float32,float32,1x224x224x3,builtin_cpu,none,none_builtin,,1,1,15,measured,77,438.148000,4.254000,269.0126953125,389.62109375,86.0,charging,false,0,,,44.6,FLAG_KEEP_SCREEN_ON,no_load_injected_background_apps_unverified,
2026-08-22T12:19:32.773744Z,1.2.0,realme_RMX3760_api35,1.2.0+3,release,mobilenet_v2_float16,801130c48bc49023dd5481bab243c5909309bb5630b0b1d4594ca5ef1ab954dd,mobilenet_v2,float16,float32,float32,1x224x224x3,builtin_cpu,none,none_builtin,,1,1,15,measured,78,403.162000,4.254000,269.5361328125,390.1171875,86.0,charging,false,0,,,44.6,FLAG_KEEP_SCREEN_ON,no_load_injected_background_apps_unverified,
2026-08-22T12:19:33.257291Z,1.2.0,realme_RMX3760_api35,1.2.0+3,release,mobilenet_v2_float16,801130c48bc49023dd5481bab243c5909309bb5630b0b1d4594ca5ef1ab954dd,mobilenet_v2,float16,float32,float32,1x224x224x3,builtin_cpu,none,none_builtin,,1,1,15,measured,79,423.160000,4.254000,269.0517578125,389.65234375,86.0,charging,false,0,,,44.6,FLAG_KEEP_SCREEN_ON,no_load_injected_background_apps_unverified,
2026-08-22T12:19:33.725768Z,1.2.0,realme_RMX3760_api35,1.2.0+3,release,mobilenet_v2_float16,801130c48bc49023dd5481bab243c5909309bb5630b0b1d4594ca5ef1ab954dd,mobilenet_v2,float16,float32,float32,1x224x224x3,builtin_cpu,none,none_builtin,,1,1,15,measured,80,407.866000,4.254000,269.6025390625,390.19140625,86.0,charging,false,0,,,44.6,FLAG_KEEP_SCREEN_ON,no_load_injected_background_apps_unverified,
2026-08-22T12:19:34.175536Z,1.2.0,realme_RMX3760_api35,1.2.0+3,release,mobilenet_v2_float16,801130c48bc49023dd5481bab243c5909309bb5630b0b1d4594ca5ef1ab954dd,mobilenet_v2,float16,float32,float32,1x224x224x3,builtin_cpu,none,none_builtin,,1,1,15,measured,81,390.328000,4.254000,269.1259765625,389.72265625,86.0,charging,false,0,,,44.6,FLAG_KEEP_SCREEN_ON,no_load_injected_background_apps_unverified,
2026-08-22T12:19:34.657708Z,1.2.0,realme_RMX3760_api35,1.2.0+3,release,mobilenet_v2_float16,801130c48bc49023dd5481bab243c5909309bb5630b0b1d4594ca5ef1ab954dd,mobilenet_v2,float16,float32,float32,1x224x224x3,builtin_cpu,none,none_builtin,,1,1,15,measured,82,421.673000,4.254000,269.5869140625,390.14453125,86.0,charging,false,0,,,44.6,FLAG_KEEP_SCREEN_ON,no_load_injected_background_apps_unverified,
2026-08-22T12:19:35.142728Z,1.2.0,realme_RMX3760_api35,1.2.0+3,release,mobilenet_v2_float16,801130c48bc49023dd5481bab243c5909309bb5630b0b1d4594ca5ef1ab954dd,mobilenet_v2,float16,float32,float32,1x224x224x3,builtin_cpu,none,none_builtin,,1,1,15,measured,83,425.321000,4.254000,269.6572265625,390.25,86.0,charging,false,0,,,44.6,FLAG_KEEP_SCREEN_ON,no_load_injected_background_apps_unverified,
2026-08-22T12:19:35.597159Z,1.2.0,realme_RMX3760_api35,1.2.0+3,release,mobilenet_v2_float16,801130c48bc49023dd5481bab243c5909309bb5630b0b1d4594ca5ef1ab954dd,mobilenet_v2,float16,float32,float32,1x224x224x3,builtin_cpu,none,none_builtin,,1,1,15,measured,84,394.243000,4.254000,269.6806640625,390.25390625,86.0,charging,false,0,,,44.6,FLAG_KEEP_SCREEN_ON,no_load_injected_background_apps_unverified,
2026-08-22T12:19:36.078525Z,1.2.0,realme_RMX3760_api35,1.2.0+3,release,mobilenet_v2_float16,801130c48bc49023dd5481bab243c5909309bb5630b0b1d4594ca5ef1ab954dd,mobilenet_v2,float16,float32,float32,1x224x224x3,builtin_cpu,none,none_builtin,,1,1,15,measured,85,422.127000,4.254000,269.2001953125,389.796875,86.0,charging,false,0,,,44.6,FLAG_KEEP_SCREEN_ON,no_load_injected_background_apps_unverified,
2026-08-22T12:19:36.558290Z,1.2.0,realme_RMX3760_api35,1.2.0+3,release,mobilenet_v2_float16,801130c48bc49023dd5481bab243c5909309bb5630b0b1d4594ca5ef1ab954dd,mobilenet_v2,float16,float32,float32,1x224x224x3,builtin_cpu,none,none_builtin,,1,1,15,measured,86,420.108000,4.254000,270.1533203125,390.5859375,86.0,charging,false,0,,,44.6,FLAG_KEEP_SCREEN_ON,no_load_injected_background_apps_unverified,
2026-08-22T12:19:37.014433Z,1.2.0,realme_RMX3760_api35,1.2.0+3,release,mobilenet_v2_float16,801130c48bc49023dd5481bab243c5909309bb5630b0b1d4594ca5ef1ab954dd,mobilenet_v2,float16,float32,float32,1x224x224x3,builtin_cpu,none,none_builtin,,1,1,15,measured,87,396.594000,4.254000,269.7080078125,390.2109375,86.0,charging,false,0,,,44.6,FLAG_KEEP_SCREEN_ON,no_load_injected_background_apps_unverified,
2026-08-22T12:19:37.487749Z,1.2.0,realme_RMX3760_api35,1.2.0+3,release,mobilenet_v2_float16,801130c48bc49023dd5481bab243c5909309bb5630b0b1d4594ca5ef1ab954dd,mobilenet_v2,float16,float32,float32,1x224x224x3,builtin_cpu,none,none_builtin,,1,1,15,measured,88,414.317000,4.254000,269.1689453125,389.6640625,86.0,charging,false,0,,,44.6,FLAG_KEEP_SCREEN_ON,no_load_injected_background_apps_unverified,
2026-08-22T12:19:37.955453Z,1.2.0,realme_RMX3760_api35,1.2.0+3,release,mobilenet_v2_float16,801130c48bc49023dd5481bab243c5909309bb5630b0b1d4594ca5ef1ab954dd,mobilenet_v2,float16,float32,float32,1x224x224x3,builtin_cpu,none,none_builtin,,1,1,15,measured,89,401.764000,4.254000,269.7470703125,390.0546875,86.0,charging,false,0,,,44.6,FLAG_KEEP_SCREEN_ON,no_load_injected_background_apps_unverified,
2026-08-22T12:19:38.417101Z,1.2.0,realme_RMX3760_api35,1.2.0+3,release,mobilenet_v2_float16,801130c48bc49023dd5481bab243c5909309bb5630b0b1d4594ca5ef1ab954dd,mobilenet_v2,float16,float32,float32,1x224x224x3,builtin_cpu,none,none_builtin,,1,1,15,measured,90,401.266000,4.254000,269.7744140625,390.19921875,86.0,charging,false,0,,,44.6,FLAG_KEEP_SCREEN_ON,no_load_injected_background_apps_unverified,
2026-08-22T12:19:38.893604Z,1.2.0,realme_RMX3760_api35,1.2.0+3,release,mobilenet_v2_float16,801130c48bc49023dd5481bab243c5909309bb5630b0b1d4594ca5ef1ab954dd,mobilenet_v2,float16,float32,float32,1x224x224x3,builtin_cpu,none,none_builtin,,1,1,15,measured,91,416.180000,4.254000,269.8173828125,390.21484375,86.0,charging,false,0,,,44.6,FLAG_KEEP_SCREEN_ON,no_load_injected_background_apps_unverified,
2026-08-22T12:19:39.373181Z,1.2.0,realme_RMX3760_api35,1.2.0+3,release,mobilenet_v2_float16,801130c48bc49023dd5481bab243c5909309bb5630b0b1d4594ca5ef1ab954dd,mobilenet_v2,float16,float32,float32,1x224x224x3,builtin_cpu,none,none_builtin,,1,1,15,measured,92,419.100000,4.254000,270.2470703125,390.8046875,86.0,charging,false,0,,,44.6,FLAG_KEEP_SCREEN_ON,no_load_injected_background_apps_unverified,
2026-08-22T12:19:39.830221Z,1.2.0,realme_RMX3760_api35,1.2.0+3,release,mobilenet_v2_float16,801130c48bc49023dd5481bab243c5909309bb5630b0b1d4594ca5ef1ab954dd,mobilenet_v2,float16,float32,float32,1x224x224x3,builtin_cpu,none,none_builtin,,1,1,15,measured,93,396.950000,4.254000,269.7939453125,390.37890625,86.0,charging,false,0,,,44.6,FLAG_KEEP_SCREEN_ON,no_load_injected_background_apps_unverified,
2026-08-22T12:19:40.294733Z,1.2.0,realme_RMX3760_api35,1.2.0+3,release,mobilenet_v2_float16,801130c48bc49023dd5481bab243c5909309bb5630b0b1d4594ca5ef1ab954dd,mobilenet_v2,float16,float32,float32,1x224x224x3,builtin_cpu,none,none_builtin,,1,1,15,measured,94,404.858000,4.254000,269.3837890625,389.97265625,86.0,charging,false,0,,,44.6,FLAG_KEEP_SCREEN_ON,no_load_injected_background_apps_unverified,
2026-08-22T12:19:40.773600Z,1.2.0,realme_RMX3760_api35,1.2.0+3,release,mobilenet_v2_float16,801130c48bc49023dd5481bab243c5909309bb5630b0b1d4594ca5ef1ab954dd,mobilenet_v2,float16,float32,float32,1x224x224x3,builtin_cpu,none,none_builtin,,1,1,15,measured,95,418.831000,4.254000,269.9072265625,390.47265625,86.0,charging,false,0,,,44.6,FLAG_KEEP_SCREEN_ON,no_load_injected_background_apps_unverified,
2026-08-22T12:19:41.232364Z,1.2.0,realme_RMX3760_api35,1.2.0+3,release,mobilenet_v2_float16,801130c48bc49023dd5481bab243c5909309bb5630b0b1d4594ca5ef1ab954dd,mobilenet_v2,float16,float32,float32,1x224x224x3,builtin_cpu,none,none_builtin,,1,1,15,measured,96,399.758000,4.254000,269.4267578125,390.01171875,86.0,charging,false,0,,,44.6,FLAG_KEEP_SCREEN_ON,no_load_injected_background_apps_unverified,
2026-08-22T12:19:41.698197Z,1.2.0,realme_RMX3760_api35,1.2.0+3,release,mobilenet_v2_float16,801130c48bc49023dd5481bab243c5909309bb5630b0b1d4594ca5ef1ab954dd,mobilenet_v2,float16,float32,float32,1x224x224x3,builtin_cpu,none,none_builtin,,1,1,15,measured,97,405.506000,4.254000,269.7900390625,390.140625,86.0,charging,false,0,,,44.6,FLAG_KEEP_SCREEN_ON,no_load_injected_background_apps_unverified,
2026-08-22T12:19:42.136694Z,1.2.0,realme_RMX3760_api35,1.2.0+3,release,mobilenet_v2_float16,801130c48bc49023dd5481bab243c5909309bb5630b0b1d4594ca5ef1ab954dd,mobilenet_v2,float16,float32,float32,1x224x224x3,builtin_cpu,none,none_builtin,,1,1,15,measured,98,377.621000,4.254000,273.9501953125,394.484375,86.0,charging,false,0,,,44.6,FLAG_KEEP_SCREEN_ON,no_load_injected_background_apps_unverified,
2026-08-22T12:19:42.585903Z,1.2.0,realme_RMX3760_api35,1.2.0+3,release,mobilenet_v2_float16,801130c48bc49023dd5481bab243c5909309bb5630b0b1d4594ca5ef1ab954dd,mobilenet_v2,float16,float32,float32,1x224x224x3,builtin_cpu,none,none_builtin,,1,1,15,measured,99,389.423000,4.254000,269.9658203125,390.484375,86.0,charging,false,0,,,44.6,FLAG_KEEP_SCREEN_ON,no_load_injected_background_apps_unverified,
2026-08-22T12:19:46.352825Z,1.2.0,realme_RMX3760_api35,1.2.0+3,release,mobilenet_v2_full_int8,0b1cdd47d0b7d94504c62d7160b431a69814006e3132b126ddc5b5bc97a4246d,mobilenet_v2,full_int8,int8,int8,1x224x224x3,builtin_cpu,none,none_builtin,,4,1,16,measured,0,167.970000,3.943000,252.0595703125,372.38671875,86.0,charging,false,0,,,44.4,FLAG_KEEP_SCREEN_ON,no_load_injected_background_apps_unverified,
2026-08-22T12:19:46.573401Z,1.2.0,realme_RMX3760_api35,1.2.0+3,release,mobilenet_v2_full_int8,0b1cdd47d0b7d94504c62d7160b431a69814006e3132b126ddc5b5bc97a4246d,mobilenet_v2,full_int8,int8,int8,1x224x224x3,builtin_cpu,none,none_builtin,,4,1,16,measured,1,160.872000,3.943000,253.0830078125,373.390625,86.0,charging,false,0,,,44.4,FLAG_KEEP_SCREEN_ON,no_load_injected_background_apps_unverified,
2026-08-22T12:19:46.797600Z,1.2.0,realme_RMX3760_api35,1.2.0+3,release,mobilenet_v2_full_int8,0b1cdd47d0b7d94504c62d7160b431a69814006e3132b126ddc5b5bc97a4246d,mobilenet_v2,full_int8,int8,int8,1x224x224x3,builtin_cpu,none,none_builtin,,4,1,16,measured,2,164.852000,3.943000,250.9619140625,371.234375,86.0,charging,false,0,,,44.4,FLAG_KEEP_SCREEN_ON,no_load_injected_background_apps_unverified,
2026-08-22T12:19:47.046256Z,1.2.0,realme_RMX3760_api35,1.2.0+3,release,mobilenet_v2_full_int8,0b1cdd47d0b7d94504c62d7160b431a69814006e3132b126ddc5b5bc97a4246d,mobilenet_v2,full_int8,int8,int8,1x224x224x3,builtin_cpu,none,none_builtin,,4,1,16,measured,3,184.426000,3.943000,251.4853515625,371.8046875,86.0,charging,false,0,,,44.4,FLAG_KEEP_SCREEN_ON,no_load_injected_background_apps_unverified,
2026-08-22T12:19:47.289192Z,1.2.0,realme_RMX3760_api35,1.2.0+3,release,mobilenet_v2_full_int8,0b1cdd47d0b7d94504c62d7160b431a69814006e3132b126ddc5b5bc97a4246d,mobilenet_v2,full_int8,int8,int8,1x224x224x3,builtin_cpu,none,none_builtin,,4,1,16,measured,4,182.763000,3.943000,252.0048828125,372.3046875,86.0,charging,false,0,,,44.4,FLAG_KEEP_SCREEN_ON,no_load_injected_background_apps_unverified,
2026-08-22T12:19:47.526102Z,1.2.0,realme_RMX3760_api35,1.2.0+3,release,mobilenet_v2_full_int8,0b1cdd47d0b7d94504c62d7160b431a69814006e3132b126ddc5b5bc97a4246d,mobilenet_v2,full_int8,int8,int8,1x224x224x3,builtin_cpu,none,none_builtin,,4,1,16,measured,5,177.100000,3.943000,252.0244140625,372.3046875,86.0,charging,false,0,,,44.4,FLAG_KEEP_SCREEN_ON,no_load_injected_background_apps_unverified,
2026-08-22T12:19:47.742871Z,1.2.0,realme_RMX3760_api35,1.2.0+3,release,mobilenet_v2_full_int8,0b1cdd47d0b7d94504c62d7160b431a69814006e3132b126ddc5b5bc97a4246d,mobilenet_v2,full_int8,int8,int8,1x224x224x3,builtin_cpu,none,none_builtin,,4,1,16,measured,6,157.240000,3.943000,251.1064453125,371.328125,86.0,charging,false,0,,,44.4,FLAG_KEEP_SCREEN_ON,no_load_injected_background_apps_unverified,
2026-08-22T12:19:47.985470Z,1.2.0,realme_RMX3760_api35,1.2.0+3,release,mobilenet_v2_full_int8,0b1cdd47d0b7d94504c62d7160b431a69814006e3132b126ddc5b5bc97a4246d,mobilenet_v2,full_int8,int8,int8,1x224x224x3,builtin_cpu,none,none_builtin,,4,1,16,measured,7,181.138000,3.943000,251.9892578125,372.26953125,86.0,charging,false,0,,,44.4,FLAG_KEEP_SCREEN_ON,no_load_injected_background_apps_unverified,
2026-08-22T12:19:48.220654Z,1.2.0,realme_RMX3760_api35,1.2.0+3,release,mobilenet_v2_full_int8,0b1cdd47d0b7d94504c62d7160b431a69814006e3132b126ddc5b5bc97a4246d,mobilenet_v2,full_int8,int8,int8,1x224x224x3,builtin_cpu,none,none_builtin,,4,1,16,measured,8,174.660000,3.943000,252.1845703125,372.4140625,86.0,charging,false,0,,,44.4,FLAG_KEEP_SCREEN_ON,no_load_injected_background_apps_unverified,
2026-08-22T12:19:48.450759Z,1.2.0,realme_RMX3760_api35,1.2.0+3,release,mobilenet_v2_full_int8,0b1cdd47d0b7d94504c62d7160b431a69814006e3132b126ddc5b5bc97a4246d,mobilenet_v2,full_int8,int8,int8,1x224x224x3,builtin_cpu,none,none_builtin,,4,1,16,measured,9,170.944000,3.943000,252.2080078125,372.47265625,86.0,charging,false,0,,,44.4,FLAG_KEEP_SCREEN_ON,no_load_injected_background_apps_unverified,
2026-08-22T12:19:48.675157Z,1.2.0,realme_RMX3760_api35,1.2.0+3,release,mobilenet_v2_full_int8,0b1cdd47d0b7d94504c62d7160b431a69814006e3132b126ddc5b5bc97a4246d,mobilenet_v2,full_int8,int8,int8,1x224x224x3,builtin_cpu,none,none_builtin,,4,1,16,measured,10,165.374000,3.943000,253.2314453125,373.4765625,86.0,charging,false,0,,,44.4,FLAG_KEEP_SCREEN_ON,no_load_injected_background_apps_unverified,
2026-08-22T12:19:48.988392Z,1.2.0,realme_RMX3760_api35,1.2.0+3,release,mobilenet_v2_full_int8,0b1cdd47d0b7d94504c62d7160b431a69814006e3132b126ddc5b5bc97a4246d,mobilenet_v2,full_int8,int8,int8,1x224x224x3,builtin_cpu,none,none_builtin,,4,1,16,measured,11,221.153000,3.943000,252.1611328125,372.14453125,86.0,charging,false,0,,,44.4,FLAG_KEEP_SCREEN_ON,no_load_injected_background_apps_unverified,
2026-08-22T12:19:49.296453Z,1.2.0,realme_RMX3760_api35,1.2.0+3,release,mobilenet_v2_full_int8,0b1cdd47d0b7d94504c62d7160b431a69814006e3132b126ddc5b5bc97a4246d,mobilenet_v2,full_int8,int8,int8,1x224x224x3,builtin_cpu,none,none_builtin,,4,1,16,measured,12,247.197000,3.943000,252.2314453125,372.3828125,86.0,charging,false,0,,,44.4,FLAG_KEEP_SCREEN_ON,no_load_injected_background_apps_unverified,
2026-08-22T12:19:49.529020Z,1.2.0,realme_RMX3760_api35,1.2.0+3,release,mobilenet_v2_full_int8,0b1cdd47d0b7d94504c62d7160b431a69814006e3132b126ddc5b5bc97a4246d,mobilenet_v2,full_int8,int8,int8,1x224x224x3,builtin_cpu,none,none_builtin,,4,1,16,measured,13,171.283000,3.943000,253.3955078125,373.5546875,86.0,charging,false,0,,,44.4,FLAG_KEEP_SCREEN_ON,no_load_injected_background_apps_unverified,
2026-08-22T12:19:49.761555Z,1.2.0,realme_RMX3760_api35,1.2.0+3,release,mobilenet_v2_full_int8,0b1cdd47d0b7d94504c62d7160b431a69814006e3132b126ddc5b5bc97a4246d,mobilenet_v2,full_int8,int8,int8,1x224x224x3,builtin_cpu,none,none_builtin,,4,1,16,measured,14,172.788000,3.943000,250.9111328125,371.21484375,86.0,charging,false,0,,,44.4,FLAG_KEEP_SCREEN_ON,no_load_injected_background_apps_unverified,
2026-08-22T12:19:49.998088Z,1.2.0,realme_RMX3760_api35,1.2.0+3,release,mobilenet_v2_full_int8,0b1cdd47d0b7d94504c62d7160b431a69814006e3132b126ddc5b5bc97a4246d,mobilenet_v2,full_int8,int8,int8,1x224x224x3,builtin_cpu,none,none_builtin,,4,1,16,measured,15,175.663000,3.943000,251.9345703125,372.2421875,86.0,charging,false,0,,,44.4,FLAG_KEEP_SCREEN_ON,no_load_injected_background_apps_unverified,
2026-08-22T12:19:50.226584Z,1.2.0,realme_RMX3760_api35,1.2.0+3,release,mobilenet_v2_full_int8,0b1cdd47d0b7d94504c62d7160b431a69814006e3132b126ddc5b5bc97a4246d,mobilenet_v2,full_int8,int8,int8,1x224x224x3,builtin_cpu,none,none_builtin,,4,1,16,measured,16,169.304000,3.943000,250.9541015625,371.23828125,86.0,charging,false,0,,,44.4,FLAG_KEEP_SCREEN_ON,no_load_injected_background_apps_unverified,
2026-08-22T12:19:50.457009Z,1.2.0,realme_RMX3760_api35,1.2.0+3,release,mobilenet_v2_full_int8,0b1cdd47d0b7d94504c62d7160b431a69814006e3132b126ddc5b5bc97a4246d,mobilenet_v2,full_int8,int8,int8,1x224x224x3,builtin_cpu,none,none_builtin,,4,1,16,measured,17,169.938000,3.943000,251.9814453125,372.24609375,86.0,charging,false,0,,,44.4,FLAG_KEEP_SCREEN_ON,no_load_injected_background_apps_unverified,
2026-08-22T12:19:50.694218Z,1.2.0,realme_RMX3760_api35,1.2.0+3,release,mobilenet_v2_full_int8,0b1cdd47d0b7d94504c62d7160b431a69814006e3132b126ddc5b5bc97a4246d,mobilenet_v2,full_int8,int8,int8,1x224x224x3,builtin_cpu,none,none_builtin,,4,1,16,measured,18,177.715000,3.943000,252.5361328125,372.76953125,86.0,charging,false,0,,,44.4,FLAG_KEEP_SCREEN_ON,no_load_injected_background_apps_unverified,
2026-08-22T12:19:50.917462Z,1.2.0,realme_RMX3760_api35,1.2.0+3,release,mobilenet_v2_full_int8,0b1cdd47d0b7d94504c62d7160b431a69814006e3132b126ddc5b5bc97a4246d,mobilenet_v2,full_int8,int8,int8,1x224x224x3,builtin_cpu,none,none_builtin,,4,1,16,measured,19,163.503000,3.943000,253.5595703125,373.7734375,86.0,charging,false,0,,,44.4,FLAG_KEEP_SCREEN_ON,no_load_injected_background_apps_unverified,
2026-08-22T12:19:51.144553Z,1.2.0,realme_RMX3760_api35,1.2.0+3,release,mobilenet_v2_full_int8,0b1cdd47d0b7d94504c62d7160b431a69814006e3132b126ddc5b5bc97a4246d,mobilenet_v2,full_int8,int8,int8,1x224x224x3,builtin_cpu,none,none_builtin,,4,1,16,measured,20,166.638000,3.943000,251.5712890625,371.765625,86.0,charging,false,0,,,44.4,FLAG_KEEP_SCREEN_ON,no_load_injected_background_apps_unverified,
2026-08-22T12:19:51.350578Z,1.2.0,realme_RMX3760_api35,1.2.0+3,release,mobilenet_v2_full_int8,0b1cdd47d0b7d94504c62d7160b431a69814006e3132b126ddc5b5bc97a4246d,mobilenet_v2,full_int8,int8,int8,1x224x224x3,builtin_cpu,none,none_builtin,,4,1,16,measured,21,146.115000,3.943000,253.8564453125,374.1796875,86.0,charging,false,0,,,44.4,FLAG_KEEP_SCREEN_ON,no_load_injected_background_apps_unverified,
2026-08-22T12:19:51.608844Z,1.2.0,realme_RMX3760_api35,1.2.0+3,release,mobilenet_v2_full_int8,0b1cdd47d0b7d94504c62d7160b431a69814006e3132b126ddc5b5bc97a4246d,mobilenet_v2,full_int8,int8,int8,1x224x224x3,builtin_cpu,none,none_builtin,,4,1,16,measured,22,197.098000,3.943000,252.1142578125,372.41015625,86.0,charging,false,0,,,44.4,FLAG_KEEP_SCREEN_ON,no_load_injected_background_apps_unverified,
2026-08-22T12:19:51.834925Z,1.2.0,realme_RMX3760_api35,1.2.0+3,release,mobilenet_v2_full_int8,0b1cdd47d0b7d94504c62d7160b431a69814006e3132b126ddc5b5bc97a4246d,mobilenet_v2,full_int8,int8,int8,1x224x224x3,builtin_cpu,none,none_builtin,,4,1,16,measured,23,165.477000,3.943000,253.6220703125,373.90234375,86.0,charging,false,0,,,44.4,FLAG_KEEP_SCREEN_ON,no_load_injected_background_apps_unverified,
2026-08-22T12:19:52.075569Z,1.2.0,realme_RMX3760_api35,1.2.0+3,release,mobilenet_v2_full_int8,0b1cdd47d0b7d94504c62d7160b431a69814006e3132b126ddc5b5bc97a4246d,mobilenet_v2,full_int8,int8,int8,1x224x224x3,builtin_cpu,none,none_builtin,,4,1,16,measured,24,178.561000,3.943000,251.4541015625,371.5078125,86.0,charging,false,0,,,44.4,FLAG_KEEP_SCREEN_ON,no_load_injected_background_apps_unverified,
2026-08-22T12:19:52.330608Z,1.2.0,realme_RMX3760_api35,1.2.0+3,release,mobilenet_v2_full_int8,0b1cdd47d0b7d94504c62d7160b431a69814006e3132b126ddc5b5bc97a4246d,mobilenet_v2,full_int8,int8,int8,1x224x224x3,builtin_cpu,none,none_builtin,,4,1,16,measured,25,194.921000,3.943000,252.4814453125,372.609375,86.0,charging,false,0,,,44.4,FLAG_KEEP_SCREEN_ON,no_load_injected_background_apps_unverified,
2026-08-22T12:19:52.550859Z,1.2.0,realme_RMX3760_api35,1.2.0+3,release,mobilenet_v2_full_int8,0b1cdd47d0b7d94504c62d7160b431a69814006e3132b126ddc5b5bc97a4246d,mobilenet_v2,full_int8,int8,int8,1x224x224x3,builtin_cpu,none,none_builtin,,4,1,16,measured,26,164.713000,3.943000,252.5126953125,372.6171875,86.0,charging,false,0,,,44.4,FLAG_KEEP_SCREEN_ON,no_load_injected_background_apps_unverified,
2026-08-22T12:19:52.797066Z,1.2.0,realme_RMX3760_api35,1.2.0+3,release,mobilenet_v2_full_int8,0b1cdd47d0b7d94504c62d7160b431a69814006e3132b126ddc5b5bc97a4246d,mobilenet_v2,full_int8,int8,int8,1x224x224x3,builtin_cpu,none,none_builtin,,4,1,16,measured,27,185.268000,3.943000,252.6455078125,372.66796875,86.0,charging,false,0,,,44.4,FLAG_KEEP_SCREEN_ON,no_load_injected_background_apps_unverified,
2026-08-22T12:19:53.030988Z,1.2.0,realme_RMX3760_api35,1.2.0+3,release,mobilenet_v2_full_int8,0b1cdd47d0b7d94504c62d7160b431a69814006e3132b126ddc5b5bc97a4246d,mobilenet_v2,full_int8,int8,int8,1x224x224x3,builtin_cpu,none,none_builtin,,4,1,16,measured,28,171.360000,3.943000,251.5791015625,371.6328125,86.0,charging,false,0,,,44.4,FLAG_KEEP_SCREEN_ON,no_load_injected_background_apps_unverified,
2026-08-22T12:19:53.278913Z,1.2.0,realme_RMX3760_api35,1.2.0+3,release,mobilenet_v2_full_int8,0b1cdd47d0b7d94504c62d7160b431a69814006e3132b126ddc5b5bc97a4246d,mobilenet_v2,full_int8,int8,int8,1x224x224x3,builtin_cpu,none,none_builtin,,4,1,16,measured,29,188.148000,3.943000,252.6298828125,372.65234375,86.0,charging,false,0,,,44.4,FLAG_KEEP_SCREEN_ON,no_load_injected_background_apps_unverified,
2026-08-22T12:19:53.517609Z,1.2.0,realme_RMX3760_api35,1.2.0+3,release,mobilenet_v2_full_int8,0b1cdd47d0b7d94504c62d7160b431a69814006e3132b126ddc5b5bc97a4246d,mobilenet_v2,full_int8,int8,int8,1x224x224x3,builtin_cpu,none,none_builtin,,4,1,16,measured,30,178.062000,3.943000,252.6572265625,372.6796875,86.0,charging,false,0,,,44.4,FLAG_KEEP_SCREEN_ON,no_load_injected_background_apps_unverified,
2026-08-22T12:19:53.757068Z,1.2.0,realme_RMX3760_api35,1.2.0+3,release,mobilenet_v2_full_int8,0b1cdd47d0b7d94504c62d7160b431a69814006e3132b126ddc5b5bc97a4246d,mobilenet_v2,full_int8,int8,int8,1x224x224x3,builtin_cpu,none,none_builtin,,4,1,16,measured,31,177.867000,3.943000,252.6728515625,372.6875,86.0,charging,false,0,,,44.4,FLAG_KEEP_SCREEN_ON,no_load_injected_background_apps_unverified,
2026-08-22T12:19:53.966148Z,1.2.0,realme_RMX3760_api35,1.2.0+3,release,mobilenet_v2_full_int8,0b1cdd47d0b7d94504c62d7160b431a69814006e3132b126ddc5b5bc97a4246d,mobilenet_v2,full_int8,int8,int8,1x224x224x3,builtin_cpu,none,none_builtin,,4,1,16,measured,32,148.204000,3.943000,254.8291015625,374.82421875,86.0,charging,false,0,,,44.4,FLAG_KEEP_SCREEN_ON,no_load_injected_background_apps_unverified,
2026-08-22T12:19:54.233495Z,1.2.0,realme_RMX3760_api35,1.2.0+3,release,mobilenet_v2_full_int8,0b1cdd47d0b7d94504c62d7160b431a69814006e3132b126ddc5b5bc97a4246d,mobilenet_v2,full_int8,int8,int8,1x224x224x3,builtin_cpu,none,none_builtin,,4,1,16,measured,33,204.612000,3.943000,252.6689453125,372.63671875,86.0,charging,false,0,,,44.4,FLAG_KEEP_SCREEN_ON,no_load_injected_background_apps_unverified,
2026-08-22T12:19:54.482244Z,1.2.0,realme_RMX3760_api35,1.2.0+3,release,mobilenet_v2_full_int8,0b1cdd47d0b7d94504c62d7160b431a69814006e3132b126ddc5b5bc97a4246d,mobilenet_v2,full_int8,int8,int8,1x224x224x3,builtin_cpu,none,none_builtin,,4,1,16,measured,34,187.533000,3.943000,252.6884765625,372.640625,86.0,charging,false,0,,,44.3,FLAG_KEEP_SCREEN_ON,no_load_injected_background_apps_unverified,
2026-08-22T12:19:54.709107Z,1.2.0,realme_RMX3760_api35,1.2.0+3,release,mobilenet_v2_full_int8,0b1cdd47d0b7d94504c62d7160b431a69814006e3132b126ddc5b5bc97a4246d,mobilenet_v2,full_int8,int8,int8,1x224x224x3,builtin_cpu,none,none_builtin,,4,1,16,measured,35,165.866000,3.943000,252.7080078125,372.8125,86.0,charging,false,0,,,44.3,FLAG_KEEP_SCREEN_ON,no_load_injected_background_apps_unverified,
2026-08-22T12:19:54.942317Z,1.2.0,realme_RMX3760_api35,1.2.0+3,release,mobilenet_v2_full_int8,0b1cdd47d0b7d94504c62d7160b431a69814006e3132b126ddc5b5bc97a4246d,mobilenet_v2,full_int8,int8,int8,1x224x224x3,builtin_cpu,none,none_builtin,,4,1,16,measured,36,173.002000,3.943000,251.7236328125,371.80859375,86.0,charging,false,0,,,44.3,FLAG_KEEP_SCREEN_ON,no_load_injected_background_apps_unverified,
2026-08-22T12:19:55.168433Z,1.2.0,realme_RMX3760_api35,1.2.0+3,release,mobilenet_v2_full_int8,0b1cdd47d0b7d94504c62d7160b431a69814006e3132b126ddc5b5bc97a4246d,mobilenet_v2,full_int8,int8,int8,1x224x224x3,builtin_cpu,none,none_builtin,,4,1,16,measured,37,163.248000,3.943000,253.7822265625,373.66796875,86.0,charging,false,0,,,44.3,FLAG_KEEP_SCREEN_ON,no_load_injected_background_apps_unverified,
2026-08-22T12:19:55.398142Z,1.2.0,realme_RMX3760_api35,1.2.0+3,release,mobilenet_v2_full_int8,0b1cdd47d0b7d94504c62d7160b431a69814006e3132b126ddc5b5bc97a4246d,mobilenet_v2,full_int8,int8,int8,1x224x224x3,builtin_cpu,none,none_builtin,,4,1,16,measured,38,169.826000,3.943000,253.8369140625,373.87890625,86.0,charging,false,0,,,44.3,FLAG_KEEP_SCREEN_ON,no_load_injected_background_apps_unverified,
2026-08-22T12:19:55.638021Z,1.2.0,realme_RMX3760_api35,1.2.0+3,release,mobilenet_v2_full_int8,0b1cdd47d0b7d94504c62d7160b431a69814006e3132b126ddc5b5bc97a4246d,mobilenet_v2,full_int8,int8,int8,1x224x224x3,builtin_cpu,none,none_builtin,,4,1,16,measured,39,180.445000,3.943000,252.8525390625,372.875,86.0,charging,false,0,,,44.3,FLAG_KEEP_SCREEN_ON,no_load_injected_background_apps_unverified,
2026-08-22T12:19:55.862160Z,1.2.0,realme_RMX3760_api35,1.2.0+3,release,mobilenet_v2_full_int8,0b1cdd47d0b7d94504c62d7160b431a69814006e3132b126ddc5b5bc97a4246d,mobilenet_v2,full_int8,int8,int8,1x224x224x3,builtin_cpu,none,none_builtin,,4,1,16,measured,40,162.893000,3.943000,253.8759765625,374.00390625,86.0,charging,false,0,,,44.3,FLAG_KEEP_SCREEN_ON,no_load_injected_background_apps_unverified,
2026-08-22T12:19:56.092708Z,1.2.0,realme_RMX3760_api35,1.2.0+3,release,mobilenet_v2_full_int8,0b1cdd47d0b7d94504c62d7160b431a69814006e3132b126ddc5b5bc97a4246d,mobilenet_v2,full_int8,int8,int8,1x224x224x3,builtin_cpu,none,none_builtin,,4,1,16,measured,41,168.186000,3.943000,252.8916015625,373.0,86.0,charging,false,0,,,44.3,FLAG_KEEP_SCREEN_ON,no_load_injected_background_apps_unverified,
2026-08-22T12:19:56.329404Z,1.2.0,realme_RMX3760_api35,1.2.0+3,release,mobilenet_v2_full_int8,0b1cdd47d0b7d94504c62d7160b431a69814006e3132b126ddc5b5bc97a4246d,mobilenet_v2,full_int8,int8,int8,1x224x224x3,builtin_cpu,none,none_builtin,,4,1,16,measured,42,176.908000,3.943000,252.9150390625,373.0,86.0,charging,false,0,,,44.3,FLAG_KEEP_SCREEN_ON,no_load_injected_background_apps_unverified,
2026-08-22T12:19:56.561666Z,1.2.0,realme_RMX3760_api35,1.2.0+3,release,mobilenet_v2_full_int8,0b1cdd47d0b7d94504c62d7160b431a69814006e3132b126ddc5b5bc97a4246d,mobilenet_v2,full_int8,int8,int8,1x224x224x3,builtin_cpu,none,none_builtin,,4,1,16,measured,43,171.253000,3.943000,252.9384765625,373.0078125,86.0,charging,false,0,,,44.3,FLAG_KEEP_SCREEN_ON,no_load_injected_background_apps_unverified,
2026-08-22T12:19:56.793248Z,1.2.0,realme_RMX3760_api35,1.2.0+3,release,mobilenet_v2_full_int8,0b1cdd47d0b7d94504c62d7160b431a69814006e3132b126ddc5b5bc97a4246d,mobilenet_v2,full_int8,int8,int8,1x224x224x3,builtin_cpu,none,none_builtin,,4,1,16,measured,44,170.518000,3.943000,252.9580078125,373.00390625,86.0,charging,false,0,,,44.3,FLAG_KEEP_SCREEN_ON,no_load_injected_background_apps_unverified,
2026-08-22T12:19:57.016691Z,1.2.0,realme_RMX3760_api35,1.2.0+3,release,mobilenet_v2_full_int8,0b1cdd47d0b7d94504c62d7160b431a69814006e3132b126ddc5b5bc97a4246d,mobilenet_v2,full_int8,int8,int8,1x224x224x3,builtin_cpu,none,none_builtin,,4,1,16,measured,45,162.720000,3.943000,251.9736328125,372.18359375,86.0,charging,false,0,,,44.3,FLAG_KEEP_SCREEN_ON,no_load_injected_background_apps_unverified,
2026-08-22T12:19:57.249659Z,1.2.0,realme_RMX3760_api35,1.2.0+3,release,mobilenet_v2_full_int8,0b1cdd47d0b7d94504c62d7160b431a69814006e3132b126ddc5b5bc97a4246d,mobilenet_v2,full_int8,int8,int8,1x224x224x3,builtin_cpu,none,none_builtin,,4,1,16,measured,46,173.387000,3.943000,251.8642578125,372.09765625,86.0,charging,false,0,,,44.3,FLAG_KEEP_SCREEN_ON,no_load_injected_background_apps_unverified,
2026-08-22T12:19:57.485555Z,1.2.0,realme_RMX3760_api35,1.2.0+3,release,mobilenet_v2_full_int8,0b1cdd47d0b7d94504c62d7160b431a69814006e3132b126ddc5b5bc97a4246d,mobilenet_v2,full_int8,int8,int8,1x224x224x3,builtin_cpu,none,none_builtin,,4,1,16,measured,47,176.273000,3.943000,252.8876953125,373.06640625,86.0,charging,false,0,,,44.3,FLAG_KEEP_SCREEN_ON,no_load_injected_background_apps_unverified,
2026-08-22T12:19:57.720799Z,1.2.0,realme_RMX3760_api35,1.2.0+3,release,mobilenet_v2_full_int8,0b1cdd47d0b7d94504c62d7160b431a69814006e3132b126ddc5b5bc97a4246d,mobilenet_v2,full_int8,int8,int8,1x224x224x3,builtin_cpu,none,none_builtin,,4,1,16,measured,48,174.155000,3.943000,251.93359375,372.05859375,86.0,charging,false,0,,,44.3,FLAG_KEEP_SCREEN_ON,no_load_injected_background_apps_unverified,
2026-08-22T12:19:57.941518Z,1.2.0,realme_RMX3760_api35,1.2.0+3,release,mobilenet_v2_full_int8,0b1cdd47d0b7d94504c62d7160b431a69814006e3132b126ddc5b5bc97a4246d,mobilenet_v2,full_int8,int8,int8,1x224x224x3,builtin_cpu,none,none_builtin,,4,1,16,measured,49,160.820000,3.943000,253.96875,374.2890625,86.0,charging,false,0,,,44.3,FLAG_KEEP_SCREEN_ON,no_load_injected_background_apps_unverified,
2026-08-22T12:19:58.165562Z,1.2.0,realme_RMX3760_api35,1.2.0+3,release,mobilenet_v2_full_int8,0b1cdd47d0b7d94504c62d7160b431a69814006e3132b126ddc5b5bc97a4246d,mobilenet_v2,full_int8,int8,int8,1x224x224x3,builtin_cpu,none,none_builtin,,4,1,16,measured,50,164.699000,3.943000,252.00390625,372.30859375,86.0,charging,false,0,,,44.3,FLAG_KEEP_SCREEN_ON,no_load_injected_background_apps_unverified,
2026-08-22T12:19:58.398250Z,1.2.0,realme_RMX3760_api35,1.2.0+3,release,mobilenet_v2_full_int8,0b1cdd47d0b7d94504c62d7160b431a69814006e3132b126ddc5b5bc97a4246d,mobilenet_v2,full_int8,int8,int8,1x224x224x3,builtin_cpu,none,none_builtin,,4,1,16,measured,51,172.937000,3.943000,253.03125,373.3125,86.0,charging,false,0,,,44.3,FLAG_KEEP_SCREEN_ON,no_load_injected_background_apps_unverified,
2026-08-22T12:19:58.627491Z,1.2.0,realme_RMX3760_api35,1.2.0+3,release,mobilenet_v2_full_int8,0b1cdd47d0b7d94504c62d7160b431a69814006e3132b126ddc5b5bc97a4246d,mobilenet_v2,full_int8,int8,int8,1x224x224x3,builtin_cpu,none,none_builtin,,4,1,16,measured,52,170.321000,3.943000,253.109375,373.375,86.0,charging,false,0,,,44.3,FLAG_KEEP_SCREEN_ON,no_load_injected_background_apps_unverified,
2026-08-22T12:19:58.869807Z,1.2.0,realme_RMX3760_api35,1.2.0+3,release,mobilenet_v2_full_int8,0b1cdd47d0b7d94504c62d7160b431a69814006e3132b126ddc5b5bc97a4246d,mobilenet_v2,full_int8,int8,int8,1x224x224x3,builtin_cpu,none,none_builtin,,4,1,16,measured,53,182.741000,3.943000,253.18359375,373.39453125,86.0,charging,false,0,,,44.3,FLAG_KEEP_SCREEN_ON,no_load_injected_background_apps_unverified,
2026-08-22T12:19:59.094156Z,1.2.0,realme_RMX3760_api35,1.2.0+3,release,mobilenet_v2_full_int8,0b1cdd47d0b7d94504c62d7160b431a69814006e3132b126ddc5b5bc97a4246d,mobilenet_v2,full_int8,int8,int8,1x224x224x3,builtin_cpu,none,none_builtin,,4,1,16,measured,54,164.250000,3.943000,254.20703125,374.42578125,86.0,charging,false,0,,,44.3,FLAG_KEEP_SCREEN_ON,no_load_injected_background_apps_unverified,
2026-08-22T12:19:59.340403Z,1.2.0,realme_RMX3760_api35,1.2.0+3,release,mobilenet_v2_full_int8,0b1cdd47d0b7d94504c62d7160b431a69814006e3132b126ddc5b5bc97a4246d,mobilenet_v2,full_int8,int8,int8,1x224x224x3,builtin_cpu,none,none_builtin,,4,1,16,measured,55,183.764000,3.943000,252.83203125,373.12890625,86.0,charging,false,0,,,44.2,FLAG_KEEP_SCREEN_ON,no_load_injected_background_apps_unverified,
2026-08-22T12:19:59.574572Z,1.2.0,realme_RMX3760_api35,1.2.0+3,release,mobilenet_v2_full_int8,0b1cdd47d0b7d94504c62d7160b431a69814006e3132b126ddc5b5bc97a4246d,mobilenet_v2,full_int8,int8,int8,1x224x224x3,builtin_cpu,none,none_builtin,,4,1,16,measured,56,174.948000,3.943000,253.140625,373.4375,86.0,charging,false,0,,,44.2,FLAG_KEEP_SCREEN_ON,no_load_injected_background_apps_unverified,
2026-08-22T12:19:59.800762Z,1.2.0,realme_RMX3760_api35,1.2.0+3,release,mobilenet_v2_full_int8,0b1cdd47d0b7d94504c62d7160b431a69814006e3132b126ddc5b5bc97a4246d,mobilenet_v2,full_int8,int8,int8,1x224x224x3,builtin_cpu,none,none_builtin,,4,1,16,measured,57,166.075000,3.943000,252.3203125,372.59765625,86.0,charging,false,0,,,44.2,FLAG_KEEP_SCREEN_ON,no_load_injected_background_apps_unverified,
2026-08-22T12:20:00.022207Z,1.2.0,realme_RMX3760_api35,1.2.0+3,release,mobilenet_v2_full_int8,0b1cdd47d0b7d94504c62d7160b431a69814006e3132b126ddc5b5bc97a4246d,mobilenet_v2,full_int8,int8,int8,1x224x224x3,builtin_cpu,none,none_builtin,,4,1,16,measured,58,161.051000,3.943000,254.34765625,374.60546875,86.0,charging,false,0,,,44.2,FLAG_KEEP_SCREEN_ON,no_load_injected_background_apps_unverified,
2026-08-22T12:20:00.265129Z,1.2.0,realme_RMX3760_api35,1.2.0+3,release,mobilenet_v2_full_int8,0b1cdd47d0b7d94504c62d7160b431a69814006e3132b126ddc5b5bc97a4246d,mobilenet_v2,full_int8,int8,int8,1x224x224x3,builtin_cpu,none,none_builtin,,4,1,16,measured,59,182.568000,3.943000,253.3671875,373.6015625,86.0,charging,false,0,,,44.2,FLAG_KEEP_SCREEN_ON,no_load_injected_background_apps_unverified,
2026-08-22T12:20:00.473550Z,1.2.0,realme_RMX3760_api35,1.2.0+3,release,mobilenet_v2_full_int8,0b1cdd47d0b7d94504c62d7160b431a69814006e3132b126ddc5b5bc97a4246d,mobilenet_v2,full_int8,int8,int8,1x224x224x3,builtin_cpu,none,none_builtin,,4,1,16,measured,60,147.611000,3.943000,255.65234375,375.97265625,86.0,charging,false,0,,,44.2,FLAG_KEEP_SCREEN_ON,no_load_injected_background_apps_unverified,
2026-08-22T12:20:00.701428Z,1.2.0,realme_RMX3760_api35,1.2.0+3,release,mobilenet_v2_full_int8,0b1cdd47d0b7d94504c62d7160b431a69814006e3132b126ddc5b5bc97a4246d,mobilenet_v2,full_int8,int8,int8,1x224x224x3,builtin_cpu,none,none_builtin,,4,1,16,measured,61,168.046000,3.943000,254.4296875,374.73046875,86.0,charging,false,0,,,44.2,FLAG_KEEP_SCREEN_ON,no_load_injected_background_apps_unverified,
2026-08-22T12:20:00.920944Z,1.2.0,realme_RMX3760_api35,1.2.0+3,release,mobilenet_v2_full_int8,0b1cdd47d0b7d94504c62d7160b431a69814006e3132b126ddc5b5bc97a4246d,mobilenet_v2,full_int8,int8,int8,1x224x224x3,builtin_cpu,none,none_builtin,,4,1,16,measured,62,159.183000,3.943000,254.44921875,374.73046875,86.0,charging,false,0,,,44.2,FLAG_KEEP_SCREEN_ON,no_load_injected_background_apps_unverified,
2026-08-22T12:20:01.155081Z,1.2.0,realme_RMX3760_api35,1.2.0+3,release,mobilenet_v2_full_int8,0b1cdd47d0b7d94504c62d7160b431a69814006e3132b126ddc5b5bc97a4246d,mobilenet_v2,full_int8,int8,int8,1x224x224x3,builtin_cpu,none,none_builtin,,4,1,16,measured,63,174.042000,3.943000,253.4765625,373.7265625,86.0,charging,false,0,,,44.2,FLAG_KEEP_SCREEN_ON,no_load_injected_background_apps_unverified,
2026-08-22T12:20:01.374724Z,1.2.0,realme_RMX3760_api35,1.2.0+3,release,mobilenet_v2_full_int8,0b1cdd47d0b7d94504c62d7160b431a69814006e3132b126ddc5b5bc97a4246d,mobilenet_v2,full_int8,int8,int8,1x224x224x3,builtin_cpu,none,none_builtin,,4,1,16,measured,64,160.173000,3.943000,252.3515625,372.57421875,86.0,charging,false,0,,,44.2,FLAG_KEEP_SCREEN_ON,no_load_injected_background_apps_unverified,
2026-08-22T12:20:01.604036Z,1.2.0,realme_RMX3760_api35,1.2.0+3,release,mobilenet_v2_full_int8,0b1cdd47d0b7d94504c62d7160b431a69814006e3132b126ddc5b5bc97a4246d,mobilenet_v2,full_int8,int8,int8,1x224x224x3,builtin_cpu,none,none_builtin,,4,1,16,measured,65,169.199000,3.943000,253.375,373.5625,86.0,charging,false,0,,,44.2,FLAG_KEEP_SCREEN_ON,no_load_injected_background_apps_unverified,
2026-08-22T12:20:01.837923Z,1.2.0,realme_RMX3760_api35,1.2.0+3,release,mobilenet_v2_full_int8,0b1cdd47d0b7d94504c62d7160b431a69814006e3132b126ddc5b5bc97a4246d,mobilenet_v2,full_int8,int8,int8,1x224x224x3,builtin_cpu,none,none_builtin,,4,1,16,measured,66,173.076000,3.943000,253.39453125,373.56640625,86.0,charging,false,0,,,44.2,FLAG_KEEP_SCREEN_ON,no_load_injected_background_apps_unverified,
2026-08-22T12:20:02.069113Z,1.2.0,realme_RMX3760_api35,1.2.0+3,release,mobilenet_v2_full_int8,0b1cdd47d0b7d94504c62d7160b431a69814006e3132b126ddc5b5bc97a4246d,mobilenet_v2,full_int8,int8,int8,1x224x224x3,builtin_cpu,none,none_builtin,,4,1,16,measured,67,170.104000,3.943000,253.4140625,373.56640625,86.0,charging,false,0,,,44.2,FLAG_KEEP_SCREEN_ON,no_load_injected_background_apps_unverified,
2026-08-22T12:20:02.291472Z,1.2.0,realme_RMX3760_api35,1.2.0+3,release,mobilenet_v2_full_int8,0b1cdd47d0b7d94504c62d7160b431a69814006e3132b126ddc5b5bc97a4246d,mobilenet_v2,full_int8,int8,int8,1x224x224x3,builtin_cpu,none,none_builtin,,4,1,16,measured,68,163.494000,3.943000,252.43359375,372.5625,86.0,charging,false,0,,,44.2,FLAG_KEEP_SCREEN_ON,no_load_injected_background_apps_unverified,
2026-08-22T12:20:02.504999Z,1.2.0,realme_RMX3760_api35,1.2.0+3,release,mobilenet_v2_full_int8,0b1cdd47d0b7d94504c62d7160b431a69814006e3132b126ddc5b5bc97a4246d,mobilenet_v2,full_int8,int8,int8,1x224x224x3,builtin_cpu,none,none_builtin,,4,1,16,measured,69,153.271000,3.943000,255.22265625,375.5390625,86.0,charging,false,0,,,44.2,FLAG_KEEP_SCREEN_ON,no_load_injected_background_apps_unverified,
2026-08-22T12:20:02.749662Z,1.2.0,realme_RMX3760_api35,1.2.0+3,release,mobilenet_v2_full_int8,0b1cdd47d0b7d94504c62d7160b431a69814006e3132b126ddc5b5bc97a4246d,mobilenet_v2,full_int8,int8,int8,1x224x224x3,builtin_cpu,none,none_builtin,,4,1,16,measured,70,184.496000,3.943000,253.453125,373.75,86.0,charging,false,0,,,44.2,FLAG_KEEP_SCREEN_ON,no_load_injected_background_apps_unverified,
2026-08-22T12:20:02.969754Z,1.2.0,realme_RMX3760_api35,1.2.0+3,release,mobilenet_v2_full_int8,0b1cdd47d0b7d94504c62d7160b431a69814006e3132b126ddc5b5bc97a4246d,mobilenet_v2,full_int8,int8,int8,1x224x224x3,builtin_cpu,none,none_builtin,,4,1,16,measured,71,159.048000,3.943000,254.4765625,374.75390625,86.0,charging,false,0,,,44.2,FLAG_KEEP_SCREEN_ON,no_load_injected_background_apps_unverified,
2026-08-22T12:20:03.202429Z,1.2.0,realme_RMX3760_api35,1.2.0+3,release,mobilenet_v2_full_int8,0b1cdd47d0b7d94504c62d7160b431a69814006e3132b126ddc5b5bc97a4246d,mobilenet_v2,full_int8,int8,int8,1x224x224x3,builtin_cpu,none,none_builtin,,4,1,16,measured,72,172.732000,3.943000,253.4921875,373.75390625,86.0,charging,false,0,,,44.2,FLAG_KEEP_SCREEN_ON,no_load_injected_background_apps_unverified,
2026-08-22T12:20:03.436821Z,1.2.0,realme_RMX3760_api35,1.2.0+3,release,mobilenet_v2_full_int8,0b1cdd47d0b7d94504c62d7160b431a69814006e3132b126ddc5b5bc97a4246d,mobilenet_v2,full_int8,int8,int8,1x224x224x3,builtin_cpu,none,none_builtin,,4,1,16,measured,73,173.891000,3.943000,253.30859375,373.41796875,86.0,charging,false,0,,,44.2,FLAG_KEEP_SCREEN_ON,no_load_injected_background_apps_unverified,
2026-08-22T12:20:03.657602Z,1.2.0,realme_RMX3760_api35,1.2.0+3,release,mobilenet_v2_full_int8,0b1cdd47d0b7d94504c62d7160b431a69814006e3132b126ddc5b5bc97a4246d,mobilenet_v2,full_int8,int8,int8,1x224x224x3,builtin_cpu,none,none_builtin,,4,1,16,measured,74,160.824000,3.943000,252.5234375,372.70703125,86.0,charging,false,0,,,44.2,FLAG_KEEP_SCREEN_ON,no_load_injected_background_apps_unverified,
2026-08-22T12:20:03.890105Z,1.2.0,realme_RMX3760_api35,1.2.0+3,release,mobilenet_v2_full_int8,0b1cdd47d0b7d94504c62d7160b431a69814006e3132b126ddc5b5bc97a4246d,mobilenet_v2,full_int8,int8,int8,1x224x224x3,builtin_cpu,none,none_builtin,,4,1,16,measured,75,173.428000,3.943000,253.55078125,373.73828125,86.0,charging,false,0,,,44.2,FLAG_KEEP_SCREEN_ON,no_load_injected_background_apps_unverified,
2026-08-22T12:20:04.128940Z,1.2.0,realme_RMX3760_api35,1.2.0+3,release,mobilenet_v2_full_int8,0b1cdd47d0b7d94504c62d7160b431a69814006e3132b126ddc5b5bc97a4246d,mobilenet_v2,full_int8,int8,int8,1x224x224x3,builtin_cpu,none,none_builtin,,4,1,16,measured,76,177.988000,3.943000,253.57421875,373.7421875,86.0,charging,false,0,,,44.2,FLAG_KEEP_SCREEN_ON,no_load_injected_background_apps_unverified,
2026-08-22T12:20:04.354108Z,1.2.0,realme_RMX3760_api35,1.2.0+3,release,mobilenet_v2_full_int8,0b1cdd47d0b7d94504c62d7160b431a69814006e3132b126ddc5b5bc97a4246d,mobilenet_v2,full_int8,int8,int8,1x224x224x3,builtin_cpu,none,none_builtin,,4,1,16,measured,77,167.020000,3.943000,252.59375,372.73828125,86.0,charging,false,0,,,44.2,FLAG_KEEP_SCREEN_ON,no_load_injected_background_apps_unverified,
2026-08-22T12:20:04.585733Z,1.2.0,realme_RMX3760_api35,1.2.0+3,release,mobilenet_v2_full_int8,0b1cdd47d0b7d94504c62d7160b431a69814006e3132b126ddc5b5bc97a4246d,mobilenet_v2,full_int8,int8,int8,1x224x224x3,builtin_cpu,none,none_builtin,,4,1,16,measured,78,171.940000,3.943000,253.66796875,373.80078125,86.0,charging,false,0,,,44.2,FLAG_KEEP_SCREEN_ON,no_load_injected_background_apps_unverified,
2026-08-22T12:20:04.814223Z,1.2.0,realme_RMX3760_api35,1.2.0+3,release,mobilenet_v2_full_int8,0b1cdd47d0b7d94504c62d7160b431a69814006e3132b126ddc5b5bc97a4246d,mobilenet_v2,full_int8,int8,int8,1x224x224x3,builtin_cpu,none,none_builtin,,4,1,16,measured,79,169.006000,3.943000,253.19140625,373.5,86.0,charging,false,0,,,44.2,FLAG_KEEP_SCREEN_ON,no_load_injected_background_apps_unverified,
2026-08-22T12:20:05.030385Z,1.2.0,realme_RMX3760_api35,1.2.0+3,release,mobilenet_v2_full_int8,0b1cdd47d0b7d94504c62d7160b431a69814006e3132b126ddc5b5bc97a4246d,mobilenet_v2,full_int8,int8,int8,1x224x224x3,builtin_cpu,none,none_builtin,,4,1,16,measured,80,157.003000,3.943000,253.2109375,373.5,86.0,charging,false,0,,,44.2,FLAG_KEEP_SCREEN_ON,no_load_injected_background_apps_unverified,
2026-08-22T12:20:05.266162Z,1.2.0,realme_RMX3760_api35,1.2.0+3,release,mobilenet_v2_full_int8,0b1cdd47d0b7d94504c62d7160b431a69814006e3132b126ddc5b5bc97a4246d,mobilenet_v2,full_int8,int8,int8,1x224x224x3,builtin_cpu,none,none_builtin,,4,1,16,measured,81,176.273000,3.943000,253.73046875,374.0,86.0,charging,false,0,,,44.2,FLAG_KEEP_SCREEN_ON,no_load_injected_background_apps_unverified,
2026-08-22T12:20:05.496785Z,1.2.0,realme_RMX3760_api35,1.2.0+3,release,mobilenet_v2_full_int8,0b1cdd47d0b7d94504c62d7160b431a69814006e3132b126ddc5b5bc97a4246d,mobilenet_v2,full_int8,int8,int8,1x224x224x3,builtin_cpu,none,none_builtin,,4,1,16,measured,82,170.076000,3.943000,253.78515625,374.01953125,86.0,charging,false,0,,,44.2,FLAG_KEEP_SCREEN_ON,no_load_injected_background_apps_unverified,
2026-08-22T12:20:05.720383Z,1.2.0,realme_RMX3760_api35,1.2.0+3,release,mobilenet_v2_full_int8,0b1cdd47d0b7d94504c62d7160b431a69814006e3132b126ddc5b5bc97a4246d,mobilenet_v2,full_int8,int8,int8,1x224x224x3,builtin_cpu,none,none_builtin,,4,1,16,measured,83,163.048000,3.943000,252.80078125,373.03125,86.0,charging,false,0,,,44.2,FLAG_KEEP_SCREEN_ON,no_load_injected_background_apps_unverified,
2026-08-22T12:20:05.961514Z,1.2.0,realme_RMX3760_api35,1.2.0+3,release,mobilenet_v2_full_int8,0b1cdd47d0b7d94504c62d7160b431a69814006e3132b126ddc5b5bc97a4246d,mobilenet_v2,full_int8,int8,int8,1x224x224x3,builtin_cpu,none,none_builtin,,4,1,16,measured,84,181.150000,3.943000,253.81640625,374.01953125,86.0,charging,false,0,,,44.2,FLAG_KEEP_SCREEN_ON,no_load_injected_background_apps_unverified,
2026-08-22T12:20:06.175007Z,1.2.0,realme_RMX3760_api35,1.2.0+3,release,mobilenet_v2_full_int8,0b1cdd47d0b7d94504c62d7160b431a69814006e3132b126ddc5b5bc97a4246d,mobilenet_v2,full_int8,int8,int8,1x224x224x3,builtin_cpu,none,none_builtin,,4,1,16,measured,85,154.173000,3.943000,252.3203125,372.6328125,86.0,charging,false,0,,,44.2,FLAG_KEEP_SCREEN_ON,no_load_injected_background_apps_unverified,
2026-08-22T12:20:06.408875Z,1.2.0,realme_RMX3760_api35,1.2.0+3,release,mobilenet_v2_full_int8,0b1cdd47d0b7d94504c62d7160b431a69814006e3132b126ddc5b5bc97a4246d,mobilenet_v2,full_int8,int8,int8,1x224x224x3,builtin_cpu,none,none_builtin,,4,1,16,measured,86,173.394000,3.943000,253.84765625,374.13671875,86.0,charging,false,0,,,44.2,FLAG_KEEP_SCREEN_ON,no_load_injected_background_apps_unverified,
2026-08-22T12:20:06.629194Z,1.2.0,realme_RMX3760_api35,1.2.0+3,release,mobilenet_v2_full_int8,0b1cdd47d0b7d94504c62d7160b431a69814006e3132b126ddc5b5bc97a4246d,mobilenet_v2,full_int8,int8,int8,1x224x224x3,builtin_cpu,none,none_builtin,,4,1,16,measured,87,160.151000,3.943000,254.87890625,375.14453125,86.0,charging,false,0,,,44.2,FLAG_KEEP_SCREEN_ON,no_load_injected_background_apps_unverified,
2026-08-22T12:20:06.854214Z,1.2.0,realme_RMX3760_api35,1.2.0+3,release,mobilenet_v2_full_int8,0b1cdd47d0b7d94504c62d7160b431a69814006e3132b126ddc5b5bc97a4246d,mobilenet_v2,full_int8,int8,int8,1x224x224x3,builtin_cpu,none,none_builtin,,4,1,16,measured,88,165.747000,3.943000,252.88671875,373.13671875,86.0,charging,false,0,,,44.2,FLAG_KEEP_SCREEN_ON,no_load_injected_background_apps_unverified,
2026-08-22T12:20:07.093488Z,1.2.0,realme_RMX3760_api35,1.2.0+3,release,mobilenet_v2_full_int8,0b1cdd47d0b7d94504c62d7160b431a69814006e3132b126ddc5b5bc97a4246d,mobilenet_v2,full_int8,int8,int8,1x224x224x3,builtin_cpu,none,none_builtin,,4,1,16,measured,89,177.776000,3.943000,253.41015625,373.71875,86.0,charging,false,0,,,44.2,FLAG_KEEP_SCREEN_ON,no_load_injected_background_apps_unverified,
2026-08-22T12:20:07.304181Z,1.2.0,realme_RMX3760_api35,1.2.0+3,release,mobilenet_v2_full_int8,0b1cdd47d0b7d94504c62d7160b431a69814006e3132b126ddc5b5bc97a4246d,mobilenet_v2,full_int8,int8,int8,1x224x224x3,builtin_cpu,none,none_builtin,,4,1,16,measured,90,150.008000,3.943000,252.42578125,372.734375,86.0,charging,false,0,,,44.2,FLAG_KEEP_SCREEN_ON,no_load_injected_background_apps_unverified,
2026-08-22T12:20:07.541245Z,1.2.0,realme_RMX3760_api35,1.2.0+3,release,mobilenet_v2_full_int8,0b1cdd47d0b7d94504c62d7160b431a69814006e3132b126ddc5b5bc97a4246d,mobilenet_v2,full_int8,int8,int8,1x224x224x3,builtin_cpu,none,none_builtin,,4,1,16,measured,91,176.867000,3.943000,253.42578125,373.70703125,86.0,charging,false,0,,,44.2,FLAG_KEEP_SCREEN_ON,no_load_injected_background_apps_unverified,
2026-08-22T12:20:07.768658Z,1.2.0,realme_RMX3760_api35,1.2.0+3,release,mobilenet_v2_full_int8,0b1cdd47d0b7d94504c62d7160b431a69814006e3132b126ddc5b5bc97a4246d,mobilenet_v2,full_int8,int8,int8,1x224x224x3,builtin_cpu,none,none_builtin,,4,1,16,measured,92,166.100000,3.943000,254.44921875,374.7109375,86.0,charging,false,0,,,44.2,FLAG_KEEP_SCREEN_ON,no_load_injected_background_apps_unverified,
2026-08-22T12:20:08.012683Z,1.2.0,realme_RMX3760_api35,1.2.0+3,release,mobilenet_v2_full_int8,0b1cdd47d0b7d94504c62d7160b431a69814006e3132b126ddc5b5bc97a4246d,mobilenet_v2,full_int8,int8,int8,1x224x224x3,builtin_cpu,none,none_builtin,,4,1,16,measured,93,181.186000,3.943000,253.47265625,373.703125,86.0,charging,false,0,,,44.2,FLAG_KEEP_SCREEN_ON,no_load_injected_background_apps_unverified,
2026-08-22T12:20:08.233966Z,1.2.0,realme_RMX3760_api35,1.2.0+3,release,mobilenet_v2_full_int8,0b1cdd47d0b7d94504c62d7160b431a69814006e3132b126ddc5b5bc97a4246d,mobilenet_v2,full_int8,int8,int8,1x224x224x3,builtin_cpu,none,none_builtin,,4,1,16,measured,94,161.745000,3.943000,253.89453125,374.1640625,86.0,charging,false,0,,,44.2,FLAG_KEEP_SCREEN_ON,no_load_injected_background_apps_unverified,
2026-08-22T12:20:08.473484Z,1.2.0,realme_RMX3760_api35,1.2.0+3,release,mobilenet_v2_full_int8,0b1cdd47d0b7d94504c62d7160b431a69814006e3132b126ddc5b5bc97a4246d,mobilenet_v2,full_int8,int8,int8,1x224x224x3,builtin_cpu,none,none_builtin,,4,1,16,measured,95,179.694000,3.943000,254.015625,374.15625,86.0,charging,false,0,,,44.2,FLAG_KEEP_SCREEN_ON,no_load_injected_background_apps_unverified,
2026-08-22T12:20:08.708026Z,1.2.0,realme_RMX3760_api35,1.2.0+3,release,mobilenet_v2_full_int8,0b1cdd47d0b7d94504c62d7160b431a69814006e3132b126ddc5b5bc97a4246d,mobilenet_v2,full_int8,int8,int8,1x224x224x3,builtin_cpu,none,none_builtin,,4,1,16,measured,96,171.804000,3.943000,253.42578125,373.6640625,86.0,charging,false,0,,,44.2,FLAG_KEEP_SCREEN_ON,no_load_injected_background_apps_unverified,
2026-08-22T12:20:08.936961Z,1.2.0,realme_RMX3760_api35,1.2.0+3,release,mobilenet_v2_full_int8,0b1cdd47d0b7d94504c62d7160b431a69814006e3132b126ddc5b5bc97a4246d,mobilenet_v2,full_int8,int8,int8,1x224x224x3,builtin_cpu,none,none_builtin,,4,1,16,measured,97,168.880000,3.943000,253.0234375,373.22265625,86.0,charging,false,0,,,44.2,FLAG_KEEP_SCREEN_ON,no_load_injected_background_apps_unverified,
2026-08-22T12:20:09.145509Z,1.2.0,realme_RMX3760_api35,1.2.0+3,release,mobilenet_v2_full_int8,0b1cdd47d0b7d94504c62d7160b431a69814006e3132b126ddc5b5bc97a4246d,mobilenet_v2,full_int8,int8,int8,1x224x224x3,builtin_cpu,none,none_builtin,,4,1,16,measured,98,148.378000,3.943000,255.80859375,375.98828125,86.0,charging,false,0,,,44.2,FLAG_KEEP_SCREEN_ON,no_load_injected_background_apps_unverified,
2026-08-22T12:20:09.397807Z,1.2.0,realme_RMX3760_api35,1.2.0+3,release,mobilenet_v2_full_int8,0b1cdd47d0b7d94504c62d7160b431a69814006e3132b126ddc5b5bc97a4246d,mobilenet_v2,full_int8,int8,int8,1x224x224x3,builtin_cpu,none,none_builtin,,4,1,16,measured,99,192.577000,3.943000,254.06640625,374.26171875,86.0,charging,false,0,,,44.2,FLAG_KEEP_SCREEN_ON,no_load_injected_background_apps_unverified,
2026-08-22T12:20:09.464759Z,1.2.0,realme_RMX3760_api35,1.2.0+3,release,mobilenet_v3_small_full_int8,7eb4e5feb3ad6a7ffe9c7d81f9f7b78d520a334323c091aaddccb8859c84991b,mobilenet_v3_small,full_int8,int8,int8,1x224x224x3,xnnpack_cpu,xnnpack,xnnpack_initialized_partition_unverified,Bad state: failed precondition,2,1,17,configuration_error,-1,,0.000000,257.34765625,377.76171875,86.0,charging,false,0,,,44.2,FLAG_KEEP_SCREEN_ON,no_load_injected_background_apps_unverified,Bad state: failed precondition
2026-08-22T12:20:19.994513Z,1.2.0,realme_RMX3760_api35,1.2.0+3,release,efficientnet_b0_float16,8b487a2559093bb4a7f986aa93665bf5c61d27c44c836376ec46bebc84d1bc8c,efficientnet_b0,float16,float32,float32,1x224x224x3,builtin_cpu,none,none_builtin,,1,1,18,measured,0,488.491000,10.896000,296.5390625,417.05078125,86.0,charging,false,0,,,44.0,FLAG_KEEP_SCREEN_ON,no_load_injected_background_apps_unverified,
2026-08-22T12:20:20.558297Z,1.2.0,realme_RMX3760_api35,1.2.0+3,release,efficientnet_b0_float16,8b487a2559093bb4a7f986aa93665bf5c61d27c44c836376ec46bebc84d1bc8c,efficientnet_b0,float16,float32,float32,1x224x224x3,builtin_cpu,none,none_builtin,,1,1,18,measured,1,502.004000,10.896000,297.05859375,417.5390625,86.0,charging,false,0,,,44.0,FLAG_KEEP_SCREEN_ON,no_load_injected_background_apps_unverified,
2026-08-22T12:20:21.123050Z,1.2.0,realme_RMX3760_api35,1.2.0+3,release,efficientnet_b0_float16,8b487a2559093bb4a7f986aa93665bf5c61d27c44c836376ec46bebc84d1bc8c,efficientnet_b0,float16,float32,float32,1x224x224x3,builtin_cpu,none,none_builtin,,1,1,18,measured,2,502.147000,10.896000,296.99609375,417.44921875,86.0,charging,false,0,,,44.0,FLAG_KEEP_SCREEN_ON,no_load_injected_background_apps_unverified,
2026-08-22T12:20:21.696246Z,1.2.0,realme_RMX3760_api35,1.2.0+3,release,efficientnet_b0_float16,8b487a2559093bb4a7f986aa93665bf5c61d27c44c836376ec46bebc84d1bc8c,efficientnet_b0,float16,float32,float32,1x224x224x3,builtin_cpu,none,none_builtin,,1,1,18,measured,3,500.053000,10.896000,297.55078125,418.02734375,86.0,charging,false,0,,,44.0,FLAG_KEEP_SCREEN_ON,no_load_injected_background_apps_unverified,
2026-08-22T12:20:22.256260Z,1.2.0,realme_RMX3760_api35,1.2.0+3,release,efficientnet_b0_float16,8b487a2559093bb4a7f986aa93665bf5c61d27c44c836376ec46bebc84d1bc8c,efficientnet_b0,float16,float32,float32,1x224x224x3,builtin_cpu,none,none_builtin,,1,1,18,measured,4,498.073000,10.896000,297.61328125,418.0390625,86.0,charging,false,0,,,44.0,FLAG_KEEP_SCREEN_ON,no_load_injected_background_apps_unverified,
2026-08-22T12:20:22.802655Z,1.2.0,realme_RMX3760_api35,1.2.0+3,release,efficientnet_b0_float16,8b487a2559093bb4a7f986aa93665bf5c61d27c44c836376ec46bebc84d1bc8c,efficientnet_b0,float16,float32,float32,1x224x224x3,builtin_cpu,none,none_builtin,,1,1,18,measured,5,484.636000,10.896000,300.625,421.12109375,86.0,charging,false,0,,,44.0,FLAG_KEEP_SCREEN_ON,no_load_injected_background_apps_unverified,
2026-08-22T12:20:23.367937Z,1.2.0,realme_RMX3760_api35,1.2.0+3,release,efficientnet_b0_float16,8b487a2559093bb4a7f986aa93665bf5c61d27c44c836376ec46bebc84d1bc8c,efficientnet_b0,float16,float32,float32,1x224x224x3,builtin_cpu,none,none_builtin,,1,1,18,measured,6,503.782000,10.896000,297.66015625,418.1328125,86.0,charging,false,0,,,44.0,FLAG_KEEP_SCREEN_ON,no_load_injected_background_apps_unverified,
2026-08-22T12:20:23.920464Z,1.2.0,realme_RMX3760_api35,1.2.0+3,release,efficientnet_b0_float16,8b487a2559093bb4a7f986aa93665bf5c61d27c44c836376ec46bebc84d1bc8c,efficientnet_b0,float16,float32,float32,1x224x224x3,builtin_cpu,none,none_builtin,,1,1,18,measured,7,491.596000,10.896000,297.67578125,418.12890625,86.0,charging,false,0,,,44.0,FLAG_KEEP_SCREEN_ON,no_load_injected_background_apps_unverified,
2026-08-22T12:20:24.480379Z,1.2.0,realme_RMX3760_api35,1.2.0+3,release,efficientnet_b0_float16,8b487a2559093bb4a7f986aa93665bf5c61d27c44c836376ec46bebc84d1bc8c,efficientnet_b0,float16,float32,float32,1x224x224x3,builtin_cpu,none,none_builtin,,1,1,18,measured,8,498.518000,10.896000,297.62890625,418.03515625,86.0,charging,false,0,,,44.0,FLAG_KEEP_SCREEN_ON,no_load_injected_background_apps_unverified,
2026-08-22T12:20:25.028618Z,1.2.0,realme_RMX3760_api35,1.2.0+3,release,efficientnet_b0_float16,8b487a2559093bb4a7f986aa93665bf5c61d27c44c836376ec46bebc84d1bc8c,efficientnet_b0,float16,float32,float32,1x224x224x3,builtin_cpu,none,none_builtin,,1,1,18,measured,9,487.412000,10.896000,296.96875,417.4609375,86.0,charging,false,0,,,44.0,FLAG_KEEP_SCREEN_ON,no_load_injected_background_apps_unverified,
2026-08-22T12:20:25.603115Z,1.2.0,realme_RMX3760_api35,1.2.0+3,release,efficientnet_b0_float16,8b487a2559093bb4a7f986aa93665bf5c61d27c44c836376ec46bebc84d1bc8c,efficientnet_b0,float16,float32,float32,1x224x224x3,builtin_cpu,none,none_builtin,,1,1,18,measured,10,513.212000,10.896000,297.203125,417.70703125,86.0,charging,false,0,,,44.0,FLAG_KEEP_SCREEN_ON,no_load_injected_background_apps_unverified,
2026-08-22T12:20:26.164274Z,1.2.0,realme_RMX3760_api35,1.2.0+3,release,efficientnet_b0_float16,8b487a2559093bb4a7f986aa93665bf5c61d27c44c836376ec46bebc84d1bc8c,efficientnet_b0,float16,float32,float32,1x224x224x3,builtin_cpu,none,none_builtin,,1,1,18,measured,11,499.150000,10.896000,297.7265625,418.203125,86.0,charging,false,0,,,44.0,FLAG_KEEP_SCREEN_ON,no_load_injected_background_apps_unverified,
2026-08-22T12:20:26.718852Z,1.2.0,realme_RMX3760_api35,1.2.0+3,release,efficientnet_b0_float16,8b487a2559093bb4a7f986aa93665bf5c61d27c44c836376ec46bebc84d1bc8c,efficientnet_b0,float16,float32,float32,1x224x224x3,builtin_cpu,none,none_builtin,,1,1,18,measured,12,492.787000,10.896000,297.33984375,417.8125,86.0,charging,false,0,,,43.9,FLAG_KEEP_SCREEN_ON,no_load_injected_background_apps_unverified,
2026-08-22T12:20:27.280355Z,1.2.0,realme_RMX3760_api35,1.2.0+3,release,efficientnet_b0_float16,8b487a2559093bb4a7f986aa93665bf5c61d27c44c836376ec46bebc84d1bc8c,efficientnet_b0,float16,float32,float32,1x224x224x3,builtin_cpu,none,none_builtin,,1,1,18,measured,13,500.368000,10.896000,297.765625,418.21484375,86.0,charging,false,0,,,43.9,FLAG_KEEP_SCREEN_ON,no_load_injected_background_apps_unverified,
2026-08-22T12:20:27.843511Z,1.2.0,realme_RMX3760_api35,1.2.0+3,release,efficientnet_b0_float16,8b487a2559093bb4a7f986aa93665bf5c61d27c44c836376ec46bebc84d1bc8c,efficientnet_b0,float16,float32,float32,1x224x224x3,builtin_cpu,none,none_builtin,,1,1,18,measured,14,501.960000,10.896000,296.78515625,417.28515625,86.0,charging,false,0,,,43.9,FLAG_KEEP_SCREEN_ON,no_load_injected_background_apps_unverified,
2026-08-22T12:20:28.418387Z,1.2.0,realme_RMX3760_api35,1.2.0+3,release,efficientnet_b0_float16,8b487a2559093bb4a7f986aa93665bf5c61d27c44c836376ec46bebc84d1bc8c,efficientnet_b0,float16,float32,float32,1x224x224x3,builtin_cpu,none,none_builtin,,1,1,18,measured,15,512.935000,10.896000,297.1796875,417.671875,86.0,charging,false,0,,,43.9,FLAG_KEEP_SCREEN_ON,no_load_injected_background_apps_unverified,
2026-08-22T12:20:28.980232Z,1.2.0,realme_RMX3760_api35,1.2.0+3,release,efficientnet_b0_float16,8b487a2559093bb4a7f986aa93665bf5c61d27c44c836376ec46bebc84d1bc8c,efficientnet_b0,float16,float32,float32,1x224x224x3,builtin_cpu,none,none_builtin,,1,1,18,measured,16,500.389000,10.896000,296.828125,417.328125,86.0,charging,false,0,,,43.9,FLAG_KEEP_SCREEN_ON,no_load_injected_background_apps_unverified,
2026-08-22T12:20:29.543821Z,1.2.0,realme_RMX3760_api35,1.2.0+3,release,efficientnet_b0_float16,8b487a2559093bb4a7f986aa93665bf5c61d27c44c836376ec46bebc84d1bc8c,efficientnet_b0,float16,float32,float32,1x224x224x3,builtin_cpu,none,none_builtin,,1,1,18,measured,17,502.273000,10.896000,297.38671875,417.7890625,86.0,charging,false,0,,,43.9,FLAG_KEEP_SCREEN_ON,no_load_injected_background_apps_unverified,
2026-08-22T12:20:30.076050Z,1.2.0,realme_RMX3760_api35,1.2.0+3,release,efficientnet_b0_float16,8b487a2559093bb4a7f986aa93665bf5c61d27c44c836376ec46bebc84d1bc8c,efficientnet_b0,float16,float32,float32,1x224x224x3,builtin_cpu,none,none_builtin,,1,1,18,measured,18,471.119000,10.896000,297.3984375,417.890625,86.0,charging,false,0,,,43.9,FLAG_KEEP_SCREEN_ON,no_load_injected_background_apps_unverified,
2026-08-22T12:20:30.642710Z,1.2.0,realme_RMX3760_api35,1.2.0+3,release,efficientnet_b0_float16,8b487a2559093bb4a7f986aa93665bf5c61d27c44c836376ec46bebc84d1bc8c,efficientnet_b0,float16,float32,float32,1x224x224x3,builtin_cpu,none,none_builtin,,1,1,18,measured,19,505.083000,10.896000,297.85546875,418.328125,86.0,charging,false,0,,,43.9,FLAG_KEEP_SCREEN_ON,no_load_injected_background_apps_unverified,
2026-08-22T12:20:31.202392Z,1.2.0,realme_RMX3760_api35,1.2.0+3,release,efficientnet_b0_float16,8b487a2559093bb4a7f986aa93665bf5c61d27c44c836376ec46bebc84d1bc8c,efficientnet_b0,float16,float32,float32,1x224x224x3,builtin_cpu,none,none_builtin,,1,1,18,measured,20,499.101000,10.896000,297.34765625,417.8203125,86.0,charging,false,0,,,43.9,FLAG_KEEP_SCREEN_ON,no_load_injected_background_apps_unverified,
2026-08-22T12:20:31.754607Z,1.2.0,realme_RMX3760_api35,1.2.0+3,release,efficientnet_b0_float16,8b487a2559093bb4a7f986aa93665bf5c61d27c44c836376ec46bebc84d1bc8c,efficientnet_b0,float16,float32,float32,1x224x224x3,builtin_cpu,none,none_builtin,,1,1,18,measured,21,490.560000,10.896000,297.94921875,418.38671875,86.0,charging,false,0,,,43.9,FLAG_KEEP_SCREEN_ON,no_load_injected_background_apps_unverified,
2026-08-22T12:20:32.310608Z,1.2.0,realme_RMX3760_api35,1.2.0+3,release,efficientnet_b0_float16,8b487a2559093bb4a7f986aa93665bf5c61d27c44c836376ec46bebc84d1bc8c,efficientnet_b0,float16,float32,float32,1x224x224x3,builtin_cpu,none,none_builtin,,1,1,18,measured,22,494.536000,10.896000,297.46875,417.96875,86.0,charging,false,0,,,43.9,FLAG_KEEP_SCREEN_ON,no_load_injected_background_apps_unverified,
2026-08-22T12:20:32.868243Z,1.2.0,realme_RMX3760_api35,1.2.0+3,release,efficientnet_b0_float16,8b487a2559093bb4a7f986aa93665bf5c61d27c44c836376ec46bebc84d1bc8c,efficientnet_b0,float16,float32,float32,1x224x224x3,builtin_cpu,none,none_builtin,,1,1,18,measured,23,496.884000,10.896000,297.48828125,417.96875,86.0,charging,false,0,,,43.9,FLAG_KEEP_SCREEN_ON,no_load_injected_background_apps_unverified,
2026-08-22T12:20:33.424748Z,1.2.0,realme_RMX3760_api35,1.2.0+3,release,efficientnet_b0_float16,8b487a2559093bb4a7f986aa93665bf5c61d27c44c836376ec46bebc84d1bc8c,efficientnet_b0,float16,float32,float32,1x224x224x3,builtin_cpu,none,none_builtin,,1,1,18,measured,24,495.008000,10.896000,297.77734375,418.25,86.0,charging,false,0,,,43.9,FLAG_KEEP_SCREEN_ON,no_load_injected_background_apps_unverified,
2026-08-22T12:20:33.978113Z,1.2.0,realme_RMX3760_api35,1.2.0+3,release,efficientnet_b0_float16,8b487a2559093bb4a7f986aa93665bf5c61d27c44c836376ec46bebc84d1bc8c,efficientnet_b0,float16,float32,float32,1x224x224x3,builtin_cpu,none,none_builtin,,1,1,18,measured,25,491.313000,10.896000,297.96875,418.46484375,86.0,charging,false,0,,,43.9,FLAG_KEEP_SCREEN_ON,no_load_injected_background_apps_unverified,
2026-08-22T12:20:34.528774Z,1.2.0,realme_RMX3760_api35,1.2.0+3,release,efficientnet_b0_float16,8b487a2559093bb4a7f986aa93665bf5c61d27c44c836376ec46bebc84d1bc8c,efficientnet_b0,float16,float32,float32,1x224x224x3,builtin_cpu,none,none_builtin,,1,1,18,measured,26,489.085000,10.896000,297.98828125,418.37890625,86.0,charging,false,0,,,43.9,FLAG_KEEP_SCREEN_ON,no_load_injected_background_apps_unverified,
2026-08-22T12:20:35.070653Z,1.2.0,realme_RMX3760_api35,1.2.0+3,release,efficientnet_b0_float16,8b487a2559093bb4a7f986aa93665bf5c61d27c44c836376ec46bebc84d1bc8c,efficientnet_b0,float16,float32,float32,1x224x224x3,builtin_cpu,none,none_builtin,,1,1,18,measured,27,480.513000,10.896000,297.05859375,417.55078125,86.0,charging,false,0,,,43.9,FLAG_KEEP_SCREEN_ON,no_load_injected_background_apps_unverified,
2026-08-22T12:20:35.629917Z,1.2.0,realme_RMX3760_api35,1.2.0+3,release,efficientnet_b0_float16,8b487a2559093bb4a7f986aa93665bf5c61d27c44c836376ec46bebc84d1bc8c,efficientnet_b0,float16,float32,float32,1x224x224x3,builtin_cpu,none,none_builtin,,1,1,18,measured,28,497.445000,10.896000,298.04296875,418.31640625,86.0,charging,false,0,,,43.9,FLAG_KEEP_SCREEN_ON,no_load_injected_background_apps_unverified,
2026-08-22T12:20:36.188137Z,1.2.0,realme_RMX3760_api35,1.2.0+3,release,efficientnet_b0_float16,8b487a2559093bb4a7f986aa93665bf5c61d27c44c836376ec46bebc84d1bc8c,efficientnet_b0,float16,float32,float32,1x224x224x3,builtin_cpu,none,none_builtin,,1,1,18,measured,29,496.944000,10.896000,298.140625,418.53515625,86.0,charging,false,0,,,43.9,FLAG_KEEP_SCREEN_ON,no_load_injected_background_apps_unverified,
2026-08-22T12:20:36.736431Z,1.2.0,realme_RMX3760_api35,1.2.0+3,release,efficientnet_b0_float16,8b487a2559093bb4a7f986aa93665bf5c61d27c44c836376ec46bebc84d1bc8c,efficientnet_b0,float16,float32,float32,1x224x224x3,builtin_cpu,none,none_builtin,,1,1,18,measured,30,487.528000,10.896000,298.15234375,418.640625,86.0,charging,false,0,,,43.9,FLAG_KEEP_SCREEN_ON,no_load_injected_background_apps_unverified,
2026-08-22T12:20:37.291959Z,1.2.0,realme_RMX3760_api35,1.2.0+3,release,efficientnet_b0_float16,8b487a2559093bb4a7f986aa93665bf5c61d27c44c836376ec46bebc84d1bc8c,efficientnet_b0,float16,float32,float32,1x224x224x3,builtin_cpu,none,none_builtin,,1,1,18,measured,31,491.899000,10.896000,297.671875,418.16015625,86.0,charging,false,0,,,43.9,FLAG_KEEP_SCREEN_ON,no_load_injected_background_apps_unverified,
2026-08-22T12:20:37.867860Z,1.2.0,realme_RMX3760_api35,1.2.0+3,release,efficientnet_b0_float16,8b487a2559093bb4a7f986aa93665bf5c61d27c44c836376ec46bebc84d1bc8c,efficientnet_b0,float16,float32,float32,1x224x224x3,builtin_cpu,none,none_builtin,,1,1,18,measured,32,514.541000,10.896000,297.6875,418.015625,86.0,charging,false,0,,,43.9,FLAG_KEEP_SCREEN_ON,no_load_injected_background_apps_unverified,
2026-08-22T12:20:38.436103Z,1.2.0,realme_RMX3760_api35,1.2.0+3,release,efficientnet_b0_float16,8b487a2559093bb4a7f986aa93665bf5c61d27c44c836376ec46bebc84d1bc8c,efficientnet_b0,float16,float32,float32,1x224x224x3,builtin_cpu,none,none_builtin,,1,1,18,measured,33,506.981000,10.896000,297.55859375,418.0078125,86.0,charging,false,0,,,43.9,FLAG_KEEP_SCREEN_ON,no_load_injected_background_apps_unverified,
2026-08-22T12:20:39.004292Z,1.2.0,realme_RMX3760_api35,1.2.0+3,release,efficientnet_b0_float16,8b487a2559093bb4a7f986aa93665bf5c61d27c44c836376ec46bebc84d1bc8c,efficientnet_b0,float16,float32,float32,1x224x224x3,builtin_cpu,none,none_builtin,,1,1,18,measured,34,506.954000,10.896000,298.2421875,418.66796875,86.0,charging,false,0,,,43.9,FLAG_KEEP_SCREEN_ON,no_load_injected_background_apps_unverified,
2026-08-22T12:20:39.568443Z,1.2.0,realme_RMX3760_api35,1.2.0+3,release,efficientnet_b0_float16,8b487a2559093bb4a7f986aa93665bf5c61d27c44c836376ec46bebc84d1bc8c,efficientnet_b0,float16,float32,float32,1x224x224x3,builtin_cpu,none,none_builtin,,1,1,18,measured,35,503.096000,10.896000,298.26171875,418.66796875,86.0,charging,false,0,,,43.9,FLAG_KEEP_SCREEN_ON,no_load_injected_background_apps_unverified,
2026-08-22T12:20:40.134917Z,1.2.0,realme_RMX3760_api35,1.2.0+3,release,efficientnet_b0_float16,8b487a2559093bb4a7f986aa93665bf5c61d27c44c836376ec46bebc84d1bc8c,efficientnet_b0,float16,float32,float32,1x224x224x3,builtin_cpu,none,none_builtin,,1,1,18,measured,36,503.687000,10.896000,297.78125,418.2578125,86.0,charging,false,0,,,43.9,FLAG_KEEP_SCREEN_ON,no_load_injected_background_apps_unverified,
2026-08-22T12:20:40.708137Z,1.2.0,realme_RMX3760_api35,1.2.0+3,release,efficientnet_b0_float16,8b487a2559093bb4a7f986aa93665bf5c61d27c44c836376ec46bebc84d1bc8c,efficientnet_b0,float16,float32,float32,1x224x224x3,builtin_cpu,none,none_builtin,,1,1,18,measured,37,511.959000,10.896000,297.6953125,418.171875,86.0,charging,false,0,,,43.9,FLAG_KEEP_SCREEN_ON,no_load_injected_background_apps_unverified,
2026-08-22T12:20:41.269573Z,1.2.0,realme_RMX3760_api35,1.2.0+3,release,efficientnet_b0_float16,8b487a2559093bb4a7f986aa93665bf5c61d27c44c836376ec46bebc84d1bc8c,efficientnet_b0,float16,float32,float32,1x224x224x3,builtin_cpu,none,none_builtin,,1,1,18,measured,38,499.622000,10.896000,297.25,417.72265625,86.0,charging,false,0,,,43.9,FLAG_KEEP_SCREEN_ON,no_load_injected_background_apps_unverified,
2026-08-22T12:20:41.830086Z,1.2.0,realme_RMX3760_api35,1.2.0+3,release,efficientnet_b0_float16,8b487a2559093bb4a7f986aa93665bf5c61d27c44c836376ec46bebc84d1bc8c,efficientnet_b0,float16,float32,float32,1x224x224x3,builtin_cpu,none,none_builtin,,1,1,18,measured,39,498.444000,10.896000,297.7109375,418.140625,86.0,charging,false,0,,,43.9,FLAG_KEEP_SCREEN_ON,no_load_injected_background_apps_unverified,
2026-08-22T12:20:42.389378Z,1.2.0,realme_RMX3760_api35,1.2.0+3,release,efficientnet_b0_float16,8b487a2559093bb4a7f986aa93665bf5c61d27c44c836376ec46bebc84d1bc8c,efficientnet_b0,float16,float32,float32,1x224x224x3,builtin_cpu,none,none_builtin,,1,1,18,measured,40,498.497000,10.896000,297.2421875,417.71875,86.0,charging,false,0,,,43.9,FLAG_KEEP_SCREEN_ON,no_load_injected_background_apps_unverified,
2026-08-22T12:20:42.944399Z,1.2.0,realme_RMX3760_api35,1.2.0+3,release,efficientnet_b0_float16,8b487a2559093bb4a7f986aa93665bf5c61d27c44c836376ec46bebc84d1bc8c,efficientnet_b0,float16,float32,float32,1x224x224x3,builtin_cpu,none,none_builtin,,1,1,18,measured,41,493.878000,10.896000,297.8125,418.26953125,86.0,charging,false,0,,,43.9,FLAG_KEEP_SCREEN_ON,no_load_injected_background_apps_unverified,
2026-08-22T12:20:43.511651Z,1.2.0,realme_RMX3760_api35,1.2.0+3,release,efficientnet_b0_float16,8b487a2559093bb4a7f986aa93665bf5c61d27c44c836376ec46bebc84d1bc8c,efficientnet_b0,float16,float32,float32,1x224x224x3,builtin_cpu,none,none_builtin,,1,1,18,measured,42,505.926000,10.896000,297.33203125,417.80078125,86.0,charging,false,0,,,43.9,FLAG_KEEP_SCREEN_ON,no_load_injected_background_apps_unverified,
2026-08-22T12:20:44.079418Z,1.2.0,realme_RMX3760_api35,1.2.0+3,release,efficientnet_b0_float16,8b487a2559093bb4a7f986aa93665bf5c61d27c44c836376ec46bebc84d1bc8c,efficientnet_b0,float16,float32,float32,1x224x224x3,builtin_cpu,none,none_builtin,,1,1,18,measured,43,506.515000,10.896000,297.87109375,418.32421875,86.0,charging,false,0,,,43.9,FLAG_KEEP_SCREEN_ON,no_load_injected_background_apps_unverified,
2026-08-22T12:20:44.634977Z,1.2.0,realme_RMX3760_api35,1.2.0+3,release,efficientnet_b0_float16,8b487a2559093bb4a7f986aa93665bf5c61d27c44c836376ec46bebc84d1bc8c,efficientnet_b0,float16,float32,float32,1x224x224x3,builtin_cpu,none,none_builtin,,1,1,18,measured,44,494.017000,10.896000,297.43359375,417.90234375,86.0,charging,false,0,,,43.9,FLAG_KEEP_SCREEN_ON,no_load_injected_background_apps_unverified,
2026-08-22T12:20:45.174986Z,1.2.0,realme_RMX3760_api35,1.2.0+3,release,efficientnet_b0_float16,8b487a2559093bb4a7f986aa93665bf5c61d27c44c836376ec46bebc84d1bc8c,efficientnet_b0,float16,float32,float32,1x224x224x3,builtin_cpu,none,none_builtin,,1,1,18,measured,45,478.457000,10.896000,297.95703125,418.37890625,86.0,charging,false,0,,,43.9,FLAG_KEEP_SCREEN_ON,no_load_injected_background_apps_unverified,
2026-08-22T12:20:45.743580Z,1.2.0,realme_RMX3760_api35,1.2.0+3,release,efficientnet_b0_float16,8b487a2559093bb4a7f986aa93665bf5c61d27c44c836376ec46bebc84d1bc8c,efficientnet_b0,float16,float32,float32,1x224x224x3,builtin_cpu,none,none_builtin,,1,1,18,measured,46,507.168000,10.896000,298.47265625,418.921875,86.0,charging,false,0,,,43.9,FLAG_KEEP_SCREEN_ON,no_load_injected_background_apps_unverified,
2026-08-22T12:20:46.311256Z,1.2.0,realme_RMX3760_api35,1.2.0+3,release,efficientnet_b0_float16,8b487a2559093bb4a7f986aa93665bf5c61d27c44c836376ec46bebc84d1bc8c,efficientnet_b0,float16,float32,float32,1x224x224x3,builtin_cpu,none,none_builtin,,1,1,18,measured,47,505.499000,10.896000,298.5,418.921875,86.0,charging,false,0,,,43.9,FLAG_KEEP_SCREEN_ON,no_load_injected_background_apps_unverified,
2026-08-22T12:20:46.871888Z,1.2.0,realme_RMX3760_api35,1.2.0+3,release,efficientnet_b0_float16,8b487a2559093bb4a7f986aa93665bf5c61d27c44c836376ec46bebc84d1bc8c,efficientnet_b0,float16,float32,float32,1x224x224x3,builtin_cpu,none,none_builtin,,1,1,18,measured,48,499.300000,10.896000,298.01171875,418.46484375,86.0,charging,false,0,,,43.9,FLAG_KEEP_SCREEN_ON,no_load_injected_background_apps_unverified,
2026-08-22T12:20:47.434533Z,1.2.0,realme_RMX3760_api35,1.2.0+3,release,efficientnet_b0_float16,8b487a2559093bb4a7f986aa93665bf5c61d27c44c836376ec46bebc84d1bc8c,efficientnet_b0,float16,float32,float32,1x224x224x3,builtin_cpu,none,none_builtin,,1,1,18,measured,49,500.957000,10.896000,298.5390625,418.984375,86.0,charging,false,0,,,43.9,FLAG_KEEP_SCREEN_ON,no_load_injected_background_apps_unverified,
2026-08-22T12:20:47.972200Z,1.2.0,realme_RMX3760_api35,1.2.0+3,release,efficientnet_b0_float16,8b487a2559093bb4a7f986aa93665bf5c61d27c44c836376ec46bebc84d1bc8c,efficientnet_b0,float16,float32,float32,1x224x224x3,builtin_cpu,none,none_builtin,,1,1,18,measured,50,476.286000,10.896000,298.05859375,418.50390625,86.0,charging,false,0,,,43.9,FLAG_KEEP_SCREEN_ON,no_load_injected_background_apps_unverified,
2026-08-22T12:20:48.536035Z,1.2.0,realme_RMX3760_api35,1.2.0+3,release,efficientnet_b0_float16,8b487a2559093bb4a7f986aa93665bf5c61d27c44c836376ec46bebc84d1bc8c,efficientnet_b0,float16,float32,float32,1x224x224x3,builtin_cpu,none,none_builtin,,1,1,18,measured,51,502.542000,10.896000,298.578125,419.00390625,86.0,charging,false,0,,,43.9,FLAG_KEEP_SCREEN_ON,no_load_injected_background_apps_unverified,
2026-08-22T12:20:49.102430Z,1.2.0,realme_RMX3760_api35,1.2.0+3,release,efficientnet_b0_float16,8b487a2559093bb4a7f986aa93665bf5c61d27c44c836376ec46bebc84d1bc8c,efficientnet_b0,float16,float32,float32,1x224x224x3,builtin_cpu,none,none_builtin,,1,1,18,measured,52,504.423000,10.896000,298.0625,418.31640625,86.0,charging,false,0,,,43.9,FLAG_KEEP_SCREEN_ON,no_load_injected_background_apps_unverified,
2026-08-22T12:20:49.673727Z,1.2.0,realme_RMX3760_api35,1.2.0+3,release,efficientnet_b0_float16,8b487a2559093bb4a7f986aa93665bf5c61d27c44c836376ec46bebc84d1bc8c,efficientnet_b0,float16,float32,float32,1x224x224x3,builtin_cpu,none,none_builtin,,1,1,18,measured,53,508.992000,10.896000,298.58203125,419.015625,86.0,charging,false,0,,,43.9,FLAG_KEEP_SCREEN_ON,no_load_injected_background_apps_unverified,
2026-08-22T12:20:50.236059Z,1.2.0,realme_RMX3760_api35,1.2.0+3,release,efficientnet_b0_float16,8b487a2559093bb4a7f986aa93665bf5c61d27c44c836376ec46bebc84d1bc8c,efficientnet_b0,float16,float32,float32,1x224x224x3,builtin_cpu,none,none_builtin,,1,1,18,measured,54,500.955000,10.896000,298.58984375,419.0078125,86.0,charging,false,0,,,43.9,FLAG_KEEP_SCREEN_ON,no_load_injected_background_apps_unverified,
2026-08-22T12:20:50.800253Z,1.2.0,realme_RMX3760_api35,1.2.0+3,release,efficientnet_b0_float16,8b487a2559093bb4a7f986aa93665bf5c61d27c44c836376ec46bebc84d1bc8c,efficientnet_b0,float16,float32,float32,1x224x224x3,builtin_cpu,none,none_builtin,,1,1,18,measured,55,503.019000,10.896000,298.60546875,419.03515625,86.0,charging,false,0,,,43.9,FLAG_KEEP_SCREEN_ON,no_load_injected_background_apps_unverified,
2026-08-22T12:20:51.364603Z,1.2.0,realme_RMX3760_api35,1.2.0+3,release,efficientnet_b0_float16,8b487a2559093bb4a7f986aa93665bf5c61d27c44c836376ec46bebc84d1bc8c,efficientnet_b0,float16,float32,float32,1x224x224x3,builtin_cpu,none,none_builtin,,1,1,18,measured,56,500.357000,10.896000,298.1328125,418.5859375,86.0,charging,false,0,,,43.9,FLAG_KEEP_SCREEN_ON,no_load_injected_background_apps_unverified,
2026-08-22T12:20:51.931338Z,1.2.0,realme_RMX3760_api35,1.2.0+3,release,efficientnet_b0_float16,8b487a2559093bb4a7f986aa93665bf5c61d27c44c836376ec46bebc84d1bc8c,efficientnet_b0,float16,float32,float32,1x224x224x3,builtin_cpu,none,none_builtin,,1,1,18,measured,57,505.643000,10.896000,298.15234375,418.578125,86.0,charging,false,0,,,43.9,FLAG_KEEP_SCREEN_ON,no_load_injected_background_apps_unverified,
2026-08-22T12:20:52.499495Z,1.2.0,realme_RMX3760_api35,1.2.0+3,release,efficientnet_b0_float16,8b487a2559093bb4a7f986aa93665bf5c61d27c44c836376ec46bebc84d1bc8c,efficientnet_b0,float16,float32,float32,1x224x224x3,builtin_cpu,none,none_builtin,,1,1,18,measured,58,506.352000,10.896000,298.17578125,418.625,86.0,charging,false,0,,,43.9,FLAG_KEEP_SCREEN_ON,no_load_injected_background_apps_unverified,
2026-08-22T12:20:53.061996Z,1.2.0,realme_RMX3760_api35,1.2.0+3,release,efficientnet_b0_float16,8b487a2559093bb4a7f986aa93665bf5c61d27c44c836376ec46bebc84d1bc8c,efficientnet_b0,float16,float32,float32,1x224x224x3,builtin_cpu,none,none_builtin,,1,1,18,measured,59,500.559000,10.896000,298.15234375,418.5703125,86.0,charging,false,0,,,43.8,FLAG_KEEP_SCREEN_ON,no_load_injected_background_apps_unverified,
2026-08-22T12:20:53.614157Z,1.2.0,realme_RMX3760_api35,1.2.0+3,release,efficientnet_b0_float16,8b487a2559093bb4a7f986aa93665bf5c61d27c44c836376ec46bebc84d1bc8c,efficientnet_b0,float16,float32,float32,1x224x224x3,builtin_cpu,none,none_builtin,,1,1,18,measured,60,489.929000,10.896000,298.17578125,418.61328125,86.0,charging,false,0,,,43.8,FLAG_KEEP_SCREEN_ON,no_load_injected_background_apps_unverified,
2026-08-22T12:20:54.183411Z,1.2.0,realme_RMX3760_api35,1.2.0+3,release,efficientnet_b0_float16,8b487a2559093bb4a7f986aa93665bf5c61d27c44c836376ec46bebc84d1bc8c,efficientnet_b0,float16,float32,float32,1x224x224x3,builtin_cpu,none,none_builtin,,1,1,18,measured,61,507.767000,10.896000,298.6953125,419.0859375,86.0,charging,false,0,,,43.8,FLAG_KEEP_SCREEN_ON,no_load_injected_background_apps_unverified,
2026-08-22T12:20:54.776421Z,1.2.0,realme_RMX3760_api35,1.2.0+3,release,efficientnet_b0_float16,8b487a2559093bb4a7f986aa93665bf5c61d27c44c836376ec46bebc84d1bc8c,efficientnet_b0,float16,float32,float32,1x224x224x3,builtin_cpu,none,none_builtin,,1,1,18,measured,62,531.726000,10.896000,298.75,419.14453125,86.0,charging,false,0,,,43.8,FLAG_KEEP_SCREEN_ON,no_load_injected_background_apps_unverified,
2026-08-22T12:20:55.347193Z,1.2.0,realme_RMX3760_api35,1.2.0+3,release,efficientnet_b0_float16,8b487a2559093bb4a7f986aa93665bf5c61d27c44c836376ec46bebc84d1bc8c,efficientnet_b0,float16,float32,float32,1x224x224x3,builtin_cpu,none,none_builtin,,1,1,18,measured,63,506.502000,10.896000,298.2734375,418.70703125,86.0,charging,false,0,,,43.8,FLAG_KEEP_SCREEN_ON,no_load_injected_background_apps_unverified,
2026-08-22T12:20:55.904097Z,1.2.0,realme_RMX3760_api35,1.2.0+3,release,efficientnet_b0_float16,8b487a2559093bb4a7f986aa93665bf5c61d27c44c836376ec46bebc84d1bc8c,efficientnet_b0,float16,float32,float32,1x224x224x3,builtin_cpu,none,none_builtin,,1,1,18,measured,64,495.800000,10.896000,298.29296875,418.7109375,86.0,charging,false,0,,,43.8,FLAG_KEEP_SCREEN_ON,no_load_injected_background_apps_unverified,
2026-08-22T12:20:56.455524Z,1.2.0,realme_RMX3760_api35,1.2.0+3,release,efficientnet_b0_float16,8b487a2559093bb4a7f986aa93665bf5c61d27c44c836376ec46bebc84d1bc8c,efficientnet_b0,float16,float32,float32,1x224x224x3,builtin_cpu,none,none_builtin,,1,1,18,measured,65,490.369000,10.896000,298.8125,419.24609375,86.0,charging,false,0,,,43.8,FLAG_KEEP_SCREEN_ON,no_load_injected_background_apps_unverified,
2026-08-22T12:20:57.028043Z,1.2.0,realme_RMX3760_api35,1.2.0+3,release,efficientnet_b0_float16,8b487a2559093bb4a7f986aa93665bf5c61d27c44c836376ec46bebc84d1bc8c,efficientnet_b0,float16,float32,float32,1x224x224x3,builtin_cpu,none,none_builtin,,1,1,18,measured,66,511.087000,10.896000,298.22265625,418.6328125,86.0,charging,false,0,,,43.8,FLAG_KEEP_SCREEN_ON,no_load_injected_background_apps_unverified,
2026-08-22T12:20:57.588504Z,1.2.0,realme_RMX3760_api35,1.2.0+3,release,efficientnet_b0_float16,8b487a2559093bb4a7f986aa93665bf5c61d27c44c836376ec46bebc84d1bc8c,efficientnet_b0,float16,float32,float32,1x224x224x3,builtin_cpu,none,none_builtin,,1,1,18,measured,67,499.421000,10.896000,298.36328125,418.76953125,86.0,charging,false,0,,,43.8,FLAG_KEEP_SCREEN_ON,no_load_injected_background_apps_unverified,
2026-08-22T12:20:58.160262Z,1.2.0,realme_RMX3760_api35,1.2.0+3,release,efficientnet_b0_float16,8b487a2559093bb4a7f986aa93665bf5c61d27c44c836376ec46bebc84d1bc8c,efficientnet_b0,float16,float32,float32,1x224x224x3,builtin_cpu,none,none_builtin,,1,1,18,measured,68,510.703000,10.896000,298.8828125,419.14453125,86.0,charging,false,0,,,43.8,FLAG_KEEP_SCREEN_ON,no_load_injected_background_apps_unverified,
2026-08-22T12:20:58.715293Z,1.2.0,realme_RMX3760_api35,1.2.0+3,release,efficientnet_b0_float16,8b487a2559093bb4a7f986aa93665bf5c61d27c44c836376ec46bebc84d1bc8c,efficientnet_b0,float16,float32,float32,1x224x224x3,builtin_cpu,none,none_builtin,,1,1,18,measured,69,493.576000,10.896000,298.8828125,419.109375,86.0,charging,false,0,,,43.8,FLAG_KEEP_SCREEN_ON,no_load_injected_background_apps_unverified,
2026-08-22T12:20:59.278905Z,1.2.0,realme_RMX3760_api35,1.2.0+3,release,efficientnet_b0_float16,8b487a2559093bb4a7f986aa93665bf5c61d27c44c836376ec46bebc84d1bc8c,efficientnet_b0,float16,float32,float32,1x224x224x3,builtin_cpu,none,none_builtin,,1,1,18,measured,70,500.308000,10.896000,297.9296875,418.36328125,86.0,charging,false,0,,,43.8,FLAG_KEEP_SCREEN_ON,no_load_injected_background_apps_unverified,
2026-08-22T12:20:59.840298Z,1.2.0,realme_RMX3760_api35,1.2.0+3,release,efficientnet_b0_float16,8b487a2559093bb4a7f986aa93665bf5c61d27c44c836376ec46bebc84d1bc8c,efficientnet_b0,float16,float32,float32,1x224x224x3,builtin_cpu,none,none_builtin,,1,1,18,measured,71,500.127000,10.896000,298.4453125,418.85546875,86.0,charging,false,0,,,43.8,FLAG_KEEP_SCREEN_ON,no_load_injected_background_apps_unverified,
2026-08-22T12:21:00.401104Z,1.2.0,realme_RMX3760_api35,1.2.0+3,release,efficientnet_b0_float16,8b487a2559093bb4a7f986aa93665bf5c61d27c44c836376ec46bebc84d1bc8c,efficientnet_b0,float16,float32,float32,1x224x224x3,builtin_cpu,none,none_builtin,,1,1,18,measured,72,496.455000,10.896000,298.31640625,418.734375,86.0,charging,false,0,,,43.8,FLAG_KEEP_SCREEN_ON,no_load_injected_background_apps_unverified,
2026-08-22T12:21:00.963559Z,1.2.0,realme_RMX3760_api35,1.2.0+3,release,efficientnet_b0_float16,8b487a2559093bb4a7f986aa93665bf5c61d27c44c836376ec46bebc84d1bc8c,efficientnet_b0,float16,float32,float32,1x224x224x3,builtin_cpu,none,none_builtin,,1,1,18,measured,73,501.348000,10.896000,298.96484375,419.38671875,86.0,charging,false,0,,,43.8,FLAG_KEEP_SCREEN_ON,no_load_injected_background_apps_unverified,
2026-08-22T12:21:01.522811Z,1.2.0,realme_RMX3760_api35,1.2.0+3,release,efficientnet_b0_float16,8b487a2559093bb4a7f986aa93665bf5c61d27c44c836376ec46bebc84d1bc8c,efficientnet_b0,float16,float32,float32,1x224x224x3,builtin_cpu,none,none_builtin,,1,1,18,measured,74,497.556000,10.896000,299.02734375,419.44921875,86.0,charging,false,0,,,43.8,FLAG_KEEP_SCREEN_ON,no_load_injected_background_apps_unverified,
2026-08-22T12:21:02.080348Z,1.2.0,realme_RMX3760_api35,1.2.0+3,release,efficientnet_b0_float16,8b487a2559093bb4a7f986aa93665bf5c61d27c44c836376ec46bebc84d1bc8c,efficientnet_b0,float16,float32,float32,1x224x224x3,builtin_cpu,none,none_builtin,,1,1,18,measured,75,496.705000,10.896000,299.04296875,419.45703125,86.0,charging,false,0,,,43.8,FLAG_KEEP_SCREEN_ON,no_load_injected_background_apps_unverified,
2026-08-22T12:21:02.608101Z,1.2.0,realme_RMX3760_api35,1.2.0+3,release,efficientnet_b0_float16,8b487a2559093bb4a7f986aa93665bf5c61d27c44c836376ec46bebc84d1bc8c,efficientnet_b0,float16,float32,float32,1x224x224x3,builtin_cpu,none,none_builtin,,1,1,18,measured,76,466.816000,10.896000,298.06640625,418.48046875,86.0,charging,false,0,,,43.8,FLAG_KEEP_SCREEN_ON,no_load_injected_background_apps_unverified,
2026-08-22T12:21:03.150060Z,1.2.0,realme_RMX3760_api35,1.2.0+3,release,efficientnet_b0_float16,8b487a2559093bb4a7f986aa93665bf5c61d27c44c836376ec46bebc84d1bc8c,efficientnet_b0,float16,float32,float32,1x224x224x3,builtin_cpu,none,none_builtin,,1,1,18,measured,77,479.781000,10.896000,299.09765625,419.4921875,86.0,charging,false,0,,,43.8,FLAG_KEEP_SCREEN_ON,no_load_injected_background_apps_unverified,
2026-08-22T12:21:03.712610Z,1.2.0,realme_RMX3760_api35,1.2.0+3,release,efficientnet_b0_float16,8b487a2559093bb4a7f986aa93665bf5c61d27c44c836376ec46bebc84d1bc8c,efficientnet_b0,float16,float32,float32,1x224x224x3,builtin_cpu,none,none_builtin,,1,1,18,measured,78,501.378000,10.896000,298.6171875,419.015625,86.0,charging,false,0,,,43.8,FLAG_KEEP_SCREEN_ON,no_load_injected_background_apps_unverified,
2026-08-22T12:21:04.270532Z,1.2.0,realme_RMX3760_api35,1.2.0+3,release,efficientnet_b0_float16,8b487a2559093bb4a7f986aa93665bf5c61d27c44c836376ec46bebc84d1bc8c,efficientnet_b0,float16,float32,float32,1x224x224x3,builtin_cpu,none,none_builtin,,1,1,18,measured,79,496.180000,10.896000,299.13671875,419.5234375,86.0,charging,false,0,,,43.8,FLAG_KEEP_SCREEN_ON,no_load_injected_background_apps_unverified,
2026-08-22T12:21:04.831325Z,1.2.0,realme_RMX3760_api35,1.2.0+3,release,efficientnet_b0_float16,8b487a2559093bb4a7f986aa93665bf5c61d27c44c836376ec46bebc84d1bc8c,efficientnet_b0,float16,float32,float32,1x224x224x3,builtin_cpu,none,none_builtin,,1,1,18,measured,80,499.223000,10.896000,298.6328125,419.04296875,86.0,charging,false,0,,,43.8,FLAG_KEEP_SCREEN_ON,no_load_injected_background_apps_unverified,
2026-08-22T12:21:05.398528Z,1.2.0,realme_RMX3760_api35,1.2.0+3,release,efficientnet_b0_float16,8b487a2559093bb4a7f986aa93665bf5c61d27c44c836376ec46bebc84d1bc8c,efficientnet_b0,float16,float32,float32,1x224x224x3,builtin_cpu,none,none_builtin,,1,1,18,measured,81,504.741000,10.896000,297.97265625,418.3828125,86.0,charging,false,0,,,43.8,FLAG_KEEP_SCREEN_ON,no_load_injected_background_apps_unverified,
2026-08-22T12:21:05.967178Z,1.2.0,realme_RMX3760_api35,1.2.0+3,release,efficientnet_b0_float16,8b487a2559093bb4a7f986aa93665bf5c61d27c44c836376ec46bebc84d1bc8c,efficientnet_b0,float16,float32,float32,1x224x224x3,builtin_cpu,none,none_builtin,,1,1,18,measured,82,507.174000,10.896000,298.61328125,419.01953125,86.0,charging,false,0,,,43.8,FLAG_KEEP_SCREEN_ON,no_load_injected_background_apps_unverified,
2026-08-22T12:21:06.542213Z,1.2.0,realme_RMX3760_api35,1.2.0+3,release,efficientnet_b0_float16,8b487a2559093bb4a7f986aa93665bf5c61d27c44c836376ec46bebc84d1bc8c,efficientnet_b0,float16,float32,float32,1x224x224x3,builtin_cpu,none,none_builtin,,1,1,18,measured,83,512.295000,10.896000,299.16796875,419.54296875,86.0,charging,false,0,,,43.8,FLAG_KEEP_SCREEN_ON,no_load_injected_background_apps_unverified,
2026-08-22T12:21:07.078571Z,1.2.0,realme_RMX3760_api35,1.2.0+3,release,efficientnet_b0_float16,8b487a2559093bb4a7f986aa93665bf5c61d27c44c836376ec46bebc84d1bc8c,efficientnet_b0,float16,float32,float32,1x224x224x3,builtin_cpu,none,none_builtin,,1,1,18,measured,84,474.610000,10.896000,302.1875,422.59375,86.0,charging,false,0,,,43.8,FLAG_KEEP_SCREEN_ON,no_load_injected_background_apps_unverified,
2026-08-22T12:21:07.643551Z,1.2.0,realme_RMX3760_api35,1.2.0+3,release,efficientnet_b0_float16,8b487a2559093bb4a7f986aa93665bf5c61d27c44c836376ec46bebc84d1bc8c,efficientnet_b0,float16,float32,float32,1x224x224x3,builtin_cpu,none,none_builtin,,1,1,18,measured,85,503.761000,10.896000,298.88671875,419.28125,86.0,charging,false,0,,,43.8,FLAG_KEEP_SCREEN_ON,no_load_injected_background_apps_unverified,
2026-08-22T12:21:08.204588Z,1.2.0,realme_RMX3760_api35,1.2.0+3,release,efficientnet_b0_float16,8b487a2559093bb4a7f986aa93665bf5c61d27c44c836376ec46bebc84d1bc8c,efficientnet_b0,float16,float32,float32,1x224x224x3,builtin_cpu,none,none_builtin,,1,1,18,measured,86,499.725000,10.896000,299.2109375,419.58984375,86.0,charging,false,0,,,43.8,FLAG_KEEP_SCREEN_ON,no_load_injected_background_apps_unverified,
2026-08-22T12:21:08.752243Z,1.2.0,realme_RMX3760_api35,1.2.0+3,release,efficientnet_b0_float16,8b487a2559093bb4a7f986aa93665bf5c61d27c44c836376ec46bebc84d1bc8c,efficientnet_b0,float16,float32,float32,1x224x224x3,builtin_cpu,none,none_builtin,,1,1,18,measured,87,486.527000,10.896000,299.296875,419.69921875,86.0,charging,false,0,,,43.8,FLAG_KEEP_SCREEN_ON,no_load_injected_background_apps_unverified,
2026-08-22T12:21:09.295816Z,1.2.0,realme_RMX3760_api35,1.2.0+3,release,efficientnet_b0_float16,8b487a2559093bb4a7f986aa93665bf5c61d27c44c836376ec46bebc84d1bc8c,efficientnet_b0,float16,float32,float32,1x224x224x3,builtin_cpu,none,none_builtin,,1,1,18,measured,88,481.901000,10.896000,299.3125,419.71875,86.0,charging,false,0,,,43.8,FLAG_KEEP_SCREEN_ON,no_load_injected_background_apps_unverified,
2026-08-22T12:21:09.868969Z,1.2.0,realme_RMX3760_api35,1.2.0+3,release,efficientnet_b0_float16,8b487a2559093bb4a7f986aa93665bf5c61d27c44c836376ec46bebc84d1bc8c,efficientnet_b0,float16,float32,float32,1x224x224x3,builtin_cpu,none,none_builtin,,1,1,18,measured,89,510.271000,10.896000,299.234375,419.609375,86.0,charging,false,0,,,43.8,FLAG_KEEP_SCREEN_ON,no_load_injected_background_apps_unverified,
2026-08-22T12:21:10.470885Z,1.2.0,realme_RMX3760_api35,1.2.0+3,release,efficientnet_b0_float16,8b487a2559093bb4a7f986aa93665bf5c61d27c44c836376ec46bebc84d1bc8c,efficientnet_b0,float16,float32,float32,1x224x224x3,builtin_cpu,none,none_builtin,,1,1,18,measured,90,527.637000,10.896000,298.64453125,419.04296875,86.0,charging,false,0,,,43.8,FLAG_KEEP_SCREEN_ON,no_load_injected_background_apps_unverified,
2026-08-22T12:21:11.078494Z,1.2.0,realme_RMX3760_api35,1.2.0+3,release,efficientnet_b0_float16,8b487a2559093bb4a7f986aa93665bf5c61d27c44c836376ec46bebc84d1bc8c,efficientnet_b0,float16,float32,float32,1x224x224x3,builtin_cpu,none,none_builtin,,1,1,18,measured,91,545.600000,10.896000,298.8359375,419.2265625,86.0,charging,false,0,,,43.8,FLAG_KEEP_SCREEN_ON,no_load_injected_background_apps_unverified,
2026-08-22T12:21:11.650810Z,1.2.0,realme_RMX3760_api35,1.2.0+3,release,efficientnet_b0_float16,8b487a2559093bb4a7f986aa93665bf5c61d27c44c836376ec46bebc84d1bc8c,efficientnet_b0,float16,float32,float32,1x224x224x3,builtin_cpu,none,none_builtin,,1,1,18,measured,92,509.433000,10.896000,298.35546875,418.75390625,86.0,charging,false,0,,,43.8,FLAG_KEEP_SCREEN_ON,no_load_injected_background_apps_unverified,
2026-08-22T12:21:12.200053Z,1.2.0,realme_RMX3760_api35,1.2.0+3,release,efficientnet_b0_float16,8b487a2559093bb4a7f986aa93665bf5c61d27c44c836376ec46bebc84d1bc8c,efficientnet_b0,float16,float32,float32,1x224x224x3,builtin_cpu,none,none_builtin,,1,1,18,measured,93,487.596000,10.896000,299.37109375,419.7421875,86.0,charging,false,0,,,43.8,FLAG_KEEP_SCREEN_ON,no_load_injected_background_apps_unverified,
2026-08-22T12:21:12.774730Z,1.2.0,realme_RMX3760_api35,1.2.0+3,release,efficientnet_b0_float16,8b487a2559093bb4a7f986aa93665bf5c61d27c44c836376ec46bebc84d1bc8c,efficientnet_b0,float16,float32,float32,1x224x224x3,builtin_cpu,none,none_builtin,,1,1,18,measured,94,512.778000,10.896000,299.44140625,419.82421875,86.0,charging,false,0,,,43.8,FLAG_KEEP_SCREEN_ON,no_load_injected_background_apps_unverified,
2026-08-22T12:21:13.318982Z,1.2.0,realme_RMX3760_api35,1.2.0+3,release,efficientnet_b0_float16,8b487a2559093bb4a7f986aa93665bf5c61d27c44c836376ec46bebc84d1bc8c,efficientnet_b0,float16,float32,float32,1x224x224x3,builtin_cpu,none,none_builtin,,1,1,18,measured,95,482.218000,10.896000,299.4609375,419.84375,86.0,charging,false,0,,,43.8,FLAG_KEEP_SCREEN_ON,no_load_injected_background_apps_unverified,
2026-08-22T12:21:13.883431Z,1.2.0,realme_RMX3760_api35,1.2.0+3,release,efficientnet_b0_float16,8b487a2559093bb4a7f986aa93665bf5c61d27c44c836376ec46bebc84d1bc8c,efficientnet_b0,float16,float32,float32,1x224x224x3,builtin_cpu,none,none_builtin,,1,1,18,measured,96,502.607000,10.896000,299.421875,419.79296875,86.0,charging,false,0,,,43.9,FLAG_KEEP_SCREEN_ON,no_load_injected_background_apps_unverified,
2026-08-22T12:21:14.432126Z,1.2.0,realme_RMX3760_api35,1.2.0+3,release,efficientnet_b0_float16,8b487a2559093bb4a7f986aa93665bf5c61d27c44c836376ec46bebc84d1bc8c,efficientnet_b0,float16,float32,float32,1x224x224x3,builtin_cpu,none,none_builtin,,1,1,18,measured,97,484.286000,10.896000,299.47265625,419.83984375,86.0,charging,false,0,,,43.9,FLAG_KEEP_SCREEN_ON,no_load_injected_background_apps_unverified,
2026-08-22T12:21:14.990373Z,1.2.0,realme_RMX3760_api35,1.2.0+3,release,efficientnet_b0_float16,8b487a2559093bb4a7f986aa93665bf5c61d27c44c836376ec46bebc84d1bc8c,efficientnet_b0,float16,float32,float32,1x224x224x3,builtin_cpu,none,none_builtin,,1,1,18,measured,98,496.100000,10.896000,298.45703125,418.83203125,86.0,charging,false,0,,,43.9,FLAG_KEEP_SCREEN_ON,no_load_injected_background_apps_unverified,
2026-08-22T12:21:15.560610Z,1.2.0,realme_RMX3760_api35,1.2.0+3,release,efficientnet_b0_float16,8b487a2559093bb4a7f986aa93665bf5c61d27c44c836376ec46bebc84d1bc8c,efficientnet_b0,float16,float32,float32,1x224x224x3,builtin_cpu,none,none_builtin,,1,1,18,measured,99,505.280000,10.896000,299.5078125,419.8515625,86.0,charging,false,0,,,43.9,FLAG_KEEP_SCREEN_ON,no_load_injected_background_apps_unverified,
2026-08-22T12:21:23.478396Z,1.2.0,realme_RMX3760_api35,1.2.0+3,release,efficientnet_b0_full_int8,bf768dda79fe589885aa9c79820a478236c331901a921dec3f8de87c8219a214,efficientnet_b0,full_int8,int8,int8,1x224x224x3,builtin_cpu,none,none_builtin,,2,1,19,measured,0,304.300000,6.397000,277.15234375,397.234375,86.0,charging,false,0,,,43.9,FLAG_KEEP_SCREEN_ON,no_load_injected_background_apps_unverified,
2026-08-22T12:21:23.888004Z,1.2.0,realme_RMX3760_api35,1.2.0+3,release,efficientnet_b0_full_int8,bf768dda79fe589885aa9c79820a478236c331901a921dec3f8de87c8219a214,efficientnet_b0,full_int8,int8,int8,1x224x224x3,builtin_cpu,none,none_builtin,,2,1,19,measured,1,353.778000,6.397000,273.58203125,393.62109375,86.0,charging,false,0,,,43.9,FLAG_KEEP_SCREEN_ON,no_load_injected_background_apps_unverified,
2026-08-22T12:21:24.276834Z,1.2.0,realme_RMX3760_api35,1.2.0+3,release,efficientnet_b0_full_int8,bf768dda79fe589885aa9c79820a478236c331901a921dec3f8de87c8219a214,efficientnet_b0,full_int8,int8,int8,1x224x224x3,builtin_cpu,none,none_builtin,,2,1,19,measured,2,332.877000,6.397000,272.609375,392.6484375,86.0,charging,false,0,,,43.9,FLAG_KEEP_SCREEN_ON,no_load_injected_background_apps_unverified,
2026-08-22T12:21:24.657340Z,1.2.0,realme_RMX3760_api35,1.2.0+3,release,efficientnet_b0_full_int8,bf768dda79fe589885aa9c79820a478236c331901a921dec3f8de87c8219a214,efficientnet_b0,full_int8,int8,int8,1x224x224x3,builtin_cpu,none,none_builtin,,2,1,19,measured,3,323.751000,6.397000,274.13671875,394.3046875,86.0,charging,false,0,,,43.9,FLAG_KEEP_SCREEN_ON,no_load_injected_background_apps_unverified,
2026-08-22T12:21:25.028151Z,1.2.0,realme_RMX3760_api35,1.2.0+3,release,efficientnet_b0_full_int8,bf768dda79fe589885aa9c79820a478236c331901a921dec3f8de87c8219a214,efficientnet_b0,full_int8,int8,int8,1x224x224x3,builtin_cpu,none,none_builtin,,2,1,19,measured,4,315.228000,6.397000,272.06640625,392.08203125,86.0,charging,false,0,,,43.9,FLAG_KEEP_SCREEN_ON,no_load_injected_background_apps_unverified,
2026-08-22T12:21:25.426022Z,1.2.0,realme_RMX3760_api35,1.2.0+3,release,efficientnet_b0_full_int8,bf768dda79fe589885aa9c79820a478236c331901a921dec3f8de87c8219a214,efficientnet_b0,full_int8,int8,int8,1x224x224x3,builtin_cpu,none,none_builtin,,2,1,19,measured,5,336.355000,6.397000,273.64453125,393.74609375,86.0,charging,false,0,,,43.9,FLAG_KEEP_SCREEN_ON,no_load_injected_background_apps_unverified,
2026-08-22T12:21:25.805691Z,1.2.0,realme_RMX3760_api35,1.2.0+3,release,efficientnet_b0_full_int8,bf768dda79fe589885aa9c79820a478236c331901a921dec3f8de87c8219a214,efficientnet_b0,full_int8,int8,int8,1x224x224x3,builtin_cpu,none,none_builtin,,2,1,19,measured,6,318.310000,6.397000,272.609375,392.9453125,86.0,charging,false,0,,,43.9,FLAG_KEEP_SCREEN_ON,no_load_injected_background_apps_unverified,
2026-08-22T12:21:26.201977Z,1.2.0,realme_RMX3760_api35,1.2.0+3,release,efficientnet_b0_full_int8,bf768dda79fe589885aa9c79820a478236c331901a921dec3f8de87c8219a214,efficientnet_b0,full_int8,int8,int8,1x224x224x3,builtin_cpu,none,none_builtin,,2,1,19,measured,7,334.866000,6.397000,273.63671875,393.71484375,86.0,charging,false,0,,,43.9,FLAG_KEEP_SCREEN_ON,no_load_injected_background_apps_unverified,
2026-08-22T12:21:26.601633Z,1.2.0,realme_RMX3760_api35,1.2.0+3,release,efficientnet_b0_full_int8,bf768dda79fe589885aa9c79820a478236c331901a921dec3f8de87c8219a214,efficientnet_b0,full_int8,int8,int8,1x224x224x3,builtin_cpu,none,none_builtin,,2,1,19,measured,8,337.685000,6.397000,273.65625,393.7109375,86.0,charging,false,0,,,43.9,FLAG_KEEP_SCREEN_ON,no_load_injected_background_apps_unverified,
2026-08-22T12:21:26.989698Z,1.2.0,realme_RMX3760_api35,1.2.0+3,release,efficientnet_b0_full_int8,bf768dda79fe589885aa9c79820a478236c331901a921dec3f8de87c8219a214,efficientnet_b0,full_int8,int8,int8,1x224x224x3,builtin_cpu,none,none_builtin,,2,1,19,measured,9,327.202000,6.397000,273.07421875,393.109375,86.0,charging,false,0,,,43.9,FLAG_KEEP_SCREEN_ON,no_load_injected_background_apps_unverified,
2026-08-22T12:21:27.426539Z,1.2.0,realme_RMX3760_api35,1.2.0+3,release,efficientnet_b0_full_int8,bf768dda79fe589885aa9c79820a478236c331901a921dec3f8de87c8219a214,efficientnet_b0,full_int8,int8,int8,1x224x224x3,builtin_cpu,none,none_builtin,,2,1,19,measured,10,376.082000,6.397000,273.20703125,393.36328125,86.0,charging,false,0,,,43.9,FLAG_KEEP_SCREEN_ON,no_load_injected_background_apps_unverified,
2026-08-22T12:21:27.789744Z,1.2.0,realme_RMX3760_api35,1.2.0+3,release,efficientnet_b0_full_int8,bf768dda79fe589885aa9c79820a478236c331901a921dec3f8de87c8219a214,efficientnet_b0,full_int8,int8,int8,1x224x224x3,builtin_cpu,none,none_builtin,,2,1,19,measured,11,302.322000,6.397000,276.48828125,396.62890625,86.0,charging,false,0,,,43.9,FLAG_KEEP_SCREEN_ON,no_load_injected_background_apps_unverified,
2026-08-22T12:21:28.201624Z,1.2.0,realme_RMX3760_api35,1.2.0+3,release,efficientnet_b0_full_int8,bf768dda79fe589885aa9c79820a478236c331901a921dec3f8de87c8219a214,efficientnet_b0,full_int8,int8,int8,1x224x224x3,builtin_cpu,none,none_builtin,,2,1,19,measured,12,350.513000,6.397000,273.7421875,393.86328125,86.0,charging,false,0,,,43.9,FLAG_KEEP_SCREEN_ON,no_load_injected_background_apps_unverified,
2026-08-22T12:21:28.579006Z,1.2.0,realme_RMX3760_api35,1.2.0+3,release,efficientnet_b0_full_int8,bf768dda79fe589885aa9c79820a478236c331901a921dec3f8de87c8219a214,efficientnet_b0,full_int8,int8,int8,1x224x224x3,builtin_cpu,none,none_builtin,,2,1,19,measured,13,315.119000,6.397000,273.76953125,393.828125,86.0,charging,false,0,,,43.9,FLAG_KEEP_SCREEN_ON,no_load_injected_background_apps_unverified,
2026-08-22T12:21:28.957687Z,1.2.0,realme_RMX3760_api35,1.2.0+3,release,efficientnet_b0_full_int8,bf768dda79fe589885aa9c79820a478236c331901a921dec3f8de87c8219a214,efficientnet_b0,full_int8,int8,int8,1x224x224x3,builtin_cpu,none,none_builtin,,2,1,19,measured,14,317.351000,6.397000,272.78515625,392.82421875,86.0,charging,false,0,,,43.9,FLAG_KEEP_SCREEN_ON,no_load_injected_background_apps_unverified,
2026-08-22T12:21:29.345513Z,1.2.0,realme_RMX3760_api35,1.2.0+3,release,efficientnet_b0_full_int8,bf768dda79fe589885aa9c79820a478236c331901a921dec3f8de87c8219a214,efficientnet_b0,full_int8,int8,int8,1x224x224x3,builtin_cpu,none,none_builtin,,2,1,19,measured,15,326.442000,6.397000,274.72265625,394.80859375,86.0,charging,false,0,,,43.9,FLAG_KEEP_SCREEN_ON,no_load_injected_background_apps_unverified,
2026-08-22T12:21:29.725893Z,1.2.0,realme_RMX3760_api35,1.2.0+3,release,efficientnet_b0_full_int8,bf768dda79fe589885aa9c79820a478236c331901a921dec3f8de87c8219a214,efficientnet_b0,full_int8,int8,int8,1x224x224x3,builtin_cpu,none,none_builtin,,2,1,19,measured,16,319.642000,6.397000,272.8203125,392.921875,86.0,charging,false,0,,,43.9,FLAG_KEEP_SCREEN_ON,no_load_injected_background_apps_unverified,
2026-08-22T12:21:30.090393Z,1.2.0,realme_RMX3760_api35,1.2.0+3,release,efficientnet_b0_full_int8,bf768dda79fe589885aa9c79820a478236c331901a921dec3f8de87c8219a214,efficientnet_b0,full_int8,int8,int8,1x224x224x3,builtin_cpu,none,none_builtin,,2,1,19,measured,17,301.799000,6.397000,271.6875,391.828125,86.0,charging,false,0,,,43.9,FLAG_KEEP_SCREEN_ON,no_load_injected_background_apps_unverified,
2026-08-22T12:21:30.449687Z,1.2.0,realme_RMX3760_api35,1.2.0+3,release,efficientnet_b0_full_int8,bf768dda79fe589885aa9c79820a478236c331901a921dec3f8de87c8219a214,efficientnet_b0,full_int8,int8,int8,1x224x224x3,builtin_cpu,none,none_builtin,,2,1,19,measured,18,298.249000,6.397000,275.0546875,395.37109375,86.0,charging,false,0,,,43.9,FLAG_KEEP_SCREEN_ON,no_load_injected_background_apps_unverified,
2026-08-22T12:21:30.853848Z,1.2.0,realme_RMX3760_api35,1.2.0+3,release,efficientnet_b0_full_int8,bf768dda79fe589885aa9c79820a478236c331901a921dec3f8de87c8219a214,efficientnet_b0,full_int8,int8,int8,1x224x224x3,builtin_cpu,none,none_builtin,,2,1,19,measured,19,343.075000,6.397000,274.79296875,394.9375,86.0,charging,false,0,,,43.9,FLAG_KEEP_SCREEN_ON,no_load_injected_background_apps_unverified,
2026-08-22T12:21:31.222432Z,1.2.0,realme_RMX3760_api35,1.2.0+3,release,efficientnet_b0_full_int8,bf768dda79fe589885aa9c79820a478236c331901a921dec3f8de87c8219a214,efficientnet_b0,full_int8,int8,int8,1x224x224x3,builtin_cpu,none,none_builtin,,2,1,19,measured,20,307.161000,6.397000,271.69921875,391.91796875,86.0,charging,false,0,,,43.9,FLAG_KEEP_SCREEN_ON,no_load_injected_background_apps_unverified,
2026-08-22T12:21:31.625755Z,1.2.0,realme_RMX3760_api35,1.2.0+3,release,efficientnet_b0_full_int8,bf768dda79fe589885aa9c79820a478236c331901a921dec3f8de87c8219a214,efficientnet_b0,full_int8,int8,int8,1x224x224x3,builtin_cpu,none,none_builtin,,2,1,19,measured,21,341.640000,6.397000,273.72265625,394.03125,86.0,charging,false,0,,,43.9,FLAG_KEEP_SCREEN_ON,no_load_injected_background_apps_unverified,
2026-08-22T12:21:32.020331Z,1.2.0,realme_RMX3760_api35,1.2.0+3,release,efficientnet_b0_full_int8,bf768dda79fe589885aa9c79820a478236c331901a921dec3f8de87c8219a214,efficientnet_b0,full_int8,int8,int8,1x224x224x3,builtin_cpu,none,none_builtin,,2,1,19,measured,22,323.070000,6.397000,272.92578125,393.2734375,86.0,charging,false,0,,,43.9,FLAG_KEEP_SCREEN_ON,no_load_injected_background_apps_unverified,
2026-08-22T12:21:32.577012Z,1.2.0,realme_RMX3760_api35,1.2.0+3,release,efficientnet_b0_full_int8,bf768dda79fe589885aa9c79820a478236c331901a921dec3f8de87c8219a214,efficientnet_b0,full_int8,int8,int8,1x224x224x3,builtin_cpu,none,none_builtin,,2,1,19,measured,23,455.247000,6.397000,274.86328125,395.14453125,86.0,charging,false,0,,,43.9,FLAG_KEEP_SCREEN_ON,no_load_injected_background_apps_unverified,
2026-08-22T12:21:33.174349Z,1.2.0,realme_RMX3760_api35,1.2.0+3,release,efficientnet_b0_full_int8,bf768dda79fe589885aa9c79820a478236c331901a921dec3f8de87c8219a214,efficientnet_b0,full_int8,int8,int8,1x224x224x3,builtin_cpu,none,none_builtin,,2,1,19,measured,24,495.568000,6.397000,276.921875,388.640625,86.0,charging,false,0,,,43.9,FLAG_KEEP_SCREEN_ON,no_load_injected_background_apps_unverified,
2026-08-22T12:21:33.756473Z,1.2.0,realme_RMX3760_api35,1.2.0+3,release,efficientnet_b0_full_int8,bf768dda79fe589885aa9c79820a478236c331901a921dec3f8de87c8219a214,efficientnet_b0,full_int8,int8,int8,1x224x224x3,builtin_cpu,none,none_builtin,,2,1,19,measured,25,483.193000,6.397000,279.70703125,391.41015625,86.0,charging,false,0,,,43.9,FLAG_KEEP_SCREEN_ON,no_load_injected_background_apps_unverified,
2026-08-22T12:21:34.337021Z,1.2.0,realme_RMX3760_api35,1.2.0+3,release,efficientnet_b0_full_int8,bf768dda79fe589885aa9c79820a478236c331901a921dec3f8de87c8219a214,efficientnet_b0,full_int8,int8,int8,1x224x224x3,builtin_cpu,none,none_builtin,,2,1,19,measured,26,480.462000,6.397000,282.30859375,394.22265625,86.0,charging,false,0,,,43.9,FLAG_KEEP_SCREEN_ON,no_load_injected_background_apps_unverified,
2026-08-22T12:21:34.921369Z,1.2.0,realme_RMX3760_api35,1.2.0+3,release,efficientnet_b0_full_int8,bf768dda79fe589885aa9c79820a478236c331901a921dec3f8de87c8219a214,efficientnet_b0,full_int8,int8,int8,1x224x224x3,builtin_cpu,none,none_builtin,,2,1,19,measured,27,477.960000,6.397000,285.078125,396.7421875,86.0,charging,false,0,,,43.9,FLAG_KEEP_SCREEN_ON,no_load_injected_background_apps_unverified,
2026-08-22T12:21:35.525156Z,1.2.0,realme_RMX3760_api35,1.2.0+3,release,efficientnet_b0_full_int8,bf768dda79fe589885aa9c79820a478236c331901a921dec3f8de87c8219a214,efficientnet_b0,full_int8,int8,int8,1x224x224x3,builtin_cpu,none,none_builtin,,2,1,19,measured,28,493.120000,6.397000,287.86328125,399.51171875,86.0,charging,false,0,,,43.9,FLAG_KEEP_SCREEN_ON,no_load_injected_background_apps_unverified,
2026-08-22T12:21:36.123641Z,1.2.0,realme_RMX3760_api35,1.2.0+3,release,efficientnet_b0_full_int8,bf768dda79fe589885aa9c79820a478236c331901a921dec3f8de87c8219a214,efficientnet_b0,full_int8,int8,int8,1x224x224x3,builtin_cpu,none,none_builtin,,2,1,19,measured,29,490.630000,6.397000,273.0390625,384.5234375,86.0,charging,false,0,,,43.9,FLAG_KEEP_SCREEN_ON,no_load_injected_background_apps_unverified,
2026-08-22T12:21:36.712208Z,1.2.0,realme_RMX3760_api35,1.2.0+3,release,efficientnet_b0_full_int8,bf768dda79fe589885aa9c79820a478236c331901a921dec3f8de87c8219a214,efficientnet_b0,full_int8,int8,int8,1x224x224x3,builtin_cpu,none,none_builtin,,2,1,19,measured,30,481.893000,6.397000,275.82421875,387.2890625,86.0,charging,false,0,,,43.9,FLAG_KEEP_SCREEN_ON,no_load_injected_background_apps_unverified,
2026-08-22T12:21:37.301043Z,1.2.0,realme_RMX3760_api35,1.2.0+3,release,efficientnet_b0_full_int8,bf768dda79fe589885aa9c79820a478236c331901a921dec3f8de87c8219a214,efficientnet_b0,full_int8,int8,int8,1x224x224x3,builtin_cpu,none,none_builtin,,2,1,19,measured,31,480.429000,6.397000,278.609375,390.0546875,86.0,charging,false,0,,,43.9,FLAG_KEEP_SCREEN_ON,no_load_injected_background_apps_unverified,
2026-08-22T12:21:37.893448Z,1.2.0,realme_RMX3760_api35,1.2.0+3,release,efficientnet_b0_full_int8,bf768dda79fe589885aa9c79820a478236c331901a921dec3f8de87c8219a214,efficientnet_b0,full_int8,int8,int8,1x224x224x3,builtin_cpu,none,none_builtin,,2,1,19,measured,32,483.886000,6.397000,281.39453125,392.8203125,86.0,charging,false,0,,,43.9,FLAG_KEEP_SCREEN_ON,no_load_injected_background_apps_unverified,
2026-08-22T12:21:38.484321Z,1.2.0,realme_RMX3760_api35,1.2.0+3,release,efficientnet_b0_full_int8,bf768dda79fe589885aa9c79820a478236c331901a921dec3f8de87c8219a214,efficientnet_b0,full_int8,int8,int8,1x224x224x3,builtin_cpu,none,none_builtin,,2,1,19,measured,33,482.400000,6.397000,284.1796875,393.8828125,86.0,charging,false,0,,,43.9,FLAG_KEEP_SCREEN_ON,no_load_injected_background_apps_unverified,
2026-08-22T12:21:44.439783Z,1.2.0,realme_RMX3760_api35,1.2.0+3,release,efficientnet_b0_full_int8,bf768dda79fe589885aa9c79820a478236c331901a921dec3f8de87c8219a214,efficientnet_b0,full_int8,int8,int8,1x224x224x3,builtin_cpu,none,none_builtin,,2,1,19,measured,34,5899.583000,6.397000,274.53515625,320.05859375,86.0,charging,false,0,,,43.8,FLAG_KEEP_SCREEN_ON,no_load_injected_background_apps_unverified,
2026-08-22T12:21:44.815997Z,1.2.0,realme_RMX3760_api35,1.2.0+3,release,efficientnet_b0_full_int8,bf768dda79fe589885aa9c79820a478236c331901a921dec3f8de87c8219a214,efficientnet_b0,full_int8,int8,int8,1x224x224x3,builtin_cpu,none,none_builtin,,2,1,19,measured,35,319.520000,6.397000,277.90625,323.30078125,86.0,charging,false,0,,,43.8,FLAG_KEEP_SCREEN_ON,no_load_injected_background_apps_unverified,
2026-08-22T12:21:45.216964Z,1.2.0,realme_RMX3760_api35,1.2.0+3,release,efficientnet_b0_full_int8,bf768dda79fe589885aa9c79820a478236c331901a921dec3f8de87c8219a214,efficientnet_b0,full_int8,int8,int8,1x224x224x3,builtin_cpu,none,none_builtin,,2,1,19,measured,36,347.717000,6.397000,274.4453125,322.70703125,86.0,charging,false,0,,,43.8,FLAG_KEEP_SCREEN_ON,no_load_injected_background_apps_unverified,
2026-08-22T12:21:45.593856Z,1.2.0,realme_RMX3760_api35,1.2.0+3,release,efficientnet_b0_full_int8,bf768dda79fe589885aa9c79820a478236c331901a921dec3f8de87c8219a214,efficientnet_b0,full_int8,int8,int8,1x224x224x3,builtin_cpu,none,none_builtin,,2,1,19,measured,37,323.545000,6.397000,274.94140625,323.58203125,86.0,charging,false,0,,,43.8,FLAG_KEEP_SCREEN_ON,no_load_injected_background_apps_unverified,
2026-08-22T12:21:46.005823Z,1.2.0,realme_RMX3760_api35,1.2.0+3,release,efficientnet_b0_full_int8,bf768dda79fe589885aa9c79820a478236c331901a921dec3f8de87c8219a214,efficientnet_b0,full_int8,int8,int8,1x224x224x3,builtin_cpu,none,none_builtin,,2,1,19,measured,38,358.570000,6.397000,273.14453125,322.42578125,86.0,charging,false,0,,,43.8,FLAG_KEEP_SCREEN_ON,no_load_injected_background_apps_unverified,
2026-08-22T12:21:46.382320Z,1.2.0,realme_RMX3760_api35,1.2.0+3,release,efficientnet_b0_full_int8,bf768dda79fe589885aa9c79820a478236c331901a921dec3f8de87c8219a214,efficientnet_b0,full_int8,int8,int8,1x224x224x3,builtin_cpu,none,none_builtin,,2,1,19,measured,39,322.096000,6.397000,274.140625,324.2109375,86.0,charging,false,0,,,43.8,FLAG_KEEP_SCREEN_ON,no_load_injected_background_apps_unverified,
2026-08-22T12:21:46.753796Z,1.2.0,realme_RMX3760_api35,1.2.0+3,release,efficientnet_b0_full_int8,bf768dda79fe589885aa9c79820a478236c331901a921dec3f8de87c8219a214,efficientnet_b0,full_int8,int8,int8,1x224x224x3,builtin_cpu,none,none_builtin,,2,1,19,measured,40,318.206000,6.397000,277.28515625,327.33203125,86.0,charging,false,0,,,43.8,FLAG_KEEP_SCREEN_ON,no_load_injected_background_apps_unverified,
2026-08-22T12:21:47.150295Z,1.2.0,realme_RMX3760_api35,1.2.0+3,release,efficientnet_b0_full_int8,bf768dda79fe589885aa9c79820a478236c331901a921dec3f8de87c8219a214,efficientnet_b0,full_int8,int8,int8,1x224x224x3,builtin_cpu,none,none_builtin,,2,1,19,measured,41,337.678000,6.397000,275.537109375,325.3359375,86.0,charging,false,0,,,43.8,FLAG_KEEP_SCREEN_ON,no_load_injected_background_apps_unverified,
2026-08-22T12:21:47.527964Z,1.2.0,realme_RMX3760_api35,1.2.0+3,release,efficientnet_b0_full_int8,bf768dda79fe589885aa9c79820a478236c331901a921dec3f8de87c8219a214,efficientnet_b0,full_int8,int8,int8,1x224x224x3,builtin_cpu,none,none_builtin,,2,1,19,measured,42,317.635000,6.397000,273.404296875,323.1875,86.0,charging,false,0,,,43.8,FLAG_KEEP_SCREEN_ON,no_load_injected_background_apps_unverified,
2026-08-22T12:21:47.903860Z,1.2.0,realme_RMX3760_api35,1.2.0+3,release,efficientnet_b0_full_int8,bf768dda79fe589885aa9c79820a478236c331901a921dec3f8de87c8219a214,efficientnet_b0,full_int8,int8,int8,1x224x224x3,builtin_cpu,none,none_builtin,,2,1,19,measured,43,315.893000,6.397000,273.439453125,323.1953125,86.0,charging,false,0,,,43.8,FLAG_KEEP_SCREEN_ON,no_load_injected_background_apps_unverified,
2026-08-22T12:21:48.291840Z,1.2.0,realme_RMX3760_api35,1.2.0+3,release,efficientnet_b0_full_int8,bf768dda79fe589885aa9c79820a478236c331901a921dec3f8de87c8219a214,efficientnet_b0,full_int8,int8,int8,1x224x224x3,builtin_cpu,none,none_builtin,,2,1,19,measured,44,327.809000,6.397000,273.892578125,323.8203125,86.0,charging,false,0,,,43.8,FLAG_KEEP_SCREEN_ON,no_load_injected_background_apps_unverified,
2026-08-22T12:21:48.685961Z,1.2.0,realme_RMX3760_api35,1.2.0+3,release,efficientnet_b0_full_int8,bf768dda79fe589885aa9c79820a478236c331901a921dec3f8de87c8219a214,efficientnet_b0,full_int8,int8,int8,1x224x224x3,builtin_cpu,none,none_builtin,,2,1,19,measured,45,334.723000,6.397000,275.455078125,325.24609375,86.0,charging,false,0,,,43.8,FLAG_KEEP_SCREEN_ON,no_load_injected_background_apps_unverified,
2026-08-22T12:21:49.073827Z,1.2.0,realme_RMX3760_api35,1.2.0+3,release,efficientnet_b0_full_int8,bf768dda79fe589885aa9c79820a478236c331901a921dec3f8de87c8219a214,efficientnet_b0,full_int8,int8,int8,1x224x224x3,builtin_cpu,none,none_builtin,,2,1,19,measured,46,328.465000,6.397000,274.482421875,324.22265625,86.0,charging,false,0,,,43.8,FLAG_KEEP_SCREEN_ON,no_load_injected_background_apps_unverified,
2026-08-22T12:21:49.449725Z,1.2.0,realme_RMX3760_api35,1.2.0+3,release,efficientnet_b0_full_int8,bf768dda79fe589885aa9c79820a478236c331901a921dec3f8de87c8219a214,efficientnet_b0,full_int8,int8,int8,1x224x224x3,builtin_cpu,none,none_builtin,,2,1,19,measured,47,316.693000,6.397000,272.943359375,322.77734375,86.0,charging,false,0,,,43.8,FLAG_KEEP_SCREEN_ON,no_load_injected_background_apps_unverified,
2026-08-22T12:21:49.840142Z,1.2.0,realme_RMX3760_api35,1.2.0+3,release,efficientnet_b0_full_int8,bf768dda79fe589885aa9c79820a478236c331901a921dec3f8de87c8219a214,efficientnet_b0,full_int8,int8,int8,1x224x224x3,builtin_cpu,none,none_builtin,,2,1,19,measured,48,330.566000,6.397000,273.986328125,323.890625,86.0,charging,false,0,,,43.8,FLAG_KEEP_SCREEN_ON,no_load_injected_background_apps_unverified,
2026-08-22T12:21:50.220200Z,1.2.0,realme_RMX3760_api35,1.2.0+3,release,efficientnet_b0_full_int8,bf768dda79fe589885aa9c79820a478236c331901a921dec3f8de87c8219a214,efficientnet_b0,full_int8,int8,int8,1x224x224x3,builtin_cpu,none,none_builtin,,2,1,19,measured,49,319.654000,6.397000,275.6435546875,325.484375,86.0,charging,false,0,,,43.8,FLAG_KEEP_SCREEN_ON,no_load_injected_background_apps_unverified,
2026-08-22T12:21:50.616528Z,1.2.0,realme_RMX3760_api35,1.2.0+3,release,efficientnet_b0_full_int8,bf768dda79fe589885aa9c79820a478236c331901a921dec3f8de87c8219a214,efficientnet_b0,full_int8,int8,int8,1x224x224x3,builtin_cpu,none,none_builtin,,2,1,19,measured,50,336.599000,6.397000,274.6748046875,324.51953125,86.0,charging,false,0,,,43.8,FLAG_KEEP_SCREEN_ON,no_load_injected_background_apps_unverified,
2026-08-22T12:21:51.008086Z,1.2.0,realme_RMX3760_api35,1.2.0+3,release,efficientnet_b0_full_int8,bf768dda79fe589885aa9c79820a478236c331901a921dec3f8de87c8219a214,efficientnet_b0,full_int8,int8,int8,1x224x224x3,builtin_cpu,none,none_builtin,,2,1,19,measured,51,331.584000,6.397000,274.7060546875,324.5234375,86.0,charging,false,0,,,43.8,FLAG_KEEP_SCREEN_ON,no_load_injected_background_apps_unverified,
2026-08-22T12:21:51.373038Z,1.2.0,realme_RMX3760_api35,1.2.0+3,release,efficientnet_b0_full_int8,bf768dda79fe589885aa9c79820a478236c331901a921dec3f8de87c8219a214,efficientnet_b0,full_int8,int8,int8,1x224x224x3,builtin_cpu,none,none_builtin,,2,1,19,measured,52,304.215000,6.397000,272.5732421875,322.48046875,86.0,charging,false,0,,,43.8,FLAG_KEEP_SCREEN_ON,no_load_injected_background_apps_unverified,
2026-08-22T12:21:51.745200Z,1.2.0,realme_RMX3760_api35,1.2.0+3,release,efficientnet_b0_full_int8,bf768dda79fe589885aa9c79820a478236c331901a921dec3f8de87c8219a214,efficientnet_b0,full_int8,int8,int8,1x224x224x3,builtin_cpu,none,none_builtin,,2,1,19,measured,53,312.088000,6.397000,275.6083984375,325.38671875,86.0,charging,false,0,,,43.7,FLAG_KEEP_SCREEN_ON,no_load_injected_background_apps_unverified,
2026-08-22T12:21:52.124525Z,1.2.0,realme_RMX3760_api35,1.2.0+3,release,efficientnet_b0_full_int8,bf768dda79fe589885aa9c79820a478236c331901a921dec3f8de87c8219a214,efficientnet_b0,full_int8,int8,int8,1x224x224x3,builtin_cpu,none,none_builtin,,2,1,19,measured,54,319.416000,6.397000,274.7021484375,324.5390625,86.0,charging,false,0,,,43.7,FLAG_KEEP_SCREEN_ON,no_load_injected_background_apps_unverified,
2026-08-22T12:21:52.508140Z,1.2.0,realme_RMX3760_api35,1.2.0+3,release,efficientnet_b0_full_int8,bf768dda79fe589885aa9c79820a478236c331901a921dec3f8de87c8219a214,efficientnet_b0,full_int8,int8,int8,1x224x224x3,builtin_cpu,none,none_builtin,,2,1,19,measured,55,323.481000,6.397000,273.7216796875,323.56640625,86.0,charging,false,0,,,43.7,FLAG_KEEP_SCREEN_ON,no_load_injected_background_apps_unverified,
2026-08-22T12:21:52.888348Z,1.2.0,realme_RMX3760_api35,1.2.0+3,release,efficientnet_b0_full_int8,bf768dda79fe589885aa9c79820a478236c331901a921dec3f8de87c8219a214,efficientnet_b0,full_int8,int8,int8,1x224x224x3,builtin_cpu,none,none_builtin,,2,1,19,measured,56,320.240000,6.397000,273.7451171875,323.5625,86.0,charging,false,0,,,43.7,FLAG_KEEP_SCREEN_ON,no_load_injected_background_apps_unverified,
2026-08-22T12:21:53.255042Z,1.2.0,realme_RMX3760_api35,1.2.0+3,release,efficientnet_b0_full_int8,bf768dda79fe589885aa9c79820a478236c331901a921dec3f8de87c8219a214,efficientnet_b0,full_int8,int8,int8,1x224x224x3,builtin_cpu,none,none_builtin,,2,1,19,measured,57,304.317000,6.397000,273.2763671875,323.17578125,86.0,charging,false,0,,,43.7,FLAG_KEEP_SCREEN_ON,no_load_injected_background_apps_unverified,
2026-08-22T12:21:53.633934Z,1.2.0,realme_RMX3760_api35,1.2.0+3,release,efficientnet_b0_full_int8,bf768dda79fe589885aa9c79820a478236c331901a921dec3f8de87c8219a214,efficientnet_b0,full_int8,int8,int8,1x224x224x3,builtin_cpu,none,none_builtin,,2,1,19,measured,58,319.434000,6.397000,273.8037109375,323.68359375,86.0,charging,false,0,,,43.7,FLAG_KEEP_SCREEN_ON,no_load_injected_background_apps_unverified,
2026-08-22T12:21:54.012371Z,1.2.0,realme_RMX3760_api35,1.2.0+3,release,efficientnet_b0_full_int8,bf768dda79fe589885aa9c79820a478236c331901a921dec3f8de87c8219a214,efficientnet_b0,full_int8,int8,int8,1x224x224x3,builtin_cpu,none,none_builtin,,2,1,19,measured,59,318.478000,6.397000,275.8310546875,325.6953125,86.0,charging,false,0,,,43.7,FLAG_KEEP_SCREEN_ON,no_load_injected_background_apps_unverified,
2026-08-22T12:21:54.404559Z,1.2.0,realme_RMX3760_api35,1.2.0+3,release,efficientnet_b0_full_int8,bf768dda79fe589885aa9c79820a478236c331901a921dec3f8de87c8219a214,efficientnet_b0,full_int8,int8,int8,1x224x224x3,builtin_cpu,none,none_builtin,,2,1,19,measured,60,331.930000,6.397000,274.8505859375,324.66796875,86.0,charging,false,0,,,43.7,FLAG_KEEP_SCREEN_ON,no_load_injected_background_apps_unverified,
2026-08-22T12:21:54.793756Z,1.2.0,realme_RMX3760_api35,1.2.0+3,release,efficientnet_b0_full_int8,bf768dda79fe589885aa9c79820a478236c331901a921dec3f8de87c8219a214,efficientnet_b0,full_int8,int8,int8,1x224x224x3,builtin_cpu,none,none_builtin,,2,1,19,measured,61,329.258000,6.397000,274.8076171875,324.51953125,86.0,charging,false,0,,,43.7,FLAG_KEEP_SCREEN_ON,no_load_injected_background_apps_unverified,
2026-08-22T12:21:55.197078Z,1.2.0,realme_RMX3760_api35,1.2.0+3,release,efficientnet_b0_full_int8,bf768dda79fe589885aa9c79820a478236c331901a921dec3f8de87c8219a214,efficientnet_b0,full_int8,int8,int8,1x224x224x3,builtin_cpu,none,none_builtin,,2,1,19,measured,62,342.935000,6.397000,274.8232421875,324.4921875,86.0,charging,false,0,,,43.7,FLAG_KEEP_SCREEN_ON,no_load_injected_background_apps_unverified,
2026-08-22T12:21:55.599040Z,1.2.0,realme_RMX3760_api35,1.2.0+3,release,efficientnet_b0_full_int8,bf768dda79fe589885aa9c79820a478236c331901a921dec3f8de87c8219a214,efficientnet_b0,full_int8,int8,int8,1x224x224x3,builtin_cpu,none,none_builtin,,2,1,19,measured,63,342.080000,6.397000,274.3388671875,323.99609375,86.0,charging,false,0,,,43.7,FLAG_KEEP_SCREEN_ON,no_load_injected_background_apps_unverified,
2026-08-22T12:21:55.977144Z,1.2.0,realme_RMX3760_api35,1.2.0+3,release,efficientnet_b0_full_int8,bf768dda79fe589885aa9c79820a478236c331901a921dec3f8de87c8219a214,efficientnet_b0,full_int8,int8,int8,1x224x224x3,builtin_cpu,none,none_builtin,,2,1,19,measured,64,317.424000,6.397000,273.9169921875,323.42578125,86.0,charging,false,0,,,43.7,FLAG_KEEP_SCREEN_ON,no_load_injected_background_apps_unverified,
2026-08-22T12:21:56.346635Z,1.2.0,realme_RMX3760_api35,1.2.0+3,release,efficientnet_b0_full_int8,bf768dda79fe589885aa9c79820a478236c331901a921dec3f8de87c8219a214,efficientnet_b0,full_int8,int8,int8,1x224x224x3,builtin_cpu,none,none_builtin,,2,1,19,measured,65,310.077000,6.397000,273.4365234375,323.12109375,86.0,charging,false,0,,,43.7,FLAG_KEEP_SCREEN_ON,no_load_injected_background_apps_unverified,
2026-08-22T12:21:56.734806Z,1.2.0,realme_RMX3760_api35,1.2.0+3,release,efficientnet_b0_full_int8,bf768dda79fe589885aa9c79820a478236c331901a921dec3f8de87c8219a214,efficientnet_b0,full_int8,int8,int8,1x224x224x3,builtin_cpu,none,none_builtin,,2,1,19,measured,66,328.678000,6.397000,275.9638671875,325.828125,86.0,charging,false,0,,,43.6,FLAG_KEEP_SCREEN_ON,no_load_injected_background_apps_unverified,
2026-08-22T12:21:57.126415Z,1.2.0,realme_RMX3760_api35,1.2.0+3,release,efficientnet_b0_full_int8,bf768dda79fe589885aa9c79820a478236c331901a921dec3f8de87c8219a214,efficientnet_b0,full_int8,int8,int8,1x224x224x3,builtin_cpu,none,none_builtin,,2,1,19,measured,67,332.315000,6.397000,275.0224609375,324.859375,86.0,charging,false,0,,,43.6,FLAG_KEEP_SCREEN_ON,no_load_injected_background_apps_unverified,
2026-08-22T12:21:57.528231Z,1.2.0,realme_RMX3760_api35,1.2.0+3,release,efficientnet_b0_full_int8,bf768dda79fe589885aa9c79820a478236c331901a921dec3f8de87c8219a214,efficientnet_b0,full_int8,int8,int8,1x224x224x3,builtin_cpu,none,none_builtin,,2,1,19,measured,68,341.859000,6.397000,275.0419921875,324.859375,86.0,charging,false,0,,,43.6,FLAG_KEEP_SCREEN_ON,no_load_injected_background_apps_unverified,
2026-08-22T12:21:57.912590Z,1.2.0,realme_RMX3760_api35,1.2.0+3,release,efficientnet_b0_full_int8,bf768dda79fe589885aa9c79820a478236c331901a921dec3f8de87c8219a214,efficientnet_b0,full_int8,int8,int8,1x224x224x3,builtin_cpu,none,none_builtin,,2,1,19,measured,69,324.424000,6.397000,274.0576171875,323.85546875,86.0,charging,false,0,,,43.6,FLAG_KEEP_SCREEN_ON,no_load_injected_background_apps_unverified,
2026-08-22T12:21:58.292619Z,1.2.0,realme_RMX3760_api35,1.2.0+3,release,efficientnet_b0_full_int8,bf768dda79fe589885aa9c79820a478236c331901a921dec3f8de87c8219a214,efficientnet_b0,full_int8,int8,int8,1x224x224x3,builtin_cpu,none,none_builtin,,2,1,19,measured,70,320.122000,6.397000,276.0185546875,325.75390625,86.0,charging,false,0,,,43.6,FLAG_KEEP_SCREEN_ON,no_load_injected_background_apps_unverified,
2026-08-22T12:21:58.689014Z,1.2.0,realme_RMX3760_api35,1.2.0+3,release,efficientnet_b0_full_int8,bf768dda79fe589885aa9c79820a478236c331901a921dec3f8de87c8219a214,efficientnet_b0,full_int8,int8,int8,1x224x224x3,builtin_cpu,none,none_builtin,,2,1,19,measured,71,335.982000,6.397000,275.0380859375,324.78515625,86.0,charging,false,0,,,43.6,FLAG_KEEP_SCREEN_ON,no_load_injected_background_apps_unverified,
2026-08-22T12:21:59.143947Z,1.2.0,realme_RMX3760_api35,1.2.0+3,release,efficientnet_b0_full_int8,bf768dda79fe589885aa9c79820a478236c331901a921dec3f8de87c8219a214,efficientnet_b0,full_int8,int8,int8,1x224x224x3,builtin_cpu,none,none_builtin,,2,1,19,measured,72,359.640000,6.397000,275.1044921875,324.78515625,86.0,charging,false,0,,,43.6,FLAG_KEEP_SCREEN_ON,no_load_injected_background_apps_unverified,
2026-08-22T12:21:59.550389Z,1.2.0,realme_RMX3760_api35,1.2.0+3,release,efficientnet_b0_full_int8,bf768dda79fe589885aa9c79820a478236c331901a921dec3f8de87c8219a214,efficientnet_b0,full_int8,int8,int8,1x224x224x3,builtin_cpu,none,none_builtin,,2,1,19,measured,73,347.799000,6.397000,274.6279296875,324.50390625,86.0,charging,false,0,,,43.6,FLAG_KEEP_SCREEN_ON,no_load_injected_background_apps_unverified,
2026-08-22T12:21:59.981591Z,1.2.0,realme_RMX3760_api35,1.2.0+3,release,efficientnet_b0_full_int8,bf768dda79fe589885aa9c79820a478236c331901a921dec3f8de87c8219a214,efficientnet_b0,full_int8,int8,int8,1x224x224x3,builtin_cpu,none,none_builtin,,2,1,19,measured,74,341.525000,6.397000,275.1435546875,324.9921875,86.0,charging,false,0,,,43.6,FLAG_KEEP_SCREEN_ON,no_load_injected_background_apps_unverified,
2026-08-22T12:22:00.356035Z,1.2.0,realme_RMX3760_api35,1.2.0+3,release,efficientnet_b0_full_int8,bf768dda79fe589885aa9c79820a478236c331901a921dec3f8de87c8219a214,efficientnet_b0,full_int8,int8,int8,1x224x224x3,builtin_cpu,none,none_builtin,,2,1,19,measured,75,314.605000,6.397000,274.1591796875,323.98046875,86.0,charging,false,0,,,43.6,FLAG_KEEP_SCREEN_ON,no_load_injected_background_apps_unverified,
2026-08-22T12:22:00.721289Z,1.2.0,realme_RMX3760_api35,1.2.0+3,release,efficientnet_b0_full_int8,bf768dda79fe589885aa9c79820a478236c331901a921dec3f8de87c8219a214,efficientnet_b0,full_int8,int8,int8,1x224x224x3,builtin_cpu,none,none_builtin,,2,1,19,measured,76,305.232000,6.397000,276.4443359375,326.3125,86.0,charging,false,0,,,43.6,FLAG_KEEP_SCREEN_ON,no_load_injected_background_apps_unverified,
2026-08-22T12:22:01.127820Z,1.2.0,realme_RMX3760_api35,1.2.0+3,release,efficientnet_b0_full_int8,bf768dda79fe589885aa9c79820a478236c331901a921dec3f8de87c8219a214,efficientnet_b0,full_int8,int8,int8,1x224x224x3,builtin_cpu,none,none_builtin,,2,1,19,measured,77,346.181000,6.397000,275.2294921875,325.06640625,86.0,charging,false,0,,,43.6,FLAG_KEEP_SCREEN_ON,no_load_injected_background_apps_unverified,
2026-08-22T12:22:01.505904Z,1.2.0,realme_RMX3760_api35,1.2.0+3,release,efficientnet_b0_full_int8,bf768dda79fe589885aa9c79820a478236c331901a921dec3f8de87c8219a214,efficientnet_b0,full_int8,int8,int8,1x224x224x3,builtin_cpu,none,none_builtin,,2,1,19,measured,78,319.021000,6.397000,274.2451171875,324.0625,86.0,charging,false,0,,,43.6,FLAG_KEEP_SCREEN_ON,no_load_injected_background_apps_unverified,
2026-08-22T12:22:01.870639Z,1.2.0,realme_RMX3760_api35,1.2.0+3,release,efficientnet_b0_full_int8,bf768dda79fe589885aa9c79820a478236c331901a921dec3f8de87c8219a214,efficientnet_b0,full_int8,int8,int8,1x224x224x3,builtin_cpu,none,none_builtin,,2,1,19,measured,79,305.715000,6.397000,277.0341796875,326.828125,86.0,charging,false,0,,,43.6,FLAG_KEEP_SCREEN_ON,no_load_injected_background_apps_unverified,
2026-08-22T12:22:02.281688Z,1.2.0,realme_RMX3760_api35,1.2.0+3,release,efficientnet_b0_full_int8,bf768dda79fe589885aa9c79820a478236c331901a921dec3f8de87c8219a214,efficientnet_b0,full_int8,int8,int8,1x224x224x3,builtin_cpu,none,none_builtin,,2,1,19,measured,80,351.689000,6.397000,275.2919921875,325.0703125,86.0,charging,false,0,,,43.6,FLAG_KEEP_SCREEN_ON,no_load_injected_background_apps_unverified,
2026-08-22T12:22:02.667915Z,1.2.0,realme_RMX3760_api35,1.2.0+3,release,efficientnet_b0_full_int8,bf768dda79fe589885aa9c79820a478236c331901a921dec3f8de87c8219a214,efficientnet_b0,full_int8,int8,int8,1x224x224x3,builtin_cpu,none,none_builtin,,2,1,19,measured,81,325.777000,6.397000,275.3115234375,325.0703125,86.0,charging,false,0,,,43.6,FLAG_KEEP_SCREEN_ON,no_load_injected_background_apps_unverified,
2026-08-22T12:22:03.060742Z,1.2.0,realme_RMX3760_api35,1.2.0+3,release,efficientnet_b0_full_int8,bf768dda79fe589885aa9c79820a478236c331901a921dec3f8de87c8219a214,efficientnet_b0,full_int8,int8,int8,1x224x224x3,builtin_cpu,none,none_builtin,,2,1,19,measured,82,332.574000,6.397000,275.3349609375,325.04296875,86.0,charging,false,0,,,43.6,FLAG_KEEP_SCREEN_ON,no_load_injected_background_apps_unverified,
2026-08-22T12:22:03.453058Z,1.2.0,realme_RMX3760_api35,1.2.0+3,release,efficientnet_b0_full_int8,bf768dda79fe589885aa9c79820a478236c331901a921dec3f8de87c8219a214,efficientnet_b0,full_int8,int8,int8,1x224x224x3,builtin_cpu,none,none_builtin,,2,1,19,measured,83,332.244000,6.397000,275.3154296875,324.99609375,86.0,charging,false,0,,,43.6,FLAG_KEEP_SCREEN_ON,no_load_injected_background_apps_unverified,
2026-08-22T12:22:03.832875Z,1.2.0,realme_RMX3760_api35,1.2.0+3,release,efficientnet_b0_full_int8,bf768dda79fe589885aa9c79820a478236c331901a921dec3f8de87c8219a214,efficientnet_b0,full_int8,int8,int8,1x224x224x3,builtin_cpu,none,none_builtin,,2,1,19,measured,84,319.872000,6.397000,276.3427734375,326.01171875,86.0,charging,false,0,,,43.6,FLAG_KEEP_SCREEN_ON,no_load_injected_background_apps_unverified,
2026-08-22T12:22:04.226994Z,1.2.0,realme_RMX3760_api35,1.2.0+3,release,efficientnet_b0_full_int8,bf768dda79fe589885aa9c79820a478236c331901a921dec3f8de87c8219a214,efficientnet_b0,full_int8,int8,int8,1x224x224x3,builtin_cpu,none,none_builtin,,2,1,19,measured,85,335.635000,6.397000,275.3701171875,325.19921875,86.0,charging,false,0,,,43.6,FLAG_KEEP_SCREEN_ON,no_load_injected_background_apps_unverified,
2026-08-22T12:22:04.620481Z,1.2.0,realme_RMX3760_api35,1.2.0+3,release,efficientnet_b0_full_int8,bf768dda79fe589885aa9c79820a478236c331901a921dec3f8de87c8219a214,efficientnet_b0,full_int8,int8,int8,1x224x224x3,builtin_cpu,none,none_builtin,,2,1,19,measured,86,332.479000,6.397000,274.8740234375,324.73828125,86.0,charging,false,0,,,43.6,FLAG_KEEP_SCREEN_ON,no_load_injected_background_apps_unverified,
2026-08-22T12:22:05.000350Z,1.2.0,realme_RMX3760_api35,1.2.0+3,release,efficientnet_b0_full_int8,bf768dda79fe589885aa9c79820a478236c331901a921dec3f8de87c8219a214,efficientnet_b0,full_int8,int8,int8,1x224x224x3,builtin_cpu,none,none_builtin,,2,1,19,measured,87,319.439000,6.397000,274.3974609375,324.36328125,86.0,charging,false,0,,,43.6,FLAG_KEEP_SCREEN_ON,no_load_injected_background_apps_unverified,
2026-08-22T12:22:05.362927Z,1.2.0,realme_RMX3760_api35,1.2.0+3,release,efficientnet_b0_full_int8,bf768dda79fe589885aa9c79820a478236c331901a921dec3f8de87c8219a214,efficientnet_b0,full_int8,int8,int8,1x224x224x3,builtin_cpu,none,none_builtin,,2,1,19,measured,88,304.658000,6.397000,274.7958984375,324.7734375,86.0,charging,false,0,,,43.6,FLAG_KEEP_SCREEN_ON,no_load_injected_background_apps_unverified,
2026-08-22T12:22:05.756212Z,1.2.0,realme_RMX3760_api35,1.2.0+3,release,efficientnet_b0_full_int8,bf768dda79fe589885aa9c79820a478236c331901a921dec3f8de87c8219a214,efficientnet_b0,full_int8,int8,int8,1x224x224x3,builtin_cpu,none,none_builtin,,2,1,19,measured,89,332.859000,6.397000,275.4169921875,325.2421875,86.0,charging,false,0,,,43.6,FLAG_KEEP_SCREEN_ON,no_load_injected_background_apps_unverified,
2026-08-22T12:22:06.144864Z,1.2.0,realme_RMX3760_api35,1.2.0+3,release,efficientnet_b0_full_int8,bf768dda79fe589885aa9c79820a478236c331901a921dec3f8de87c8219a214,efficientnet_b0,full_int8,int8,int8,1x224x224x3,builtin_cpu,none,none_builtin,,2,1,19,measured,90,328.072000,6.397000,275.4404296875,325.33984375,86.0,charging,false,0,,,43.6,FLAG_KEEP_SCREEN_ON,no_load_injected_background_apps_unverified,
2026-08-22T12:22:06.544892Z,1.2.0,realme_RMX3760_api35,1.2.0+3,release,efficientnet_b0_full_int8,bf768dda79fe589885aa9c79820a478236c331901a921dec3f8de87c8219a214,efficientnet_b0,full_int8,int8,int8,1x224x224x3,builtin_cpu,none,none_builtin,,2,1,19,measured,91,340.030000,6.397000,275.2021484375,325.0859375,86.0,charging,false,0,,,43.6,FLAG_KEEP_SCREEN_ON,no_load_injected_background_apps_unverified,
2026-08-22T12:22:06.934435Z,1.2.0,realme_RMX3760_api35,1.2.0+3,release,efficientnet_b0_full_int8,bf768dda79fe589885aa9c79820a478236c331901a921dec3f8de87c8219a214,efficientnet_b0,full_int8,int8,int8,1x224x224x3,builtin_cpu,none,none_builtin,,2,1,19,measured,92,330.486000,6.397000,275.3974609375,325.1328125,86.0,charging,false,0,,,43.6,FLAG_KEEP_SCREEN_ON,no_load_injected_background_apps_unverified,
2026-08-22T12:22:07.320096Z,1.2.0,realme_RMX3760_api35,1.2.0+3,release,efficientnet_b0_full_int8,bf768dda79fe589885aa9c79820a478236c331901a921dec3f8de87c8219a214,efficientnet_b0,full_int8,int8,int8,1x224x224x3,builtin_cpu,none,none_builtin,,2,1,19,measured,93,325.551000,6.397000,275.5107421875,325.27734375,86.0,charging,false,0,,,43.5,FLAG_KEEP_SCREEN_ON,no_load_injected_background_apps_unverified,
2026-08-22T12:22:07.700967Z,1.2.0,realme_RMX3760_api35,1.2.0+3,release,efficientnet_b0_full_int8,bf768dda79fe589885aa9c79820a478236c331901a921dec3f8de87c8219a214,efficientnet_b0,full_int8,int8,int8,1x224x224x3,builtin_cpu,none,none_builtin,,2,1,19,measured,94,320.338000,6.397000,274.5185546875,324.30859375,86.0,charging,false,0,,,43.5,FLAG_KEEP_SCREEN_ON,no_load_injected_background_apps_unverified,
2026-08-22T12:22:08.080103Z,1.2.0,realme_RMX3760_api35,1.2.0+3,release,efficientnet_b0_full_int8,bf768dda79fe589885aa9c79820a478236c331901a921dec3f8de87c8219a214,efficientnet_b0,full_int8,int8,int8,1x224x224x3,builtin_cpu,none,none_builtin,,2,1,19,measured,95,319.007000,6.397000,276.5498046875,326.31640625,86.0,charging,false,0,,,43.5,FLAG_KEEP_SCREEN_ON,no_load_injected_background_apps_unverified,
2026-08-22T12:22:08.473184Z,1.2.0,realme_RMX3760_api35,1.2.0+3,release,efficientnet_b0_full_int8,bf768dda79fe589885aa9c79820a478236c331901a921dec3f8de87c8219a214,efficientnet_b0,full_int8,int8,int8,1x224x224x3,builtin_cpu,none,none_builtin,,2,1,19,measured,96,332.742000,6.397000,274.9599609375,324.92578125,86.0,charging,false,0,,,43.5,FLAG_KEEP_SCREEN_ON,no_load_injected_background_apps_unverified,
2026-08-22T12:22:08.875025Z,1.2.0,realme_RMX3760_api35,1.2.0+3,release,efficientnet_b0_full_int8,bf768dda79fe589885aa9c79820a478236c331901a921dec3f8de87c8219a214,efficientnet_b0,full_int8,int8,int8,1x224x224x3,builtin_cpu,none,none_builtin,,2,1,19,measured,97,338.232000,6.397000,275.5927734375,325.34375,86.0,charging,false,0,,,43.5,FLAG_KEEP_SCREEN_ON,no_load_injected_background_apps_unverified,
2026-08-22T12:22:09.260626Z,1.2.0,realme_RMX3760_api35,1.2.0+3,release,efficientnet_b0_full_int8,bf768dda79fe589885aa9c79820a478236c331901a921dec3f8de87c8219a214,efficientnet_b0,full_int8,int8,int8,1x224x224x3,builtin_cpu,none,none_builtin,,2,1,19,measured,98,325.855000,6.397000,275.6123046875,325.51953125,86.0,charging,false,0,,,43.5,FLAG_KEEP_SCREEN_ON,no_load_injected_background_apps_unverified,
2026-08-22T12:22:09.652385Z,1.2.0,realme_RMX3760_api35,1.2.0+3,release,efficientnet_b0_full_int8,bf768dda79fe589885aa9c79820a478236c331901a921dec3f8de87c8219a214,efficientnet_b0,full_int8,int8,int8,1x224x224x3,builtin_cpu,none,none_builtin,,2,1,19,measured,99,331.798000,6.397000,275.3701171875,325.25390625,86.0,charging,false,0,,,43.5,FLAG_KEEP_SCREEN_ON,no_load_injected_background_apps_unverified,
2026-08-22T12:22:17.137142Z,1.2.0,realme_RMX3760_api35,1.2.0+3,release,mobilenet_v3_small_float16,201167c633c4c8714d7c84905e88fe159d76e9eff38c91b70708b1ced5a8bb00,mobilenet_v3_small,float16,float32,float32,1x224x224x3,xnnpack_cpu,xnnpack,xnnpack_initialized_partition_unverified,,4,1,20,measured,0,359.999000,17.488000,287.9951171875,340.34375,86.0,charging,false,0,,,43.5,FLAG_KEEP_SCREEN_ON,no_load_injected_background_apps_unverified,
2026-08-22T12:22:17.550320Z,1.2.0,realme_RMX3760_api35,1.2.0+3,release,mobilenet_v3_small_float16,201167c633c4c8714d7c84905e88fe159d76e9eff38c91b70708b1ced5a8bb00,mobilenet_v3_small,float16,float32,float32,1x224x224x3,xnnpack_cpu,xnnpack,xnnpack_initialized_partition_unverified,,4,1,20,measured,1,350.607000,17.488000,288.5576171875,340.8984375,86.0,charging,false,0,,,43.5,FLAG_KEEP_SCREEN_ON,no_load_injected_background_apps_unverified,
2026-08-22T12:22:17.966147Z,1.2.0,realme_RMX3760_api35,1.2.0+3,release,mobilenet_v3_small_float16,201167c633c4c8714d7c84905e88fe159d76e9eff38c91b70708b1ced5a8bb00,mobilenet_v3_small,float16,float32,float32,1x224x224x3,xnnpack_cpu,xnnpack,xnnpack_initialized_partition_unverified,,4,1,20,measured,2,356.024000,17.488000,287.5693359375,339.91796875,86.0,charging,false,0,,,43.5,FLAG_KEEP_SCREEN_ON,no_load_injected_background_apps_unverified,
2026-08-22T12:22:18.394314Z,1.2.0,realme_RMX3760_api35,1.2.0+3,release,mobilenet_v3_small_float16,201167c633c4c8714d7c84905e88fe159d76e9eff38c91b70708b1ced5a8bb00,mobilenet_v3_small,float16,float32,float32,1x224x224x3,xnnpack_cpu,xnnpack,xnnpack_initialized_partition_unverified,,4,1,20,measured,3,368.109000,17.488000,288.5927734375,340.921875,86.0,charging,false,0,,,43.5,FLAG_KEEP_SCREEN_ON,no_load_injected_background_apps_unverified,
2026-08-22T12:22:18.798738Z,1.2.0,realme_RMX3760_api35,1.2.0+3,release,mobilenet_v3_small_float16,201167c633c4c8714d7c84905e88fe159d76e9eff38c91b70708b1ced5a8bb00,mobilenet_v3_small,float16,float32,float32,1x224x224x3,xnnpack_cpu,xnnpack,xnnpack_initialized_partition_unverified,,4,1,20,measured,4,344.192000,17.488000,288.5966796875,340.93359375,86.0,charging,false,0,,,43.5,FLAG_KEEP_SCREEN_ON,no_load_injected_background_apps_unverified,
2026-08-22T12:22:19.226527Z,1.2.0,realme_RMX3760_api35,1.2.0+3,release,mobilenet_v3_small_float16,201167c633c4c8714d7c84905e88fe159d76e9eff38c91b70708b1ced5a8bb00,mobilenet_v3_small,float16,float32,float32,1x224x224x3,xnnpack_cpu,xnnpack,xnnpack_initialized_partition_unverified,,4,1,20,measured,5,368.190000,17.488000,287.6201171875,339.9609375,86.0,charging,false,0,,,43.5,FLAG_KEEP_SCREEN_ON,no_load_injected_background_apps_unverified,
2026-08-22T12:22:19.646353Z,1.2.0,realme_RMX3760_api35,1.2.0+3,release,mobilenet_v3_small_float16,201167c633c4c8714d7c84905e88fe159d76e9eff38c91b70708b1ced5a8bb00,mobilenet_v3_small,float16,float32,float32,1x224x224x3,xnnpack_cpu,xnnpack,xnnpack_initialized_partition_unverified,,4,1,20,measured,6,359.930000,17.488000,288.6396484375,340.953125,86.0,charging,false,0,,,43.5,FLAG_KEEP_SCREEN_ON,no_load_injected_background_apps_unverified,
2026-08-22T12:22:20.065121Z,1.2.0,realme_RMX3760_api35,1.2.0+3,release,mobilenet_v3_small_float16,201167c633c4c8714d7c84905e88fe159d76e9eff38c91b70708b1ced5a8bb00,mobilenet_v3_small,float16,float32,float32,1x224x224x3,xnnpack_cpu,xnnpack,xnnpack_initialized_partition_unverified,,4,1,20,measured,7,358.145000,17.488000,288.1513671875,340.4921875,86.0,charging,false,0,,,43.5,FLAG_KEEP_SCREEN_ON,no_load_injected_background_apps_unverified,
2026-08-22T12:22:20.494190Z,1.2.0,realme_RMX3760_api35,1.2.0+3,release,mobilenet_v3_small_float16,201167c633c4c8714d7c84905e88fe159d76e9eff38c91b70708b1ced5a8bb00,mobilenet_v3_small,float16,float32,float32,1x224x224x3,xnnpack_cpu,xnnpack,xnnpack_initialized_partition_unverified,,4,1,20,measured,8,369.422000,17.488000,288.6591796875,340.953125,86.0,charging,false,0,,,43.5,FLAG_KEEP_SCREEN_ON,no_load_injected_background_apps_unverified,
2026-08-22T12:22:20.874300Z,1.2.0,realme_RMX3760_api35,1.2.0+3,release,mobilenet_v3_small_float16,201167c633c4c8714d7c84905e88fe159d76e9eff38c91b70708b1ced5a8bb00,mobilenet_v3_small,float16,float32,float32,1x224x224x3,xnnpack_cpu,xnnpack,xnnpack_initialized_partition_unverified,,4,1,20,measured,9,319.855000,17.488000,292.1435546875,344.37890625,86.0,charging,false,0,,,43.5,FLAG_KEEP_SCREEN_ON,no_load_injected_background_apps_unverified,
2026-08-22T12:22:21.297194Z,1.2.0,realme_RMX3760_api35,1.2.0+3,release,mobilenet_v3_small_float16,201167c633c4c8714d7c84905e88fe159d76e9eff38c91b70708b1ced5a8bb00,mobilenet_v3_small,float16,float32,float32,1x224x224x3,xnnpack_cpu,xnnpack,xnnpack_initialized_partition_unverified,,4,1,20,measured,10,362.340000,17.488000,288.2060546875,340.515625,86.0,charging,false,0,,,43.5,FLAG_KEEP_SCREEN_ON,no_load_injected_background_apps_unverified,
2026-08-22T12:22:21.725428Z,1.2.0,realme_RMX3760_api35,1.2.0+3,release,mobilenet_v3_small_float16,201167c633c4c8714d7c84905e88fe159d76e9eff38c91b70708b1ced5a8bb00,mobilenet_v3_small,float16,float32,float32,1x224x224x3,xnnpack_cpu,xnnpack,xnnpack_initialized_partition_unverified,,4,1,20,measured,11,367.499000,17.488000,288.2216796875,340.546875,86.0,charging,false,0,,,43.5,FLAG_KEEP_SCREEN_ON,no_load_injected_background_apps_unverified,
2026-08-22T12:22:22.164627Z,1.2.0,realme_RMX3760_api35,1.2.0+3,release,mobilenet_v3_small_float16,201167c633c4c8714d7c84905e88fe159d76e9eff38c91b70708b1ced5a8bb00,mobilenet_v3_small,float16,float32,float32,1x224x224x3,xnnpack_cpu,xnnpack,xnnpack_initialized_partition_unverified,,4,1,20,measured,12,378.385000,17.488000,288.2568359375,340.53125,86.0,charging,false,0,,,43.5,FLAG_KEEP_SCREEN_ON,no_load_injected_background_apps_unverified,
2026-08-22T12:22:22.553735Z,1.2.0,realme_RMX3760_api35,1.2.0+3,release,mobilenet_v3_small_float16,201167c633c4c8714d7c84905e88fe159d76e9eff38c91b70708b1ced5a8bb00,mobilenet_v3_small,float16,float32,float32,1x224x224x3,xnnpack_cpu,xnnpack,xnnpack_initialized_partition_unverified,,4,1,20,measured,13,328.446000,17.488000,292.2802734375,344.60546875,86.0,charging,false,0,,,43.5,FLAG_KEEP_SCREEN_ON,no_load_injected_background_apps_unverified,
2026-08-22T12:22:22.981540Z,1.2.0,realme_RMX3760_api35,1.2.0+3,release,mobilenet_v3_small_float16,201167c633c4c8714d7c84905e88fe159d76e9eff38c91b70708b1ced5a8bb00,mobilenet_v3_small,float16,float32,float32,1x224x224x3,xnnpack_cpu,xnnpack,xnnpack_initialized_partition_unverified,,4,1,20,measured,14,368.139000,17.488000,288.7724609375,341.03515625,86.0,charging,false,0,,,43.5,FLAG_KEEP_SCREEN_ON,no_load_injected_background_apps_unverified,
2026-08-22T12:22:23.385561Z,1.2.0,realme_RMX3760_api35,1.2.0+3,release,mobilenet_v3_small_float16,201167c633c4c8714d7c84905e88fe159d76e9eff38c91b70708b1ced5a8bb00,mobilenet_v3_small,float16,float32,float32,1x224x224x3,xnnpack_cpu,xnnpack,xnnpack_initialized_partition_unverified,,4,1,20,measured,15,343.161000,17.488000,287.7998046875,340.1171875,86.0,charging,false,0,,,43.5,FLAG_KEEP_SCREEN_ON,no_load_injected_background_apps_unverified,
2026-08-22T12:22:23.789894Z,1.2.0,realme_RMX3760_api35,1.2.0+3,release,mobilenet_v3_small_float16,201167c633c4c8714d7c84905e88fe159d76e9eff38c91b70708b1ced5a8bb00,mobilenet_v3_small,float16,float32,float32,1x224x224x3,xnnpack_cpu,xnnpack,xnnpack_initialized_partition_unverified,,4,1,20,measured,16,345.071000,17.488000,288.3388671875,340.63671875,86.0,charging,false,0,,,43.5,FLAG_KEEP_SCREEN_ON,no_load_injected_background_apps_unverified,
2026-08-22T12:22:24.190590Z,1.2.0,realme_RMX3760_api35,1.2.0+3,release,mobilenet_v3_small_float16,201167c633c4c8714d7c84905e88fe159d76e9eff38c91b70708b1ced5a8bb00,mobilenet_v3_small,float16,float32,float32,1x224x224x3,xnnpack_cpu,xnnpack,xnnpack_initialized_partition_unverified,,4,1,20,measured,17,341.606000,17.488000,287.8505859375,340.12109375,86.0,charging,false,0,,,43.5,FLAG_KEEP_SCREEN_ON,no_load_injected_background_apps_unverified,
2026-08-22T12:22:24.597468Z,1.2.0,realme_RMX3760_api35,1.2.0+3,release,mobilenet_v3_small_float16,201167c633c4c8714d7c84905e88fe159d76e9eff38c91b70708b1ced5a8bb00,mobilenet_v3_small,float16,float32,float32,1x224x224x3,xnnpack_cpu,xnnpack,xnnpack_initialized_partition_unverified,,4,1,20,measured,18,347.060000,17.488000,288.8701171875,341.1640625,86.0,charging,false,0,,,43.5,FLAG_KEEP_SCREEN_ON,no_load_injected_background_apps_unverified,
2026-08-22T12:22:25.013638Z,1.2.0,realme_RMX3760_api35,1.2.0+3,release,mobilenet_v3_small_float16,201167c633c4c8714d7c84905e88fe159d76e9eff38c91b70708b1ced5a8bb00,mobilenet_v3_small,float16,float32,float32,1x224x224x3,xnnpack_cpu,xnnpack,xnnpack_initialized_partition_unverified,,4,1,20,measured,19,356.437000,17.488000,287.8896484375,340.203125,86.0,charging,false,0,,,43.5,FLAG_KEEP_SCREEN_ON,no_load_injected_background_apps_unverified,
2026-08-22T12:22:25.418189Z,1.2.0,realme_RMX3760_api35,1.2.0+3,release,mobilenet_v3_small_float16,201167c633c4c8714d7c84905e88fe159d76e9eff38c91b70708b1ced5a8bb00,mobilenet_v3_small,float16,float32,float32,1x224x224x3,xnnpack_cpu,xnnpack,xnnpack_initialized_partition_unverified,,4,1,20,measured,20,345.128000,17.488000,288.9208984375,341.21875,86.0,charging,false,0,,,43.5,FLAG_KEEP_SCREEN_ON,no_load_injected_background_apps_unverified,
2026-08-22T12:22:25.810369Z,1.2.0,realme_RMX3760_api35,1.2.0+3,release,mobilenet_v3_small_float16,201167c633c4c8714d7c84905e88fe159d76e9eff38c91b70708b1ced5a8bb00,mobilenet_v3_small,float16,float32,float32,1x224x224x3,xnnpack_cpu,xnnpack,xnnpack_initialized_partition_unverified,,4,1,20,measured,21,332.275000,17.488000,288.4443359375,340.71484375,86.0,charging,false,0,,,43.5,FLAG_KEEP_SCREEN_ON,no_load_injected_background_apps_unverified,
2026-08-22T12:22:26.232693Z,1.2.0,realme_RMX3760_api35,1.2.0+3,release,mobilenet_v3_small_float16,201167c633c4c8714d7c84905e88fe159d76e9eff38c91b70708b1ced5a8bb00,mobilenet_v3_small,float16,float32,float32,1x224x224x3,xnnpack_cpu,xnnpack,xnnpack_initialized_partition_unverified,,4,1,20,measured,22,361.016000,17.488000,288.9365234375,341.1875,86.0,charging,false,0,,,43.5,FLAG_KEEP_SCREEN_ON,no_load_injected_background_apps_unverified,
2026-08-22T12:22:26.633995Z,1.2.0,realme_RMX3760_api35,1.2.0+3,release,mobilenet_v3_small_float16,201167c633c4c8714d7c84905e88fe159d76e9eff38c91b70708b1ced5a8bb00,mobilenet_v3_small,float16,float32,float32,1x224x224x3,xnnpack_cpu,xnnpack,xnnpack_initialized_partition_unverified,,4,1,20,measured,23,342.035000,17.488000,288.9833984375,341.27734375,86.0,charging,false,0,,,43.5,FLAG_KEEP_SCREEN_ON,no_load_injected_background_apps_unverified,
2026-08-22T12:22:27.030394Z,1.2.0,realme_RMX3760_api35,1.2.0+3,release,mobilenet_v3_small_float16,201167c633c4c8714d7c84905e88fe159d76e9eff38c91b70708b1ced5a8bb00,mobilenet_v3_small,float16,float32,float32,1x224x224x3,xnnpack_cpu,xnnpack,xnnpack_initialized_partition_unverified,,4,1,20,measured,24,337.310000,17.488000,288.9912109375,341.21484375,86.0,charging,false,0,,,43.5,FLAG_KEEP_SCREEN_ON,no_load_injected_background_apps_unverified,
2026-08-22T12:22:27.445388Z,1.2.0,realme_RMX3760_api35,1.2.0+3,release,mobilenet_v3_small_float16,201167c633c4c8714d7c84905e88fe159d76e9eff38c91b70708b1ced5a8bb00,mobilenet_v3_small,float16,float32,float32,1x224x224x3,xnnpack_cpu,xnnpack,xnnpack_initialized_partition_unverified,,4,1,20,measured,25,355.501000,17.488000,288.0263671875,340.33984375,86.0,charging,false,0,,,43.5,FLAG_KEEP_SCREEN_ON,no_load_injected_background_apps_unverified,
2026-08-22T12:22:27.854306Z,1.2.0,realme_RMX3760_api35,1.2.0+3,release,mobilenet_v3_small_float16,201167c633c4c8714d7c84905e88fe159d76e9eff38c91b70708b1ced5a8bb00,mobilenet_v3_small,float16,float32,float32,1x224x224x3,xnnpack_cpu,xnnpack,xnnpack_initialized_partition_unverified,,4,1,20,measured,26,349.289000,17.488000,288.5458984375,340.84375,86.0,charging,false,0,,,43.5,FLAG_KEEP_SCREEN_ON,no_load_injected_background_apps_unverified,
2026-08-22T12:22:28.264150Z,1.2.0,realme_RMX3760_api35,1.2.0+3,release,mobilenet_v3_small_float16,201167c633c4c8714d7c84905e88fe159d76e9eff38c91b70708b1ced5a8bb00,mobilenet_v3_small,float16,float32,float32,1x224x224x3,xnnpack_cpu,xnnpack,xnnpack_initialized_partition_unverified,,4,1,20,measured,27,349.316000,17.488000,288.0498046875,340.3671875,86.0,charging,false,0,,,43.5,FLAG_KEEP_SCREEN_ON,no_load_injected_background_apps_unverified,
2026-08-22T12:22:28.661796Z,1.2.0,realme_RMX3760_api35,1.2.0+3,release,mobilenet_v3_small_float16,201167c633c4c8714d7c84905e88fe159d76e9eff38c91b70708b1ced5a8bb00,mobilenet_v3_small,float16,float32,float32,1x224x224x3,xnnpack_cpu,xnnpack,xnnpack_initialized_partition_unverified,,4,1,20,measured,28,338.248000,17.488000,288.5732421875,340.8828125,86.0,charging,false,0,,,43.4,FLAG_KEEP_SCREEN_ON,no_load_injected_background_apps_unverified,
2026-08-22T12:22:29.065477Z,1.2.0,realme_RMX3760_api35,1.2.0+3,release,mobilenet_v3_small_float16,201167c633c4c8714d7c84905e88fe159d76e9eff38c91b70708b1ced5a8bb00,mobilenet_v3_small,float16,float32,float32,1x224x224x3,xnnpack_cpu,xnnpack,xnnpack_initialized_partition_unverified,,4,1,20,measured,29,343.867000,17.488000,289.0966796875,341.38671875,86.0,charging,false,0,,,43.4,FLAG_KEEP_SCREEN_ON,no_load_injected_background_apps_unverified,
2026-08-22T12:22:29.485849Z,1.2.0,realme_RMX3760_api35,1.2.0+3,release,mobilenet_v3_small_float16,201167c633c4c8714d7c84905e88fe159d76e9eff38c91b70708b1ced5a8bb00,mobilenet_v3_small,float16,float32,float32,1x224x224x3,xnnpack_cpu,xnnpack,xnnpack_initialized_partition_unverified,,4,1,20,measured,30,360.850000,17.488000,288.6240234375,340.9296875,86.0,charging,false,0,,,43.4,FLAG_KEEP_SCREEN_ON,no_load_injected_background_apps_unverified,
2026-08-22T12:22:29.899427Z,1.2.0,realme_RMX3760_api35,1.2.0+3,release,mobilenet_v3_small_float16,201167c633c4c8714d7c84905e88fe159d76e9eff38c91b70708b1ced5a8bb00,mobilenet_v3_small,float16,float32,float32,1x224x224x3,xnnpack_cpu,xnnpack,xnnpack_initialized_partition_unverified,,4,1,20,measured,31,350.560000,17.488000,288.6435546875,340.94921875,86.0,charging,false,0,,,43.4,FLAG_KEEP_SCREEN_ON,no_load_injected_background_apps_unverified,
2026-08-22T12:22:30.317383Z,1.2.0,realme_RMX3760_api35,1.2.0+3,release,mobilenet_v3_small_float16,201167c633c4c8714d7c84905e88fe159d76e9eff38c91b70708b1ced5a8bb00,mobilenet_v3_small,float16,float32,float32,1x224x224x3,xnnpack_cpu,xnnpack,xnnpack_initialized_partition_unverified,,4,1,20,measured,32,358.204000,17.488000,289.1591796875,341.453125,86.0,charging,false,0,,,43.4,FLAG_KEEP_SCREEN_ON,no_load_injected_background_apps_unverified,
2026-08-22T12:22:30.725969Z,1.2.0,realme_RMX3760_api35,1.2.0+3,release,mobilenet_v3_small_float16,201167c633c4c8714d7c84905e88fe159d76e9eff38c91b70708b1ced5a8bb00,mobilenet_v3_small,float16,float32,float32,1x224x224x3,xnnpack_cpu,xnnpack,xnnpack_initialized_partition_unverified,,4,1,20,measured,33,349.243000,17.488000,288.6826171875,340.828125,86.0,charging,false,0,,,43.4,FLAG_KEEP_SCREEN_ON,no_load_injected_background_apps_unverified,
2026-08-22T12:22:31.145343Z,1.2.0,realme_RMX3760_api35,1.2.0+3,release,mobilenet_v3_small_float16,201167c633c4c8714d7c84905e88fe159d76e9eff38c91b70708b1ced5a8bb00,mobilenet_v3_small,float16,float32,float32,1x224x224x3,xnnpack_cpu,xnnpack,xnnpack_initialized_partition_unverified,,4,1,20,measured,34,359.606000,17.488000,289.2060546875,341.3359375,86.0,charging,false,0,,,43.4,FLAG_KEEP_SCREEN_ON,no_load_injected_background_apps_unverified,
2026-08-22T12:22:31.561911Z,1.2.0,realme_RMX3760_api35,1.2.0+3,release,mobilenet_v3_small_float16,201167c633c4c8714d7c84905e88fe159d76e9eff38c91b70708b1ced5a8bb00,mobilenet_v3_small,float16,float32,float32,1x224x224x3,xnnpack_cpu,xnnpack,xnnpack_initialized_partition_unverified,,4,1,20,measured,35,357.131000,17.488000,289.2216796875,341.515625,86.0,charging,false,0,,,43.4,FLAG_KEEP_SCREEN_ON,no_load_injected_background_apps_unverified,
2026-08-22T12:22:31.972817Z,1.2.0,realme_RMX3760_api35,1.2.0+3,release,mobilenet_v3_small_float16,201167c633c4c8714d7c84905e88fe159d76e9eff38c91b70708b1ced5a8bb00,mobilenet_v3_small,float16,float32,float32,1x224x224x3,xnnpack_cpu,xnnpack,xnnpack_initialized_partition_unverified,,4,1,20,measured,36,350.384000,17.488000,288.2373046875,340.37109375,86.0,charging,false,0,,,43.4,FLAG_KEEP_SCREEN_ON,no_load_injected_background_apps_unverified,
2026-08-22T12:22:32.364590Z,1.2.0,realme_RMX3760_api35,1.2.0+3,release,mobilenet_v3_small_float16,201167c633c4c8714d7c84905e88fe159d76e9eff38c91b70708b1ced5a8bb00,mobilenet_v3_small,float16,float32,float32,1x224x224x3,xnnpack_cpu,xnnpack,xnnpack_initialized_partition_unverified,,4,1,20,measured,37,331.495000,17.488000,288.2373046875,340.375,86.0,charging,false,0,,,43.4,FLAG_KEEP_SCREEN_ON,no_load_injected_background_apps_unverified,
2026-08-22T12:22:32.809594Z,1.2.0,realme_RMX3760_api35,1.2.0+3,release,mobilenet_v3_small_float16,201167c633c4c8714d7c84905e88fe159d76e9eff38c91b70708b1ced5a8bb00,mobilenet_v3_small,float16,float32,float32,1x224x224x3,xnnpack_cpu,xnnpack,xnnpack_initialized_partition_unverified,,4,1,20,measured,38,385.330000,17.488000,288.7568359375,340.8515625,86.0,charging,false,0,,,43.4,FLAG_KEEP_SCREEN_ON,no_load_injected_background_apps_unverified,
2026-08-22T12:22:33.208719Z,1.2.0,realme_RMX3760_api35,1.2.0+3,release,mobilenet_v3_small_float16,201167c633c4c8714d7c84905e88fe159d76e9eff38c91b70708b1ced5a8bb00,mobilenet_v3_small,float16,float32,float32,1x224x224x3,xnnpack_cpu,xnnpack,xnnpack_initialized_partition_unverified,,4,1,20,measured,39,338.798000,17.488000,288.7841796875,341.0,86.0,charging,false,0,,,43.4,FLAG_KEEP_SCREEN_ON,no_load_injected_background_apps_unverified,
2026-08-22T12:22:33.620929Z,1.2.0,realme_RMX3760_api35,1.2.0+3,release,mobilenet_v3_small_float16,201167c633c4c8714d7c84905e88fe159d76e9eff38c91b70708b1ced5a8bb00,mobilenet_v3_small,float16,float32,float32,1x224x224x3,xnnpack_cpu,xnnpack,xnnpack_initialized_partition_unverified,,4,1,20,measured,40,351.897000,17.488000,288.8154296875,340.9453125,86.0,charging,false,0,,,43.4,FLAG_KEEP_SCREEN_ON,no_load_injected_background_apps_unverified,
2026-08-22T12:22:34.017339Z,1.2.0,realme_RMX3760_api35,1.2.0+3,release,mobilenet_v3_small_float16,201167c633c4c8714d7c84905e88fe159d76e9eff38c91b70708b1ced5a8bb00,mobilenet_v3_small,float16,float32,float32,1x224x224x3,xnnpack_cpu,xnnpack,xnnpack_initialized_partition_unverified,,4,1,20,measured,41,336.602000,17.488000,289.3466796875,341.44140625,86.0,charging,false,0,,,43.4,FLAG_KEEP_SCREEN_ON,no_load_injected_background_apps_unverified,
2026-08-22T12:22:34.425032Z,1.2.0,realme_RMX3760_api35,1.2.0+3,release,mobilenet_v3_small_float16,201167c633c4c8714d7c84905e88fe159d76e9eff38c91b70708b1ced5a8bb00,mobilenet_v3_small,float16,float32,float32,1x224x224x3,xnnpack_cpu,xnnpack,xnnpack_initialized_partition_unverified,,4,1,20,measured,42,347.443000,17.488000,289.3427734375,341.390625,86.0,charging,false,0,,,43.4,FLAG_KEEP_SCREEN_ON,no_load_injected_background_apps_unverified,
2026-08-22T12:22:34.838094Z,1.2.0,realme_RMX3760_api35,1.2.0+3,release,mobilenet_v3_small_float16,201167c633c4c8714d7c84905e88fe159d76e9eff38c91b70708b1ced5a8bb00,mobilenet_v3_small,float16,float32,float32,1x224x224x3,xnnpack_cpu,xnnpack,xnnpack_initialized_partition_unverified,,4,1,20,measured,43,353.646000,17.488000,289.3701171875,341.39453125,86.0,charging,false,0,,,43.4,FLAG_KEEP_SCREEN_ON,no_load_injected_background_apps_unverified,
2026-08-22T12:22:35.253344Z,1.2.0,realme_RMX3760_api35,1.2.0+3,release,mobilenet_v3_small_float16,201167c633c4c8714d7c84905e88fe159d76e9eff38c91b70708b1ced5a8bb00,mobilenet_v3_small,float16,float32,float32,1x224x224x3,xnnpack_cpu,xnnpack,xnnpack_initialized_partition_unverified,,4,1,20,measured,44,353.981000,17.488000,288.8935546875,341.02734375,86.0,charging,false,0,,,43.4,FLAG_KEEP_SCREEN_ON,no_load_injected_background_apps_unverified,
2026-08-22T12:22:35.635229Z,1.2.0,realme_RMX3760_api35,1.2.0+3,release,mobilenet_v3_small_float16,201167c633c4c8714d7c84905e88fe159d76e9eff38c91b70708b1ced5a8bb00,mobilenet_v3_small,float16,float32,float32,1x224x224x3,xnnpack_cpu,xnnpack,xnnpack_initialized_partition_unverified,,4,1,20,measured,45,322.314000,17.488000,292.9091796875,345.2109375,86.0,charging,false,0,,,43.4,FLAG_KEEP_SCREEN_ON,no_load_injected_background_apps_unverified,
2026-08-22T12:22:36.045771Z,1.2.0,realme_RMX3760_api35,1.2.0+3,release,mobilenet_v3_small_float16,201167c633c4c8714d7c84905e88fe159d76e9eff38c91b70708b1ced5a8bb00,mobilenet_v3_small,float16,float32,float32,1x224x224x3,xnnpack_cpu,xnnpack,xnnpack_initialized_partition_unverified,,4,1,20,measured,46,350.935000,17.488000,289.4287109375,341.70703125,86.0,charging,false,0,,,43.4,FLAG_KEEP_SCREEN_ON,no_load_injected_background_apps_unverified,
2026-08-22T12:22:36.460822Z,1.2.0,realme_RMX3760_api35,1.2.0+3,release,mobilenet_v3_small_float16,201167c633c4c8714d7c84905e88fe159d76e9eff38c91b70708b1ced5a8bb00,mobilenet_v3_small,float16,float32,float32,1x224x224x3,xnnpack_cpu,xnnpack,xnnpack_initialized_partition_unverified,,4,1,20,measured,47,357.191000,17.488000,289.4521484375,341.7109375,86.0,charging,false,0,,,43.4,FLAG_KEEP_SCREEN_ON,no_load_injected_background_apps_unverified,
2026-08-22T12:22:36.889493Z,1.2.0,realme_RMX3760_api35,1.2.0+3,release,mobilenet_v3_small_float16,201167c633c4c8714d7c84905e88fe159d76e9eff38c91b70708b1ced5a8bb00,mobilenet_v3_small,float16,float32,float32,1x224x224x3,xnnpack_cpu,xnnpack,xnnpack_initialized_partition_unverified,,4,1,20,measured,48,368.541000,17.488000,289.4794921875,341.70703125,86.0,charging,false,0,,,43.4,FLAG_KEEP_SCREEN_ON,no_load_injected_background_apps_unverified,
2026-08-22T12:22:37.306Z,1.2.0,realme_RMX3760_api35,1.2.0+3,release,mobilenet_v3_small_float16,201167c633c4c8714d7c84905e88fe159d76e9eff38c91b70708b1ced5a8bb00,mobilenet_v3_small,float16,float32,float32,1x224x224x3,xnnpack_cpu,xnnpack,xnnpack_initialized_partition_unverified,,4,1,20,measured,49,357.087000,17.488000,288.9912109375,341.4296875,86.0,charging,false,0,,,43.4,FLAG_KEEP_SCREEN_ON,no_load_injected_background_apps_unverified,
2026-08-22T12:22:37.697902Z,1.2.0,realme_RMX3760_api35,1.2.0+3,release,mobilenet_v3_small_float16,201167c633c4c8714d7c84905e88fe159d76e9eff38c91b70708b1ced5a8bb00,mobilenet_v3_small,float16,float32,float32,1x224x224x3,xnnpack_cpu,xnnpack,xnnpack_initialized_partition_unverified,,4,1,20,measured,50,332.394000,17.488000,289.5107421875,341.9296875,86.0,charging,false,0,,,43.4,FLAG_KEEP_SCREEN_ON,no_load_injected_background_apps_unverified,
2026-08-22T12:22:38.118207Z,1.2.0,realme_RMX3760_api35,1.2.0+3,release,mobilenet_v3_small_float16,201167c633c4c8714d7c84905e88fe159d76e9eff38c91b70708b1ced5a8bb00,mobilenet_v3_small,float16,float32,float32,1x224x224x3,xnnpack_cpu,xnnpack,xnnpack_initialized_partition_unverified,,4,1,20,measured,51,361.468000,17.488000,288.5341796875,340.97265625,86.0,charging,false,0,,,43.4,FLAG_KEEP_SCREEN_ON,no_load_injected_background_apps_unverified,
2026-08-22T12:22:38.533032Z,1.2.0,realme_RMX3760_api35,1.2.0+3,release,mobilenet_v3_small_float16,201167c633c4c8714d7c84905e88fe159d76e9eff38c91b70708b1ced5a8bb00,mobilenet_v3_small,float16,float32,float32,1x224x224x3,xnnpack_cpu,xnnpack,xnnpack_initialized_partition_unverified,,4,1,20,measured,52,349.185000,17.488000,289.0322265625,341.46875,86.0,charging,false,0,,,43.4,FLAG_KEEP_SCREEN_ON,no_load_injected_background_apps_unverified,
2026-08-22T12:22:38.950147Z,1.2.0,realme_RMX3760_api35,1.2.0+3,release,mobilenet_v3_small_float16,201167c633c4c8714d7c84905e88fe159d76e9eff38c91b70708b1ced5a8bb00,mobilenet_v3_small,float16,float32,float32,1x224x224x3,xnnpack_cpu,xnnpack,xnnpack_initialized_partition_unverified,,4,1,20,measured,53,356.809000,17.488000,290.7998046875,341.02734375,86.0,charging,false,0,,,43.4,FLAG_KEEP_SCREEN_ON,no_load_injected_background_apps_unverified,
2026-08-22T12:22:39.343767Z,1.2.0,realme_RMX3760_api35,1.2.0+3,release,mobilenet_v3_small_float16,201167c633c4c8714d7c84905e88fe159d76e9eff38c91b70708b1ced5a8bb00,mobilenet_v3_small,float16,float32,float32,1x224x224x3,xnnpack_cpu,xnnpack,xnnpack_initialized_partition_unverified,,4,1,20,measured,54,330.529000,17.488000,291.791015625,341.90234375,86.0,charging,false,0,,,43.4,FLAG_KEEP_SCREEN_ON,no_load_injected_background_apps_unverified,
2026-08-22T12:22:39.771243Z,1.2.0,realme_RMX3760_api35,1.2.0+3,release,mobilenet_v3_small_float16,201167c633c4c8714d7c84905e88fe159d76e9eff38c91b70708b1ced5a8bb00,mobilenet_v3_small,float16,float32,float32,1x224x224x3,xnnpack_cpu,xnnpack,xnnpack_initialized_partition_unverified,,4,1,20,measured,55,361.483000,17.488000,291.7919921875,342.0390625,86.0,charging,false,0,,,43.4,FLAG_KEEP_SCREEN_ON,no_load_injected_background_apps_unverified,
2026-08-22T12:22:40.179220Z,1.2.0,realme_RMX3760_api35,1.2.0+3,release,mobilenet_v3_small_float16,201167c633c4c8714d7c84905e88fe159d76e9eff38c91b70708b1ced5a8bb00,mobilenet_v3_small,float16,float32,float32,1x224x224x3,xnnpack_cpu,xnnpack,xnnpack_initialized_partition_unverified,,4,1,20,measured,56,349.251000,17.488000,295.8232421875,346.05078125,86.0,charging,false,0,,,43.4,FLAG_KEEP_SCREEN_ON,no_load_injected_background_apps_unverified,
2026-08-22T12:22:40.595084Z,1.2.0,realme_RMX3760_api35,1.2.0+3,release,mobilenet_v3_small_float16,201167c633c4c8714d7c84905e88fe159d76e9eff38c91b70708b1ced5a8bb00,mobilenet_v3_small,float16,float32,float32,1x224x224x3,xnnpack_cpu,xnnpack,xnnpack_initialized_partition_unverified,,4,1,20,measured,57,357.245000,17.488000,292.37890625,342.04296875,86.0,charging,false,0,,,43.4,FLAG_KEEP_SCREEN_ON,no_load_injected_background_apps_unverified,
2026-08-22T12:22:41.011303Z,1.2.0,realme_RMX3760_api35,1.2.0+3,release,mobilenet_v3_small_float16,201167c633c4c8714d7c84905e88fe159d76e9eff38c91b70708b1ced5a8bb00,mobilenet_v3_small,float16,float32,float32,1x224x224x3,xnnpack_cpu,xnnpack,xnnpack_initialized_partition_unverified,,4,1,20,measured,58,357.096000,17.488000,291.90234375,341.609375,86.0,charging,false,0,,,43.4,FLAG_KEEP_SCREEN_ON,no_load_injected_background_apps_unverified,
2026-08-22T12:22:41.426087Z,1.2.0,realme_RMX3760_api35,1.2.0+3,release,mobilenet_v3_small_float16,201167c633c4c8714d7c84905e88fe159d76e9eff38c91b70708b1ced5a8bb00,mobilenet_v3_small,float16,float32,float32,1x224x224x3,xnnpack_cpu,xnnpack,xnnpack_initialized_partition_unverified,,4,1,20,measured,59,355.401000,17.488000,292.4140625,341.9375,86.0,charging,false,0,,,43.4,FLAG_KEEP_SCREEN_ON,no_load_injected_background_apps_unverified,
2026-08-22T12:22:41.840959Z,1.2.0,realme_RMX3760_api35,1.2.0+3,release,mobilenet_v3_small_float16,201167c633c4c8714d7c84905e88fe159d76e9eff38c91b70708b1ced5a8bb00,mobilenet_v3_small,float16,float32,float32,1x224x224x3,xnnpack_cpu,xnnpack,xnnpack_initialized_partition_unverified,,4,1,20,measured,60,354.285000,17.488000,291.93359375,341.640625,86.0,charging,false,0,,,43.4,FLAG_KEEP_SCREEN_ON,no_load_injected_background_apps_unverified,
2026-08-22T12:22:42.261527Z,1.2.0,realme_RMX3760_api35,1.2.0+3,release,mobilenet_v3_small_float16,201167c633c4c8714d7c84905e88fe159d76e9eff38c91b70708b1ced5a8bb00,mobilenet_v3_small,float16,float32,float32,1x224x224x3,xnnpack_cpu,xnnpack,xnnpack_initialized_partition_unverified,,4,1,20,measured,61,360.759000,17.488000,292.4453125,342.15234375,86.0,charging,false,0,,,43.4,FLAG_KEEP_SCREEN_ON,no_load_injected_background_apps_unverified,
2026-08-22T12:22:42.653811Z,1.2.0,realme_RMX3760_api35,1.2.0+3,release,mobilenet_v3_small_float16,201167c633c4c8714d7c84905e88fe159d76e9eff38c91b70708b1ced5a8bb00,mobilenet_v3_small,float16,float32,float32,1x224x224x3,xnnpack_cpu,xnnpack,xnnpack_initialized_partition_unverified,,4,1,20,measured,62,333.080000,17.488000,292.4765625,342.15234375,86.0,charging,false,0,,,43.4,FLAG_KEEP_SCREEN_ON,no_load_injected_background_apps_unverified,
2026-08-22T12:22:43.082965Z,1.2.0,realme_RMX3760_api35,1.2.0+3,release,mobilenet_v3_small_float16,201167c633c4c8714d7c84905e88fe159d76e9eff38c91b70708b1ced5a8bb00,mobilenet_v3_small,float16,float32,float32,1x224x224x3,xnnpack_cpu,xnnpack,xnnpack_initialized_partition_unverified,,4,1,20,measured,63,369.146000,17.488000,292.49609375,342.15234375,86.0,charging,false,0,,,43.4,FLAG_KEEP_SCREEN_ON,no_load_injected_background_apps_unverified,
2026-08-22T12:22:43.484566Z,1.2.0,realme_RMX3760_api35,1.2.0+3,release,mobilenet_v3_small_float16,201167c633c4c8714d7c84905e88fe159d76e9eff38c91b70708b1ced5a8bb00,mobilenet_v3_small,float16,float32,float32,1x224x224x3,xnnpack_cpu,xnnpack,xnnpack_initialized_partition_unverified,,4,1,20,measured,64,341.568000,17.488000,292.5,342.12109375,86.0,charging,false,0,,,43.4,FLAG_KEEP_SCREEN_ON,no_load_injected_background_apps_unverified,
2026-08-22T12:22:43.875302Z,1.2.0,realme_RMX3760_api35,1.2.0+3,release,mobilenet_v3_small_float16,201167c633c4c8714d7c84905e88fe159d76e9eff38c91b70708b1ced5a8bb00,mobilenet_v3_small,float16,float32,float32,1x224x224x3,xnnpack_cpu,xnnpack,xnnpack_initialized_partition_unverified,,4,1,20,measured,65,332.764000,17.488000,292.0234375,341.62890625,86.0,charging,false,0,,,43.4,FLAG_KEEP_SCREEN_ON,no_load_injected_background_apps_unverified,
2026-08-22T12:22:44.273792Z,1.2.0,realme_RMX3760_api35,1.2.0+3,release,mobilenet_v3_small_float16,201167c633c4c8714d7c84905e88fe159d76e9eff38c91b70708b1ced5a8bb00,mobilenet_v3_small,float16,float32,float32,1x224x224x3,xnnpack_cpu,xnnpack,xnnpack_initialized_partition_unverified,,4,1,20,measured,66,338.665000,17.488000,292.5390625,342.1328125,86.0,charging,false,0,,,43.4,FLAG_KEEP_SCREEN_ON,no_load_injected_background_apps_unverified,
2026-08-22T12:22:44.680663Z,1.2.0,realme_RMX3760_api35,1.2.0+3,release,mobilenet_v3_small_float16,201167c633c4c8714d7c84905e88fe159d76e9eff38c91b70708b1ced5a8bb00,mobilenet_v3_small,float16,float32,float32,1x224x224x3,xnnpack_cpu,xnnpack,xnnpack_initialized_partition_unverified,,4,1,20,measured,67,346.838000,17.488000,291.5703125,341.24609375,86.0,charging,false,0,,,43.4,FLAG_KEEP_SCREEN_ON,no_load_injected_background_apps_unverified,
2026-08-22T12:22:45.075006Z,1.2.0,realme_RMX3760_api35,1.2.0+3,release,mobilenet_v3_small_float16,201167c633c4c8714d7c84905e88fe159d76e9eff38c91b70708b1ced5a8bb00,mobilenet_v3_small,float16,float32,float32,1x224x224x3,xnnpack_cpu,xnnpack,xnnpack_initialized_partition_unverified,,4,1,20,measured,68,336.080000,17.488000,292.60546875,342.25,86.0,charging,false,0,,,43.4,FLAG_KEEP_SCREEN_ON,no_load_injected_background_apps_unverified,
2026-08-22T12:22:45.489948Z,1.2.0,realme_RMX3760_api35,1.2.0+3,release,mobilenet_v3_small_float16,201167c633c4c8714d7c84905e88fe159d76e9eff38c91b70708b1ced5a8bb00,mobilenet_v3_small,float16,float32,float32,1x224x224x3,xnnpack_cpu,xnnpack,xnnpack_initialized_partition_unverified,,4,1,20,measured,69,355.689000,17.488000,292.05078125,341.69140625,86.0,charging,false,0,,,43.4,FLAG_KEEP_SCREEN_ON,no_load_injected_background_apps_unverified,
2026-08-22T12:22:45.896910Z,1.2.0,realme_RMX3760_api35,1.2.0+3,release,mobilenet_v3_small_float16,201167c633c4c8714d7c84905e88fe159d76e9eff38c91b70708b1ced5a8bb00,mobilenet_v3_small,float16,float32,float32,1x224x224x3,xnnpack_cpu,xnnpack,xnnpack_initialized_partition_unverified,,4,1,20,measured,70,346.608000,17.488000,292.63671875,342.2578125,86.0,charging,false,0,,,43.4,FLAG_KEEP_SCREEN_ON,no_load_injected_background_apps_unverified,
2026-08-22T12:22:46.305355Z,1.2.0,realme_RMX3760_api35,1.2.0+3,release,mobilenet_v3_small_float16,201167c633c4c8714d7c84905e88fe159d76e9eff38c91b70708b1ced5a8bb00,mobilenet_v3_small,float16,float32,float32,1x224x224x3,xnnpack_cpu,xnnpack,xnnpack_initialized_partition_unverified,,4,1,20,measured,71,348.274000,17.488000,291.65625,341.34765625,86.0,charging,false,0,,,43.4,FLAG_KEEP_SCREEN_ON,no_load_injected_background_apps_unverified,
2026-08-22T12:22:46.716630Z,1.2.0,realme_RMX3760_api35,1.2.0+3,release,mobilenet_v3_small_float16,201167c633c4c8714d7c84905e88fe159d76e9eff38c91b70708b1ced5a8bb00,mobilenet_v3_small,float16,float32,float32,1x224x224x3,xnnpack_cpu,xnnpack,xnnpack_initialized_partition_unverified,,4,1,20,measured,72,350.557000,17.488000,292.17578125,341.84765625,86.0,charging,false,0,,,43.4,FLAG_KEEP_SCREEN_ON,no_load_injected_background_apps_unverified,
2026-08-22T12:22:47.138651Z,1.2.0,realme_RMX3760_api35,1.2.0+3,release,mobilenet_v3_small_float16,201167c633c4c8714d7c84905e88fe159d76e9eff38c91b70708b1ced5a8bb00,mobilenet_v3_small,float16,float32,float32,1x224x224x3,xnnpack_cpu,xnnpack,xnnpack_initialized_partition_unverified,,4,1,20,measured,73,363.294000,17.488000,292.35546875,342.02734375,86.0,charging,false,0,,,43.4,FLAG_KEEP_SCREEN_ON,no_load_injected_background_apps_unverified,
2026-08-22T12:22:47.529789Z,1.2.0,realme_RMX3760_api35,1.2.0+3,release,mobilenet_v3_small_float16,201167c633c4c8714d7c84905e88fe159d76e9eff38c91b70708b1ced5a8bb00,mobilenet_v3_small,float16,float32,float32,1x224x224x3,xnnpack_cpu,xnnpack,xnnpack_initialized_partition_unverified,,4,1,20,measured,74,331.658000,17.488000,292.50390625,342.1953125,86.0,charging,false,0,,,43.4,FLAG_KEEP_SCREEN_ON,no_load_injected_background_apps_unverified,
2026-08-22T12:22:47.962117Z,1.2.0,realme_RMX3760_api35,1.2.0+3,release,mobilenet_v3_small_float16,201167c633c4c8714d7c84905e88fe159d76e9eff38c91b70708b1ced5a8bb00,mobilenet_v3_small,float16,float32,float32,1x224x224x3,xnnpack_cpu,xnnpack,xnnpack_initialized_partition_unverified,,4,1,20,measured,75,372.150000,17.488000,292.24609375,341.92578125,86.0,charging,false,0,,,43.4,FLAG_KEEP_SCREEN_ON,no_load_injected_background_apps_unverified,
2026-08-22T12:22:48.355437Z,1.2.0,realme_RMX3760_api35,1.2.0+3,release,mobilenet_v3_small_float16,201167c633c4c8714d7c84905e88fe159d76e9eff38c91b70708b1ced5a8bb00,mobilenet_v3_small,float16,float32,float32,1x224x224x3,xnnpack_cpu,xnnpack,xnnpack_initialized_partition_unverified,,4,1,20,measured,76,335.240000,17.488000,292.765625,342.421875,86.0,charging,false,0,,,43.4,FLAG_KEEP_SCREEN_ON,no_load_injected_background_apps_unverified,
2026-08-22T12:22:48.754448Z,1.2.0,realme_RMX3760_api35,1.2.0+3,release,mobilenet_v3_small_float16,201167c633c4c8714d7c84905e88fe159d76e9eff38c91b70708b1ced5a8bb00,mobilenet_v3_small,float16,float32,float32,1x224x224x3,xnnpack_cpu,xnnpack,xnnpack_initialized_partition_unverified,,4,1,20,measured,77,339.718000,17.488000,292.2734375,341.96484375,86.0,charging,false,0,,,43.4,FLAG_KEEP_SCREEN_ON,no_load_injected_background_apps_unverified,
2026-08-22T12:22:49.154100Z,1.2.0,realme_RMX3760_api35,1.2.0+3,release,mobilenet_v3_small_float16,201167c633c4c8714d7c84905e88fe159d76e9eff38c91b70708b1ced5a8bb00,mobilenet_v3_small,float16,float32,float32,1x224x224x3,xnnpack_cpu,xnnpack,xnnpack_initialized_partition_unverified,,4,1,20,measured,78,340.487000,17.488000,292.78515625,342.4375,86.0,charging,false,0,,,43.4,FLAG_KEEP_SCREEN_ON,no_load_injected_background_apps_unverified,
2026-08-22T12:22:49.570649Z,1.2.0,realme_RMX3760_api35,1.2.0+3,release,mobilenet_v3_small_float16,201167c633c4c8714d7c84905e88fe159d76e9eff38c91b70708b1ced5a8bb00,mobilenet_v3_small,float16,float32,float32,1x224x224x3,xnnpack_cpu,xnnpack,xnnpack_initialized_partition_unverified,,4,1,20,measured,79,357.818000,17.488000,291.765625,341.34765625,86.0,charging,false,0,,,43.4,FLAG_KEEP_SCREEN_ON,no_load_injected_background_apps_unverified,
2026-08-22T12:22:49.971416Z,1.2.0,realme_RMX3760_api35,1.2.0+3,release,mobilenet_v3_small_float16,201167c633c4c8714d7c84905e88fe159d76e9eff38c91b70708b1ced5a8bb00,mobilenet_v3_small,float16,float32,float32,1x224x224x3,xnnpack_cpu,xnnpack,xnnpack_initialized_partition_unverified,,4,1,20,measured,80,342.002000,17.488000,291.80859375,341.4609375,86.0,charging,false,0,,,43.4,FLAG_KEEP_SCREEN_ON,no_load_injected_background_apps_unverified,
2026-08-22T12:22:50.394152Z,1.2.0,realme_RMX3760_api35,1.2.0+3,release,mobilenet_v3_small_float16,201167c633c4c8714d7c84905e88fe159d76e9eff38c91b70708b1ced5a8bb00,mobilenet_v3_small,float16,float32,float32,1x224x224x3,xnnpack_cpu,xnnpack,xnnpack_initialized_partition_unverified,,4,1,20,measured,81,362.723000,17.488000,291.85546875,341.37890625,86.0,charging,false,0,,,43.4,FLAG_KEEP_SCREEN_ON,no_load_injected_background_apps_unverified,
2026-08-22T12:22:50.822600Z,1.2.0,realme_RMX3760_api35,1.2.0+3,release,mobilenet_v3_small_float16,201167c633c4c8714d7c84905e88fe159d76e9eff38c91b70708b1ced5a8bb00,mobilenet_v3_small,float16,float32,float32,1x224x224x3,xnnpack_cpu,xnnpack,xnnpack_initialized_partition_unverified,,4,1,20,measured,82,367.332000,17.488000,292.87109375,342.359375,86.0,charging,false,0,,,43.4,FLAG_KEEP_SCREEN_ON,no_load_injected_background_apps_unverified,
2026-08-22T12:22:51.241951Z,1.2.0,realme_RMX3760_api35,1.2.0+3,release,mobilenet_v3_small_float16,201167c633c4c8714d7c84905e88fe159d76e9eff38c91b70708b1ced5a8bb00,mobilenet_v3_small,float16,float32,float32,1x224x224x3,xnnpack_cpu,xnnpack,xnnpack_initialized_partition_unverified,,4,1,20,measured,83,359.170000,17.488000,292.890625,342.40234375,86.0,charging,false,0,,,43.4,FLAG_KEEP_SCREEN_ON,no_load_injected_background_apps_unverified,
2026-08-22T12:22:51.663889Z,1.2.0,realme_RMX3760_api35,1.2.0+3,release,mobilenet_v3_small_float16,201167c633c4c8714d7c84905e88fe159d76e9eff38c91b70708b1ced5a8bb00,mobilenet_v3_small,float16,float32,float32,1x224x224x3,xnnpack_cpu,xnnpack,xnnpack_initialized_partition_unverified,,4,1,20,measured,84,363.189000,17.488000,292.92578125,342.5625,86.0,charging,false,0,,,43.4,FLAG_KEEP_SCREEN_ON,no_load_injected_background_apps_unverified,
2026-08-22T12:22:52.092295Z,1.2.0,realme_RMX3760_api35,1.2.0+3,release,mobilenet_v3_small_float16,201167c633c4c8714d7c84905e88fe159d76e9eff38c91b70708b1ced5a8bb00,mobilenet_v3_small,float16,float32,float32,1x224x224x3,xnnpack_cpu,xnnpack,xnnpack_initialized_partition_unverified,,4,1,20,measured,85,364.943000,17.488000,292.4453125,342.12109375,86.0,charging,false,0,,,43.4,FLAG_KEEP_SCREEN_ON,no_load_injected_background_apps_unverified,
2026-08-22T12:22:52.515804Z,1.2.0,realme_RMX3760_api35,1.2.0+3,release,mobilenet_v3_small_float16,201167c633c4c8714d7c84905e88fe159d76e9eff38c91b70708b1ced5a8bb00,mobilenet_v3_small,float16,float32,float32,1x224x224x3,xnnpack_cpu,xnnpack,xnnpack_initialized_partition_unverified,,4,1,20,measured,86,364.069000,17.488000,291.96484375,341.64453125,86.0,charging,false,0,,,43.4,FLAG_KEEP_SCREEN_ON,no_load_injected_background_apps_unverified,
2026-08-22T12:22:52.930295Z,1.2.0,realme_RMX3760_api35,1.2.0+3,release,mobilenet_v3_small_float16,201167c633c4c8714d7c84905e88fe159d76e9eff38c91b70708b1ced5a8bb00,mobilenet_v3_small,float16,float32,float32,1x224x224x3,xnnpack_cpu,xnnpack,xnnpack_initialized_partition_unverified,,4,1,20,measured,87,354.487000,17.488000,292.46875,342.12109375,86.0,charging,false,0,,,43.4,FLAG_KEEP_SCREEN_ON,no_load_injected_background_apps_unverified,
2026-08-22T12:22:53.345468Z,1.2.0,realme_RMX3760_api35,1.2.0+3,release,mobilenet_v3_small_float16,201167c633c4c8714d7c84905e88fe159d76e9eff38c91b70708b1ced5a8bb00,mobilenet_v3_small,float16,float32,float32,1x224x224x3,xnnpack_cpu,xnnpack,xnnpack_initialized_partition_unverified,,4,1,20,measured,88,355.554000,17.488000,292.49609375,342.16796875,86.0,charging,false,0,,,43.4,FLAG_KEEP_SCREEN_ON,no_load_injected_background_apps_unverified,
2026-08-22T12:22:53.761549Z,1.2.0,realme_RMX3760_api35,1.2.0+3,release,mobilenet_v3_small_float16,201167c633c4c8714d7c84905e88fe159d76e9eff38c91b70708b1ced5a8bb00,mobilenet_v3_small,float16,float32,float32,1x224x224x3,xnnpack_cpu,xnnpack,xnnpack_initialized_partition_unverified,,4,1,20,measured,89,355.280000,17.488000,292.84765625,342.48828125,86.0,charging,false,0,,,43.4,FLAG_KEEP_SCREEN_ON,no_load_injected_background_apps_unverified,
2026-08-22T12:22:54.178369Z,1.2.0,realme_RMX3760_api35,1.2.0+3,release,mobilenet_v3_small_float16,201167c633c4c8714d7c84905e88fe159d76e9eff38c91b70708b1ced5a8bb00,mobilenet_v3_small,float16,float32,float32,1x224x224x3,xnnpack_cpu,xnnpack,xnnpack_initialized_partition_unverified,,4,1,20,measured,90,357.666000,17.488000,292.51171875,342.18359375,86.0,charging,false,0,,,43.4,FLAG_KEEP_SCREEN_ON,no_load_injected_background_apps_unverified,
2026-08-22T12:22:54.601825Z,1.2.0,realme_RMX3760_api35,1.2.0+3,release,mobilenet_v3_small_float16,201167c633c4c8714d7c84905e88fe159d76e9eff38c91b70708b1ced5a8bb00,mobilenet_v3_small,float16,float32,float32,1x224x224x3,xnnpack_cpu,xnnpack,xnnpack_initialized_partition_unverified,,4,1,20,measured,91,363.676000,17.488000,293.0234375,342.69921875,86.0,charging,false,0,,,43.4,FLAG_KEEP_SCREEN_ON,no_load_injected_background_apps_unverified,
2026-08-22T12:22:55.026307Z,1.2.0,realme_RMX3760_api35,1.2.0+3,release,mobilenet_v3_small_float16,201167c633c4c8714d7c84905e88fe159d76e9eff38c91b70708b1ced5a8bb00,mobilenet_v3_small,float16,float32,float32,1x224x224x3,xnnpack_cpu,xnnpack,xnnpack_initialized_partition_unverified,,4,1,20,measured,92,365.105000,17.488000,292.0625,341.7421875,86.0,charging,false,0,,,43.4,FLAG_KEEP_SCREEN_ON,no_load_injected_background_apps_unverified,
2026-08-22T12:22:55.442274Z,1.2.0,realme_RMX3760_api35,1.2.0+3,release,mobilenet_v3_small_float16,201167c633c4c8714d7c84905e88fe159d76e9eff38c91b70708b1ced5a8bb00,mobilenet_v3_small,float16,float32,float32,1x224x224x3,xnnpack_cpu,xnnpack,xnnpack_initialized_partition_unverified,,4,1,20,measured,93,357.044000,17.488000,293.1015625,342.765625,86.0,charging,false,0,,,43.4,FLAG_KEEP_SCREEN_ON,no_load_injected_background_apps_unverified,
2026-08-22T12:22:55.858511Z,1.2.0,realme_RMX3760_api35,1.2.0+3,release,mobilenet_v3_small_float16,201167c633c4c8714d7c84905e88fe159d76e9eff38c91b70708b1ced5a8bb00,mobilenet_v3_small,float16,float32,float32,1x224x224x3,xnnpack_cpu,xnnpack,xnnpack_initialized_partition_unverified,,4,1,20,measured,94,356.599000,17.488000,292.12109375,341.79296875,86.0,charging,false,0,,,43.4,FLAG_KEEP_SCREEN_ON,no_load_injected_background_apps_unverified,
2026-08-22T12:22:56.277842Z,1.2.0,realme_RMX3760_api35,1.2.0+3,release,mobilenet_v3_small_float16,201167c633c4c8714d7c84905e88fe159d76e9eff38c91b70708b1ced5a8bb00,mobilenet_v3_small,float16,float32,float32,1x224x224x3,xnnpack_cpu,xnnpack,xnnpack_initialized_partition_unverified,,4,1,20,measured,95,360.130000,17.488000,293.16015625,342.80859375,86.0,charging,false,0,,,43.4,FLAG_KEEP_SCREEN_ON,no_load_injected_background_apps_unverified,
2026-08-22T12:22:56.674848Z,1.2.0,realme_RMX3760_api35,1.2.0+3,release,mobilenet_v3_small_float16,201167c633c4c8714d7c84905e88fe159d76e9eff38c91b70708b1ced5a8bb00,mobilenet_v3_small,float16,float32,float32,1x224x224x3,xnnpack_cpu,xnnpack,xnnpack_initialized_partition_unverified,,4,1,20,measured,96,338.505000,17.488000,293.171875,342.77734375,86.0,charging,false,0,,,43.4,FLAG_KEEP_SCREEN_ON,no_load_injected_background_apps_unverified,
2026-08-22T12:22:57.086440Z,1.2.0,realme_RMX3760_api35,1.2.0+3,release,mobilenet_v3_small_float16,201167c633c4c8714d7c84905e88fe159d76e9eff38c91b70708b1ced5a8bb00,mobilenet_v3_small,float16,float32,float32,1x224x224x3,xnnpack_cpu,xnnpack,xnnpack_initialized_partition_unverified,,4,1,20,measured,97,352.363000,17.488000,292.19140625,341.85546875,86.0,charging,false,0,,,43.4,FLAG_KEEP_SCREEN_ON,no_load_injected_background_apps_unverified,
2026-08-22T12:22:57.497900Z,1.2.0,realme_RMX3760_api35,1.2.0+3,release,mobilenet_v3_small_float16,201167c633c4c8714d7c84905e88fe159d76e9eff38c91b70708b1ced5a8bb00,mobilenet_v3_small,float16,float32,float32,1x224x224x3,xnnpack_cpu,xnnpack,xnnpack_initialized_partition_unverified,,4,1,20,measured,98,352.210000,17.488000,293.2109375,342.86328125,86.0,charging,false,0,,,43.4,FLAG_KEEP_SCREEN_ON,no_load_injected_background_apps_unverified,
2026-08-22T12:22:57.889637Z,1.2.0,realme_RMX3760_api35,1.2.0+3,release,mobilenet_v3_small_float16,201167c633c4c8714d7c84905e88fe159d76e9eff38c91b70708b1ced5a8bb00,mobilenet_v3_small,float16,float32,float32,1x224x224x3,xnnpack_cpu,xnnpack,xnnpack_initialized_partition_unverified,,4,1,20,measured,99,330.720000,17.488000,292.18359375,341.8515625,86.0,charging,false,0,,,43.4,FLAG_KEEP_SCREEN_ON,no_load_injected_background_apps_unverified,
2026-08-22T12:23:05.648226Z,1.2.0,realme_RMX3760_api35,1.2.0+3,release,mobilenet_v3_small_dynamic_int8,1c3ca9e08ab14de0d8e7ca58f127b9955ae2cf3e9ffaad5033952bcbb51dd82f,mobilenet_v3_small,dynamic_int8,float32,float32,1x224x224x3,xnnpack_cpu,xnnpack,xnnpack_initialized_partition_unverified,,1,1,21,measured,0,408.835000,12.214000,292.1015625,342.8671875,86.0,charging,false,0,,,43.4,FLAG_KEEP_SCREEN_ON,no_load_injected_background_apps_unverified,
2026-08-22T12:23:06.050388Z,1.2.0,realme_RMX3760_api35,1.2.0+3,release,mobilenet_v3_small_dynamic_int8,1c3ca9e08ab14de0d8e7ca58f127b9955ae2cf3e9ffaad5033952bcbb51dd82f,mobilenet_v3_small,dynamic_int8,float32,float32,1x224x224x3,xnnpack_cpu,xnnpack,xnnpack_initialized_partition_unverified,,1,1,21,measured,1,343.053000,12.214000,291.63671875,342.37109375,86.0,charging,false,0,,,43.4,FLAG_KEEP_SCREEN_ON,no_load_injected_background_apps_unverified,
2026-08-22T12:23:06.472955Z,1.2.0,realme_RMX3760_api35,1.2.0+3,release,mobilenet_v3_small_dynamic_int8,1c3ca9e08ab14de0d8e7ca58f127b9955ae2cf3e9ffaad5033952bcbb51dd82f,mobilenet_v3_small,dynamic_int8,float32,float32,1x224x224x3,xnnpack_cpu,xnnpack,xnnpack_initialized_partition_unverified,,1,1,21,measured,2,362.172000,12.214000,292.16015625,342.88671875,86.0,charging,false,0,,,43.4,FLAG_KEEP_SCREEN_ON,no_load_injected_background_apps_unverified,
2026-08-22T12:23:06.894001Z,1.2.0,realme_RMX3760_api35,1.2.0+3,release,mobilenet_v3_small_dynamic_int8,1c3ca9e08ab14de0d8e7ca58f127b9955ae2cf3e9ffaad5033952bcbb51dd82f,mobilenet_v3_small,dynamic_int8,float32,float32,1x224x224x3,xnnpack_cpu,xnnpack,xnnpack_initialized_partition_unverified,,1,1,21,measured,3,361.007000,12.214000,291.0859375,341.80859375,86.0,charging,false,0,,,43.4,FLAG_KEEP_SCREEN_ON,no_load_injected_background_apps_unverified,
2026-08-22T12:23:07.310053Z,1.2.0,realme_RMX3760_api35,1.2.0+3,release,mobilenet_v3_small_dynamic_int8,1c3ca9e08ab14de0d8e7ca58f127b9955ae2cf3e9ffaad5033952bcbb51dd82f,mobilenet_v3_small,dynamic_int8,float32,float32,1x224x224x3,xnnpack_cpu,xnnpack,xnnpack_initialized_partition_unverified,,1,1,21,measured,4,355.602000,12.214000,292.203125,342.9140625,86.0,charging,false,0,,,43.4,FLAG_KEEP_SCREEN_ON,no_load_injected_background_apps_unverified,
2026-08-22T12:23:07.717681Z,1.2.0,realme_RMX3760_api35,1.2.0+3,release,mobilenet_v3_small_dynamic_int8,1c3ca9e08ab14de0d8e7ca58f127b9955ae2cf3e9ffaad5033952bcbb51dd82f,mobilenet_v3_small,dynamic_int8,float32,float32,1x224x224x3,xnnpack_cpu,xnnpack,xnnpack_initialized_partition_unverified,,1,1,21,measured,5,347.527000,12.214000,291.22265625,341.9765625,86.0,charging,false,0,,,43.4,FLAG_KEEP_SCREEN_ON,no_load_injected_background_apps_unverified,
2026-08-22T12:23:08.133817Z,1.2.0,realme_RMX3760_api35,1.2.0+3,release,mobilenet_v3_small_dynamic_int8,1c3ca9e08ab14de0d8e7ca58f127b9955ae2cf3e9ffaad5033952bcbb51dd82f,mobilenet_v3_small,dynamic_int8,float32,float32,1x224x224x3,xnnpack_cpu,xnnpack,xnnpack_initialized_partition_unverified,,1,1,21,measured,6,355.745000,12.214000,292.2578125,342.98828125,86.0,charging,false,0,,,43.4,FLAG_KEEP_SCREEN_ON,no_load_injected_background_apps_unverified,
2026-08-22T12:23:08.552221Z,1.2.0,realme_RMX3760_api35,1.2.0+3,release,mobilenet_v3_small_dynamic_int8,1c3ca9e08ab14de0d8e7ca58f127b9955ae2cf3e9ffaad5033952bcbb51dd82f,mobilenet_v3_small,dynamic_int8,float32,float32,1x224x224x3,xnnpack_cpu,xnnpack,xnnpack_initialized_partition_unverified,,1,1,21,measured,7,357.899000,12.214000,292.27734375,343.03125,86.0,charging,false,0,,,43.4,FLAG_KEEP_SCREEN_ON,no_load_injected_background_apps_unverified,
2026-08-22T12:23:08.969399Z,1.2.0,realme_RMX3760_api35,1.2.0+3,release,mobilenet_v3_small_dynamic_int8,1c3ca9e08ab14de0d8e7ca58f127b9955ae2cf3e9ffaad5033952bcbb51dd82f,mobilenet_v3_small,dynamic_int8,float32,float32,1x224x224x3,xnnpack_cpu,xnnpack,xnnpack_initialized_partition_unverified,,1,1,21,measured,8,357.207000,12.214000,291.77734375,342.5078125,86.0,charging,false,0,,,43.4,FLAG_KEEP_SCREEN_ON,no_load_injected_background_apps_unverified,
2026-08-22T12:23:09.384503Z,1.2.0,realme_RMX3760_api35,1.2.0+3,release,mobilenet_v3_small_dynamic_int8,1c3ca9e08ab14de0d8e7ca58f127b9955ae2cf3e9ffaad5033952bcbb51dd82f,mobilenet_v3_small,dynamic_int8,float32,float32,1x224x224x3,xnnpack_cpu,xnnpack,xnnpack_initialized_partition_unverified,,1,1,21,measured,9,354.270000,12.214000,292.296875,343.04296875,86.0,charging,false,0,,,43.4,FLAG_KEEP_SCREEN_ON,no_load_injected_background_apps_unverified,
2026-08-22T12:23:09.806313Z,1.2.0,realme_RMX3760_api35,1.2.0+3,release,mobilenet_v3_small_dynamic_int8,1c3ca9e08ab14de0d8e7ca58f127b9955ae2cf3e9ffaad5033952bcbb51dd82f,mobilenet_v3_small,dynamic_int8,float32,float32,1x224x224x3,xnnpack_cpu,xnnpack,xnnpack_initialized_partition_unverified,,1,1,21,measured,10,362.128000,12.214000,291.8125,342.5625,86.0,charging,false,0,,,43.4,FLAG_KEEP_SCREEN_ON,no_load_injected_background_apps_unverified,
2026-08-22T12:23:10.207856Z,1.2.0,realme_RMX3760_api35,1.2.0+3,release,mobilenet_v3_small_dynamic_int8,1c3ca9e08ab14de0d8e7ca58f127b9955ae2cf3e9ffaad5033952bcbb51dd82f,mobilenet_v3_small,dynamic_int8,float32,float32,1x224x224x3,xnnpack_cpu,xnnpack,xnnpack_initialized_partition_unverified,,1,1,21,measured,11,340.117000,12.214000,292.33203125,343.03515625,86.0,charging,false,0,,,43.4,FLAG_KEEP_SCREEN_ON,no_load_injected_background_apps_unverified,
2026-08-22T12:23:10.600779Z,1.2.0,realme_RMX3760_api35,1.2.0+3,release,mobilenet_v3_small_dynamic_int8,1c3ca9e08ab14de0d8e7ca58f127b9955ae2cf3e9ffaad5033952bcbb51dd82f,mobilenet_v3_small,dynamic_int8,float32,float32,1x224x224x3,xnnpack_cpu,xnnpack,xnnpack_initialized_partition_unverified,,1,1,21,measured,12,332.304000,12.214000,292.3515625,343.0859375,86.0,charging,false,0,,,43.4,FLAG_KEEP_SCREEN_ON,no_load_injected_background_apps_unverified,
2026-08-22T12:23:11.016311Z,1.2.0,realme_RMX3760_api35,1.2.0+3,release,mobilenet_v3_small_dynamic_int8,1c3ca9e08ab14de0d8e7ca58f127b9955ae2cf3e9ffaad5033952bcbb51dd82f,mobilenet_v3_small,dynamic_int8,float32,float32,1x224x224x3,xnnpack_cpu,xnnpack,xnnpack_initialized_partition_unverified,,1,1,21,measured,13,354.750000,12.214000,292.37890625,343.1171875,86.0,charging,false,0,,,43.4,FLAG_KEEP_SCREEN_ON,no_load_injected_background_apps_unverified,
2026-08-22T12:23:11.418207Z,1.2.0,realme_RMX3760_api35,1.2.0+3,release,mobilenet_v3_small_dynamic_int8,1c3ca9e08ab14de0d8e7ca58f127b9955ae2cf3e9ffaad5033952bcbb51dd82f,mobilenet_v3_small,dynamic_int8,float32,float32,1x224x224x3,xnnpack_cpu,xnnpack,xnnpack_initialized_partition_unverified,,1,1,21,measured,14,342.663000,12.214000,292.40234375,343.1171875,86.0,charging,false,0,,,43.3,FLAG_KEEP_SCREEN_ON,no_load_injected_background_apps_unverified,
2026-08-22T12:23:11.845514Z,1.2.0,realme_RMX3760_api35,1.2.0+3,release,mobilenet_v3_small_dynamic_int8,1c3ca9e08ab14de0d8e7ca58f127b9955ae2cf3e9ffaad5033952bcbb51dd82f,mobilenet_v3_small,dynamic_int8,float32,float32,1x224x224x3,xnnpack_cpu,xnnpack,xnnpack_initialized_partition_unverified,,1,1,21,measured,15,367.265000,12.214000,292.91796875,343.66015625,86.0,charging,false,0,,,43.3,FLAG_KEEP_SCREEN_ON,no_load_injected_background_apps_unverified,
2026-08-22T12:23:12.254242Z,1.2.0,realme_RMX3760_api35,1.2.0+3,release,mobilenet_v3_small_dynamic_int8,1c3ca9e08ab14de0d8e7ca58f127b9955ae2cf3e9ffaad5033952bcbb51dd82f,mobilenet_v3_small,dynamic_int8,float32,float32,1x224x224x3,xnnpack_cpu,xnnpack,xnnpack_initialized_partition_unverified,,1,1,21,measured,16,349.307000,12.214000,292.44140625,343.18359375,86.0,charging,false,0,,,43.3,FLAG_KEEP_SCREEN_ON,no_load_injected_background_apps_unverified,
2026-08-22T12:23:12.672739Z,1.2.0,realme_RMX3760_api35,1.2.0+3,release,mobilenet_v3_small_dynamic_int8,1c3ca9e08ab14de0d8e7ca58f127b9955ae2cf3e9ffaad5033952bcbb51dd82f,mobilenet_v3_small,dynamic_int8,float32,float32,1x224x224x3,xnnpack_cpu,xnnpack,xnnpack_initialized_partition_unverified,,1,1,21,measured,17,357.962000,12.214000,292.4609375,343.20703125,86.0,charging,false,0,,,43.3,FLAG_KEEP_SCREEN_ON,no_load_injected_background_apps_unverified,
2026-08-22T12:23:13.069516Z,1.2.0,realme_RMX3760_api35,1.2.0+3,release,mobilenet_v3_small_dynamic_int8,1c3ca9e08ab14de0d8e7ca58f127b9955ae2cf3e9ffaad5033952bcbb51dd82f,mobilenet_v3_small,dynamic_int8,float32,float32,1x224x224x3,xnnpack_cpu,xnnpack,xnnpack_initialized_partition_unverified,,1,1,21,measured,18,336.710000,12.214000,292.48046875,343.21875,86.0,charging,false,0,,,43.3,FLAG_KEEP_SCREEN_ON,no_load_injected_background_apps_unverified,
2026-08-22T12:23:13.486547Z,1.2.0,realme_RMX3760_api35,1.2.0+3,release,mobilenet_v3_small_dynamic_int8,1c3ca9e08ab14de0d8e7ca58f127b9955ae2cf3e9ffaad5033952bcbb51dd82f,mobilenet_v3_small,dynamic_int8,float32,float32,1x224x224x3,xnnpack_cpu,xnnpack,xnnpack_initialized_partition_unverified,,1,1,21,measured,19,358.076000,12.214000,292.5,343.203125,86.0,charging,false,0,,,43.3,FLAG_KEEP_SCREEN_ON,no_load_injected_background_apps_unverified,
2026-08-22T12:23:13.901748Z,1.2.0,realme_RMX3760_api35,1.2.0+3,release,mobilenet_v3_small_dynamic_int8,1c3ca9e08ab14de0d8e7ca58f127b9955ae2cf3e9ffaad5033952bcbb51dd82f,mobilenet_v3_small,dynamic_int8,float32,float32,1x224x224x3,xnnpack_cpu,xnnpack,xnnpack_initialized_partition_unverified,,1,1,21,measured,20,355.252000,12.214000,292.02734375,342.6875,86.0,charging,false,0,,,43.3,FLAG_KEEP_SCREEN_ON,no_load_injected_background_apps_unverified,
2026-08-22T12:23:14.310573Z,1.2.0,realme_RMX3760_api35,1.2.0+3,release,mobilenet_v3_small_dynamic_int8,1c3ca9e08ab14de0d8e7ca58f127b9955ae2cf3e9ffaad5033952bcbb51dd82f,mobilenet_v3_small,dynamic_int8,float32,float32,1x224x224x3,xnnpack_cpu,xnnpack,xnnpack_initialized_partition_unverified,,1,1,21,measured,21,349.354000,12.214000,292.05078125,342.7890625,86.0,charging,false,0,,,43.3,FLAG_KEEP_SCREEN_ON,no_load_injected_background_apps_unverified,
2026-08-22T12:23:14.724571Z,1.2.0,realme_RMX3760_api35,1.2.0+3,release,mobilenet_v3_small_dynamic_int8,1c3ca9e08ab14de0d8e7ca58f127b9955ae2cf3e9ffaad5033952bcbb51dd82f,mobilenet_v3_small,dynamic_int8,float32,float32,1x224x224x3,xnnpack_cpu,xnnpack,xnnpack_initialized_partition_unverified,,1,1,21,measured,22,353.493000,12.214000,292.56640625,343.25390625,86.0,charging,false,0,,,43.3,FLAG_KEEP_SCREEN_ON,no_load_injected_background_apps_unverified,
2026-08-22T12:23:15.137638Z,1.2.0,realme_RMX3760_api35,1.2.0+3,release,mobilenet_v3_small_dynamic_int8,1c3ca9e08ab14de0d8e7ca58f127b9955ae2cf3e9ffaad5033952bcbb51dd82f,mobilenet_v3_small,dynamic_int8,float32,float32,1x224x224x3,xnnpack_cpu,xnnpack,xnnpack_initialized_partition_unverified,,1,1,21,measured,23,353.028000,12.214000,292.5703125,343.0390625,86.0,charging,false,0,,,43.3,FLAG_KEEP_SCREEN_ON,no_load_injected_background_apps_unverified,
2026-08-22T12:23:15.529797Z,1.2.0,realme_RMX3760_api35,1.2.0+3,release,mobilenet_v3_small_dynamic_int8,1c3ca9e08ab14de0d8e7ca58f127b9955ae2cf3e9ffaad5033952bcbb51dd82f,mobilenet_v3_small,dynamic_int8,float32,float32,1x224x224x3,xnnpack_cpu,xnnpack,xnnpack_initialized_partition_unverified,,1,1,21,measured,24,332.501000,12.214000,295.60546875,346.328125,86.0,charging,false,0,,,43.3,FLAG_KEEP_SCREEN_ON,no_load_injected_background_apps_unverified,
2026-08-22T12:23:15.944159Z,1.2.0,realme_RMX3760_api35,1.2.0+3,release,mobilenet_v3_small_dynamic_int8,1c3ca9e08ab14de0d8e7ca58f127b9955ae2cf3e9ffaad5033952bcbb51dd82f,mobilenet_v3_small,dynamic_int8,float32,float32,1x224x224x3,xnnpack_cpu,xnnpack,xnnpack_initialized_partition_unverified,,1,1,21,measured,25,353.693000,12.214000,292.62890625,343.34765625,86.0,charging,false,0,,,43.3,FLAG_KEEP_SCREEN_ON,no_load_injected_background_apps_unverified,
2026-08-22T12:23:16.365351Z,1.2.0,realme_RMX3760_api35,1.2.0+3,release,mobilenet_v3_small_dynamic_int8,1c3ca9e08ab14de0d8e7ca58f127b9955ae2cf3e9ffaad5033952bcbb51dd82f,mobilenet_v3_small,dynamic_int8,float32,float32,1x224x224x3,xnnpack_cpu,xnnpack,xnnpack_initialized_partition_unverified,,1,1,21,measured,26,360.368000,12.214000,292.6484375,343.3671875,86.0,charging,false,0,,,43.3,FLAG_KEEP_SCREEN_ON,no_load_injected_background_apps_unverified,
2026-08-22T12:23:16.766549Z,1.2.0,realme_RMX3760_api35,1.2.0+3,release,mobilenet_v3_small_dynamic_int8,1c3ca9e08ab14de0d8e7ca58f127b9955ae2cf3e9ffaad5033952bcbb51dd82f,mobilenet_v3_small,dynamic_int8,float32,float32,1x224x224x3,xnnpack_cpu,xnnpack,xnnpack_initialized_partition_unverified,,1,1,21,measured,27,342.185000,12.214000,292.6796875,343.37890625,86.0,charging,false,0,,,43.4,FLAG_KEEP_SCREEN_ON,no_load_injected_background_apps_unverified,
2026-08-22T12:23:17.168017Z,1.2.0,realme_RMX3760_api35,1.2.0+3,release,mobilenet_v3_small_dynamic_int8,1c3ca9e08ab14de0d8e7ca58f127b9955ae2cf3e9ffaad5033952bcbb51dd82f,mobilenet_v3_small,dynamic_int8,float32,float32,1x224x224x3,xnnpack_cpu,xnnpack,xnnpack_initialized_partition_unverified,,1,1,21,measured,28,340.285000,12.214000,292.69921875,343.39453125,86.0,charging,false,0,,,43.4,FLAG_KEEP_SCREEN_ON,no_load_injected_background_apps_unverified,
2026-08-22T12:23:17.584517Z,1.2.0,realme_RMX3760_api35,1.2.0+3,release,mobilenet_v3_small_dynamic_int8,1c3ca9e08ab14de0d8e7ca58f127b9955ae2cf3e9ffaad5033952bcbb51dd82f,mobilenet_v3_small,dynamic_int8,float32,float32,1x224x224x3,xnnpack_cpu,xnnpack,xnnpack_initialized_partition_unverified,,1,1,21,measured,29,354.507000,12.214000,292.73046875,343.39453125,86.0,charging,false,0,,,43.4,FLAG_KEEP_SCREEN_ON,no_load_injected_background_apps_unverified,
2026-08-22T12:23:17.978432Z,1.2.0,realme_RMX3760_api35,1.2.0+3,release,mobilenet_v3_small_dynamic_int8,1c3ca9e08ab14de0d8e7ca58f127b9955ae2cf3e9ffaad5033952bcbb51dd82f,mobilenet_v3_small,dynamic_int8,float32,float32,1x224x224x3,xnnpack_cpu,xnnpack,xnnpack_initialized_partition_unverified,,1,1,21,measured,30,334.680000,12.214000,292.75,343.3984375,86.0,charging,false,0,,,43.4,FLAG_KEEP_SCREEN_ON,no_load_injected_background_apps_unverified,
2026-08-22T12:23:18.396236Z,1.2.0,realme_RMX3760_api35,1.2.0+3,release,mobilenet_v3_small_dynamic_int8,1c3ca9e08ab14de0d8e7ca58f127b9955ae2cf3e9ffaad5033952bcbb51dd82f,mobilenet_v3_small,dynamic_int8,float32,float32,1x224x224x3,xnnpack_cpu,xnnpack,xnnpack_initialized_partition_unverified,,1,1,21,measured,31,356.000000,12.214000,292.75390625,343.6328125,86.0,charging,false,0,,,43.4,FLAG_KEEP_SCREEN_ON,no_load_injected_background_apps_unverified,
2026-08-22T12:23:18.805587Z,1.2.0,realme_RMX3760_api35,1.2.0+3,release,mobilenet_v3_small_dynamic_int8,1c3ca9e08ab14de0d8e7ca58f127b9955ae2cf3e9ffaad5033952bcbb51dd82f,mobilenet_v3_small,dynamic_int8,float32,float32,1x224x224x3,xnnpack_cpu,xnnpack,xnnpack_initialized_partition_unverified,,1,1,21,measured,32,349.580000,12.214000,292.77734375,343.63671875,86.0,charging,false,0,,,43.4,FLAG_KEEP_SCREEN_ON,no_load_injected_background_apps_unverified,
2026-08-22T12:23:19.232551Z,1.2.0,realme_RMX3760_api35,1.2.0+3,release,mobilenet_v3_small_dynamic_int8,1c3ca9e08ab14de0d8e7ca58f127b9955ae2cf3e9ffaad5033952bcbb51dd82f,mobilenet_v3_small,dynamic_int8,float32,float32,1x224x224x3,xnnpack_cpu,xnnpack,xnnpack_initialized_partition_unverified,,1,1,21,measured,33,366.446000,12.214000,292.796875,343.59375,86.0,charging,false,0,,,43.4,FLAG_KEEP_SCREEN_ON,no_load_injected_background_apps_unverified,
2026-08-22T12:23:19.633260Z,1.2.0,realme_RMX3760_api35,1.2.0+3,release,mobilenet_v3_small_dynamic_int8,1c3ca9e08ab14de0d8e7ca58f127b9955ae2cf3e9ffaad5033952bcbb51dd82f,mobilenet_v3_small,dynamic_int8,float32,float32,1x224x224x3,xnnpack_cpu,xnnpack,xnnpack_initialized_partition_unverified,,1,1,21,measured,34,340.718000,12.214000,292.8125,343.59375,86.0,charging,false,0,,,43.4,FLAG_KEEP_SCREEN_ON,no_load_injected_background_apps_unverified,
2026-08-22T12:23:20.041386Z,1.2.0,realme_RMX3760_api35,1.2.0+3,release,mobilenet_v3_small_dynamic_int8,1c3ca9e08ab14de0d8e7ca58f127b9955ae2cf3e9ffaad5033952bcbb51dd82f,mobilenet_v3_small,dynamic_int8,float32,float32,1x224x224x3,xnnpack_cpu,xnnpack,xnnpack_initialized_partition_unverified,,1,1,21,measured,35,347.670000,12.214000,292.84375,343.59375,86.0,charging,false,0,,,43.4,FLAG_KEEP_SCREEN_ON,no_load_injected_background_apps_unverified,
2026-08-22T12:23:20.469285Z,1.2.0,realme_RMX3760_api35,1.2.0+3,release,mobilenet_v3_small_dynamic_int8,1c3ca9e08ab14de0d8e7ca58f127b9955ae2cf3e9ffaad5033952bcbb51dd82f,mobilenet_v3_small,dynamic_int8,float32,float32,1x224x224x3,xnnpack_cpu,xnnpack,xnnpack_initialized_partition_unverified,,1,1,21,measured,36,367.927000,12.214000,291.86328125,342.74609375,86.0,charging,false,0,,,43.4,FLAG_KEEP_SCREEN_ON,no_load_injected_background_apps_unverified,
2026-08-22T12:23:20.876398Z,1.2.0,realme_RMX3760_api35,1.2.0+3,release,mobilenet_v3_small_dynamic_int8,1c3ca9e08ab14de0d8e7ca58f127b9955ae2cf3e9ffaad5033952bcbb51dd82f,mobilenet_v3_small,dynamic_int8,float32,float32,1x224x224x3,xnnpack_cpu,xnnpack,xnnpack_initialized_partition_unverified,,1,1,21,measured,37,345.779000,12.214000,292.8828125,343.765625,86.0,charging,false,0,,,43.4,FLAG_KEEP_SCREEN_ON,no_load_injected_background_apps_unverified,
2026-08-22T12:23:21.261145Z,1.2.0,realme_RMX3760_api35,1.2.0+3,release,mobilenet_v3_small_dynamic_int8,1c3ca9e08ab14de0d8e7ca58f127b9955ae2cf3e9ffaad5033952bcbb51dd82f,mobilenet_v3_small,dynamic_int8,float32,float32,1x224x224x3,xnnpack_cpu,xnnpack,xnnpack_initialized_partition_unverified,,1,1,21,measured,38,324.091000,12.214000,292.91796875,343.77734375,86.0,charging,false,0,,,43.4,FLAG_KEEP_SCREEN_ON,no_load_injected_background_apps_unverified,
2026-08-22T12:23:21.661595Z,1.2.0,realme_RMX3760_api35,1.2.0+3,release,mobilenet_v3_small_dynamic_int8,1c3ca9e08ab14de0d8e7ca58f127b9955ae2cf3e9ffaad5033952bcbb51dd82f,mobilenet_v3_small,dynamic_int8,float32,float32,1x224x224x3,xnnpack_cpu,xnnpack,xnnpack_initialized_partition_unverified,,1,1,21,measured,39,340.685000,12.214000,292.4296875,343.33203125,86.0,charging,false,0,,,43.4,FLAG_KEEP_SCREEN_ON,no_load_injected_background_apps_unverified,
2026-08-22T12:23:22.070484Z,1.2.0,realme_RMX3760_api35,1.2.0+3,release,mobilenet_v3_small_dynamic_int8,1c3ca9e08ab14de0d8e7ca58f127b9955ae2cf3e9ffaad5033952bcbb51dd82f,mobilenet_v3_small,dynamic_int8,float32,float32,1x224x224x3,xnnpack_cpu,xnnpack,xnnpack_initialized_partition_unverified,,1,1,21,measured,40,349.640000,12.214000,292.9453125,343.8203125,86.0,charging,false,0,,,43.4,FLAG_KEEP_SCREEN_ON,no_load_injected_background_apps_unverified,
2026-08-22T12:23:22.488730Z,1.2.0,realme_RMX3760_api35,1.2.0+3,release,mobilenet_v3_small_dynamic_int8,1c3ca9e08ab14de0d8e7ca58f127b9955ae2cf3e9ffaad5033952bcbb51dd82f,mobilenet_v3_small,dynamic_int8,float32,float32,1x224x224x3,xnnpack_cpu,xnnpack,xnnpack_initialized_partition_unverified,,1,1,21,measured,41,357.527000,12.214000,292.4375,343.3359375,86.0,charging,false,0,,,43.4,FLAG_KEEP_SCREEN_ON,no_load_injected_background_apps_unverified,
2026-08-22T12:23:22.897436Z,1.2.0,realme_RMX3760_api35,1.2.0+3,release,mobilenet_v3_small_dynamic_int8,1c3ca9e08ab14de0d8e7ca58f127b9955ae2cf3e9ffaad5033952bcbb51dd82f,mobilenet_v3_small,dynamic_int8,float32,float32,1x224x224x3,xnnpack_cpu,xnnpack,xnnpack_initialized_partition_unverified,,1,1,21,measured,42,348.760000,12.214000,292.96875,343.83984375,86.0,charging,false,0,,,43.4,FLAG_KEEP_SCREEN_ON,no_load_injected_background_apps_unverified,
2026-08-22T12:23:23.308309Z,1.2.0,realme_RMX3760_api35,1.2.0+3,release,mobilenet_v3_small_dynamic_int8,1c3ca9e08ab14de0d8e7ca58f127b9955ae2cf3e9ffaad5033952bcbb51dd82f,mobilenet_v3_small,dynamic_int8,float32,float32,1x224x224x3,xnnpack_cpu,xnnpack,xnnpack_initialized_partition_unverified,,1,1,21,measured,43,350.371000,12.214000,292.98828125,343.83984375,86.0,charging,false,0,,,43.4,FLAG_KEEP_SCREEN_ON,no_load_injected_background_apps_unverified,
2026-08-22T12:23:23.721666Z,1.2.0,realme_RMX3760_api35,1.2.0+3,release,mobilenet_v3_small_dynamic_int8,1c3ca9e08ab14de0d8e7ca58f127b9955ae2cf3e9ffaad5033952bcbb51dd82f,mobilenet_v3_small,dynamic_int8,float32,float32,1x224x224x3,xnnpack_cpu,xnnpack,xnnpack_initialized_partition_unverified,,1,1,21,measured,44,352.365000,12.214000,292.8125,343.69921875,86.0,charging,false,0,,,43.4,FLAG_KEEP_SCREEN_ON,no_load_injected_background_apps_unverified,
2026-08-22T12:23:24.129263Z,1.2.0,realme_RMX3760_api35,1.2.0+3,release,mobilenet_v3_small_dynamic_int8,1c3ca9e08ab14de0d8e7ca58f127b9955ae2cf3e9ffaad5033952bcbb51dd82f,mobilenet_v3_small,dynamic_int8,float32,float32,1x224x224x3,xnnpack_cpu,xnnpack,xnnpack_initialized_partition_unverified,,1,1,21,measured,45,347.307000,12.214000,293.03515625,343.90234375,86.0,charging,false,0,,,43.4,FLAG_KEEP_SCREEN_ON,no_load_injected_background_apps_unverified,
2026-08-22T12:23:24.550087Z,1.2.0,realme_RMX3760_api35,1.2.0+3,release,mobilenet_v3_small_dynamic_int8,1c3ca9e08ab14de0d8e7ca58f127b9955ae2cf3e9ffaad5033952bcbb51dd82f,mobilenet_v3_small,dynamic_int8,float32,float32,1x224x224x3,xnnpack_cpu,xnnpack,xnnpack_initialized_partition_unverified,,1,1,21,measured,46,361.396000,12.214000,292.0546875,342.94921875,86.0,charging,false,0,,,43.4,FLAG_KEEP_SCREEN_ON,no_load_injected_background_apps_unverified,
2026-08-22T12:23:24.953463Z,1.2.0,realme_RMX3760_api35,1.2.0+3,release,mobilenet_v3_small_dynamic_int8,1c3ca9e08ab14de0d8e7ca58f127b9955ae2cf3e9ffaad5033952bcbb51dd82f,mobilenet_v3_small,dynamic_int8,float32,float32,1x224x224x3,xnnpack_cpu,xnnpack,xnnpack_initialized_partition_unverified,,1,1,21,measured,47,342.298000,12.214000,293.08984375,343.96484375,86.0,charging,false,0,,,43.4,FLAG_KEEP_SCREEN_ON,no_load_injected_background_apps_unverified,
2026-08-22T12:23:25.369555Z,1.2.0,realme_RMX3760_api35,1.2.0+3,release,mobilenet_v3_small_dynamic_int8,1c3ca9e08ab14de0d8e7ca58f127b9955ae2cf3e9ffaad5033952bcbb51dd82f,mobilenet_v3_small,dynamic_int8,float32,float32,1x224x224x3,xnnpack_cpu,xnnpack,xnnpack_initialized_partition_unverified,,1,1,21,measured,48,356.100000,12.214000,293.05859375,343.92578125,86.0,charging,false,0,,,43.4,FLAG_KEEP_SCREEN_ON,no_load_injected_background_apps_unverified,
2026-08-22T12:23:25.757156Z,1.2.0,realme_RMX3760_api35,1.2.0+3,release,mobilenet_v3_small_dynamic_int8,1c3ca9e08ab14de0d8e7ca58f127b9955ae2cf3e9ffaad5033952bcbb51dd82f,mobilenet_v3_small,dynamic_int8,float32,float32,1x224x224x3,xnnpack_cpu,xnnpack,xnnpack_initialized_partition_unverified,,1,1,21,measured,49,327.342000,12.214000,293.11328125,343.94921875,86.0,charging,false,0,,,43.4,FLAG_KEEP_SCREEN_ON,no_load_injected_background_apps_unverified,
2026-08-22T12:23:26.152567Z,1.2.0,realme_RMX3760_api35,1.2.0+3,release,mobilenet_v3_small_dynamic_int8,1c3ca9e08ab14de0d8e7ca58f127b9955ae2cf3e9ffaad5033952bcbb51dd82f,mobilenet_v3_small,dynamic_int8,float32,float32,1x224x224x3,xnnpack_cpu,xnnpack,xnnpack_initialized_partition_unverified,,1,1,21,measured,50,334.052000,12.214000,293.13671875,344.03125,86.0,charging,false,0,,,43.4,FLAG_KEEP_SCREEN_ON,no_load_injected_background_apps_unverified,
2026-08-22T12:23:26.552334Z,1.2.0,realme_RMX3760_api35,1.2.0+3,release,mobilenet_v3_small_dynamic_int8,1c3ca9e08ab14de0d8e7ca58f127b9955ae2cf3e9ffaad5033952bcbb51dd82f,mobilenet_v3_small,dynamic_int8,float32,float32,1x224x224x3,xnnpack_cpu,xnnpack,xnnpack_initialized_partition_unverified,,1,1,21,measured,51,339.082000,12.214000,292.66015625,343.55078125,86.0,charging,false,0,,,43.4,FLAG_KEEP_SCREEN_ON,no_load_injected_background_apps_unverified,
2026-08-22T12:23:26.950154Z,1.2.0,realme_RMX3760_api35,1.2.0+3,release,mobilenet_v3_small_dynamic_int8,1c3ca9e08ab14de0d8e7ca58f127b9955ae2cf3e9ffaad5033952bcbb51dd82f,mobilenet_v3_small,dynamic_int8,float32,float32,1x224x224x3,xnnpack_cpu,xnnpack,xnnpack_initialized_partition_unverified,,1,1,21,measured,52,337.753000,12.214000,293.18359375,344.0546875,86.0,charging,false,0,,,43.4,FLAG_KEEP_SCREEN_ON,no_load_injected_background_apps_unverified,
2026-08-22T12:23:27.357493Z,1.2.0,realme_RMX3760_api35,1.2.0+3,release,mobilenet_v3_small_dynamic_int8,1c3ca9e08ab14de0d8e7ca58f127b9955ae2cf3e9ffaad5033952bcbb51dd82f,mobilenet_v3_small,dynamic_int8,float32,float32,1x224x224x3,xnnpack_cpu,xnnpack,xnnpack_initialized_partition_unverified,,1,1,21,measured,53,347.391000,12.214000,292.69140625,343.4453125,86.0,charging,false,0,,,43.4,FLAG_KEEP_SCREEN_ON,no_load_injected_background_apps_unverified,
2026-08-22T12:23:27.758525Z,1.2.0,realme_RMX3760_api35,1.2.0+3,release,mobilenet_v3_small_dynamic_int8,1c3ca9e08ab14de0d8e7ca58f127b9955ae2cf3e9ffaad5033952bcbb51dd82f,mobilenet_v3_small,dynamic_int8,float32,float32,1x224x224x3,xnnpack_cpu,xnnpack,xnnpack_initialized_partition_unverified,,1,1,21,measured,54,341.782000,12.214000,292.2109375,343.10546875,86.0,charging,false,0,,,43.4,FLAG_KEEP_SCREEN_ON,no_load_injected_background_apps_unverified,
2026-08-22T12:23:28.162753Z,1.2.0,realme_RMX3760_api35,1.2.0+3,release,mobilenet_v3_small_dynamic_int8,1c3ca9e08ab14de0d8e7ca58f127b9955ae2cf3e9ffaad5033952bcbb51dd82f,mobilenet_v3_small,dynamic_int8,float32,float32,1x224x224x3,xnnpack_cpu,xnnpack,xnnpack_initialized_partition_unverified,,1,1,21,measured,55,344.070000,12.214000,292.75390625,343.64453125,86.0,charging,false,0,,,43.4,FLAG_KEEP_SCREEN_ON,no_load_injected_background_apps_unverified,
2026-08-22T12:23:28.577603Z,1.2.0,realme_RMX3760_api35,1.2.0+3,release,mobilenet_v3_small_dynamic_int8,1c3ca9e08ab14de0d8e7ca58f127b9955ae2cf3e9ffaad5033952bcbb51dd82f,mobilenet_v3_small,dynamic_int8,float32,float32,1x224x224x3,xnnpack_cpu,xnnpack,xnnpack_initialized_partition_unverified,,1,1,21,measured,56,355.011000,12.214000,292.25,343.140625,86.0,charging,false,0,,,43.4,FLAG_KEEP_SCREEN_ON,no_load_injected_background_apps_unverified,
2026-08-22T12:23:28.994103Z,1.2.0,realme_RMX3760_api35,1.2.0+3,release,mobilenet_v3_small_dynamic_int8,1c3ca9e08ab14de0d8e7ca58f127b9955ae2cf3e9ffaad5033952bcbb51dd82f,mobilenet_v3_small,dynamic_int8,float32,float32,1x224x224x3,xnnpack_cpu,xnnpack,xnnpack_initialized_partition_unverified,,1,1,21,measured,57,356.374000,12.214000,293.30078125,344.16796875,86.0,charging,false,0,,,43.4,FLAG_KEEP_SCREEN_ON,no_load_injected_background_apps_unverified,
2026-08-22T12:23:29.405171Z,1.2.0,realme_RMX3760_api35,1.2.0+3,release,mobilenet_v3_small_dynamic_int8,1c3ca9e08ab14de0d8e7ca58f127b9955ae2cf3e9ffaad5033952bcbb51dd82f,mobilenet_v3_small,dynamic_int8,float32,float32,1x224x224x3,xnnpack_cpu,xnnpack,xnnpack_initialized_partition_unverified,,1,1,21,measured,58,351.089000,12.214000,280.05859375,339.953125,86.0,charging,false,0,,,43.4,FLAG_KEEP_SCREEN_ON,no_load_injected_background_apps_unverified,
2026-08-22T12:23:29.813505Z,1.2.0,realme_RMX3760_api35,1.2.0+3,release,mobilenet_v3_small_dynamic_int8,1c3ca9e08ab14de0d8e7ca58f127b9955ae2cf3e9ffaad5033952bcbb51dd82f,mobilenet_v3_small,dynamic_int8,float32,float32,1x224x224x3,xnnpack_cpu,xnnpack,xnnpack_initialized_partition_unverified,,1,1,21,measured,59,348.555000,12.214000,280.125,340.1015625,86.0,charging,false,0,,,43.4,FLAG_KEEP_SCREEN_ON,no_load_injected_background_apps_unverified,
2026-08-22T12:23:30.229434Z,1.2.0,realme_RMX3760_api35,1.2.0+3,release,mobilenet_v3_small_dynamic_int8,1c3ca9e08ab14de0d8e7ca58f127b9955ae2cf3e9ffaad5033952bcbb51dd82f,mobilenet_v3_small,dynamic_int8,float32,float32,1x224x224x3,xnnpack_cpu,xnnpack,xnnpack_initialized_partition_unverified,,1,1,21,measured,60,356.219000,12.214000,279.1484375,339.16015625,86.0,charging,false,0,,,43.4,FLAG_KEEP_SCREEN_ON,no_load_injected_background_apps_unverified,
2026-08-22T12:23:30.645394Z,1.2.0,realme_RMX3760_api35,1.2.0+3,release,mobilenet_v3_small_dynamic_int8,1c3ca9e08ab14de0d8e7ca58f127b9955ae2cf3e9ffaad5033952bcbb51dd82f,mobilenet_v3_small,dynamic_int8,float32,float32,1x224x224x3,xnnpack_cpu,xnnpack,xnnpack_initialized_partition_unverified,,1,1,21,measured,61,355.909000,12.214000,279.671875,339.65625,86.0,charging,false,0,,,43.4,FLAG_KEEP_SCREEN_ON,no_load_injected_background_apps_unverified,
2026-08-22T12:23:31.057305Z,1.2.0,realme_RMX3760_api35,1.2.0+3,release,mobilenet_v3_small_dynamic_int8,1c3ca9e08ab14de0d8e7ca58f127b9955ae2cf3e9ffaad5033952bcbb51dd82f,mobilenet_v3_small,dynamic_int8,float32,float32,1x224x224x3,xnnpack_cpu,xnnpack,xnnpack_initialized_partition_unverified,,1,1,21,measured,62,351.299000,12.214000,287.6748046875,339.6875,86.0,charging,false,0,,,43.4,FLAG_KEEP_SCREEN_ON,no_load_injected_background_apps_unverified,
2026-08-22T12:23:31.480170Z,1.2.0,realme_RMX3760_api35,1.2.0+3,release,mobilenet_v3_small_dynamic_int8,1c3ca9e08ab14de0d8e7ca58f127b9955ae2cf3e9ffaad5033952bcbb51dd82f,mobilenet_v3_small,dynamic_int8,float32,float32,1x224x224x3,xnnpack_cpu,xnnpack,xnnpack_initialized_partition_unverified,,1,1,21,measured,63,360.841000,12.214000,288.0927734375,340.08203125,86.0,charging,false,0,,,43.4,FLAG_KEEP_SCREEN_ON,no_load_injected_background_apps_unverified,
2026-08-22T12:23:31.938124Z,1.2.0,realme_RMX3760_api35,1.2.0+3,release,mobilenet_v3_small_dynamic_int8,1c3ca9e08ab14de0d8e7ca58f127b9955ae2cf3e9ffaad5033952bcbb51dd82f,mobilenet_v3_small,dynamic_int8,float32,float32,1x224x224x3,xnnpack_cpu,xnnpack,xnnpack_initialized_partition_unverified,,1,1,21,measured,64,397.956000,12.214000,288.177734375,340.08984375,86.0,charging,false,0,,,43.4,FLAG_KEEP_SCREEN_ON,no_load_injected_background_apps_unverified,
2026-08-22T12:23:32.375255Z,1.2.0,realme_RMX3760_api35,1.2.0+3,release,mobilenet_v3_small_dynamic_int8,1c3ca9e08ab14de0d8e7ca58f127b9955ae2cf3e9ffaad5033952bcbb51dd82f,mobilenet_v3_small,dynamic_int8,float32,float32,1x224x224x3,xnnpack_cpu,xnnpack,xnnpack_initialized_partition_unverified,,1,1,21,measured,65,376.375000,12.214000,288.1669921875,340.1640625,86.0,charging,false,0,,,43.4,FLAG_KEEP_SCREEN_ON,no_load_injected_background_apps_unverified,
2026-08-22T12:23:32.774353Z,1.2.0,realme_RMX3760_api35,1.2.0+3,release,mobilenet_v3_small_dynamic_int8,1c3ca9e08ab14de0d8e7ca58f127b9955ae2cf3e9ffaad5033952bcbb51dd82f,mobilenet_v3_small,dynamic_int8,float32,float32,1x224x224x3,xnnpack_cpu,xnnpack,xnnpack_initialized_partition_unverified,,1,1,21,measured,66,338.939000,12.214000,288.205078125,340.17578125,86.0,charging,false,0,,,43.4,FLAG_KEEP_SCREEN_ON,no_load_injected_background_apps_unverified,
2026-08-22T12:23:33.190338Z,1.2.0,realme_RMX3760_api35,1.2.0+3,release,mobilenet_v3_small_dynamic_int8,1c3ca9e08ab14de0d8e7ca58f127b9955ae2cf3e9ffaad5033952bcbb51dd82f,mobilenet_v3_small,dynamic_int8,float32,float32,1x224x224x3,xnnpack_cpu,xnnpack,xnnpack_initialized_partition_unverified,,1,1,21,measured,67,354.246000,12.214000,287.693359375,339.7265625,86.0,charging,false,0,,,43.4,FLAG_KEEP_SCREEN_ON,no_load_injected_background_apps_unverified,
2026-08-22T12:23:33.629139Z,1.2.0,realme_RMX3760_api35,1.2.0+3,release,mobilenet_v3_small_dynamic_int8,1c3ca9e08ab14de0d8e7ca58f127b9955ae2cf3e9ffaad5033952bcbb51dd82f,mobilenet_v3_small,dynamic_int8,float32,float32,1x224x224x3,xnnpack_cpu,xnnpack,xnnpack_initialized_partition_unverified,,1,1,21,measured,68,377.162000,12.214000,288.2197265625,340.03125,86.0,charging,false,0,,,43.4,FLAG_KEEP_SCREEN_ON,no_load_injected_background_apps_unverified,
2026-08-22T12:23:34.056469Z,1.2.0,realme_RMX3760_api35,1.2.0+3,release,mobilenet_v3_small_dynamic_int8,1c3ca9e08ab14de0d8e7ca58f127b9955ae2cf3e9ffaad5033952bcbb51dd82f,mobilenet_v3_small,dynamic_int8,float32,float32,1x224x224x3,xnnpack_cpu,xnnpack,xnnpack_initialized_partition_unverified,,1,1,21,measured,69,366.588000,12.214000,287.25390625,339.14453125,86.0,charging,false,0,,,43.4,FLAG_KEEP_SCREEN_ON,no_load_injected_background_apps_unverified,
2026-08-22T12:23:34.478605Z,1.2.0,realme_RMX3760_api35,1.2.0+3,release,mobilenet_v3_small_dynamic_int8,1c3ca9e08ab14de0d8e7ca58f127b9955ae2cf3e9ffaad5033952bcbb51dd82f,mobilenet_v3_small,dynamic_int8,float32,float32,1x224x224x3,xnnpack_cpu,xnnpack,xnnpack_initialized_partition_unverified,,1,1,21,measured,70,359.320000,12.214000,287.744140625,339.65234375,86.0,charging,false,0,,,43.4,FLAG_KEEP_SCREEN_ON,no_load_injected_background_apps_unverified,
2026-08-22T12:23:34.885566Z,1.2.0,realme_RMX3760_api35,1.2.0+3,release,mobilenet_v3_small_dynamic_int8,1c3ca9e08ab14de0d8e7ca58f127b9955ae2cf3e9ffaad5033952bcbb51dd82f,mobilenet_v3_small,dynamic_int8,float32,float32,1x224x224x3,xnnpack_cpu,xnnpack,xnnpack_initialized_partition_unverified,,1,1,21,measured,71,345.813000,12.214000,288.2080078125,340.2734375,86.0,charging,false,0,,,43.4,FLAG_KEEP_SCREEN_ON,no_load_injected_background_apps_unverified,
2026-08-22T12:23:35.306005Z,1.2.0,realme_RMX3760_api35,1.2.0+3,release,mobilenet_v3_small_dynamic_int8,1c3ca9e08ab14de0d8e7ca58f127b9955ae2cf3e9ffaad5033952bcbb51dd82f,mobilenet_v3_small,dynamic_int8,float32,float32,1x224x224x3,xnnpack_cpu,xnnpack,xnnpack_initialized_partition_unverified,,1,1,21,measured,72,360.061000,12.214000,287.2060546875,339.1640625,86.0,charging,false,0,,,43.4,FLAG_KEEP_SCREEN_ON,no_load_injected_background_apps_unverified,
2026-08-22T12:23:35.705621Z,1.2.0,realme_RMX3760_api35,1.2.0+3,release,mobilenet_v3_small_dynamic_int8,1c3ca9e08ab14de0d8e7ca58f127b9955ae2cf3e9ffaad5033952bcbb51dd82f,mobilenet_v3_small,dynamic_int8,float32,float32,1x224x224x3,xnnpack_cpu,xnnpack,xnnpack_initialized_partition_unverified,,1,1,21,measured,73,338.518000,12.214000,288.2373046875,340.14453125,86.0,charging,false,0,,,43.4,FLAG_KEEP_SCREEN_ON,no_load_injected_background_apps_unverified,
2026-08-22T12:23:36.121724Z,1.2.0,realme_RMX3760_api35,1.2.0+3,release,mobilenet_v3_small_dynamic_int8,1c3ca9e08ab14de0d8e7ca58f127b9955ae2cf3e9ffaad5033952bcbb51dd82f,mobilenet_v3_small,dynamic_int8,float32,float32,1x224x224x3,xnnpack_cpu,xnnpack,xnnpack_initialized_partition_unverified,,1,1,21,measured,74,356.446000,12.214000,287.255859375,339.21875,86.0,charging,false,0,,,43.4,FLAG_KEEP_SCREEN_ON,no_load_injected_background_apps_unverified,
2026-08-22T12:23:36.546003Z,1.2.0,realme_RMX3760_api35,1.2.0+3,release,mobilenet_v3_small_dynamic_int8,1c3ca9e08ab14de0d8e7ca58f127b9955ae2cf3e9ffaad5033952bcbb51dd82f,mobilenet_v3_small,dynamic_int8,float32,float32,1x224x224x3,xnnpack_cpu,xnnpack,xnnpack_initialized_partition_unverified,,1,1,21,measured,75,364.817000,12.214000,288.279296875,340.203125,86.0,charging,false,0,,,43.4,FLAG_KEEP_SCREEN_ON,no_load_injected_background_apps_unverified,
2026-08-22T12:23:36.929845Z,1.2.0,realme_RMX3760_api35,1.2.0+3,release,mobilenet_v3_small_dynamic_int8,1c3ca9e08ab14de0d8e7ca58f127b9955ae2cf3e9ffaad5033952bcbb51dd82f,mobilenet_v3_small,dynamic_int8,float32,float32,1x224x224x3,xnnpack_cpu,xnnpack,xnnpack_initialized_partition_unverified,,1,1,21,measured,76,324.405000,12.214000,287.294921875,339.40625,86.0,charging,false,0,,,43.4,FLAG_KEEP_SCREEN_ON,no_load_injected_background_apps_unverified,
2026-08-22T12:23:37.324176Z,1.2.0,realme_RMX3760_api35,1.2.0+3,release,mobilenet_v3_small_dynamic_int8,1c3ca9e08ab14de0d8e7ca58f127b9955ae2cf3e9ffaad5033952bcbb51dd82f,mobilenet_v3_small,dynamic_int8,float32,float32,1x224x224x3,xnnpack_cpu,xnnpack,xnnpack_initialized_partition_unverified,,1,1,21,measured,77,333.980000,12.214000,287.814453125,339.76171875,86.0,charging,false,0,,,43.4,FLAG_KEEP_SCREEN_ON,no_load_injected_background_apps_unverified,
2026-08-22T12:23:37.739173Z,1.2.0,realme_RMX3760_api35,1.2.0+3,release,mobilenet_v3_small_dynamic_int8,1c3ca9e08ab14de0d8e7ca58f127b9955ae2cf3e9ffaad5033952bcbb51dd82f,mobilenet_v3_small,dynamic_int8,float32,float32,1x224x224x3,xnnpack_cpu,xnnpack,xnnpack_initialized_partition_unverified,,1,1,21,measured,78,351.421000,12.214000,287.744140625,339.6015625,86.0,charging,false,0,,,43.4,FLAG_KEEP_SCREEN_ON,no_load_injected_background_apps_unverified,
2026-08-22T12:23:38.133731Z,1.2.0,realme_RMX3760_api35,1.2.0+3,release,mobilenet_v3_small_dynamic_int8,1c3ca9e08ab14de0d8e7ca58f127b9955ae2cf3e9ffaad5033952bcbb51dd82f,mobilenet_v3_small,dynamic_int8,float32,float32,1x224x224x3,xnnpack_cpu,xnnpack,xnnpack_initialized_partition_unverified,,1,1,21,measured,79,332.940000,12.214000,287.861328125,339.890625,86.0,charging,false,0,,,43.4,FLAG_KEEP_SCREEN_ON,no_load_injected_background_apps_unverified,
2026-08-22T12:23:38.593129Z,1.2.0,realme_RMX3760_api35,1.2.0+3,release,mobilenet_v3_small_dynamic_int8,1c3ca9e08ab14de0d8e7ca58f127b9955ae2cf3e9ffaad5033952bcbb51dd82f,mobilenet_v3_small,dynamic_int8,float32,float32,1x224x224x3,xnnpack_cpu,xnnpack,xnnpack_initialized_partition_unverified,,1,1,21,measured,80,399.460000,12.214000,288.373046875,340.21875,86.0,charging,false,0,,,43.4,FLAG_KEEP_SCREEN_ON,no_load_injected_background_apps_unverified,
2026-08-22T12:23:38.997061Z,1.2.0,realme_RMX3760_api35,1.2.0+3,release,mobilenet_v3_small_dynamic_int8,1c3ca9e08ab14de0d8e7ca58f127b9955ae2cf3e9ffaad5033952bcbb51dd82f,mobilenet_v3_small,dynamic_int8,float32,float32,1x224x224x3,xnnpack_cpu,xnnpack,xnnpack_initialized_partition_unverified,,1,1,21,measured,81,344.231000,12.214000,287.892578125,339.84375,86.0,charging,false,0,,,43.4,FLAG_KEEP_SCREEN_ON,no_load_injected_background_apps_unverified,
2026-08-22T12:23:39.400807Z,1.2.0,realme_RMX3760_api35,1.2.0+3,release,mobilenet_v3_small_dynamic_int8,1c3ca9e08ab14de0d8e7ca58f127b9955ae2cf3e9ffaad5033952bcbb51dd82f,mobilenet_v3_small,dynamic_int8,float32,float32,1x224x224x3,xnnpack_cpu,xnnpack,xnnpack_initialized_partition_unverified,,1,1,21,measured,82,343.781000,12.214000,287.896484375,339.83203125,86.0,charging,false,0,,,43.4,FLAG_KEEP_SCREEN_ON,no_load_injected_background_apps_unverified,
