timestamp_utc,protocol_version,device_id,app_version,build_mode,model_id,model_sha256,architecture,quantization,input_dtype,output_dtype,input_shape,runtime,requested_delegate,effective_delegate,delegate_error,threads,trial_id,randomized_order_index,phase,run_index,latency_ms,model_load_ms,process_pss_mb,process_rss_mb,battery_percent,charging_state,battery_saver,thermal_status,soc_temperature_c,gpu_temperature_c,battery_temperature_c,screen_policy,background_load_policy,error
2026-08-22T08:30:55.035173Z,1.0.0,realme_RMX3760_api35,1.0.0+1,release,mobilenet_v3_small_float16,201167c633c4c8714d7c84905e88fe159d76e9eff38c91b70708b1ced5a8bb00,mobilenet_v3_small,float16,float32,float32,1x224x224x3,xnnpack_cpu,xnnpack,xnnpack,,1,1,0,measured,0,295.045000,19.678000,121.98046875,29.143722534179688,45.0,charging,false,0,,,42.6,FLAG_KEEP_SCREEN_ON,no_load_injected_background_apps_unverified,
2026-08-22T08:30:55.723500Z,1.0.0,realme_RMX3760_api35,1.0.0+1,release,mobilenet_v3_small_float16,201167c633c4c8714d7c84905e88fe159d76e9eff38c91b70708b1ced5a8bb00,mobilenet_v3_small,float16,float32,float32,1x224x224x3,xnnpack_cpu,xnnpack,xnnpack,,1,1,0,measured,1,527.299000,19.678000,124.6982421875,29.206512451171875,45.0,charging,false,0,,,42.6,FLAG_KEEP_SCREEN_ON,no_load_injected_background_apps_unverified,
2026-08-22T08:30:56.160100Z,1.0.0,realme_RMX3760_api35,1.0.0+1,release,mobilenet_v3_small_float16,201167c633c4c8714d7c84905e88fe159d76e9eff38c91b70708b1ced5a8bb00,mobilenet_v3_small,float16,float32,float32,1x224x224x3,xnnpack_cpu,xnnpack,xnnpack,,1,1,0,measured,2,381.142000,19.678000,127.8046875,29.206756591796875,45.0,charging,false,0,,,42.6,FLAG_KEEP_SCREEN_ON,no_load_injected_background_apps_unverified,
2026-08-22T08:30:56.533845Z,1.0.0,realme_RMX3760_api35,1.0.0+1,release,mobilenet_v3_small_float16,201167c633c4c8714d7c84905e88fe159d76e9eff38c91b70708b1ced5a8bb00,mobilenet_v3_small,float16,float32,float32,1x224x224x3,xnnpack_cpu,xnnpack,xnnpack,,1,1,0,measured,3,313.955000,19.678000,127.3359375,29.207000732421875,45.0,charging,false,0,,,42.6,FLAG_KEEP_SCREEN_ON,no_load_injected_background_apps_unverified,
2026-08-22T08:30:56.912969Z,1.0.0,realme_RMX3760_api35,1.0.0+1,release,mobilenet_v3_small_float16,201167c633c4c8714d7c84905e88fe159d76e9eff38c91b70708b1ced5a8bb00,mobilenet_v3_small,float16,float32,float32,1x224x224x3,xnnpack_cpu,xnnpack,xnnpack,,1,1,0,measured,4,319.961000,19.678000,128.0146484375,29.238494873046875,45.0,charging,false,0,,,42.6,FLAG_KEEP_SCREEN_ON,no_load_injected_background_apps_unverified,
2026-08-22T08:30:57.303908Z,1.0.0,realme_RMX3760_api35,1.0.0+1,release,mobilenet_v3_small_float16,201167c633c4c8714d7c84905e88fe159d76e9eff38c91b70708b1ced5a8bb00,mobilenet_v3_small,float16,float32,float32,1x224x224x3,xnnpack_cpu,xnnpack,xnnpack,,1,1,0,measured,5,324.078000,19.678000,126.95703125,2.0164642333984375,45.0,charging,false,0,,,42.6,FLAG_KEEP_SCREEN_ON,no_load_injected_background_apps_unverified,
2026-08-22T08:30:57.674457Z,1.0.0,realme_RMX3760_api35,1.0.0+1,release,mobilenet_v3_small_float16,201167c633c4c8714d7c84905e88fe159d76e9eff38c91b70708b1ced5a8bb00,mobilenet_v3_small,float16,float32,float32,1x224x224x3,xnnpack_cpu,xnnpack,xnnpack,,1,1,0,measured,6,317.392000,19.678000,122.4560546875,2.0167083740234375,45.0,charging,false,0,,,42.6,FLAG_KEEP_SCREEN_ON,no_load_injected_background_apps_unverified,
2026-08-22T08:30:58.303184Z,1.0.0,realme_RMX3760_api35,1.0.0+1,release,mobilenet_v3_small_float16,201167c633c4c8714d7c84905e88fe159d76e9eff38c91b70708b1ced5a8bb00,mobilenet_v3_small,float16,float32,float32,1x224x224x3,xnnpack_cpu,xnnpack,xnnpack,,1,1,0,measured,7,552.497000,19.678000,122.46484375,2.0169525146484375,45.0,charging,false,0,,,42.7,FLAG_KEEP_SCREEN_ON,no_load_injected_background_apps_unverified,
2026-08-22T08:30:58.680180Z,1.0.0,realme_RMX3760_api35,1.0.0+1,release,mobilenet_v3_small_float16,201167c633c4c8714d7c84905e88fe159d76e9eff38c91b70708b1ced5a8bb00,mobilenet_v3_small,float16,float32,float32,1x224x224x3,xnnpack_cpu,xnnpack,xnnpack,,1,1,0,measured,8,323.282000,19.678000,120.962890625,2.0171966552734375,45.0,charging,false,0,,,42.7,FLAG_KEEP_SCREEN_ON,no_load_injected_background_apps_unverified,
2026-08-22T08:30:59.088256Z,1.0.0,realme_RMX3760_api35,1.0.0+1,release,mobilenet_v3_small_float16,201167c633c4c8714d7c84905e88fe159d76e9eff38c91b70708b1ced5a8bb00,mobilenet_v3_small,float16,float32,float32,1x224x224x3,xnnpack_cpu,xnnpack,xnnpack,,1,1,0,measured,9,348.331000,19.678000,121.111328125,2.0174407958984375,45.0,charging,false,0,,,42.7,FLAG_KEEP_SCREEN_ON,no_load_injected_background_apps_unverified,
2026-08-22T08:30:59.463115Z,1.0.0,realme_RMX3760_api35,1.0.0+1,release,mobilenet_v3_small_float16,201167c633c4c8714d7c84905e88fe159d76e9eff38c91b70708b1ced5a8bb00,mobilenet_v3_small,float16,float32,float32,1x224x224x3,xnnpack_cpu,xnnpack,xnnpack,,1,1,0,measured,10,313.427000,19.678000,124.6923828125,2.0176849365234375,45.0,charging,false,0,,,42.7,FLAG_KEEP_SCREEN_ON,no_load_injected_background_apps_unverified,
2026-08-22T08:30:59.868347Z,1.0.0,realme_RMX3760_api35,1.0.0+1,release,mobilenet_v3_small_float16,201167c633c4c8714d7c84905e88fe159d76e9eff38c91b70708b1ced5a8bb00,mobilenet_v3_small,float16,float32,float32,1x224x224x3,xnnpack_cpu,xnnpack,xnnpack,,1,1,0,measured,11,341.297000,19.678000,120.16015625,2.0491790771484375,45.0,charging,false,0,,,42.7,FLAG_KEEP_SCREEN_ON,no_load_injected_background_apps_unverified,
2026-08-22T08:31:00.243838Z,1.0.0,realme_RMX3760_api35,1.0.0+1,release,mobilenet_v3_small_float16,201167c633c4c8714d7c84905e88fe159d76e9eff38c91b70708b1ced5a8bb00,mobilenet_v3_small,float16,float32,float32,1x224x224x3,xnnpack_cpu,xnnpack,xnnpack,,1,1,0,measured,12,319.871000,19.678000,124.5888671875,2.0494232177734375,45.0,charging,false,0,,,42.7,FLAG_KEEP_SCREEN_ON,no_load_injected_background_apps_unverified,
2026-08-22T08:31:00.621687Z,1.0.0,realme_RMX3760_api35,1.0.0+1,release,mobilenet_v3_small_float16,201167c633c4c8714d7c84905e88fe159d76e9eff38c91b70708b1ced5a8bb00,mobilenet_v3_small,float16,float32,float32,1x224x224x3,xnnpack_cpu,xnnpack,xnnpack,,1,1,0,measured,13,321.562000,19.678000,119.833984375,2.0496673583984375,45.0,charging,false,0,,,42.7,FLAG_KEEP_SCREEN_ON,no_load_injected_background_apps_unverified,
2026-08-22T08:31:01.183448Z,1.0.0,realme_RMX3760_api35,1.0.0+1,release,mobilenet_v3_small_float16,201167c633c4c8714d7c84905e88fe159d76e9eff38c91b70708b1ced5a8bb00,mobilenet_v3_small,float16,float32,float32,1x224x224x3,xnnpack_cpu,xnnpack,xnnpack,,1,1,0,measured,14,435.533000,19.678000,119.978515625,2.0499114990234375,45.0,charging,false,0,,,42.7,FLAG_KEEP_SCREEN_ON,no_load_injected_background_apps_unverified,
2026-08-22T08:31:01.579517Z,1.0.0,realme_RMX3760_api35,1.0.0+1,release,mobilenet_v3_small_float16,201167c633c4c8714d7c84905e88fe159d76e9eff38c91b70708b1ced5a8bb00,mobilenet_v3_small,float16,float32,float32,1x224x224x3,xnnpack_cpu,xnnpack,xnnpack,,1,1,0,measured,15,333.720000,19.678000,124.55078125,2.0501556396484375,45.0,charging,false,0,,,42.7,FLAG_KEEP_SCREEN_ON,no_load_injected_background_apps_unverified,
2026-08-22T08:31:01.970270Z,1.0.0,realme_RMX3760_api35,1.0.0+1,release,mobilenet_v3_small_float16,201167c633c4c8714d7c84905e88fe159d76e9eff38c91b70708b1ced5a8bb00,mobilenet_v3_small,float16,float32,float32,1x224x224x3,xnnpack_cpu,xnnpack,xnnpack,,1,1,0,measured,16,326.440000,19.678000,124.95703125,2.0816497802734375,45.0,charging,false,0,,,42.7,FLAG_KEEP_SCREEN_ON,no_load_injected_background_apps_unverified,
2026-08-22T08:31:02.432061Z,1.0.0,realme_RMX3760_api35,1.0.0+1,release,mobilenet_v3_small_float16,201167c633c4c8714d7c84905e88fe159d76e9eff38c91b70708b1ced5a8bb00,mobilenet_v3_small,float16,float32,float32,1x224x224x3,xnnpack_cpu,xnnpack,xnnpack,,1,1,0,measured,17,406.804000,19.678000,122.1318359375,2.0818939208984375,45.0,charging,false,0,,,42.7,FLAG_KEEP_SCREEN_ON,no_load_injected_background_apps_unverified,
2026-08-22T08:31:02.796027Z,1.0.0,realme_RMX3760_api35,1.0.0+1,release,mobilenet_v3_small_float16,201167c633c4c8714d7c84905e88fe159d76e9eff38c91b70708b1ced5a8bb00,mobilenet_v3_small,float16,float32,float32,1x224x224x3,xnnpack_cpu,xnnpack,xnnpack,,1,1,0,measured,18,311.303000,19.678000,126.43359375,2.0821380615234375,45.0,charging,false,0,,,42.7,FLAG_KEEP_SCREEN_ON,no_load_injected_background_apps_unverified,
2026-08-22T08:31:03.160898Z,1.0.0,realme_RMX3760_api35,1.0.0+1,release,mobilenet_v3_small_float16,201167c633c4c8714d7c84905e88fe159d76e9eff38c91b70708b1ced5a8bb00,mobilenet_v3_small,float16,float32,float32,1x224x224x3,xnnpack_cpu,xnnpack,xnnpack,,1,1,0,measured,19,310.328000,19.678000,122.013671875,2.0823822021484375,45.0,charging,false,0,,,42.7,FLAG_KEEP_SCREEN_ON,no_load_injected_background_apps_unverified,
2026-08-22T08:31:03.533536Z,1.0.0,realme_RMX3760_api35,1.0.0+1,release,mobilenet_v3_small_float16,201167c633c4c8714d7c84905e88fe159d76e9eff38c91b70708b1ced5a8bb00,mobilenet_v3_small,float16,float32,float32,1x224x224x3,xnnpack_cpu,xnnpack,xnnpack,,1,1,0,measured,20,316.989000,19.678000,127.10546875,2.0826263427734375,45.0,charging,false,0,,,42.7,FLAG_KEEP_SCREEN_ON,no_load_injected_background_apps_unverified,
2026-08-22T08:31:03.905183Z,1.0.0,realme_RMX3760_api35,1.0.0+1,release,mobilenet_v3_small_float16,201167c633c4c8714d7c84905e88fe159d76e9eff38c91b70708b1ced5a8bb00,mobilenet_v3_small,float16,float32,float32,1x224x224x3,xnnpack_cpu,xnnpack,xnnpack,,1,1,0,measured,21,317.545000,19.678000,126.544921875,2.0828704833984375,45.0,charging,false,0,,,42.7,FLAG_KEEP_SCREEN_ON,no_load_injected_background_apps_unverified,
2026-08-22T08:31:04.263690Z,1.0.0,realme_RMX3760_api35,1.0.0+1,release,mobilenet_v3_small_float16,201167c633c4c8714d7c84905e88fe159d76e9eff38c91b70708b1ced5a8bb00,mobilenet_v3_small,float16,float32,float32,1x224x224x3,xnnpack_cpu,xnnpack,xnnpack,,1,1,0,measured,22,304.949000,19.678000,122.025390625,2.1143646240234375,45.0,charging,false,0,,,42.7,FLAG_KEEP_SCREEN_ON,no_load_injected_background_apps_unverified,
2026-08-22T08:31:04.622250Z,1.0.0,realme_RMX3760_api35,1.0.0+1,release,mobilenet_v3_small_float16,201167c633c4c8714d7c84905e88fe159d76e9eff38c91b70708b1ced5a8bb00,mobilenet_v3_small,float16,float32,float32,1x224x224x3,xnnpack_cpu,xnnpack,xnnpack,,1,1,0,measured,23,301.581000,19.678000,122.5380859375,2.1146087646484375,45.0,charging,false,0,,,42.7,FLAG_KEEP_SCREEN_ON,no_load_injected_background_apps_unverified,
2026-08-22T08:31:04.981978Z,1.0.0,realme_RMX3760_api35,1.0.0+1,release,mobilenet_v3_small_float16,201167c633c4c8714d7c84905e88fe159d76e9eff38c91b70708b1ced5a8bb00,mobilenet_v3_small,float16,float32,float32,1x224x224x3,xnnpack_cpu,xnnpack,xnnpack,,1,1,0,measured,24,306.589000,19.678000,126.6494140625,2.1148529052734375,45.0,charging,false,0,,,42.7,FLAG_KEEP_SCREEN_ON,no_load_injected_background_apps_unverified,
2026-08-22T08:31:05.401764Z,1.0.0,realme_RMX3760_api35,1.0.0+1,release,mobilenet_v3_small_float16,201167c633c4c8714d7c84905e88fe159d76e9eff38c91b70708b1ced5a8bb00,mobilenet_v3_small,float16,float32,float32,1x224x224x3,xnnpack_cpu,xnnpack,xnnpack,,1,1,0,measured,25,361.807000,19.678000,122.5673828125,2.1150970458984375,45.0,charging,false,0,,,42.7,FLAG_KEEP_SCREEN_ON,no_load_injected_background_apps_unverified,
2026-08-22T08:31:05.760249Z,1.0.0,realme_RMX3760_api35,1.0.0+1,release,mobilenet_v3_small_float16,201167c633c4c8714d7c84905e88fe159d76e9eff38c91b70708b1ced5a8bb00,mobilenet_v3_small,float16,float32,float32,1x224x224x3,xnnpack_cpu,xnnpack,xnnpack,,1,1,0,measured,26,308.521000,19.678000,122.0751953125,2.1153411865234375,45.0,charging,false,0,,,42.7,FLAG_KEEP_SCREEN_ON,no_load_injected_background_apps_unverified,
2026-08-22T08:31:06.095606Z,1.0.0,realme_RMX3760_api35,1.0.0+1,release,mobilenet_v3_small_float16,201167c633c4c8714d7c84905e88fe159d76e9eff38c91b70708b1ced5a8bb00,mobilenet_v3_small,float16,float32,float32,1x224x224x3,xnnpack_cpu,xnnpack,xnnpack,,1,1,0,measured,27,285.895000,19.678000,121.9892578125,2.1155853271484375,45.0,charging,false,0,,,42.7,FLAG_KEEP_SCREEN_ON,no_load_injected_background_apps_unverified,
2026-08-22T08:31:06.442464Z,1.0.0,realme_RMX3760_api35,1.0.0+1,release,mobilenet_v3_small_float16,201167c633c4c8714d7c84905e88fe159d76e9eff38c91b70708b1ced5a8bb00,mobilenet_v3_small,float16,float32,float32,1x224x224x3,xnnpack_cpu,xnnpack,xnnpack,,1,1,0,measured,28,292.227000,19.678000,121.9970703125,2.1470794677734375,45.0,charging,false,0,,,42.7,FLAG_KEEP_SCREEN_ON,no_load_injected_background_apps_unverified,
2026-08-22T08:31:06.784777Z,1.0.0,realme_RMX3760_api35,1.0.0+1,release,mobilenet_v3_small_float16,201167c633c4c8714d7c84905e88fe159d76e9eff38c91b70708b1ced5a8bb00,mobilenet_v3_small,float16,float32,float32,1x224x224x3,xnnpack_cpu,xnnpack,xnnpack,,1,1,0,measured,29,292.268000,19.678000,122.0380859375,2.1473236083984375,45.0,charging,false,0,,,42.7,FLAG_KEEP_SCREEN_ON,no_load_injected_background_apps_unverified,
2026-08-22T08:31:07.128450Z,1.0.0,realme_RMX3760_api35,1.0.0+1,release,mobilenet_v3_small_float16,201167c633c4c8714d7c84905e88fe159d76e9eff38c91b70708b1ced5a8bb00,mobilenet_v3_small,float16,float32,float32,1x224x224x3,xnnpack_cpu,xnnpack,xnnpack,,1,1,0,measured,30,287.513000,19.678000,122.541015625,2.1475677490234375,45.0,charging,false,0,,,42.7,FLAG_KEEP_SCREEN_ON,no_load_injected_background_apps_unverified,
2026-08-22T08:31:07.503850Z,1.0.0,realme_RMX3760_api35,1.0.0+1,release,mobilenet_v3_small_float16,201167c633c4c8714d7c84905e88fe159d76e9eff38c91b70708b1ced5a8bb00,mobilenet_v3_small,float16,float32,float32,1x224x224x3,xnnpack_cpu,xnnpack,xnnpack,,1,1,0,measured,31,321.066000,19.678000,127.0693359375,2.1478118896484375,45.0,charging,false,0,,,42.7,FLAG_KEEP_SCREEN_ON,no_load_injected_background_apps_unverified,
2026-08-22T08:31:07.997640Z,1.0.0,realme_RMX3760_api35,1.0.0+1,release,mobilenet_v3_small_float16,201167c633c4c8714d7c84905e88fe159d76e9eff38c91b70708b1ced5a8bb00,mobilenet_v3_small,float16,float32,float32,1x224x224x3,xnnpack_cpu,xnnpack,xnnpack,,1,1,0,measured,32,439.689000,19.678000,126.595703125,2.1480560302734375,45.0,charging,false,0,,,42.7,FLAG_KEEP_SCREEN_ON,no_load_injected_background_apps_unverified,
2026-08-22T08:31:08.432795Z,1.0.0,realme_RMX3760_api35,1.0.0+1,release,mobilenet_v3_small_float16,201167c633c4c8714d7c84905e88fe159d76e9eff38c91b70708b1ced5a8bb00,mobilenet_v3_small,float16,float32,float32,1x224x224x3,xnnpack_cpu,xnnpack,xnnpack,,1,1,0,measured,33,343.556000,19.678000,126.591796875,2.1483001708984375,45.0,charging,false,0,,,42.8,FLAG_KEEP_SCREEN_ON,no_load_injected_background_apps_unverified,
2026-08-22T08:31:08.992123Z,1.0.0,realme_RMX3760_api35,1.0.0+1,release,mobilenet_v3_small_float16,201167c633c4c8714d7c84905e88fe159d76e9eff38c91b70708b1ced5a8bb00,mobilenet_v3_small,float16,float32,float32,1x224x224x3,xnnpack_cpu,xnnpack,xnnpack,,1,1,0,measured,34,505.746000,19.678000,121.98046875,2.1797943115234375,45.0,charging,false,0,,,42.8,FLAG_KEEP_SCREEN_ON,no_load_injected_background_apps_unverified,
2026-08-22T08:31:09.412327Z,1.0.0,realme_RMX3760_api35,1.0.0+1,release,mobilenet_v3_small_float16,201167c633c4c8714d7c84905e88fe159d76e9eff38c91b70708b1ced5a8bb00,mobilenet_v3_small,float16,float32,float32,1x224x224x3,xnnpack_cpu,xnnpack,xnnpack,,1,1,0,measured,35,349.194000,19.678000,122.060546875,2.1800384521484375,45.0,charging,false,0,,,42.8,FLAG_KEEP_SCREEN_ON,no_load_injected_background_apps_unverified,
2026-08-22T08:31:09.788175Z,1.0.0,realme_RMX3760_api35,1.0.0+1,release,mobilenet_v3_small_float16,201167c633c4c8714d7c84905e88fe159d76e9eff38c91b70708b1ced5a8bb00,mobilenet_v3_small,float16,float32,float32,1x224x224x3,xnnpack_cpu,xnnpack,xnnpack,,1,1,0,measured,36,313.782000,19.678000,122.076171875,2.2115936279296875,45.0,charging,false,0,,,42.8,FLAG_KEEP_SCREEN_ON,no_load_injected_background_apps_unverified,
2026-08-22T08:31:10.184716Z,1.0.0,realme_RMX3760_api35,1.0.0+1,release,mobilenet_v3_small_float16,201167c633c4c8714d7c84905e88fe159d76e9eff38c91b70708b1ced5a8bb00,mobilenet_v3_small,float16,float32,float32,1x224x224x3,xnnpack_cpu,xnnpack,xnnpack,,1,1,0,measured,37,310.683000,19.678000,126.671875,2.2118988037109375,45.0,charging,false,0,,,42.8,FLAG_KEEP_SCREEN_ON,no_load_injected_background_apps_unverified,
2026-08-22T08:31:10.557466Z,1.0.0,realme_RMX3760_api35,1.0.0+1,release,mobilenet_v3_small_float16,201167c633c4c8714d7c84905e88fe159d76e9eff38c91b70708b1ced5a8bb00,mobilenet_v3_small,float16,float32,float32,1x224x224x3,xnnpack_cpu,xnnpack,xnnpack,,1,1,0,measured,38,318.663000,19.678000,122.0625,2.2121429443359375,45.0,charging,false,0,,,42.8,FLAG_KEEP_SCREEN_ON,no_load_injected_background_apps_unverified,
2026-08-22T08:31:10.939835Z,1.0.0,realme_RMX3760_api35,1.0.0+1,release,mobilenet_v3_small_float16,201167c633c4c8714d7c84905e88fe159d76e9eff38c91b70708b1ced5a8bb00,mobilenet_v3_small,float16,float32,float32,1x224x224x3,xnnpack_cpu,xnnpack,xnnpack,,1,1,0,measured,39,325.240000,19.678000,122.0263671875,2.2436370849609375,45.0,charging,false,0,,,42.8,FLAG_KEEP_SCREEN_ON,no_load_injected_background_apps_unverified,
2026-08-22T08:31:11.311294Z,1.0.0,realme_RMX3760_api35,1.0.0+1,release,mobilenet_v3_small_float16,201167c633c4c8714d7c84905e88fe159d76e9eff38c91b70708b1ced5a8bb00,mobilenet_v3_small,float16,float32,float32,1x224x224x3,xnnpack_cpu,xnnpack,xnnpack,,1,1,0,measured,40,318.116000,19.678000,127.6318359375,2.2438812255859375,45.0,charging,false,0,,,42.8,FLAG_KEEP_SCREEN_ON,no_load_injected_background_apps_unverified,
2026-08-22T08:31:11.671645Z,1.0.0,realme_RMX3760_api35,1.0.0+1,release,mobilenet_v3_small_float16,201167c633c4c8714d7c84905e88fe159d76e9eff38c91b70708b1ced5a8bb00,mobilenet_v3_small,float16,float32,float32,1x224x224x3,xnnpack_cpu,xnnpack,xnnpack,,1,1,0,measured,41,297.975000,19.678000,122.0478515625,2.2441253662109375,45.0,charging,false,0,,,42.8,FLAG_KEEP_SCREEN_ON,no_load_injected_background_apps_unverified,
2026-08-22T08:31:12.022985Z,1.0.0,realme_RMX3760_api35,1.0.0+1,release,mobilenet_v3_small_float16,201167c633c4c8714d7c84905e88fe159d76e9eff38c91b70708b1ced5a8bb00,mobilenet_v3_small,float16,float32,float32,1x224x224x3,xnnpack_cpu,xnnpack,xnnpack,,1,1,0,measured,42,296.580000,19.678000,122.0537109375,2.2444305419921875,45.0,charging,false,0,,,42.8,FLAG_KEEP_SCREEN_ON,no_load_injected_background_apps_unverified,
2026-08-22T08:31:12.367126Z,1.0.0,realme_RMX3760_api35,1.0.0+1,release,mobilenet_v3_small_float16,201167c633c4c8714d7c84905e88fe159d76e9eff38c91b70708b1ced5a8bb00,mobilenet_v3_small,float16,float32,float32,1x224x224x3,xnnpack_cpu,xnnpack,xnnpack,,1,1,0,measured,43,292.307000,19.678000,122.40234375,2.2446746826171875,45.0,charging,false,0,,,42.8,FLAG_KEEP_SCREEN_ON,no_load_injected_background_apps_unverified,
2026-08-22T08:31:12.713095Z,1.0.0,realme_RMX3760_api35,1.0.0+1,release,mobilenet_v3_small_float16,201167c633c4c8714d7c84905e88fe159d76e9eff38c91b70708b1ced5a8bb00,mobilenet_v3_small,float16,float32,float32,1x224x224x3,xnnpack_cpu,xnnpack,xnnpack,,1,1,0,measured,44,293.673000,19.678000,122.486328125,2.2761688232421875,45.0,charging,false,0,,,42.8,FLAG_KEEP_SCREEN_ON,no_load_injected_background_apps_unverified,
2026-08-22T08:31:13.062583Z,1.0.0,realme_RMX3760_api35,1.0.0+1,release,mobilenet_v3_small_float16,201167c633c4c8714d7c84905e88fe159d76e9eff38c91b70708b1ced5a8bb00,mobilenet_v3_small,float16,float32,float32,1x224x224x3,xnnpack_cpu,xnnpack,xnnpack,,1,1,0,measured,45,296.908000,19.678000,126.6044921875,2.2764129638671875,45.0,charging,false,0,,,42.8,FLAG_KEEP_SCREEN_ON,no_load_injected_background_apps_unverified,
2026-08-22T08:31:13.422655Z,1.0.0,realme_RMX3760_api35,1.0.0+1,release,mobilenet_v3_small_float16,201167c633c4c8714d7c84905e88fe159d76e9eff38c91b70708b1ced5a8bb00,mobilenet_v3_small,float16,float32,float32,1x224x224x3,xnnpack_cpu,xnnpack,xnnpack,,1,1,0,measured,46,308.489000,19.678000,122.5341796875,2.2766571044921875,45.0,charging,false,0,,,42.8,FLAG_KEEP_SCREEN_ON,no_load_injected_background_apps_unverified,
2026-08-22T08:31:13.764887Z,1.0.0,realme_RMX3760_api35,1.0.0+1,release,mobilenet_v3_small_float16,201167c633c4c8714d7c84905e88fe159d76e9eff38c91b70708b1ced5a8bb00,mobilenet_v3_small,float16,float32,float32,1x224x224x3,xnnpack_cpu,xnnpack,xnnpack,,1,1,0,measured,47,288.269000,19.678000,127.1318359375,2.2769012451171875,45.0,charging,false,0,,,42.8,FLAG_KEEP_SCREEN_ON,no_load_injected_background_apps_unverified,
2026-08-22T08:31:14.128779Z,1.0.0,realme_RMX3760_api35,1.0.0+1,release,mobilenet_v3_small_float16,201167c633c4c8714d7c84905e88fe159d76e9eff38c91b70708b1ced5a8bb00,mobilenet_v3_small,float16,float32,float32,1x224x224x3,xnnpack_cpu,xnnpack,xnnpack,,1,1,0,measured,48,309.829000,19.678000,126.634765625,2.2771453857421875,45.0,charging,false,0,,,42.9,FLAG_KEEP_SCREEN_ON,no_load_injected_background_apps_unverified,
2026-08-22T08:31:14.558237Z,1.0.0,realme_RMX3760_api35,1.0.0+1,release,mobilenet_v3_small_float16,201167c633c4c8714d7c84905e88fe159d76e9eff38c91b70708b1ced5a8bb00,mobilenet_v3_small,float16,float32,float32,1x224x224x3,xnnpack_cpu,xnnpack,xnnpack,,1,1,0,measured,49,376.059000,19.678000,122.0146484375,2.3086395263671875,45.0,charging,false,0,,,42.9,FLAG_KEEP_SCREEN_ON,no_load_injected_background_apps_unverified,
2026-08-22T08:31:14.900166Z,1.0.0,realme_RMX3760_api35,1.0.0+1,release,mobilenet_v3_small_float16,201167c633c4c8714d7c84905e88fe159d76e9eff38c91b70708b1ced5a8bb00,mobilenet_v3_small,float16,float32,float32,1x224x224x3,xnnpack_cpu,xnnpack,xnnpack,,1,1,0,measured,50,289.888000,19.678000,126.658203125,2.3088836669921875,45.0,charging,false,0,,,42.9,FLAG_KEEP_SCREEN_ON,no_load_injected_background_apps_unverified,
2026-08-22T08:31:15.250817Z,1.0.0,realme_RMX3760_api35,1.0.0+1,release,mobilenet_v3_small_float16,201167c633c4c8714d7c84905e88fe159d76e9eff38c91b70708b1ced5a8bb00,mobilenet_v3_small,float16,float32,float32,1x224x224x3,xnnpack_cpu,xnnpack,xnnpack,,1,1,0,measured,51,298.185000,19.678000,122.0947265625,2.3091278076171875,45.0,charging,false,0,,,42.9,FLAG_KEEP_SCREEN_ON,no_load_injected_background_apps_unverified,
2026-08-22T08:31:15.632473Z,1.0.0,realme_RMX3760_api35,1.0.0+1,release,mobilenet_v3_small_float16,201167c633c4c8714d7c84905e88fe159d76e9eff38c91b70708b1ced5a8bb00,mobilenet_v3_small,float16,float32,float32,1x224x224x3,xnnpack_cpu,xnnpack,xnnpack,,1,1,0,measured,52,328.217000,19.678000,126.7080078125,2.3093719482421875,45.0,charging,false,0,,,42.9,FLAG_KEEP_SCREEN_ON,no_load_injected_background_apps_unverified,
2026-08-22T08:31:16.093831Z,1.0.0,realme_RMX3760_api35,1.0.0+1,release,mobilenet_v3_small_float16,201167c633c4c8714d7c84905e88fe159d76e9eff38c91b70708b1ced5a8bb00,mobilenet_v3_small,float16,float32,float32,1x224x224x3,xnnpack_cpu,xnnpack,xnnpack,,1,1,0,measured,53,410.267000,19.678000,126.69921875,2.3096160888671875,45.0,charging,false,0,,,42.9,FLAG_KEEP_SCREEN_ON,no_load_injected_background_apps_unverified,
2026-08-22T08:31:16.461891Z,1.0.0,realme_RMX3760_api35,1.0.0+1,release,mobilenet_v3_small_float16,201167c633c4c8714d7c84905e88fe159d76e9eff38c91b70708b1ced5a8bb00,mobilenet_v3_small,float16,float32,float32,1x224x224x3,xnnpack_cpu,xnnpack,xnnpack,,1,1,0,measured,54,299.290000,19.678000,122.1171875,2.3098602294921875,45.0,charging,false,0,,,42.9,FLAG_KEEP_SCREEN_ON,no_load_injected_background_apps_unverified,
2026-08-22T08:31:16.813850Z,1.0.0,realme_RMX3760_api35,1.0.0+1,release,mobilenet_v3_small_float16,201167c633c4c8714d7c84905e88fe159d76e9eff38c91b70708b1ced5a8bb00,mobilenet_v3_small,float16,float32,float32,1x224x224x3,xnnpack_cpu,xnnpack,xnnpack,,1,1,0,measured,55,299.861000,19.678000,122.1484375,2.3413543701171875,45.0,charging,false,0,,,42.9,FLAG_KEEP_SCREEN_ON,no_load_injected_background_apps_unverified,
2026-08-22T08:31:17.165028Z,1.0.0,realme_RMX3760_api35,1.0.0+1,release,mobilenet_v3_small_float16,201167c633c4c8714d7c84905e88fe159d76e9eff38c91b70708b1ced5a8bb00,mobilenet_v3_small,float16,float32,float32,1x224x224x3,xnnpack_cpu,xnnpack,xnnpack,,1,1,0,measured,56,299.099000,19.678000,123.15234375,2.3415985107421875,45.0,charging,false,0,,,42.9,FLAG_KEEP_SCREEN_ON,no_load_injected_background_apps_unverified,
2026-08-22T08:31:17.527705Z,1.0.0,realme_RMX3760_api35,1.0.0+1,release,mobilenet_v3_small_float16,201167c633c4c8714d7c84905e88fe159d76e9eff38c91b70708b1ced5a8bb00,mobilenet_v3_small,float16,float32,float32,1x224x224x3,xnnpack_cpu,xnnpack,xnnpack,,1,1,0,measured,57,313.298000,19.678000,122.15234375,2.3418426513671875,45.0,charging,false,0,,,42.9,FLAG_KEEP_SCREEN_ON,no_load_injected_background_apps_unverified,
2026-08-22T08:31:17.872277Z,1.0.0,realme_RMX3760_api35,1.0.0+1,release,mobilenet_v3_small_float16,201167c633c4c8714d7c84905e88fe159d76e9eff38c91b70708b1ced5a8bb00,mobilenet_v3_small,float16,float32,float32,1x224x224x3,xnnpack_cpu,xnnpack,xnnpack,,1,1,0,measured,58,293.740000,19.678000,122.16015625,2.3420867919921875,45.0,charging,false,0,,,42.9,FLAG_KEEP_SCREEN_ON,no_load_injected_background_apps_unverified,
2026-08-22T08:31:18.219530Z,1.0.0,realme_RMX3760_api35,1.0.0+1,release,mobilenet_v3_small_float16,201167c633c4c8714d7c84905e88fe159d76e9eff38c91b70708b1ced5a8bb00,mobilenet_v3_small,float16,float32,float32,1x224x224x3,xnnpack_cpu,xnnpack,xnnpack,,1,1,0,measured,59,296.521000,19.678000,126.90625,2.3423309326171875,45.0,charging,false,0,,,42.9,FLAG_KEEP_SCREEN_ON,no_load_injected_background_apps_unverified,
2026-08-22T08:31:18.581393Z,1.0.0,realme_RMX3760_api35,1.0.0+1,release,mobilenet_v3_small_float16,201167c633c4c8714d7c84905e88fe159d76e9eff38c91b70708b1ced5a8bb00,mobilenet_v3_small,float16,float32,float32,1x224x224x3,xnnpack_cpu,xnnpack,xnnpack,,1,1,0,measured,60,308.936000,19.678000,126.875,2.3425750732421875,45.0,charging,false,0,,,42.9,FLAG_KEEP_SCREEN_ON,no_load_injected_background_apps_unverified,
2026-08-22T08:31:18.931302Z,1.0.0,realme_RMX3760_api35,1.0.0+1,release,mobilenet_v3_small_float16,201167c633c4c8714d7c84905e88fe159d76e9eff38c91b70708b1ced5a8bb00,mobilenet_v3_small,float16,float32,float32,1x224x224x3,xnnpack_cpu,xnnpack,xnnpack,,1,1,0,measured,61,299.985000,19.678000,122.484375,2.3740692138671875,45.0,charging,false,0,,,42.9,FLAG_KEEP_SCREEN_ON,no_load_injected_background_apps_unverified,
2026-08-22T08:31:19.278446Z,1.0.0,realme_RMX3760_api35,1.0.0+1,release,mobilenet_v3_small_float16,201167c633c4c8714d7c84905e88fe159d76e9eff38c91b70708b1ced5a8bb00,mobilenet_v3_small,float16,float32,float32,1x224x224x3,xnnpack_cpu,xnnpack,xnnpack,,1,1,0,measured,62,295.168000,19.678000,122.4873046875,2.3743133544921875,45.0,charging,false,0,,,42.9,FLAG_KEEP_SCREEN_ON,no_load_injected_background_apps_unverified,
2026-08-22T08:31:19.639251Z,1.0.0,realme_RMX3760_api35,1.0.0+1,release,mobilenet_v3_small_float16,201167c633c4c8714d7c84905e88fe159d76e9eff38c91b70708b1ced5a8bb00,mobilenet_v3_small,float16,float32,float32,1x224x224x3,xnnpack_cpu,xnnpack,xnnpack,,1,1,0,measured,63,310.841000,19.678000,122.4951171875,2.3745574951171875,45.0,charging,false,0,,,42.9,FLAG_KEEP_SCREEN_ON,no_load_injected_background_apps_unverified,
2026-08-22T08:31:19.977824Z,1.0.0,realme_RMX3760_api35,1.0.0+1,release,mobilenet_v3_small_float16,201167c633c4c8714d7c84905e88fe159d76e9eff38c91b70708b1ced5a8bb00,mobilenet_v3_small,float16,float32,float32,1x224x224x3,xnnpack_cpu,xnnpack,xnnpack,,1,1,0,measured,64,287.054000,19.678000,122.5068359375,2.3748016357421875,45.0,charging,false,0,,,42.9,FLAG_KEEP_SCREEN_ON,no_load_injected_background_apps_unverified,
2026-08-22T08:31:20.324612Z,1.0.0,realme_RMX3760_api35,1.0.0+1,release,mobilenet_v3_small_float16,201167c633c4c8714d7c84905e88fe159d76e9eff38c91b70708b1ced5a8bb00,mobilenet_v3_small,float16,float32,float32,1x224x224x3,xnnpack_cpu,xnnpack,xnnpack,,1,1,0,measured,65,296.953000,19.678000,122.5263671875,2.3750457763671875,45.0,charging,false,0,,,42.9,FLAG_KEEP_SCREEN_ON,no_load_injected_background_apps_unverified,
2026-08-22T08:31:20.665675Z,1.0.0,realme_RMX3760_api35,1.0.0+1,release,mobilenet_v3_small_float16,201167c633c4c8714d7c84905e88fe159d76e9eff38c91b70708b1ced5a8bb00,mobilenet_v3_small,float16,float32,float32,1x224x224x3,xnnpack_cpu,xnnpack,xnnpack,,1,1,0,measured,66,287.509000,19.678000,122.5263671875,2.3752899169921875,45.0,charging,false,0,,,42.9,FLAG_KEEP_SCREEN_ON,no_load_injected_background_apps_unverified,
2026-08-22T08:31:21.000954Z,1.0.0,realme_RMX3760_api35,1.0.0+1,release,mobilenet_v3_small_float16,201167c633c4c8714d7c84905e88fe159d76e9eff38c91b70708b1ced5a8bb00,mobilenet_v3_small,float16,float32,float32,1x224x224x3,xnnpack_cpu,xnnpack,xnnpack,,1,1,0,measured,67,283.189000,19.678000,122.5498046875,2.4067840576171875,45.0,charging,false,0,,,42.9,FLAG_KEEP_SCREEN_ON,no_load_injected_background_apps_unverified,
2026-08-22T08:31:21.356287Z,1.0.0,realme_RMX3760_api35,1.0.0+1,release,mobilenet_v3_small_float16,201167c633c4c8714d7c84905e88fe159d76e9eff38c91b70708b1ced5a8bb00,mobilenet_v3_small,float16,float32,float32,1x224x224x3,xnnpack_cpu,xnnpack,xnnpack,,1,1,0,measured,68,301.704000,19.678000,122.5576171875,2.4070281982421875,45.0,charging,false,0,,,42.9,FLAG_KEEP_SCREEN_ON,no_load_injected_background_apps_unverified,
2026-08-22T08:31:21.698744Z,1.0.0,realme_RMX3760_api35,1.0.0+1,release,mobilenet_v3_small_float16,201167c633c4c8714d7c84905e88fe159d76e9eff38c91b70708b1ced5a8bb00,mobilenet_v3_small,float16,float32,float32,1x224x224x3,xnnpack_cpu,xnnpack,xnnpack,,1,1,0,measured,69,291.791000,19.678000,122.5615234375,2.4072723388671875,45.0,charging,false,0,,,42.9,FLAG_KEEP_SCREEN_ON,no_load_injected_background_apps_unverified,
2026-08-22T08:31:22.035501Z,1.0.0,realme_RMX3760_api35,1.0.0+1,release,mobilenet_v3_small_float16,201167c633c4c8714d7c84905e88fe159d76e9eff38c91b70708b1ced5a8bb00,mobilenet_v3_small,float16,float32,float32,1x224x224x3,xnnpack_cpu,xnnpack,xnnpack,,1,1,0,measured,70,287.658000,19.678000,122.5654296875,2.4075164794921875,45.0,charging,false,0,,,42.9,FLAG_KEEP_SCREEN_ON,no_load_injected_background_apps_unverified,
2026-08-22T08:31:22.385590Z,1.0.0,realme_RMX3760_api35,1.0.0+1,release,mobilenet_v3_small_float16,201167c633c4c8714d7c84905e88fe159d76e9eff38c91b70708b1ced5a8bb00,mobilenet_v3_small,float16,float32,float32,1x224x224x3,xnnpack_cpu,xnnpack,xnnpack,,1,1,0,measured,71,297.222000,19.678000,122.5732421875,2.4077606201171875,45.0,charging,false,0,,,42.9,FLAG_KEEP_SCREEN_ON,no_load_injected_background_apps_unverified,
2026-08-22T08:31:22.730968Z,1.0.0,realme_RMX3760_api35,1.0.0+1,release,mobilenet_v3_small_float16,201167c633c4c8714d7c84905e88fe159d76e9eff38c91b70708b1ced5a8bb00,mobilenet_v3_small,float16,float32,float32,1x224x224x3,xnnpack_cpu,xnnpack,xnnpack,,1,1,0,measured,72,294.597000,19.678000,123.58203125,2.4392547607421875,45.0,charging,false,0,,,42.9,FLAG_KEEP_SCREEN_ON,no_load_injected_background_apps_unverified,
2026-08-22T08:31:23.075223Z,1.0.0,realme_RMX3760_api35,1.0.0+1,release,mobilenet_v3_small_float16,201167c633c4c8714d7c84905e88fe159d76e9eff38c91b70708b1ced5a8bb00,mobilenet_v3_small,float16,float32,float32,1x224x224x3,xnnpack_cpu,xnnpack,xnnpack,,1,1,0,measured,73,294.864000,19.678000,122.5888671875,2.4394989013671875,45.0,charging,false,0,,,42.9,FLAG_KEEP_SCREEN_ON,no_load_injected_background_apps_unverified,
2026-08-22T08:31:23.434791Z,1.0.0,realme_RMX3760_api35,1.0.0+1,release,mobilenet_v3_small_float16,201167c633c4c8714d7c84905e88fe159d76e9eff38c91b70708b1ced5a8bb00,mobilenet_v3_small,float16,float32,float32,1x224x224x3,xnnpack_cpu,xnnpack,xnnpack,,1,1,0,measured,74,310.239000,19.678000,122.6005859375,2.4397430419921875,45.0,charging,false,0,,,42.9,FLAG_KEEP_SCREEN_ON,no_load_injected_background_apps_unverified,
2026-08-22T08:31:23.793568Z,1.0.0,realme_RMX3760_api35,1.0.0+1,release,mobilenet_v3_small_float16,201167c633c4c8714d7c84905e88fe159d76e9eff38c91b70708b1ced5a8bb00,mobilenet_v3_small,float16,float32,float32,1x224x224x3,xnnpack_cpu,xnnpack,xnnpack,,1,1,0,measured,75,309.412000,19.678000,122.607421875,2.4399871826171875,45.0,charging,false,0,,,42.9,FLAG_KEEP_SCREEN_ON,no_load_injected_background_apps_unverified,
2026-08-22T08:31:24.136459Z,1.0.0,realme_RMX3760_api35,1.0.0+1,release,mobilenet_v3_small_float16,201167c633c4c8714d7c84905e88fe159d76e9eff38c91b70708b1ced5a8bb00,mobilenet_v3_small,float16,float32,float32,1x224x224x3,xnnpack_cpu,xnnpack,xnnpack,,1,1,0,measured,76,292.322000,19.678000,122.591796875,2.4402313232421875,45.0,charging,false,0,,,42.9,FLAG_KEEP_SCREEN_ON,no_load_injected_background_apps_unverified,
2026-08-22T08:31:24.481550Z,1.0.0,realme_RMX3760_api35,1.0.0+1,release,mobilenet_v3_small_float16,201167c633c4c8714d7c84905e88fe159d76e9eff38c91b70708b1ced5a8bb00,mobilenet_v3_small,float16,float32,float32,1x224x224x3,xnnpack_cpu,xnnpack,xnnpack,,1,1,0,measured,77,292.866000,19.678000,122.595703125,2.4404754638671875,45.0,charging,false,0,,,42.9,FLAG_KEEP_SCREEN_ON,no_load_injected_background_apps_unverified,
2026-08-22T08:31:24.825022Z,1.0.0,realme_RMX3760_api35,1.0.0+1,release,mobilenet_v3_small_float16,201167c633c4c8714d7c84905e88fe159d76e9eff38c91b70708b1ced5a8bb00,mobilenet_v3_small,float16,float32,float32,1x224x224x3,xnnpack_cpu,xnnpack,xnnpack,,1,1,0,measured,78,291.997000,19.678000,122.607421875,2.4719696044921875,45.0,charging,false,0,,,42.9,FLAG_KEEP_SCREEN_ON,no_load_injected_background_apps_unverified,
2026-08-22T08:31:25.166348Z,1.0.0,realme_RMX3760_api35,1.0.0+1,release,mobilenet_v3_small_float16,201167c633c4c8714d7c84905e88fe159d76e9eff38c91b70708b1ced5a8bb00,mobilenet_v3_small,float16,float32,float32,1x224x224x3,xnnpack_cpu,xnnpack,xnnpack,,1,1,0,measured,79,286.570000,19.678000,123.611328125,2.4722137451171875,45.0,charging,false,0,,,43.0,FLAG_KEEP_SCREEN_ON,no_load_injected_background_apps_unverified,
2026-08-22T08:31:25.508617Z,1.0.0,realme_RMX3760_api35,1.0.0+1,release,mobilenet_v3_small_float16,201167c633c4c8714d7c84905e88fe159d76e9eff38c91b70708b1ced5a8bb00,mobilenet_v3_small,float16,float32,float32,1x224x224x3,xnnpack_cpu,xnnpack,xnnpack,,1,1,0,measured,80,292.333000,19.678000,123.119140625,2.4724578857421875,45.0,charging,false,0,,,43.0,FLAG_KEEP_SCREEN_ON,no_load_injected_background_apps_unverified,
2026-08-22T08:31:25.850184Z,1.0.0,realme_RMX3760_api35,1.0.0+1,release,mobilenet_v3_small_float16,201167c633c4c8714d7c84905e88fe159d76e9eff38c91b70708b1ced5a8bb00,mobilenet_v3_small,float16,float32,float32,1x224x224x3,xnnpack_cpu,xnnpack,xnnpack,,1,1,0,measured,81,287.517000,19.678000,122.623046875,2.4727020263671875,45.0,charging,false,0,,,43.0,FLAG_KEEP_SCREEN_ON,no_load_injected_background_apps_unverified,
2026-08-22T08:31:26.196388Z,1.0.0,realme_RMX3760_api35,1.0.0+1,release,mobilenet_v3_small_float16,201167c633c4c8714d7c84905e88fe159d76e9eff38c91b70708b1ced5a8bb00,mobilenet_v3_small,float16,float32,float32,1x224x224x3,xnnpack_cpu,xnnpack,xnnpack,,1,1,0,measured,82,293.423000,19.678000,122.548828125,2.4729461669921875,45.0,charging,false,0,,,43.0,FLAG_KEEP_SCREEN_ON,no_load_injected_background_apps_unverified,
2026-08-22T08:31:26.536919Z,1.0.0,realme_RMX3760_api35,1.0.0+1,release,mobilenet_v3_small_float16,201167c633c4c8714d7c84905e88fe159d76e9eff38c91b70708b1ced5a8bb00,mobilenet_v3_small,float16,float32,float32,1x224x224x3,xnnpack_cpu,xnnpack,xnnpack,,1,1,0,measured,83,288.783000,19.678000,122.568359375,2.4731903076171875,45.0,charging,false,0,,,43.0,FLAG_KEEP_SCREEN_ON,no_load_injected_background_apps_unverified,
2026-08-22T08:31:26.894046Z,1.0.0,realme_RMX3760_api35,1.0.0+1,release,mobilenet_v3_small_float16,201167c633c4c8714d7c84905e88fe159d76e9eff38c91b70708b1ced5a8bb00,mobilenet_v3_small,float16,float32,float32,1x224x224x3,xnnpack_cpu,xnnpack,xnnpack,,1,1,0,measured,84,305.595000,19.678000,122.646484375,2.5046844482421875,45.0,charging,false,0,,,43.0,FLAG_KEEP_SCREEN_ON,no_load_injected_background_apps_unverified,
2026-08-22T08:31:27.233176Z,1.0.0,realme_RMX3760_api35,1.0.0+1,release,mobilenet_v3_small_float16,201167c633c4c8714d7c84905e88fe159d76e9eff38c91b70708b1ced5a8bb00,mobilenet_v3_small,float16,float32,float32,1x224x224x3,xnnpack_cpu,xnnpack,xnnpack,,1,1,0,measured,85,285.689000,19.678000,123.126953125,2.5049285888671875,45.0,charging,false,0,,,43.0,FLAG_KEEP_SCREEN_ON,no_load_injected_background_apps_unverified,
2026-08-22T08:31:27.577568Z,1.0.0,realme_RMX3760_api35,1.0.0+1,release,mobilenet_v3_small_float16,201167c633c4c8714d7c84905e88fe159d76e9eff38c91b70708b1ced5a8bb00,mobilenet_v3_small,float16,float32,float32,1x224x224x3,xnnpack_cpu,xnnpack,xnnpack,,1,1,0,measured,86,291.968000,19.678000,123.173828125,2.5051727294921875,45.0,charging,false,0,,,43.0,FLAG_KEEP_SCREEN_ON,no_load_injected_background_apps_unverified,
2026-08-22T08:31:27.922261Z,1.0.0,realme_RMX3760_api35,1.0.0+1,release,mobilenet_v3_small_float16,201167c633c4c8714d7c84905e88fe159d76e9eff38c91b70708b1ced5a8bb00,mobilenet_v3_small,float16,float32,float32,1x224x224x3,xnnpack_cpu,xnnpack,xnnpack,,1,1,0,measured,87,290.810000,19.678000,123.677734375,2.5054168701171875,45.0,charging,false,0,,,43.0,FLAG_KEEP_SCREEN_ON,no_load_injected_background_apps_unverified,
2026-08-22T08:31:28.265153Z,1.0.0,realme_RMX3760_api35,1.0.0+1,release,mobilenet_v3_small_float16,201167c633c4c8714d7c84905e88fe159d76e9eff38c91b70708b1ced5a8bb00,mobilenet_v3_small,float16,float32,float32,1x224x224x3,xnnpack_cpu,xnnpack,xnnpack,,1,1,0,measured,88,293.603000,19.678000,123.185546875,2.5056610107421875,45.0,charging,false,0,,,43.0,FLAG_KEEP_SCREEN_ON,no_load_injected_background_apps_unverified,
2026-08-22T08:31:28.609742Z,1.0.0,realme_RMX3760_api35,1.0.0+1,release,mobilenet_v3_small_float16,201167c633c4c8714d7c84905e88fe159d76e9eff38c91b70708b1ced5a8bb00,mobilenet_v3_small,float16,float32,float32,1x224x224x3,xnnpack_cpu,xnnpack,xnnpack,,1,1,0,measured,89,294.175000,19.678000,122.689453125,2.5059051513671875,45.0,charging,false,0,,,43.0,FLAG_KEEP_SCREEN_ON,no_load_injected_background_apps_unverified,
2026-08-22T08:31:28.948117Z,1.0.0,realme_RMX3760_api35,1.0.0+1,release,mobilenet_v3_small_float16,201167c633c4c8714d7c84905e88fe159d76e9eff38c91b70708b1ced5a8bb00,mobilenet_v3_small,float16,float32,float32,1x224x224x3,xnnpack_cpu,xnnpack,xnnpack,,1,1,0,measured,90,287.807000,19.678000,122.693359375,2.5373992919921875,45.0,charging,false,0,,,43.0,FLAG_KEEP_SCREEN_ON,no_load_injected_background_apps_unverified,
2026-08-22T08:31:29.283611Z,1.0.0,realme_RMX3760_api35,1.0.0+1,release,mobilenet_v3_small_float16,201167c633c4c8714d7c84905e88fe159d76e9eff38c91b70708b1ced5a8bb00,mobilenet_v3_small,float16,float32,float32,1x224x224x3,xnnpack_cpu,xnnpack,xnnpack,,1,1,0,measured,91,285.232000,19.678000,127.283203125,2.5376434326171875,45.0,charging,false,0,,,43.0,FLAG_KEEP_SCREEN_ON,no_load_injected_background_apps_unverified,
2026-08-22T08:31:29.630437Z,1.0.0,realme_RMX3760_api35,1.0.0+1,release,mobilenet_v3_small_float16,201167c633c4c8714d7c84905e88fe159d76e9eff38c91b70708b1ced5a8bb00,mobilenet_v3_small,float16,float32,float32,1x224x224x3,xnnpack_cpu,xnnpack,xnnpack,,1,1,0,measured,92,293.559000,19.678000,122.705078125,2.5378875732421875,45.0,charging,false,0,,,43.0,FLAG_KEEP_SCREEN_ON,no_load_injected_background_apps_unverified,
2026-08-22T08:31:29.969693Z,1.0.0,realme_RMX3760_api35,1.0.0+1,release,mobilenet_v3_small_float16,201167c633c4c8714d7c84905e88fe159d76e9eff38c91b70708b1ced5a8bb00,mobilenet_v3_small,float16,float32,float32,1x224x224x3,xnnpack_cpu,xnnpack,xnnpack,,1,1,0,measured,93,288.623000,19.678000,123.208984375,2.5381317138671875,45.0,charging,false,0,,,43.2,FLAG_KEEP_SCREEN_ON,no_load_injected_background_apps_unverified,
2026-08-22T08:31:30.318037Z,1.0.0,realme_RMX3760_api35,1.0.0+1,release,mobilenet_v3_small_float16,201167c633c4c8714d7c84905e88fe159d76e9eff38c91b70708b1ced5a8bb00,mobilenet_v3_small,float16,float32,float32,1x224x224x3,xnnpack_cpu,xnnpack,xnnpack,,1,1,0,measured,94,295.355000,19.678000,122.716796875,2.5383758544921875,45.0,charging,false,0,,,43.2,FLAG_KEEP_SCREEN_ON,no_load_injected_background_apps_unverified,
2026-08-22T08:31:30.665378Z,1.0.0,realme_RMX3760_api35,1.0.0+1,release,mobilenet_v3_small_float16,201167c633c4c8714d7c84905e88fe159d76e9eff38c91b70708b1ced5a8bb00,mobilenet_v3_small,float16,float32,float32,1x224x224x3,xnnpack_cpu,xnnpack,xnnpack,,1,1,0,measured,95,295.357000,19.678000,127.306640625,2.5698699951171875,45.0,charging,false,0,,,43.2,FLAG_KEEP_SCREEN_ON,no_load_injected_background_apps_unverified,
2026-08-22T08:31:31.010958Z,1.0.0,realme_RMX3760_api35,1.0.0+1,release,mobilenet_v3_small_float16,201167c633c4c8714d7c84905e88fe159d76e9eff38c91b70708b1ced5a8bb00,mobilenet_v3_small,float16,float32,float32,1x224x224x3,xnnpack_cpu,xnnpack,xnnpack,,1,1,0,measured,96,293.998000,19.678000,123.228515625,2.5701141357421875,45.0,charging,false,0,,,43.2,FLAG_KEEP_SCREEN_ON,no_load_injected_background_apps_unverified,
2026-08-22T08:31:31.518540Z,1.0.0,realme_RMX3760_api35,1.0.0+1,release,mobilenet_v3_small_float16,201167c633c4c8714d7c84905e88fe159d76e9eff38c91b70708b1ced5a8bb00,mobilenet_v3_small,float16,float32,float32,1x224x224x3,xnnpack_cpu,xnnpack,xnnpack,,1,1,0,measured,97,454.749000,19.678000,123.224609375,2.5703582763671875,45.0,charging,false,0,,,43.2,FLAG_KEEP_SCREEN_ON,no_load_injected_background_apps_unverified,
2026-08-22T08:31:31.862932Z,1.0.0,realme_RMX3760_api35,1.0.0+1,release,mobilenet_v3_small_float16,201167c633c4c8714d7c84905e88fe159d76e9eff38c91b70708b1ced5a8bb00,mobilenet_v3_small,float16,float32,float32,1x224x224x3,xnnpack_cpu,xnnpack,xnnpack,,1,1,0,measured,98,293.555000,19.678000,127.314453125,2.5706024169921875,45.0,charging,false,0,,,43.2,FLAG_KEEP_SCREEN_ON,no_load_injected_background_apps_unverified,
2026-08-22T08:31:32.203738Z,1.0.0,realme_RMX3760_api35,1.0.0+1,release,mobilenet_v3_small_float16,201167c633c4c8714d7c84905e88fe159d76e9eff38c91b70708b1ced5a8bb00,mobilenet_v3_small,float16,float32,float32,1x224x224x3,xnnpack_cpu,xnnpack,xnnpack,,1,1,0,measured,99,290.016000,19.678000,127.166015625,2.5708465576171875,45.0,charging,false,0,,,43.2,FLAG_KEEP_SCREEN_ON,no_load_injected_background_apps_unverified,
2026-08-22T08:31:38.219944Z,1.0.0,realme_RMX3760_api35,1.0.0+1,release,mobilenet_v3_small_float32,cf6183dcd31c9ec34724e8f68d15423dc09b0cf71b1e91ba37800321b7526ba4,mobilenet_v3_small,float32,float32,float32,1x224x224x3,xnnpack_cpu,xnnpack,xnnpack,,4,1,1,measured,0,275.405000,10.827000,130.2138671875,2.5710906982421875,45.0,charging,false,0,,,43.2,FLAG_KEEP_SCREEN_ON,no_load_injected_background_apps_unverified,
2026-08-22T08:31:38.561514Z,1.0.0,realme_RMX3760_api35,1.0.0+1,release,mobilenet_v3_small_float32,cf6183dcd31c9ec34724e8f68d15423dc09b0cf71b1e91ba37800321b7526ba4,mobilenet_v3_small,float32,float32,float32,1x224x224x3,xnnpack_cpu,xnnpack,xnnpack,,4,1,1,measured,1,288.209000,10.827000,126.7177734375,2.6025848388671875,45.0,charging,false,0,,,43.2,FLAG_KEEP_SCREEN_ON,no_load_injected_background_apps_unverified,
2026-08-22T08:31:38.902219Z,1.0.0,realme_RMX3760_api35,1.0.0+1,release,mobilenet_v3_small_float32,cf6183dcd31c9ec34724e8f68d15423dc09b0cf71b1e91ba37800321b7526ba4,mobilenet_v3_small,float32,float32,float32,1x224x224x3,xnnpack_cpu,xnnpack,xnnpack,,4,1,1,measured,2,288.653000,10.827000,126.8115234375,2.6028289794921875,45.0,charging,false,0,,,43.2,FLAG_KEEP_SCREEN_ON,no_load_injected_background_apps_unverified,
2026-08-22T08:31:39.247950Z,1.0.0,realme_RMX3760_api35,1.0.0+1,release,mobilenet_v3_small_float32,cf6183dcd31c9ec34724e8f68d15423dc09b0cf71b1e91ba37800321b7526ba4,mobilenet_v3_small,float32,float32,float32,1x224x224x3,xnnpack_cpu,xnnpack,xnnpack,,4,1,1,measured,3,294.415000,10.827000,131.4248046875,2.6030731201171875,45.0,charging,false,0,,,43.2,FLAG_KEEP_SCREEN_ON,no_load_injected_background_apps_unverified,
2026-08-22T08:31:39.596480Z,1.0.0,realme_RMX3760_api35,1.0.0+1,release,mobilenet_v3_small_float32,cf6183dcd31c9ec34724e8f68d15423dc09b0cf71b1e91ba37800321b7526ba4,mobilenet_v3_small,float32,float32,float32,1x224x224x3,xnnpack_cpu,xnnpack,xnnpack,,4,1,1,measured,4,298.014000,10.827000,126.8505859375,2.6033172607421875,45.0,charging,false,0,,,43.2,FLAG_KEEP_SCREEN_ON,no_load_injected_background_apps_unverified,
2026-08-22T08:31:39.945639Z,1.0.0,realme_RMX3760_api35,1.0.0+1,release,mobilenet_v3_small_float32,cf6183dcd31c9ec34724e8f68d15423dc09b0cf71b1e91ba37800321b7526ba4,mobilenet_v3_small,float32,float32,float32,1x224x224x3,xnnpack_cpu,xnnpack,xnnpack,,4,1,1,measured,5,297.202000,10.827000,126.6513671875,2.6035614013671875,45.0,charging,false,0,,,43.2,FLAG_KEEP_SCREEN_ON,no_load_injected_background_apps_unverified,
2026-08-22T08:31:40.290543Z,1.0.0,realme_RMX3760_api35,1.0.0+1,release,mobilenet_v3_small_float32,cf6183dcd31c9ec34724e8f68d15423dc09b0cf71b1e91ba37800321b7526ba4,mobilenet_v3_small,float32,float32,float32,1x224x224x3,xnnpack_cpu,xnnpack,xnnpack,,4,1,1,measured,6,293.820000,10.827000,126.7841796875,2.6038055419921875,45.0,charging,false,0,,,43.2,FLAG_KEEP_SCREEN_ON,no_load_injected_background_apps_unverified,
2026-08-22T08:31:40.638224Z,1.0.0,realme_RMX3760_api35,1.0.0+1,release,mobilenet_v3_small_float32,cf6183dcd31c9ec34724e8f68d15423dc09b0cf71b1e91ba37800321b7526ba4,mobilenet_v3_small,float32,float32,float32,1x224x224x3,xnnpack_cpu,xnnpack,xnnpack,,4,1,1,measured,7,297.395000,10.827000,126.7998046875,2.6352996826171875,45.0,charging,false,0,,,43.2,FLAG_KEEP_SCREEN_ON,no_load_injected_background_apps_unverified,
2026-08-22T08:31:40.979823Z,1.0.0,realme_RMX3760_api35,1.0.0+1,release,mobilenet_v3_small_float32,cf6183dcd31c9ec34724e8f68d15423dc09b0cf71b1e91ba37800321b7526ba4,mobilenet_v3_small,float32,float32,float32,1x224x224x3,xnnpack_cpu,xnnpack,xnnpack,,4,1,1,measured,8,291.887000,10.827000,126.8466796875,2.6355438232421875,45.0,charging,false,0,,,43.2,FLAG_KEEP_SCREEN_ON,no_load_injected_background_apps_unverified,
2026-08-22T08:31:41.335143Z,1.0.0,realme_RMX3760_api35,1.0.0+1,release,mobilenet_v3_small_float32,cf6183dcd31c9ec34724e8f68d15423dc09b0cf71b1e91ba37800321b7526ba4,mobilenet_v3_small,float32,float32,float32,1x224x224x3,xnnpack_cpu,xnnpack,xnnpack,,4,1,1,measured,9,305.644000,10.827000,126.8544921875,2.6357879638671875,45.0,charging,false,0,,,43.2,FLAG_KEEP_SCREEN_ON,no_load_injected_background_apps_unverified,
2026-08-22T08:31:41.684361Z,1.0.0,realme_RMX3760_api35,1.0.0+1,release,mobilenet_v3_small_float32,cf6183dcd31c9ec34724e8f68d15423dc09b0cf71b1e91ba37800321b7526ba4,mobilenet_v3_small,float32,float32,float32,1x224x224x3,xnnpack_cpu,xnnpack,xnnpack,,4,1,1,measured,10,299.573000,10.827000,126.8583984375,2.6360321044921875,45.0,charging,false,0,,,43.2,FLAG_KEEP_SCREEN_ON,no_load_injected_background_apps_unverified,
2026-08-22T08:31:42.040342Z,1.0.0,realme_RMX3760_api35,1.0.0+1,release,mobilenet_v3_small_float32,cf6183dcd31c9ec34724e8f68d15423dc09b0cf71b1e91ba37800321b7526ba4,mobilenet_v3_small,float32,float32,float32,1x224x224x3,xnnpack_cpu,xnnpack,xnnpack,,4,1,1,measured,11,307.137000,10.827000,126.8662109375,2.6362762451171875,45.0,charging,false,0,,,43.2,FLAG_KEEP_SCREEN_ON,no_load_injected_background_apps_unverified,
2026-08-22T08:31:42.386379Z,1.0.0,realme_RMX3760_api35,1.0.0+1,release,mobilenet_v3_small_float32,cf6183dcd31c9ec34724e8f68d15423dc09b0cf71b1e91ba37800321b7526ba4,mobilenet_v3_small,float32,float32,float32,1x224x224x3,xnnpack_cpu,xnnpack,xnnpack,,4,1,1,measured,12,291.629000,10.827000,126.8544921875,2.6365203857421875,45.0,charging,false,0,,,43.2,FLAG_KEEP_SCREEN_ON,no_load_injected_background_apps_unverified,
2026-08-22T08:31:42.730062Z,1.0.0,realme_RMX3760_api35,1.0.0+1,release,mobilenet_v3_small_float32,cf6183dcd31c9ec34724e8f68d15423dc09b0cf71b1e91ba37800321b7526ba4,mobilenet_v3_small,float32,float32,float32,1x224x224x3,xnnpack_cpu,xnnpack,xnnpack,,4,1,1,measured,13,292.997000,10.827000,126.86328125,2.6680145263671875,45.0,charging,false,0,,,43.2,FLAG_KEEP_SCREEN_ON,no_load_injected_background_apps_unverified,
2026-08-22T08:31:43.067924Z,1.0.0,realme_RMX3760_api35,1.0.0+1,release,mobilenet_v3_small_float32,cf6183dcd31c9ec34724e8f68d15423dc09b0cf71b1e91ba37800321b7526ba4,mobilenet_v3_small,float32,float32,float32,1x224x224x3,xnnpack_cpu,xnnpack,xnnpack,,4,1,1,measured,14,287.378000,10.827000,131.35546875,2.6682586669921875,45.0,charging,false,0,,,43.2,FLAG_KEEP_SCREEN_ON,no_load_injected_background_apps_unverified,
2026-08-22T08:31:43.412345Z,1.0.0,realme_RMX3760_api35,1.0.0+1,release,mobilenet_v3_small_float32,cf6183dcd31c9ec34724e8f68d15423dc09b0cf71b1e91ba37800321b7526ba4,mobilenet_v3_small,float32,float32,float32,1x224x224x3,xnnpack_cpu,xnnpack,xnnpack,,4,1,1,measured,15,290.220000,10.827000,127.296875,2.6685028076171875,45.0,charging,false,0,,,43.2,FLAG_KEEP_SCREEN_ON,no_load_injected_background_apps_unverified,
2026-08-22T08:31:43.764607Z,1.0.0,realme_RMX3760_api35,1.0.0+1,release,mobilenet_v3_small_float32,cf6183dcd31c9ec34724e8f68d15423dc09b0cf71b1e91ba37800321b7526ba4,mobilenet_v3_small,float32,float32,float32,1x224x224x3,xnnpack_cpu,xnnpack,xnnpack,,4,1,1,measured,16,299.569000,10.827000,126.8662109375,2.6687469482421875,45.0,charging,false,0,,,43.2,FLAG_KEEP_SCREEN_ON,no_load_injected_background_apps_unverified,
2026-08-22T08:31:44.109646Z,1.0.0,realme_RMX3760_api35,1.0.0+1,release,mobilenet_v3_small_float32,cf6183dcd31c9ec34724e8f68d15423dc09b0cf71b1e91ba37800321b7526ba4,mobilenet_v3_small,float32,float32,float32,1x224x224x3,xnnpack_cpu,xnnpack,xnnpack,,4,1,1,measured,17,294.289000,10.827000,126.759765625,2.6689910888671875,45.0,charging,false,0,,,43.2,FLAG_KEEP_SCREEN_ON,no_load_injected_background_apps_unverified,
2026-08-22T08:31:44.462123Z,1.0.0,realme_RMX3760_api35,1.0.0+1,release,mobilenet_v3_small_float32,cf6183dcd31c9ec34724e8f68d15423dc09b0cf71b1e91ba37800321b7526ba4,mobilenet_v3_small,float32,float32,float32,1x224x224x3,xnnpack_cpu,xnnpack,xnnpack,,4,1,1,measured,18,294.978000,10.827000,126.767578125,2.7004852294921875,45.0,charging,false,0,,,43.2,FLAG_KEEP_SCREEN_ON,no_load_injected_background_apps_unverified,
2026-08-22T08:31:44.808994Z,1.0.0,realme_RMX3760_api35,1.0.0+1,release,mobilenet_v3_small_float32,cf6183dcd31c9ec34724e8f68d15423dc09b0cf71b1e91ba37800321b7526ba4,mobilenet_v3_small,float32,float32,float32,1x224x224x3,xnnpack_cpu,xnnpack,xnnpack,,4,1,1,measured,19,294.250000,10.827000,126.775390625,2.7007293701171875,45.0,charging,false,0,,,43.2,FLAG_KEEP_SCREEN_ON,no_load_injected_background_apps_unverified,
2026-08-22T08:31:45.154661Z,1.0.0,realme_RMX3760_api35,1.0.0+1,release,mobilenet_v3_small_float32,cf6183dcd31c9ec34724e8f68d15423dc09b0cf71b1e91ba37800321b7526ba4,mobilenet_v3_small,float32,float32,float32,1x224x224x3,xnnpack_cpu,xnnpack,xnnpack,,4,1,1,measured,20,295.584000,10.827000,131.212890625,2.7009735107421875,45.0,charging,false,0,,,43.2,FLAG_KEEP_SCREEN_ON,no_load_injected_background_apps_unverified,
2026-08-22T08:31:45.502584Z,1.0.0,realme_RMX3760_api35,1.0.0+1,release,mobilenet_v3_small_float32,cf6183dcd31c9ec34724e8f68d15423dc09b0cf71b1e91ba37800321b7526ba4,mobilenet_v3_small,float32,float32,float32,1x224x224x3,xnnpack_cpu,xnnpack,xnnpack,,4,1,1,measured,21,297.222000,10.827000,126.888671875,2.7012176513671875,45.0,charging,false,0,,,43.2,FLAG_KEEP_SCREEN_ON,no_load_injected_background_apps_unverified,
2026-08-22T08:31:45.844278Z,1.0.0,realme_RMX3760_api35,1.0.0+1,release,mobilenet_v3_small_float32,cf6183dcd31c9ec34724e8f68d15423dc09b0cf71b1e91ba37800321b7526ba4,mobilenet_v3_small,float32,float32,float32,1x224x224x3,xnnpack_cpu,xnnpack,xnnpack,,4,1,1,measured,22,291.234000,10.827000,126.892578125,2.7014617919921875,45.0,charging,false,0,,,43.2,FLAG_KEEP_SCREEN_ON,no_load_injected_background_apps_unverified,
2026-08-22T08:31:46.182089Z,1.0.0,realme_RMX3760_api35,1.0.0+1,release,mobilenet_v3_small_float32,cf6183dcd31c9ec34724e8f68d15423dc09b0cf71b1e91ba37800321b7526ba4,mobilenet_v3_small,float32,float32,float32,1x224x224x3,xnnpack_cpu,xnnpack,xnnpack,,4,1,1,measured,23,287.579000,10.827000,127.630859375,2.7017059326171875,45.0,charging,false,0,,,43.3,FLAG_KEEP_SCREEN_ON,no_load_injected_background_apps_unverified,
2026-08-22T08:31:46.528359Z,1.0.0,realme_RMX3760_api35,1.0.0+1,release,mobilenet_v3_small_float32,cf6183dcd31c9ec34724e8f68d15423dc09b0cf71b1e91ba37800321b7526ba4,mobilenet_v3_small,float32,float32,float32,1x224x224x3,xnnpack_cpu,xnnpack,xnnpack,,4,1,1,measured,24,296.691000,10.827000,126.810546875,2.7332000732421875,45.0,charging,false,0,,,43.3,FLAG_KEEP_SCREEN_ON,no_load_injected_background_apps_unverified,
2026-08-22T08:31:46.877685Z,1.0.0,realme_RMX3760_api35,1.0.0+1,release,mobilenet_v3_small_float32,cf6183dcd31c9ec34724e8f68d15423dc09b0cf71b1e91ba37800321b7526ba4,mobilenet_v3_small,float32,float32,float32,1x224x224x3,xnnpack_cpu,xnnpack,xnnpack,,4,1,1,measured,25,297.237000,10.827000,126.982421875,2.7334442138671875,45.0,charging,false,0,,,43.3,FLAG_KEEP_SCREEN_ON,no_load_injected_background_apps_unverified,
2026-08-22T08:31:47.222008Z,1.0.0,realme_RMX3760_api35,1.0.0+1,release,mobilenet_v3_small_float32,cf6183dcd31c9ec34724e8f68d15423dc09b0cf71b1e91ba37800321b7526ba4,mobilenet_v3_small,float32,float32,float32,1x224x224x3,xnnpack_cpu,xnnpack,xnnpack,,4,1,1,measured,26,291.315000,10.827000,127.064453125,2.7336883544921875,45.0,charging,false,0,,,43.3,FLAG_KEEP_SCREEN_ON,no_load_injected_background_apps_unverified,
2026-08-22T08:31:47.580766Z,1.0.0,realme_RMX3760_api35,1.0.0+1,release,mobilenet_v3_small_float32,cf6183dcd31c9ec34724e8f68d15423dc09b0cf71b1e91ba37800321b7526ba4,mobilenet_v3_small,float32,float32,float32,1x224x224x3,xnnpack_cpu,xnnpack,xnnpack,,4,1,1,measured,27,302.801000,10.827000,127.048828125,2.7339324951171875,45.0,charging,false,0,,,43.3,FLAG_KEEP_SCREEN_ON,no_load_injected_background_apps_unverified,
2026-08-22T08:31:47.926019Z,1.0.0,realme_RMX3760_api35,1.0.0+1,release,mobilenet_v3_small_float32,cf6183dcd31c9ec34724e8f68d15423dc09b0cf71b1e91ba37800321b7526ba4,mobilenet_v3_small,float32,float32,float32,1x224x224x3,xnnpack_cpu,xnnpack,xnnpack,,4,1,1,measured,28,294.381000,10.827000,126.892578125,2.7341766357421875,45.0,charging,false,0,,,43.3,FLAG_KEEP_SCREEN_ON,no_load_injected_background_apps_unverified,
2026-08-22T08:31:48.262563Z,1.0.0,realme_RMX3760_api35,1.0.0+1,release,mobilenet_v3_small_float32,cf6183dcd31c9ec34724e8f68d15423dc09b0cf71b1e91ba37800321b7526ba4,mobilenet_v3_small,float32,float32,float32,1x224x224x3,xnnpack_cpu,xnnpack,xnnpack,,4,1,1,measured,29,284.298000,10.827000,127.400390625,2.7344207763671875,45.0,charging,false,0,,,43.3,FLAG_KEEP_SCREEN_ON,no_load_injected_background_apps_unverified,
2026-08-22T08:31:48.602496Z,1.0.0,realme_RMX3760_api35,1.0.0+1,release,mobilenet_v3_small_float32,cf6183dcd31c9ec34724e8f68d15423dc09b0cf71b1e91ba37800321b7526ba4,mobilenet_v3_small,float32,float32,float32,1x224x224x3,xnnpack_cpu,xnnpack,xnnpack,,4,1,1,measured,30,288.017000,10.827000,126.904296875,2.7659149169921875,45.0,charging,false,0,,,43.3,FLAG_KEEP_SCREEN_ON,no_load_injected_background_apps_unverified,
2026-08-22T08:31:48.949711Z,1.0.0,realme_RMX3760_api35,1.0.0+1,release,mobilenet_v3_small_float32,cf6183dcd31c9ec34724e8f68d15423dc09b0cf71b1e91ba37800321b7526ba4,mobilenet_v3_small,float32,float32,float32,1x224x224x3,xnnpack_cpu,xnnpack,xnnpack,,4,1,1,measured,31,296.986000,10.827000,126.916015625,2.7661590576171875,45.0,charging,false,0,,,43.3,FLAG_KEEP_SCREEN_ON,no_load_injected_background_apps_unverified,
2026-08-22T08:31:49.288477Z,1.0.0,realme_RMX3760_api35,1.0.0+1,release,mobilenet_v3_small_float32,cf6183dcd31c9ec34724e8f68d15423dc09b0cf71b1e91ba37800321b7526ba4,mobilenet_v3_small,float32,float32,float32,1x224x224x3,xnnpack_cpu,xnnpack,xnnpack,,4,1,1,measured,32,288.667000,10.827000,126.923828125,2.7664031982421875,45.0,charging,false,0,,,43.3,FLAG_KEEP_SCREEN_ON,no_load_injected_background_apps_unverified,
2026-08-22T08:31:49.638203Z,1.0.0,realme_RMX3760_api35,1.0.0+1,release,mobilenet_v3_small_float32,cf6183dcd31c9ec34724e8f68d15423dc09b0cf71b1e91ba37800321b7526ba4,mobilenet_v3_small,float32,float32,float32,1x224x224x3,xnnpack_cpu,xnnpack,xnnpack,,4,1,1,measured,33,300.360000,10.827000,126.927734375,2.7666473388671875,45.0,charging,false,0,,,43.3,FLAG_KEEP_SCREEN_ON,no_load_injected_background_apps_unverified,
2026-08-22T08:31:49.980990Z,1.0.0,realme_RMX3760_api35,1.0.0+1,release,mobilenet_v3_small_float32,cf6183dcd31c9ec34724e8f68d15423dc09b0cf71b1e91ba37800321b7526ba4,mobilenet_v3_small,float32,float32,float32,1x224x224x3,xnnpack_cpu,xnnpack,xnnpack,,4,1,1,measured,34,292.951000,10.827000,126.955078125,2.7668914794921875,45.0,charging,false,0,,,43.3,FLAG_KEEP_SCREEN_ON,no_load_injected_background_apps_unverified,
2026-08-22T08:31:50.325814Z,1.0.0,realme_RMX3760_api35,1.0.0+1,release,mobilenet_v3_small_float32,cf6183dcd31c9ec34724e8f68d15423dc09b0cf71b1e91ba37800321b7526ba4,mobilenet_v3_small,float32,float32,float32,1x224x224x3,xnnpack_cpu,xnnpack,xnnpack,,4,1,1,measured,35,292.438000,10.827000,126.958984375,2.7671356201171875,45.0,charging,false,0,,,43.3,FLAG_KEEP_SCREEN_ON,no_load_injected_background_apps_unverified,
2026-08-22T08:31:50.668734Z,1.0.0,realme_RMX3760_api35,1.0.0+1,release,mobilenet_v3_small_float32,cf6183dcd31c9ec34724e8f68d15423dc09b0cf71b1e91ba37800321b7526ba4,mobilenet_v3_small,float32,float32,float32,1x224x224x3,xnnpack_cpu,xnnpack,xnnpack,,4,1,1,measured,36,292.064000,10.827000,126.962890625,2.7986297607421875,45.0,charging,false,0,,,43.3,FLAG_KEEP_SCREEN_ON,no_load_injected_background_apps_unverified,
2026-08-22T08:31:51.012051Z,1.0.0,realme_RMX3760_api35,1.0.0+1,release,mobilenet_v3_small_float32,cf6183dcd31c9ec34724e8f68d15423dc09b0cf71b1e91ba37800321b7526ba4,mobilenet_v3_small,float32,float32,float32,1x224x224x3,xnnpack_cpu,xnnpack,xnnpack,,4,1,1,measured,37,293.386000,10.827000,126.970703125,2.7988739013671875,45.0,charging,false,0,,,43.3,FLAG_KEEP_SCREEN_ON,no_load_injected_background_apps_unverified,
2026-08-22T08:31:51.361455Z,1.0.0,realme_RMX3760_api35,1.0.0+1,release,mobilenet_v3_small_float32,cf6183dcd31c9ec34724e8f68d15423dc09b0cf71b1e91ba37800321b7526ba4,mobilenet_v3_small,float32,float32,float32,1x224x224x3,xnnpack_cpu,xnnpack,xnnpack,,4,1,1,measured,38,298.144000,10.827000,126.822265625,2.7991180419921875,45.0,charging,false,0,,,43.3,FLAG_KEEP_SCREEN_ON,no_load_injected_background_apps_unverified,
2026-08-22T08:31:51.705368Z,1.0.0,realme_RMX3760_api35,1.0.0+1,release,mobilenet_v3_small_float32,cf6183dcd31c9ec34724e8f68d15423dc09b0cf71b1e91ba37800321b7526ba4,mobilenet_v3_small,float32,float32,float32,1x224x224x3,xnnpack_cpu,xnnpack,xnnpack,,4,1,1,measured,39,293.070000,10.827000,126.951171875,2.7993621826171875,45.0,charging,false,0,,,43.3,FLAG_KEEP_SCREEN_ON,no_load_injected_background_apps_unverified,
2026-08-22T08:31:52.046142Z,1.0.0,realme_RMX3760_api35,1.0.0+1,release,mobilenet_v3_small_float32,cf6183dcd31c9ec34724e8f68d15423dc09b0cf71b1e91ba37800321b7526ba4,mobilenet_v3_small,float32,float32,float32,1x224x224x3,xnnpack_cpu,xnnpack,xnnpack,,4,1,1,measured,40,289.460000,10.827000,127.048828125,2.7996063232421875,45.0,charging,false,0,,,43.3,FLAG_KEEP_SCREEN_ON,no_load_injected_background_apps_unverified,
2026-08-22T08:31:52.388096Z,1.0.0,realme_RMX3760_api35,1.0.0+1,release,mobilenet_v3_small_float32,cf6183dcd31c9ec34724e8f68d15423dc09b0cf71b1e91ba37800321b7526ba4,mobilenet_v3_small,float32,float32,float32,1x224x224x3,xnnpack_cpu,xnnpack,xnnpack,,4,1,1,measured,41,289.707000,10.827000,127.056640625,2.8311004638671875,45.0,charging,false,0,,,43.3,FLAG_KEEP_SCREEN_ON,no_load_injected_background_apps_unverified,
2026-08-22T08:31:52.733998Z,1.0.0,realme_RMX3760_api35,1.0.0+1,release,mobilenet_v3_small_float32,cf6183dcd31c9ec34724e8f68d15423dc09b0cf71b1e91ba37800321b7526ba4,mobilenet_v3_small,float32,float32,float32,1x224x224x3,xnnpack_cpu,xnnpack,xnnpack,,4,1,1,measured,42,294.552000,10.827000,127.056640625,2.8313446044921875,45.0,charging,false,0,,,43.3,FLAG_KEEP_SCREEN_ON,no_load_injected_background_apps_unverified,
2026-08-22T08:31:53.074698Z,1.0.0,realme_RMX3760_api35,1.0.0+1,release,mobilenet_v3_small_float32,cf6183dcd31c9ec34724e8f68d15423dc09b0cf71b1e91ba37800321b7526ba4,mobilenet_v3_small,float32,float32,float32,1x224x224x3,xnnpack_cpu,xnnpack,xnnpack,,4,1,1,measured,43,288.473000,10.827000,127.060546875,2.8315887451171875,45.0,charging,false,0,,,43.3,FLAG_KEEP_SCREEN_ON,no_load_injected_background_apps_unverified,
2026-08-22T08:31:53.411999Z,1.0.0,realme_RMX3760_api35,1.0.0+1,release,mobilenet_v3_small_float32,cf6183dcd31c9ec34724e8f68d15423dc09b0cf71b1e91ba37800321b7526ba4,mobilenet_v3_small,float32,float32,float32,1x224x224x3,xnnpack_cpu,xnnpack,xnnpack,,4,1,1,measured,44,286.822000,10.827000,127.068359375,2.8318328857421875,45.0,charging,false,0,,,43.3,FLAG_KEEP_SCREEN_ON,no_load_injected_background_apps_unverified,
2026-08-22T08:31:53.751712Z,1.0.0,realme_RMX3760_api35,1.0.0+1,release,mobilenet_v3_small_float32,cf6183dcd31c9ec34724e8f68d15423dc09b0cf71b1e91ba37800321b7526ba4,mobilenet_v3_small,float32,float32,float32,1x224x224x3,xnnpack_cpu,xnnpack,xnnpack,,4,1,1,measured,45,287.853000,10.827000,127.072265625,2.8320770263671875,45.0,charging,false,0,,,43.3,FLAG_KEEP_SCREEN_ON,no_load_injected_background_apps_unverified,
2026-08-22T08:31:54.110080Z,1.0.0,realme_RMX3760_api35,1.0.0+1,release,mobilenet_v3_small_float32,cf6183dcd31c9ec34724e8f68d15423dc09b0cf71b1e91ba37800321b7526ba4,mobilenet_v3_small,float32,float32,float32,1x224x224x3,xnnpack_cpu,xnnpack,xnnpack,,4,1,1,measured,46,309.485000,10.827000,127.080078125,2.8323211669921875,45.0,charging,false,0,,,43.3,FLAG_KEEP_SCREEN_ON,no_load_injected_background_apps_unverified,
2026-08-22T08:31:54.453386Z,1.0.0,realme_RMX3760_api35,1.0.0+1,release,mobilenet_v3_small_float32,cf6183dcd31c9ec34724e8f68d15423dc09b0cf71b1e91ba37800321b7526ba4,mobilenet_v3_small,float32,float32,float32,1x224x224x3,xnnpack_cpu,xnnpack,xnnpack,,4,1,1,measured,47,293.268000,10.827000,127.017578125,2.8638153076171875,45.0,charging,false,0,,,43.3,FLAG_KEEP_SCREEN_ON,no_load_injected_background_apps_unverified,
2026-08-22T08:31:54.796245Z,1.0.0,realme_RMX3760_api35,1.0.0+1,release,mobilenet_v3_small_float32,cf6183dcd31c9ec34724e8f68d15423dc09b0cf71b1e91ba37800321b7526ba4,mobilenet_v3_small,float32,float32,float32,1x224x224x3,xnnpack_cpu,xnnpack,xnnpack,,4,1,1,measured,48,292.564000,10.827000,127.056640625,2.8640594482421875,45.0,charging,false,0,,,43.3,FLAG_KEEP_SCREEN_ON,no_load_injected_background_apps_unverified,
2026-08-22T08:31:55.142780Z,1.0.0,realme_RMX3760_api35,1.0.0+1,release,mobilenet_v3_small_float32,cf6183dcd31c9ec34724e8f68d15423dc09b0cf71b1e91ba37800321b7526ba4,mobilenet_v3_small,float32,float32,float32,1x224x224x3,xnnpack_cpu,xnnpack,xnnpack,,4,1,1,measured,49,294.745000,10.827000,127.080078125,2.8643035888671875,45.0,charging,false,0,,,43.3,FLAG_KEEP_SCREEN_ON,no_load_injected_background_apps_unverified,
2026-08-22T08:31:55.485830Z,1.0.0,realme_RMX3760_api35,1.0.0+1,release,mobilenet_v3_small_float32,cf6183dcd31c9ec34724e8f68d15423dc09b0cf71b1e91ba37800321b7526ba4,mobilenet_v3_small,float32,float32,float32,1x224x224x3,xnnpack_cpu,xnnpack,xnnpack,,4,1,1,measured,50,292.246000,10.827000,126.876953125,2.8645477294921875,45.0,charging,false,0,,,43.3,FLAG_KEEP_SCREEN_ON,no_load_injected_background_apps_unverified,
2026-08-22T08:31:55.840160Z,1.0.0,realme_RMX3760_api35,1.0.0+1,release,mobilenet_v3_small_float32,cf6183dcd31c9ec34724e8f68d15423dc09b0cf71b1e91ba37800321b7526ba4,mobilenet_v3_small,float32,float32,float32,1x224x224x3,xnnpack_cpu,xnnpack,xnnpack,,4,1,1,measured,51,304.649000,10.827000,127.087890625,2.8647918701171875,45.0,charging,false,0,,,43.3,FLAG_KEEP_SCREEN_ON,no_load_injected_background_apps_unverified,
2026-08-22T08:31:56.176342Z,1.0.0,realme_RMX3760_api35,1.0.0+1,release,mobilenet_v3_small_float32,cf6183dcd31c9ec34724e8f68d15423dc09b0cf71b1e91ba37800321b7526ba4,mobilenet_v3_small,float32,float32,float32,1x224x224x3,xnnpack_cpu,xnnpack,xnnpack,,4,1,1,measured,52,286.215000,10.827000,127.099609375,2.8650360107421875,45.0,charging,false,0,,,43.3,FLAG_KEEP_SCREEN_ON,no_load_injected_background_apps_unverified,
2026-08-22T08:31:56.515667Z,1.0.0,realme_RMX3760_api35,1.0.0+1,release,mobilenet_v3_small_float32,cf6183dcd31c9ec34724e8f68d15423dc09b0cf71b1e91ba37800321b7526ba4,mobilenet_v3_small,float32,float32,float32,1x224x224x3,xnnpack_cpu,xnnpack,xnnpack,,4,1,1,measured,53,288.716000,10.827000,127.103515625,2.8965301513671875,45.0,charging,false,0,,,43.3,FLAG_KEEP_SCREEN_ON,no_load_injected_background_apps_unverified,
2026-08-22T08:31:56.852825Z,1.0.0,realme_RMX3760_api35,1.0.0+1,release,mobilenet_v3_small_float32,cf6183dcd31c9ec34724e8f68d15423dc09b0cf71b1e91ba37800321b7526ba4,mobilenet_v3_small,float32,float32,float32,1x224x224x3,xnnpack_cpu,xnnpack,xnnpack,,4,1,1,measured,54,286.809000,10.827000,127.607421875,2.8967742919921875,45.0,charging,false,0,,,43.3,FLAG_KEEP_SCREEN_ON,no_load_injected_background_apps_unverified,
2026-08-22T08:31:57.195264Z,1.0.0,realme_RMX3760_api35,1.0.0+1,release,mobilenet_v3_small_float32,cf6183dcd31c9ec34724e8f68d15423dc09b0cf71b1e91ba37800321b7526ba4,mobilenet_v3_small,float32,float32,float32,1x224x224x3,xnnpack_cpu,xnnpack,xnnpack,,4,1,1,measured,55,292.707000,10.827000,127.115234375,2.8970184326171875,45.0,charging,false,0,,,43.3,FLAG_KEEP_SCREEN_ON,no_load_injected_background_apps_unverified,
2026-08-22T08:31:57.545174Z,1.0.0,realme_RMX3760_api35,1.0.0+1,release,mobilenet_v3_small_float32,cf6183dcd31c9ec34724e8f68d15423dc09b0cf71b1e91ba37800321b7526ba4,mobilenet_v3_small,float32,float32,float32,1x224x224x3,xnnpack_cpu,xnnpack,xnnpack,,4,1,1,measured,56,300.340000,10.827000,127.021484375,2.8972625732421875,45.0,charging,false,0,,,43.3,FLAG_KEEP_SCREEN_ON,no_load_injected_background_apps_unverified,
2026-08-22T08:31:57.893765Z,1.0.0,realme_RMX3760_api35,1.0.0+1,release,mobilenet_v3_small_float32,cf6183dcd31c9ec34724e8f68d15423dc09b0cf71b1e91ba37800321b7526ba4,mobilenet_v3_small,float32,float32,float32,1x224x224x3,xnnpack_cpu,xnnpack,xnnpack,,4,1,1,measured,57,297.829000,10.827000,127.130859375,2.8975067138671875,45.0,charging,false,0,,,43.3,FLAG_KEEP_SCREEN_ON,no_load_injected_background_apps_unverified,
2026-08-22T08:31:58.238687Z,1.0.0,realme_RMX3760_api35,1.0.0+1,release,mobilenet_v3_small_float32,cf6183dcd31c9ec34724e8f68d15423dc09b0cf71b1e91ba37800321b7526ba4,mobilenet_v3_small,float32,float32,float32,1x224x224x3,xnnpack_cpu,xnnpack,xnnpack,,4,1,1,measured,58,293.154000,10.827000,127.134765625,2.8977508544921875,45.0,charging,false,0,,,43.3,FLAG_KEEP_SCREEN_ON,no_load_injected_background_apps_unverified,
2026-08-22T08:31:58.746635Z,1.0.0,realme_RMX3760_api35,1.0.0+1,release,mobilenet_v3_small_float32,cf6183dcd31c9ec34724e8f68d15423dc09b0cf71b1e91ba37800321b7526ba4,mobilenet_v3_small,float32,float32,float32,1x224x224x3,xnnpack_cpu,xnnpack,xnnpack,,4,1,1,measured,59,458.779000,10.827000,127.1513671875,2.9292449951171875,45.0,charging,false,0,,,43.3,FLAG_KEEP_SCREEN_ON,no_load_injected_background_apps_unverified,
2026-08-22T08:31:59.129477Z,1.0.0,realme_RMX3760_api35,1.0.0+1,release,mobilenet_v3_small_float32,cf6183dcd31c9ec34724e8f68d15423dc09b0cf71b1e91ba37800321b7526ba4,mobilenet_v3_small,float32,float32,float32,1x224x224x3,xnnpack_cpu,xnnpack,xnnpack,,4,1,1,measured,60,331.563000,10.827000,127.1591796875,2.9294891357421875,45.0,charging,false,0,,,43.3,FLAG_KEEP_SCREEN_ON,no_load_injected_background_apps_unverified,
2026-08-22T08:31:59.510495Z,1.0.0,realme_RMX3760_api35,1.0.0+1,release,mobilenet_v3_small_float32,cf6183dcd31c9ec34724e8f68d15423dc09b0cf71b1e91ba37800321b7526ba4,mobilenet_v3_small,float32,float32,float32,1x224x224x3,xnnpack_cpu,xnnpack,xnnpack,,4,1,1,measured,61,327.783000,10.827000,127.1708984375,2.9297332763671875,45.0,charging,false,0,,,43.3,FLAG_KEEP_SCREEN_ON,no_load_injected_background_apps_unverified,
2026-08-22T08:31:59.848878Z,1.0.0,realme_RMX3760_api35,1.0.0+1,release,mobilenet_v3_small_float32,cf6183dcd31c9ec34724e8f68d15423dc09b0cf71b1e91ba37800321b7526ba4,mobilenet_v3_small,float32,float32,float32,1x224x224x3,xnnpack_cpu,xnnpack,xnnpack,,4,1,1,measured,62,289.518000,10.827000,128.5419921875,2.9299774169921875,45.0,charging,false,0,,,43.3,FLAG_KEEP_SCREEN_ON,no_load_injected_background_apps_unverified,
2026-08-22T08:32:00.196708Z,1.0.0,realme_RMX3760_api35,1.0.0+1,release,mobilenet_v3_small_float32,cf6183dcd31c9ec34724e8f68d15423dc09b0cf71b1e91ba37800321b7526ba4,mobilenet_v3_small,float32,float32,float32,1x224x224x3,xnnpack_cpu,xnnpack,xnnpack,,4,1,1,measured,63,296.861000,10.827000,127.0341796875,2.9302215576171875,45.0,charging,false,0,,,43.3,FLAG_KEEP_SCREEN_ON,no_load_injected_background_apps_unverified,
2026-08-22T08:32:00.539960Z,1.0.0,realme_RMX3760_api35,1.0.0+1,release,mobilenet_v3_small_float32,cf6183dcd31c9ec34724e8f68d15423dc09b0cf71b1e91ba37800321b7526ba4,mobilenet_v3_small,float32,float32,float32,1x224x224x3,xnnpack_cpu,xnnpack,xnnpack,,4,1,1,measured,64,293.193000,10.827000,127.0537109375,2.9617156982421875,45.0,charging,false,0,,,43.3,FLAG_KEEP_SCREEN_ON,no_load_injected_background_apps_unverified,
2026-08-22T08:32:00.886186Z,1.0.0,realme_RMX3760_api35,1.0.0+1,release,mobilenet_v3_small_float32,cf6183dcd31c9ec34724e8f68d15423dc09b0cf71b1e91ba37800321b7526ba4,mobilenet_v3_small,float32,float32,float32,1x224x224x3,xnnpack_cpu,xnnpack,xnnpack,,4,1,1,measured,65,294.228000,10.827000,127.1552734375,2.9619598388671875,45.0,charging,false,0,,,43.3,FLAG_KEEP_SCREEN_ON,no_load_injected_background_apps_unverified,
2026-08-22T08:32:01.237108Z,1.0.0,realme_RMX3760_api35,1.0.0+1,release,mobilenet_v3_small_float32,cf6183dcd31c9ec34724e8f68d15423dc09b0cf71b1e91ba37800321b7526ba4,mobilenet_v3_small,float32,float32,float32,1x224x224x3,xnnpack_cpu,xnnpack,xnnpack,,4,1,1,measured,66,298.808000,10.827000,127.1591796875,2.9622039794921875,45.0,charging,false,0,,,43.3,FLAG_KEEP_SCREEN_ON,no_load_injected_background_apps_unverified,
2026-08-22T08:32:01.584889Z,1.0.0,realme_RMX3760_api35,1.0.0+1,release,mobilenet_v3_small_float32,cf6183dcd31c9ec34724e8f68d15423dc09b0cf71b1e91ba37800321b7526ba4,mobilenet_v3_small,float32,float32,float32,1x224x224x3,xnnpack_cpu,xnnpack,xnnpack,,4,1,1,measured,67,297.852000,10.827000,127.1904296875,2.9624481201171875,45.0,charging,false,0,,,43.3,FLAG_KEEP_SCREEN_ON,no_load_injected_background_apps_unverified,
2026-08-22T08:32:01.922196Z,1.0.0,realme_RMX3760_api35,1.0.0+1,release,mobilenet_v3_small_float32,cf6183dcd31c9ec34724e8f68d15423dc09b0cf71b1e91ba37800321b7526ba4,mobilenet_v3_small,float32,float32,float32,1x224x224x3,xnnpack_cpu,xnnpack,xnnpack,,4,1,1,measured,68,285.276000,10.827000,127.1943359375,2.9626922607421875,45.0,charging,false,0,,,43.3,FLAG_KEEP_SCREEN_ON,no_load_injected_background_apps_unverified,
2026-08-22T08:32:02.270519Z,1.0.0,realme_RMX3760_api35,1.0.0+1,release,mobilenet_v3_small_float32,cf6183dcd31c9ec34724e8f68d15423dc09b0cf71b1e91ba37800321b7526ba4,mobilenet_v3_small,float32,float32,float32,1x224x224x3,xnnpack_cpu,xnnpack,xnnpack,,4,1,1,measured,69,297.225000,10.827000,127.1982421875,2.9629364013671875,45.0,charging,false,0,,,43.3,FLAG_KEEP_SCREEN_ON,no_load_injected_background_apps_unverified,
2026-08-22T08:32:02.615143Z,1.0.0,realme_RMX3760_api35,1.0.0+1,release,mobilenet_v3_small_float32,cf6183dcd31c9ec34724e8f68d15423dc09b0cf71b1e91ba37800321b7526ba4,mobilenet_v3_small,float32,float32,float32,1x224x224x3,xnnpack_cpu,xnnpack,xnnpack,,4,1,1,measured,70,291.939000,10.827000,128.2099609375,2.9944305419921875,45.0,charging,false,0,,,43.3,FLAG_KEEP_SCREEN_ON,no_load_injected_background_apps_unverified,
2026-08-22T08:32:02.966225Z,1.0.0,realme_RMX3760_api35,1.0.0+1,release,mobilenet_v3_small_float32,cf6183dcd31c9ec34724e8f68d15423dc09b0cf71b1e91ba37800321b7526ba4,mobilenet_v3_small,float32,float32,float32,1x224x224x3,xnnpack_cpu,xnnpack,xnnpack,,4,1,1,measured,71,300.836000,10.827000,127.2138671875,2.9946746826171875,45.0,charging,false,0,,,43.3,FLAG_KEEP_SCREEN_ON,no_load_injected_background_apps_unverified,
2026-08-22T08:32:03.306195Z,1.0.0,realme_RMX3760_api35,1.0.0+1,release,mobilenet_v3_small_float32,cf6183dcd31c9ec34724e8f68d15423dc09b0cf71b1e91ba37800321b7526ba4,mobilenet_v3_small,float32,float32,float32,1x224x224x3,xnnpack_cpu,xnnpack,xnnpack,,4,1,1,measured,72,289.590000,10.827000,127.2216796875,2.9949188232421875,45.0,charging,false,0,,,43.3,FLAG_KEEP_SCREEN_ON,no_load_injected_background_apps_unverified,
2026-08-22T08:32:03.653977Z,1.0.0,realme_RMX3760_api35,1.0.0+1,release,mobilenet_v3_small_float32,cf6183dcd31c9ec34724e8f68d15423dc09b0cf71b1e91ba37800321b7526ba4,mobilenet_v3_small,float32,float32,float32,1x224x224x3,xnnpack_cpu,xnnpack,xnnpack,,4,1,1,measured,73,294.910000,10.827000,127.2333984375,2.9951629638671875,45.0,charging,false,0,,,43.3,FLAG_KEEP_SCREEN_ON,no_load_injected_background_apps_unverified,
2026-08-22T08:32:03.995621Z,1.0.0,realme_RMX3760_api35,1.0.0+1,release,mobilenet_v3_small_float32,cf6183dcd31c9ec34724e8f68d15423dc09b0cf71b1e91ba37800321b7526ba4,mobilenet_v3_small,float32,float32,float32,1x224x224x3,xnnpack_cpu,xnnpack,xnnpack,,4,1,1,measured,74,291.961000,10.827000,127.1748046875,2.9954071044921875,45.0,charging,false,0,,,43.3,FLAG_KEEP_SCREEN_ON,no_load_injected_background_apps_unverified,
2026-08-22T08:32:04.338035Z,1.0.0,realme_RMX3760_api35,1.0.0+1,release,mobilenet_v3_small_float32,cf6183dcd31c9ec34724e8f68d15423dc09b0cf71b1e91ba37800321b7526ba4,mobilenet_v3_small,float32,float32,float32,1x224x224x3,xnnpack_cpu,xnnpack,xnnpack,,4,1,1,measured,75,288.428000,10.827000,127.2763671875,2.9956512451171875,45.0,charging,false,0,,,43.3,FLAG_KEEP_SCREEN_ON,no_load_injected_background_apps_unverified,
2026-08-22T08:32:04.685678Z,1.0.0,realme_RMX3760_api35,1.0.0+1,release,mobilenet_v3_small_float32,cf6183dcd31c9ec34724e8f68d15423dc09b0cf71b1e91ba37800321b7526ba4,mobilenet_v3_small,float32,float32,float32,1x224x224x3,xnnpack_cpu,xnnpack,xnnpack,,4,1,1,measured,76,298.739000,10.827000,127.2802734375,3.0271453857421875,45.0,charging,false,0,,,43.3,FLAG_KEEP_SCREEN_ON,no_load_injected_background_apps_unverified,
2026-08-22T08:32:05.023153Z,1.0.0,realme_RMX3760_api35,1.0.0+1,release,mobilenet_v3_small_float32,cf6183dcd31c9ec34724e8f68d15423dc09b0cf71b1e91ba37800321b7526ba4,mobilenet_v3_small,float32,float32,float32,1x224x224x3,xnnpack_cpu,xnnpack,xnnpack,,4,1,1,measured,77,287.420000,10.827000,127.2841796875,3.0273895263671875,45.0,charging,false,0,,,43.3,FLAG_KEEP_SCREEN_ON,no_load_injected_background_apps_unverified,
2026-08-22T08:32:05.375004Z,1.0.0,realme_RMX3760_api35,1.0.0+1,release,mobilenet_v3_small_float32,cf6183dcd31c9ec34724e8f68d15423dc09b0cf71b1e91ba37800321b7526ba4,mobilenet_v3_small,float32,float32,float32,1x224x224x3,xnnpack_cpu,xnnpack,xnnpack,,4,1,1,measured,78,302.045000,10.827000,127.7919921875,3.0276336669921875,45.0,charging,false,0,,,43.3,FLAG_KEEP_SCREEN_ON,no_load_injected_background_apps_unverified,
2026-08-22T08:32:05.789011Z,1.0.0,realme_RMX3760_api35,1.0.0+1,release,mobilenet_v3_small_float32,cf6183dcd31c9ec34724e8f68d15423dc09b0cf71b1e91ba37800321b7526ba4,mobilenet_v3_small,float32,float32,float32,1x224x224x3,xnnpack_cpu,xnnpack,xnnpack,,4,1,1,measured,79,363.841000,10.827000,127.2998046875,3.0278778076171875,45.0,charging,false,0,,,43.3,FLAG_KEEP_SCREEN_ON,no_load_injected_background_apps_unverified,
2026-08-22T08:32:06.129673Z,1.0.0,realme_RMX3760_api35,1.0.0+1,release,mobilenet_v3_small_float32,cf6183dcd31c9ec34724e8f68d15423dc09b0cf71b1e91ba37800321b7526ba4,mobilenet_v3_small,float32,float32,float32,1x224x224x3,xnnpack_cpu,xnnpack,xnnpack,,4,1,1,measured,80,290.906000,10.827000,127.2451171875,3.0281219482421875,45.0,charging,false,0,,,43.3,FLAG_KEEP_SCREEN_ON,no_load_injected_background_apps_unverified,
2026-08-22T08:32:06.486318Z,1.0.0,realme_RMX3760_api35,1.0.0+1,release,mobilenet_v3_small_float32,cf6183dcd31c9ec34724e8f68d15423dc09b0cf71b1e91ba37800321b7526ba4,mobilenet_v3_small,float32,float32,float32,1x224x224x3,xnnpack_cpu,xnnpack,xnnpack,,4,1,1,measured,81,302.240000,10.827000,127.3115234375,3.0283660888671875,45.0,charging,false,0,,,43.3,FLAG_KEEP_SCREEN_ON,no_load_injected_background_apps_unverified,
2026-08-22T08:32:06.835361Z,1.0.0,realme_RMX3760_api35,1.0.0+1,release,mobilenet_v3_small_float32,cf6183dcd31c9ec34724e8f68d15423dc09b0cf71b1e91ba37800321b7526ba4,mobilenet_v3_small,float32,float32,float32,1x224x224x3,xnnpack_cpu,xnnpack,xnnpack,,4,1,1,measured,82,299.284000,10.827000,127.3740234375,3.0598602294921875,45.0,charging,false,0,,,43.3,FLAG_KEEP_SCREEN_ON,no_load_injected_background_apps_unverified,
2026-08-22T08:32:07.177860Z,1.0.0,realme_RMX3760_api35,1.0.0+1,release,mobilenet_v3_small_float32,cf6183dcd31c9ec34724e8f68d15423dc09b0cf71b1e91ba37800321b7526ba4,mobilenet_v3_small,float32,float32,float32,1x224x224x3,xnnpack_cpu,xnnpack,xnnpack,,4,1,1,measured,83,290.814000,10.827000,127.8818359375,3.0601043701171875,45.0,charging,false,0,,,43.3,FLAG_KEEP_SCREEN_ON,no_load_injected_background_apps_unverified,
2026-08-22T08:32:07.524864Z,1.0.0,realme_RMX3760_api35,1.0.0+1,release,mobilenet_v3_small_float32,cf6183dcd31c9ec34724e8f68d15423dc09b0cf71b1e91ba37800321b7526ba4,mobilenet_v3_small,float32,float32,float32,1x224x224x3,xnnpack_cpu,xnnpack,xnnpack,,4,1,1,measured,84,296.190000,10.827000,127.3857421875,3.0603485107421875,45.0,charging,false,0,,,43.3,FLAG_KEEP_SCREEN_ON,no_load_injected_background_apps_unverified,
2026-08-22T08:32:07.872959Z,1.0.0,realme_RMX3760_api35,1.0.0+1,release,mobilenet_v3_small_float32,cf6183dcd31c9ec34724e8f68d15423dc09b0cf71b1e91ba37800321b7526ba4,mobilenet_v3_small,float32,float32,float32,1x224x224x3,xnnpack_cpu,xnnpack,xnnpack,,4,1,1,measured,85,296.457000,10.827000,127.3916015625,3.0605926513671875,45.0,charging,false,0,,,43.3,FLAG_KEEP_SCREEN_ON,no_load_injected_background_apps_unverified,
2026-08-22T08:32:08.209307Z,1.0.0,realme_RMX3760_api35,1.0.0+1,release,mobilenet_v3_small_float32,cf6183dcd31c9ec34724e8f68d15423dc09b0cf71b1e91ba37800321b7526ba4,mobilenet_v3_small,float32,float32,float32,1x224x224x3,xnnpack_cpu,xnnpack,xnnpack,,4,1,1,measured,86,286.416000,10.827000,127.8994140625,3.0608367919921875,45.0,charging,false,0,,,43.3,FLAG_KEEP_SCREEN_ON,no_load_injected_background_apps_unverified,
2026-08-22T08:32:08.549133Z,1.0.0,realme_RMX3760_api35,1.0.0+1,release,mobilenet_v3_small_float32,cf6183dcd31c9ec34724e8f68d15423dc09b0cf71b1e91ba37800321b7526ba4,mobilenet_v3_small,float32,float32,float32,1x224x224x3,xnnpack_cpu,xnnpack,xnnpack,,4,1,1,measured,87,288.289000,10.827000,127.9033203125,3.0923309326171875,45.0,charging,false,0,,,43.3,FLAG_KEEP_SCREEN_ON,no_load_injected_background_apps_unverified,
2026-08-22T08:32:08.905317Z,1.0.0,realme_RMX3760_api35,1.0.0+1,release,mobilenet_v3_small_float32,cf6183dcd31c9ec34724e8f68d15423dc09b0cf71b1e91ba37800321b7526ba4,mobilenet_v3_small,float32,float32,float32,1x224x224x3,xnnpack_cpu,xnnpack,xnnpack,,4,1,1,measured,88,302.693000,10.827000,127.9072265625,3.0925750732421875,45.0,charging,false,0,,,43.3,FLAG_KEEP_SCREEN_ON,no_load_injected_background_apps_unverified,
2026-08-22T08:32:09.250918Z,1.0.0,realme_RMX3760_api35,1.0.0+1,release,mobilenet_v3_small_float32,cf6183dcd31c9ec34724e8f68d15423dc09b0cf71b1e91ba37800321b7526ba4,mobilenet_v3_small,float32,float32,float32,1x224x224x3,xnnpack_cpu,xnnpack,xnnpack,,4,1,1,measured,89,296.894000,10.827000,127.8525390625,3.0928192138671875,45.0,charging,false,0,,,43.3,FLAG_KEEP_SCREEN_ON,no_load_injected_background_apps_unverified,
2026-08-22T08:32:09.598873Z,1.0.0,realme_RMX3760_api35,1.0.0+1,release,mobilenet_v3_small_float32,cf6183dcd31c9ec34724e8f68d15423dc09b0cf71b1e91ba37800321b7526ba4,mobilenet_v3_small,float32,float32,float32,1x224x224x3,xnnpack_cpu,xnnpack,xnnpack,,4,1,1,measured,90,288.175000,10.827000,127.3681640625,3.0930633544921875,45.0,charging,false,0,,,43.3,FLAG_KEEP_SCREEN_ON,no_load_injected_background_apps_unverified,
2026-08-22T08:32:09.946744Z,1.0.0,realme_RMX3760_api35,1.0.0+1,release,mobilenet_v3_small_float32,cf6183dcd31c9ec34724e8f68d15423dc09b0cf71b1e91ba37800321b7526ba4,mobilenet_v3_small,float32,float32,float32,1x224x224x3,xnnpack_cpu,xnnpack,xnnpack,,4,1,1,measured,91,298.844000,10.827000,127.3720703125,3.0933074951171875,45.0,charging,false,0,,,43.3,FLAG_KEEP_SCREEN_ON,no_load_injected_background_apps_unverified,
2026-08-22T08:32:10.282409Z,1.0.0,realme_RMX3760_api35,1.0.0+1,release,mobilenet_v3_small_float32,cf6183dcd31c9ec34724e8f68d15423dc09b0cf71b1e91ba37800321b7526ba4,mobilenet_v3_small,float32,float32,float32,1x224x224x3,xnnpack_cpu,xnnpack,xnnpack,,4,1,1,measured,92,284.518000,10.827000,127.2783203125,3.0935516357421875,45.0,charging,false,0,,,43.3,FLAG_KEEP_SCREEN_ON,no_load_injected_background_apps_unverified,
2026-08-22T08:32:10.626346Z,1.0.0,realme_RMX3760_api35,1.0.0+1,release,mobilenet_v3_small_float32,cf6183dcd31c9ec34724e8f68d15423dc09b0cf71b1e91ba37800321b7526ba4,mobilenet_v3_small,float32,float32,float32,1x224x224x3,xnnpack_cpu,xnnpack,xnnpack,,4,1,1,measured,93,293.589000,10.827000,127.8603515625,3.1250457763671875,45.0,charging,false,0,,,43.3,FLAG_KEEP_SCREEN_ON,no_load_injected_background_apps_unverified,
2026-08-22T08:32:10.969332Z,1.0.0,realme_RMX3760_api35,1.0.0+1,release,mobilenet_v3_small_float32,cf6183dcd31c9ec34724e8f68d15423dc09b0cf71b1e91ba37800321b7526ba4,mobilenet_v3_small,float32,float32,float32,1x224x224x3,xnnpack_cpu,xnnpack,xnnpack,,4,1,1,measured,94,290.116000,10.827000,127.8720703125,3.1252899169921875,45.0,charging,false,0,,,43.3,FLAG_KEEP_SCREEN_ON,no_load_injected_background_apps_unverified,
2026-08-22T08:32:11.309352Z,1.0.0,realme_RMX3760_api35,1.0.0+1,release,mobilenet_v3_small_float32,cf6183dcd31c9ec34724e8f68d15423dc09b0cf71b1e91ba37800321b7526ba4,mobilenet_v3_small,float32,float32,float32,1x224x224x3,xnnpack_cpu,xnnpack,xnnpack,,4,1,1,measured,95,288.072000,10.827000,127.4033203125,3.1255340576171875,45.0,charging,false,0,,,43.3,FLAG_KEEP_SCREEN_ON,no_load_injected_background_apps_unverified,
2026-08-22T08:32:11.652936Z,1.0.0,realme_RMX3760_api35,1.0.0+1,release,mobilenet_v3_small_float32,cf6183dcd31c9ec34724e8f68d15423dc09b0cf71b1e91ba37800321b7526ba4,mobilenet_v3_small,float32,float32,float32,1x224x224x3,xnnpack_cpu,xnnpack,xnnpack,,4,1,1,measured,96,293.004000,10.827000,127.3994140625,3.1257781982421875,45.0,charging,false,0,,,43.3,FLAG_KEEP_SCREEN_ON,no_load_injected_background_apps_unverified,
2026-08-22T08:32:11.995325Z,1.0.0,realme_RMX3760_api35,1.0.0+1,release,mobilenet_v3_small_float32,cf6183dcd31c9ec34724e8f68d15423dc09b0cf71b1e91ba37800321b7526ba4,mobilenet_v3_small,float32,float32,float32,1x224x224x3,xnnpack_cpu,xnnpack,xnnpack,,4,1,1,measured,97,293.554000,10.827000,127.4150390625,3.1260223388671875,45.0,charging,false,0,,,43.3,FLAG_KEEP_SCREEN_ON,no_load_injected_background_apps_unverified,
2026-08-22T08:32:12.347478Z,1.0.0,realme_RMX3760_api35,1.0.0+1,release,mobilenet_v3_small_float32,cf6183dcd31c9ec34724e8f68d15423dc09b0cf71b1e91ba37800321b7526ba4,mobilenet_v3_small,float32,float32,float32,1x224x224x3,xnnpack_cpu,xnnpack,xnnpack,,4,1,1,measured,98,302.457000,10.827000,127.3173828125,3.1262664794921875,45.0,charging,false,0,,,43.3,FLAG_KEEP_SCREEN_ON,no_load_injected_background_apps_unverified,
2026-08-22T08:32:12.709850Z,1.0.0,realme_RMX3760_api35,1.0.0+1,release,mobilenet_v3_small_float32,cf6183dcd31c9ec34724e8f68d15423dc09b0cf71b1e91ba37800321b7526ba4,mobilenet_v3_small,float32,float32,float32,1x224x224x3,xnnpack_cpu,xnnpack,xnnpack,,4,1,1,measured,99,311.419000,10.827000,127.3212890625,3.1577606201171875,45.0,charging,false,0,,,43.3,FLAG_KEEP_SCREEN_ON,no_load_injected_background_apps_unverified,
2026-08-22T08:32:15.635284Z,1.0.0,realme_RMX3760_api35,1.0.0+1,release,mobilenet_v3_small_full_int8,7eb4e5feb3ad6a7ffe9c7d81f9f7b78d520a334323c091aaddccb8859c84991b,mobilenet_v3_small,full_int8,int8,int8,1x224x224x3,builtin_cpu,none,none_builtin,,4,1,2,measured,0,131.596000,3.077000,120.03515625,3.1580047607421875,45.0,charging,false,0,,,43.3,FLAG_KEEP_SCREEN_ON,no_load_injected_background_apps_unverified,
2026-08-22T08:32:15.816823Z,1.0.0,realme_RMX3760_api35,1.0.0+1,release,mobilenet_v3_small_full_int8,7eb4e5feb3ad6a7ffe9c7d81f9f7b78d520a334323c091aaddccb8859c84991b,mobilenet_v3_small,full_int8,int8,int8,1x224x224x3,builtin_cpu,none,none_builtin,,4,1,2,measured,1,129.697000,3.077000,117.58203125,3.1582489013671875,45.0,charging,false,0,,,43.3,FLAG_KEEP_SCREEN_ON,no_load_injected_background_apps_unverified,
2026-08-22T08:32:15.989983Z,1.0.0,realme_RMX3760_api35,1.0.0+1,release,mobilenet_v3_small_full_int8,7eb4e5feb3ad6a7ffe9c7d81f9f7b78d520a334323c091aaddccb8859c84991b,mobilenet_v3_small,full_int8,int8,int8,1x224x224x3,builtin_cpu,none,none_builtin,,4,1,2,measured,2,122.516000,3.077000,119.90625,3.1584930419921875,45.0,charging,false,0,,,43.3,FLAG_KEEP_SCREEN_ON,no_load_injected_background_apps_unverified,
2026-08-22T08:32:16.161672Z,1.0.0,realme_RMX3760_api35,1.0.0+1,release,mobilenet_v3_small_full_int8,7eb4e5feb3ad6a7ffe9c7d81f9f7b78d520a334323c091aaddccb8859c84991b,mobilenet_v3_small,full_int8,int8,int8,1x224x224x3,builtin_cpu,none,none_builtin,,4,1,2,measured,3,121.507000,3.077000,119.41015625,3.1587371826171875,45.0,charging,false,0,,,43.3,FLAG_KEEP_SCREEN_ON,no_load_injected_background_apps_unverified,
2026-08-22T08:32:16.339014Z,1.0.0,realme_RMX3760_api35,1.0.0+1,release,mobilenet_v3_small_full_int8,7eb4e5feb3ad6a7ffe9c7d81f9f7b78d520a334323c091aaddccb8859c84991b,mobilenet_v3_small,full_int8,int8,int8,1x224x224x3,builtin_cpu,none,none_builtin,,4,1,2,measured,4,128.353000,3.077000,117.65625,3.1589813232421875,45.0,charging,false,0,,,43.3,FLAG_KEEP_SCREEN_ON,no_load_injected_background_apps_unverified,
2026-08-22T08:32:16.515743Z,1.0.0,realme_RMX3760_api35,1.0.0+1,release,mobilenet_v3_small_full_int8,7eb4e5feb3ad6a7ffe9c7d81f9f7b78d520a334323c091aaddccb8859c84991b,mobilenet_v3_small,full_int8,int8,int8,1x224x224x3,builtin_cpu,none,none_builtin,,4,1,2,measured,5,123.360000,3.077000,119.87109375,3.1904754638671875,45.0,charging,false,0,,,43.3,FLAG_KEEP_SCREEN_ON,no_load_injected_background_apps_unverified,
2026-08-22T08:32:16.694250Z,1.0.0,realme_RMX3760_api35,1.0.0+1,release,mobilenet_v3_small_full_int8,7eb4e5feb3ad6a7ffe9c7d81f9f7b78d520a334323c091aaddccb8859c84991b,mobilenet_v3_small,full_int8,int8,int8,1x224x224x3,builtin_cpu,none,none_builtin,,4,1,2,measured,6,127.804000,3.077000,119.375,3.1907196044921875,45.0,charging,false,0,,,43.3,FLAG_KEEP_SCREEN_ON,no_load_injected_background_apps_unverified,
2026-08-22T08:32:16.870306Z,1.0.0,realme_RMX3760_api35,1.0.0+1,release,mobilenet_v3_small_full_int8,7eb4e5feb3ad6a7ffe9c7d81f9f7b78d520a334323c091aaddccb8859c84991b,mobilenet_v3_small,full_int8,int8,int8,1x224x224x3,builtin_cpu,none,none_builtin,,4,1,2,measured,7,122.879000,3.077000,118.90234375,3.1909637451171875,45.0,charging,false,0,,,43.3,FLAG_KEEP_SCREEN_ON,no_load_injected_background_apps_unverified,
2026-08-22T08:32:17.044644Z,1.0.0,realme_RMX3760_api35,1.0.0+1,release,mobilenet_v3_small_full_int8,7eb4e5feb3ad6a7ffe9c7d81f9f7b78d520a334323c091aaddccb8859c84991b,mobilenet_v3_small,full_int8,int8,int8,1x224x224x3,builtin_cpu,none,none_builtin,,4,1,2,measured,8,121.326000,3.077000,119.91796875,3.1912078857421875,45.0,charging,false,0,,,43.3,FLAG_KEEP_SCREEN_ON,no_load_injected_background_apps_unverified,
2026-08-22T08:32:17.226655Z,1.0.0,realme_RMX3760_api35,1.0.0+1,release,mobilenet_v3_small_full_int8,7eb4e5feb3ad6a7ffe9c7d81f9f7b78d520a334323c091aaddccb8859c84991b,mobilenet_v3_small,full_int8,int8,int8,1x224x224x3,builtin_cpu,none,none_builtin,,4,1,2,measured,9,130.168000,3.077000,119.421875,3.1914520263671875,45.0,charging,false,0,,,43.3,FLAG_KEEP_SCREEN_ON,no_load_injected_background_apps_unverified,
2026-08-22T08:32:17.401756Z,1.0.0,realme_RMX3760_api35,1.0.0+1,release,mobilenet_v3_small_full_int8,7eb4e5feb3ad6a7ffe9c7d81f9f7b78d520a334323c091aaddccb8859c84991b,mobilenet_v3_small,full_int8,int8,int8,1x224x224x3,builtin_cpu,none,none_builtin,,4,1,2,measured,10,126.047000,3.077000,117.66796875,3.2229461669921875,45.0,charging,false,0,,,43.3,FLAG_KEEP_SCREEN_ON,no_load_injected_background_apps_unverified,
2026-08-22T08:32:17.575060Z,1.0.0,realme_RMX3760_api35,1.0.0+1,release,mobilenet_v3_small_full_int8,7eb4e5feb3ad6a7ffe9c7d81f9f7b78d520a334323c091aaddccb8859c84991b,mobilenet_v3_small,full_int8,int8,int8,1x224x224x3,builtin_cpu,none,none_builtin,,4,1,2,measured,11,122.114000,3.077000,119.93359375,3.2231903076171875,45.0,charging,false,0,,,43.3,FLAG_KEEP_SCREEN_ON,no_load_injected_background_apps_unverified,
2026-08-22T08:32:17.748525Z,1.0.0,realme_RMX3760_api35,1.0.0+1,release,mobilenet_v3_small_full_int8,7eb4e5feb3ad6a7ffe9c7d81f9f7b78d520a334323c091aaddccb8859c84991b,mobilenet_v3_small,full_int8,int8,int8,1x224x224x3,builtin_cpu,none,none_builtin,,4,1,2,measured,12,123.154000,3.077000,119.43359375,3.2234344482421875,45.0,charging,false,0,,,43.3,FLAG_KEEP_SCREEN_ON,no_load_injected_background_apps_unverified,
2026-08-22T08:32:17.923361Z,1.0.0,realme_RMX3760_api35,1.0.0+1,release,mobilenet_v3_small_full_int8,7eb4e5feb3ad6a7ffe9c7d81f9f7b78d520a334323c091aaddccb8859c84991b,mobilenet_v3_small,full_int8,int8,int8,1x224x224x3,builtin_cpu,none,none_builtin,,4,1,2,measured,13,122.757000,3.077000,119.44140625,3.2236785888671875,45.0,charging,false,0,,,43.3,FLAG_KEEP_SCREEN_ON,no_load_injected_background_apps_unverified,
2026-08-22T08:32:18.097103Z,1.0.0,realme_RMX3760_api35,1.0.0+1,release,mobilenet_v3_small_full_int8,7eb4e5feb3ad6a7ffe9c7d81f9f7b78d520a334323c091aaddccb8859c84991b,mobilenet_v3_small,full_int8,int8,int8,1x224x224x3,builtin_cpu,none,none_builtin,,4,1,2,measured,14,123.644000,3.077000,119.4375,3.2239227294921875,45.0,charging,false,0,,,43.3,FLAG_KEEP_SCREEN_ON,no_load_injected_background_apps_unverified,
2026-08-22T08:32:18.272637Z,1.0.0,realme_RMX3760_api35,1.0.0+1,release,mobilenet_v3_small_full_int8,7eb4e5feb3ad6a7ffe9c7d81f9f7b78d520a334323c091aaddccb8859c84991b,mobilenet_v3_small,full_int8,int8,int8,1x224x224x3,builtin_cpu,none,none_builtin,,4,1,2,measured,15,124.439000,3.077000,119.44140625,3.2241668701171875,45.0,charging,false,0,,,43.3,FLAG_KEEP_SCREEN_ON,no_load_injected_background_apps_unverified,
2026-08-22T08:32:18.450788Z,1.0.0,realme_RMX3760_api35,1.0.0+1,release,mobilenet_v3_small_full_int8,7eb4e5feb3ad6a7ffe9c7d81f9f7b78d520a334323c091aaddccb8859c84991b,mobilenet_v3_small,full_int8,int8,int8,1x224x224x3,builtin_cpu,none,none_builtin,,4,1,2,measured,16,129.036000,3.077000,117.6875,3.2556610107421875,45.0,charging,false,0,,,43.3,FLAG_KEEP_SCREEN_ON,no_load_injected_background_apps_unverified,
2026-08-22T08:32:18.630718Z,1.0.0,realme_RMX3760_api35,1.0.0+1,release,mobilenet_v3_small_full_int8,7eb4e5feb3ad6a7ffe9c7d81f9f7b78d520a334323c091aaddccb8859c84991b,mobilenet_v3_small,full_int8,int8,int8,1x224x224x3,builtin_cpu,none,none_builtin,,4,1,2,measured,17,128.881000,3.077000,119.95703125,3.2559051513671875,45.0,charging,false,0,,,43.3,FLAG_KEEP_SCREEN_ON,no_load_injected_background_apps_unverified,
2026-08-22T08:32:18.812949Z,1.0.0,realme_RMX3760_api35,1.0.0+1,release,mobilenet_v3_small_full_int8,7eb4e5feb3ad6a7ffe9c7d81f9f7b78d520a334323c091aaddccb8859c84991b,mobilenet_v3_small,full_int8,int8,int8,1x224x224x3,builtin_cpu,none,none_builtin,,4,1,2,measured,18,124.685000,3.077000,119.4609375,3.2561492919921875,45.0,charging,false,0,,,43.3,FLAG_KEEP_SCREEN_ON,no_load_injected_background_apps_unverified,
2026-08-22T08:32:18.989049Z,1.0.0,realme_RMX3760_api35,1.0.0+1,release,mobilenet_v3_small_full_int8,7eb4e5feb3ad6a7ffe9c7d81f9f7b78d520a334323c091aaddccb8859c84991b,mobilenet_v3_small,full_int8,int8,int8,1x224x224x3,builtin_cpu,none,none_builtin,,4,1,2,measured,19,124.456000,3.077000,119.46484375,3.2563934326171875,45.0,charging,false,0,,,43.3,FLAG_KEEP_SCREEN_ON,no_load_injected_background_apps_unverified,
2026-08-22T08:32:19.163967Z,1.0.0,realme_RMX3760_api35,1.0.0+1,release,mobilenet_v3_small_full_int8,7eb4e5feb3ad6a7ffe9c7d81f9f7b78d520a334323c091aaddccb8859c84991b,mobilenet_v3_small,full_int8,int8,int8,1x224x224x3,builtin_cpu,none,none_builtin,,4,1,2,measured,20,122.717000,3.077000,119.46875,3.2566375732421875,45.0,charging,false,0,,,43.3,FLAG_KEEP_SCREEN_ON,no_load_injected_background_apps_unverified,
2026-08-22T08:32:19.342074Z,1.0.0,realme_RMX3760_api35,1.0.0+1,release,mobilenet_v3_small_full_int8,7eb4e5feb3ad6a7ffe9c7d81f9f7b78d520a334323c091aaddccb8859c84991b,mobilenet_v3_small,full_int8,int8,int8,1x224x224x3,builtin_cpu,none,none_builtin,,4,1,2,measured,21,129.664000,3.077000,117.71484375,3.2568817138671875,45.0,charging,false,0,,,43.3,FLAG_KEEP_SCREEN_ON,no_load_injected_background_apps_unverified,
2026-08-22T08:32:19.517607Z,1.0.0,realme_RMX3760_api35,1.0.0+1,release,mobilenet_v3_small_full_int8,7eb4e5feb3ad6a7ffe9c7d81f9f7b78d520a334323c091aaddccb8859c84991b,mobilenet_v3_small,full_int8,int8,int8,1x224x224x3,builtin_cpu,none,none_builtin,,4,1,2,measured,22,123.716000,3.077000,119.984375,3.2883758544921875,45.0,charging,false,0,,,43.3,FLAG_KEEP_SCREEN_ON,no_load_injected_background_apps_unverified,
2026-08-22T08:32:19.689837Z,1.0.0,realme_RMX3760_api35,1.0.0+1,release,mobilenet_v3_small_full_int8,7eb4e5feb3ad6a7ffe9c7d81f9f7b78d520a334323c091aaddccb8859c84991b,mobilenet_v3_small,full_int8,int8,int8,1x224x224x3,builtin_cpu,none,none_builtin,,4,1,2,measured,23,122.159000,3.077000,119.48828125,3.2886199951171875,45.0,charging,false,0,,,43.3,FLAG_KEEP_SCREEN_ON,no_load_injected_background_apps_unverified,
2026-08-22T08:32:19.864245Z,1.0.0,realme_RMX3760_api35,1.0.0+1,release,mobilenet_v3_small_full_int8,7eb4e5feb3ad6a7ffe9c7d81f9f7b78d520a334323c091aaddccb8859c84991b,mobilenet_v3_small,full_int8,int8,int8,1x224x224x3,builtin_cpu,none,none_builtin,,4,1,2,measured,24,126.002000,3.077000,118.21875,3.2888641357421875,45.0,charging,false,0,,,43.3,FLAG_KEEP_SCREEN_ON,no_load_injected_background_apps_unverified,
2026-08-22T08:32:20.037391Z,1.0.0,realme_RMX3760_api35,1.0.0+1,release,mobilenet_v3_small_full_int8,7eb4e5feb3ad6a7ffe9c7d81f9f7b78d520a334323c091aaddccb8859c84991b,mobilenet_v3_small,full_int8,int8,int8,1x224x224x3,builtin_cpu,none,none_builtin,,4,1,2,measured,25,122.396000,3.077000,119.98828125,3.2891082763671875,45.0,charging,false,0,,,43.3,FLAG_KEEP_SCREEN_ON,no_load_injected_background_apps_unverified,
2026-08-22T08:32:20.212224Z,1.0.0,realme_RMX3760_api35,1.0.0+1,release,mobilenet_v3_small_full_int8,7eb4e5feb3ad6a7ffe9c7d81f9f7b78d520a334323c091aaddccb8859c84991b,mobilenet_v3_small,full_int8,int8,int8,1x224x224x3,builtin_cpu,none,none_builtin,,4,1,2,measured,26,124.203000,3.077000,118.9921875,3.2893524169921875,45.0,charging,false,0,,,43.3,FLAG_KEEP_SCREEN_ON,no_load_injected_background_apps_unverified,
2026-08-22T08:32:20.384195Z,1.0.0,realme_RMX3760_api35,1.0.0+1,release,mobilenet_v3_small_full_int8,7eb4e5feb3ad6a7ffe9c7d81f9f7b78d520a334323c091aaddccb8859c84991b,mobilenet_v3_small,full_int8,int8,int8,1x224x224x3,builtin_cpu,none,none_builtin,,4,1,2,measured,27,122.225000,3.077000,119.0390625,3.2895965576171875,45.0,charging,false,0,,,43.3,FLAG_KEEP_SCREEN_ON,no_load_injected_background_apps_unverified,
2026-08-22T08:32:20.558831Z,1.0.0,realme_RMX3760_api35,1.0.0+1,release,mobilenet_v3_small_full_int8,7eb4e5feb3ad6a7ffe9c7d81f9f7b78d520a334323c091aaddccb8859c84991b,mobilenet_v3_small,full_int8,int8,int8,1x224x224x3,builtin_cpu,none,none_builtin,,4,1,2,measured,28,122.791000,3.077000,120.546875,3.3210906982421875,45.0,charging,false,0,,,43.3,FLAG_KEEP_SCREEN_ON,no_load_injected_background_apps_unverified,
2026-08-22T08:32:20.731658Z,1.0.0,realme_RMX3760_api35,1.0.0+1,release,mobilenet_v3_small_full_int8,7eb4e5feb3ad6a7ffe9c7d81f9f7b78d520a334323c091aaddccb8859c84991b,mobilenet_v3_small,full_int8,int8,int8,1x224x224x3,builtin_cpu,none,none_builtin,,4,1,2,measured,29,120.470000,3.077000,119.55859375,3.3213348388671875,45.0,charging,false,0,,,43.3,FLAG_KEEP_SCREEN_ON,no_load_injected_background_apps_unverified,
2026-08-22T08:32:20.907766Z,1.0.0,realme_RMX3760_api35,1.0.0+1,release,mobilenet_v3_small_full_int8,7eb4e5feb3ad6a7ffe9c7d81f9f7b78d520a334323c091aaddccb8859c84991b,mobilenet_v3_small,full_int8,int8,int8,1x224x224x3,builtin_cpu,none,none_builtin,,4,1,2,measured,30,123.450000,3.077000,119.5625,3.3215789794921875,45.0,charging,false,0,,,43.3,FLAG_KEEP_SCREEN_ON,no_load_injected_background_apps_unverified,
2026-08-22T08:32:21.086587Z,1.0.0,realme_RMX3760_api35,1.0.0+1,release,mobilenet_v3_small_full_int8,7eb4e5feb3ad6a7ffe9c7d81f9f7b78d520a334323c091aaddccb8859c84991b,mobilenet_v3_small,full_int8,int8,int8,1x224x224x3,builtin_cpu,none,none_builtin,,4,1,2,measured,31,126.255000,3.077000,120.57421875,3.3218231201171875,45.0,charging,false,0,,,43.3,FLAG_KEEP_SCREEN_ON,no_load_injected_background_apps_unverified,
2026-08-22T08:32:21.257895Z,1.0.0,realme_RMX3760_api35,1.0.0+1,release,mobilenet_v3_small_full_int8,7eb4e5feb3ad6a7ffe9c7d81f9f7b78d520a334323c091aaddccb8859c84991b,mobilenet_v3_small,full_int8,int8,int8,1x224x224x3,builtin_cpu,none,none_builtin,,4,1,2,measured,32,121.072000,3.077000,119.078125,3.3220672607421875,45.0,charging,false,0,,,43.3,FLAG_KEEP_SCREEN_ON,no_load_injected_background_apps_unverified,
2026-08-22T08:32:21.431938Z,1.0.0,realme_RMX3760_api35,1.0.0+1,release,mobilenet_v3_small_full_int8,7eb4e5feb3ad6a7ffe9c7d81f9f7b78d520a334323c091aaddccb8859c84991b,mobilenet_v3_small,full_int8,int8,int8,1x224x224x3,builtin_cpu,none,none_builtin,,4,1,2,measured,33,125.560000,3.077000,117.82421875,3.3535614013671875,45.0,charging,false,0,,,43.3,FLAG_KEEP_SCREEN_ON,no_load_injected_background_apps_unverified,
2026-08-22T08:32:21.605814Z,1.0.0,realme_RMX3760_api35,1.0.0+1,release,mobilenet_v3_small_full_int8,7eb4e5feb3ad6a7ffe9c7d81f9f7b78d520a334323c091aaddccb8859c84991b,mobilenet_v3_small,full_int8,int8,int8,1x224x224x3,builtin_cpu,none,none_builtin,,4,1,2,measured,34,123.041000,3.077000,120.09375,3.3538055419921875,45.0,charging,false,0,,,43.3,FLAG_KEEP_SCREEN_ON,no_load_injected_background_apps_unverified,
2026-08-22T08:32:21.782004Z,1.0.0,realme_RMX3760_api35,1.0.0+1,release,mobilenet_v3_small_full_int8,7eb4e5feb3ad6a7ffe9c7d81f9f7b78d520a334323c091aaddccb8859c84991b,mobilenet_v3_small,full_int8,int8,int8,1x224x224x3,builtin_cpu,none,none_builtin,,4,1,2,measured,35,124.212000,3.077000,119.59375,3.3540496826171875,45.0,charging,false,0,,,43.3,FLAG_KEEP_SCREEN_ON,no_load_injected_background_apps_unverified,
2026-08-22T08:32:21.955058Z,1.0.0,realme_RMX3760_api35,1.0.0+1,release,mobilenet_v3_small_full_int8,7eb4e5feb3ad6a7ffe9c7d81f9f7b78d520a334323c091aaddccb8859c84991b,mobilenet_v3_small,full_int8,int8,int8,1x224x224x3,builtin_cpu,none,none_builtin,,4,1,2,measured,36,123.648000,3.077000,119.6015625,3.3542938232421875,45.0,charging,false,0,,,43.3,FLAG_KEEP_SCREEN_ON,no_load_injected_background_apps_unverified,
2026-08-22T08:32:22.129580Z,1.0.0,realme_RMX3760_api35,1.0.0+1,release,mobilenet_v3_small_full_int8,7eb4e5feb3ad6a7ffe9c7d81f9f7b78d520a334323c091aaddccb8859c84991b,mobilenet_v3_small,full_int8,int8,int8,1x224x224x3,builtin_cpu,none,none_builtin,,4,1,2,measured,37,122.107000,3.077000,120.609375,3.3545379638671875,45.0,charging,false,0,,,43.3,FLAG_KEEP_SCREEN_ON,no_load_injected_background_apps_unverified,
2026-08-22T08:32:22.303663Z,1.0.0,realme_RMX3760_api35,1.0.0+1,release,mobilenet_v3_small_full_int8,7eb4e5feb3ad6a7ffe9c7d81f9f7b78d520a334323c091aaddccb8859c84991b,mobilenet_v3_small,full_int8,int8,int8,1x224x224x3,builtin_cpu,none,none_builtin,,4,1,2,measured,38,124.212000,3.077000,119.109375,3.3547821044921875,45.0,charging,false,0,,,43.3,FLAG_KEEP_SCREEN_ON,no_load_injected_background_apps_unverified,
2026-08-22T08:32:22.479807Z,1.0.0,realme_RMX3760_api35,1.0.0+1,release,mobilenet_v3_small_full_int8,7eb4e5feb3ad6a7ffe9c7d81f9f7b78d520a334323c091aaddccb8859c84991b,mobilenet_v3_small,full_int8,int8,int8,1x224x224x3,builtin_cpu,none,none_builtin,,4,1,2,measured,39,127.859000,3.077000,117.85546875,3.3862762451171875,45.0,charging,false,0,,,43.3,FLAG_KEEP_SCREEN_ON,no_load_injected_background_apps_unverified,
2026-08-22T08:32:22.654453Z,1.0.0,realme_RMX3760_api35,1.0.0+1,release,mobilenet_v3_small_full_int8,7eb4e5feb3ad6a7ffe9c7d81f9f7b78d520a334323c091aaddccb8859c84991b,mobilenet_v3_small,full_int8,int8,int8,1x224x224x3,builtin_cpu,none,none_builtin,,4,1,2,measured,40,121.917000,3.077000,120.125,3.3865203857421875,45.0,charging,false,0,,,43.3,FLAG_KEEP_SCREEN_ON,no_load_injected_background_apps_unverified,
2026-08-22T08:32:22.826803Z,1.0.0,realme_RMX3760_api35,1.0.0+1,release,mobilenet_v3_small_full_int8,7eb4e5feb3ad6a7ffe9c7d81f9f7b78d520a334323c091aaddccb8859c84991b,mobilenet_v3_small,full_int8,int8,int8,1x224x224x3,builtin_cpu,none,none_builtin,,4,1,2,measured,41,121.336000,3.077000,119.62890625,3.3867645263671875,45.0,charging,false,0,,,43.3,FLAG_KEEP_SCREEN_ON,no_load_injected_background_apps_unverified,
2026-08-22T08:32:23.002445Z,1.0.0,realme_RMX3760_api35,1.0.0+1,release,mobilenet_v3_small_full_int8,7eb4e5feb3ad6a7ffe9c7d81f9f7b78d520a334323c091aaddccb8859c84991b,mobilenet_v3_small,full_int8,int8,int8,1x224x224x3,builtin_cpu,none,none_builtin,,4,1,2,measured,42,123.612000,3.077000,119.6328125,3.3870086669921875,45.0,charging,false,0,,,43.3,FLAG_KEEP_SCREEN_ON,no_load_injected_background_apps_unverified,
2026-08-22T08:32:23.174466Z,1.0.0,realme_RMX3760_api35,1.0.0+1,release,mobilenet_v3_small_full_int8,7eb4e5feb3ad6a7ffe9c7d81f9f7b78d520a334323c091aaddccb8859c84991b,mobilenet_v3_small,full_int8,int8,int8,1x224x224x3,builtin_cpu,none,none_builtin,,4,1,2,measured,43,120.748000,3.077000,119.640625,3.3872528076171875,45.0,charging,false,0,,,43.3,FLAG_KEEP_SCREEN_ON,no_load_injected_background_apps_unverified,
2026-08-22T08:32:23.350633Z,1.0.0,realme_RMX3760_api35,1.0.0+1,release,mobilenet_v3_small_full_int8,7eb4e5feb3ad6a7ffe9c7d81f9f7b78d520a334323c091aaddccb8859c84991b,mobilenet_v3_small,full_int8,int8,int8,1x224x224x3,builtin_cpu,none,none_builtin,,4,1,2,measured,44,125.219000,3.077000,117.890625,3.3874969482421875,45.0,charging,false,0,,,43.3,FLAG_KEEP_SCREEN_ON,no_load_injected_background_apps_unverified,
2026-08-22T08:32:23.521715Z,1.0.0,realme_RMX3760_api35,1.0.0+1,release,mobilenet_v3_small_full_int8,7eb4e5feb3ad6a7ffe9c7d81f9f7b78d520a334323c091aaddccb8859c84991b,mobilenet_v3_small,full_int8,int8,int8,1x224x224x3,builtin_cpu,none,none_builtin,,4,1,2,measured,45,121.111000,3.077000,120.16015625,3.4189910888671875,45.0,charging,false,0,,,43.3,FLAG_KEEP_SCREEN_ON,no_load_injected_background_apps_unverified,
2026-08-22T08:32:23.697294Z,1.0.0,realme_RMX3760_api35,1.0.0+1,release,mobilenet_v3_small_full_int8,7eb4e5feb3ad6a7ffe9c7d81f9f7b78d520a334323c091aaddccb8859c84991b,mobilenet_v3_small,full_int8,int8,int8,1x224x224x3,builtin_cpu,none,none_builtin,,4,1,2,measured,46,122.964000,3.077000,119.66015625,3.4192352294921875,45.0,charging,false,0,,,43.3,FLAG_KEEP_SCREEN_ON,no_load_injected_background_apps_unverified,
2026-08-22T08:32:23.877461Z,1.0.0,realme_RMX3760_api35,1.0.0+1,release,mobilenet_v3_small_full_int8,7eb4e5feb3ad6a7ffe9c7d81f9f7b78d520a334323c091aaddccb8859c84991b,mobilenet_v3_small,full_int8,int8,int8,1x224x224x3,builtin_cpu,none,none_builtin,,4,1,2,measured,47,128.904000,3.077000,117.40625,3.4194793701171875,45.0,charging,false,0,,,43.3,FLAG_KEEP_SCREEN_ON,no_load_injected_background_apps_unverified,
2026-08-22T08:32:24.050642Z,1.0.0,realme_RMX3760_api35,1.0.0+1,release,mobilenet_v3_small_full_int8,7eb4e5feb3ad6a7ffe9c7d81f9f7b78d520a334323c091aaddccb8859c84991b,mobilenet_v3_small,full_int8,int8,int8,1x224x224x3,builtin_cpu,none,none_builtin,,4,1,2,measured,48,122.307000,3.077000,120.17578125,3.4197235107421875,45.0,charging,false,0,,,43.3,FLAG_KEEP_SCREEN_ON,no_load_injected_background_apps_unverified,
2026-08-22T08:32:24.227860Z,1.0.0,realme_RMX3760_api35,1.0.0+1,release,mobilenet_v3_small_full_int8,7eb4e5feb3ad6a7ffe9c7d81f9f7b78d520a334323c091aaddccb8859c84991b,mobilenet_v3_small,full_int8,int8,int8,1x224x224x3,builtin_cpu,none,none_builtin,,4,1,2,measured,49,123.694000,3.077000,119.67578125,3.4199676513671875,45.0,charging,false,0,,,43.3,FLAG_KEEP_SCREEN_ON,no_load_injected_background_apps_unverified,
2026-08-22T08:32:24.407683Z,1.0.0,realme_RMX3760_api35,1.0.0+1,release,mobilenet_v3_small_full_int8,7eb4e5feb3ad6a7ffe9c7d81f9f7b78d520a334323c091aaddccb8859c84991b,mobilenet_v3_small,full_int8,int8,int8,1x224x224x3,builtin_cpu,none,none_builtin,,4,1,2,measured,50,131.175000,3.077000,117.921875,3.4202117919921875,45.0,charging,false,0,,,43.3,FLAG_KEEP_SCREEN_ON,no_load_injected_background_apps_unverified,
2026-08-22T08:32:24.585188Z,1.0.0,realme_RMX3760_api35,1.0.0+1,release,mobilenet_v3_small_full_int8,7eb4e5feb3ad6a7ffe9c7d81f9f7b78d520a334323c091aaddccb8859c84991b,mobilenet_v3_small,full_int8,int8,int8,1x224x224x3,builtin_cpu,none,none_builtin,,4,1,2,measured,51,126.110000,3.077000,120.19140625,3.4517059326171875,45.0,charging,false,0,,,43.3,FLAG_KEEP_SCREEN_ON,no_load_injected_background_apps_unverified,
2026-08-22T08:32:24.767816Z,1.0.0,realme_RMX3760_api35,1.0.0+1,release,mobilenet_v3_small_full_int8,7eb4e5feb3ad6a7ffe9c7d81f9f7b78d520a334323c091aaddccb8859c84991b,mobilenet_v3_small,full_int8,int8,int8,1x224x224x3,builtin_cpu,none,none_builtin,,4,1,2,measured,52,129.108000,3.077000,119.68359375,3.4519500732421875,45.0,charging,false,0,,,43.3,FLAG_KEEP_SCREEN_ON,no_load_injected_background_apps_unverified,
2026-08-22T08:32:24.943055Z,1.0.0,realme_RMX3760_api35,1.0.0+1,release,mobilenet_v3_small_full_int8,7eb4e5feb3ad6a7ffe9c7d81f9f7b78d520a334323c091aaddccb8859c84991b,mobilenet_v3_small,full_int8,int8,int8,1x224x224x3,builtin_cpu,none,none_builtin,,4,1,2,measured,53,125.165000,3.077000,117.42578125,3.4521942138671875,45.0,charging,false,0,,,43.3,FLAG_KEEP_SCREEN_ON,no_load_injected_background_apps_unverified,
2026-08-22T08:32:25.116095Z,1.0.0,realme_RMX3760_api35,1.0.0+1,release,mobilenet_v3_small_full_int8,7eb4e5feb3ad6a7ffe9c7d81f9f7b78d520a334323c091aaddccb8859c84991b,mobilenet_v3_small,full_int8,int8,int8,1x224x224x3,builtin_cpu,none,none_builtin,,4,1,2,measured,54,122.818000,3.077000,120.1953125,3.4524383544921875,45.0,charging,false,0,,,43.3,FLAG_KEEP_SCREEN_ON,no_load_injected_background_apps_unverified,
2026-08-22T08:32:25.292391Z,1.0.0,realme_RMX3760_api35,1.0.0+1,release,mobilenet_v3_small_full_int8,7eb4e5feb3ad6a7ffe9c7d81f9f7b78d520a334323c091aaddccb8859c84991b,mobilenet_v3_small,full_int8,int8,int8,1x224x224x3,builtin_cpu,none,none_builtin,,4,1,2,measured,55,125.421000,3.077000,117.9375,3.4526824951171875,45.0,charging,false,0,,,43.3,FLAG_KEEP_SCREEN_ON,no_load_injected_background_apps_unverified,
2026-08-22T08:32:25.465840Z,1.0.0,realme_RMX3760_api35,1.0.0+1,release,mobilenet_v3_small_full_int8,7eb4e5feb3ad6a7ffe9c7d81f9f7b78d520a334323c091aaddccb8859c84991b,mobilenet_v3_small,full_int8,int8,int8,1x224x224x3,builtin_cpu,none,none_builtin,,4,1,2,measured,56,123.202000,3.077000,120.19921875,3.4841766357421875,45.0,charging,false,0,,,43.3,FLAG_KEEP_SCREEN_ON,no_load_injected_background_apps_unverified,
2026-08-22T08:32:25.641201Z,1.0.0,realme_RMX3760_api35,1.0.0+1,release,mobilenet_v3_small_full_int8,7eb4e5feb3ad6a7ffe9c7d81f9f7b78d520a334323c091aaddccb8859c84991b,mobilenet_v3_small,full_int8,int8,int8,1x224x224x3,builtin_cpu,none,none_builtin,,4,1,2,measured,57,123.737000,3.077000,119.703125,3.4844207763671875,45.0,charging,false,0,,,43.3,FLAG_KEEP_SCREEN_ON,no_load_injected_background_apps_unverified,
2026-08-22T08:32:25.813811Z,1.0.0,realme_RMX3760_api35,1.0.0+1,release,mobilenet_v3_small_full_int8,7eb4e5feb3ad6a7ffe9c7d81f9f7b78d520a334323c091aaddccb8859c84991b,mobilenet_v3_small,full_int8,int8,int8,1x224x224x3,builtin_cpu,none,none_builtin,,4,1,2,measured,58,122.864000,3.077000,119.20703125,3.4846649169921875,45.0,charging,false,0,,,43.3,FLAG_KEEP_SCREEN_ON,no_load_injected_background_apps_unverified,
2026-08-22T08:32:25.994745Z,1.0.0,realme_RMX3760_api35,1.0.0+1,release,mobilenet_v3_small_full_int8,7eb4e5feb3ad6a7ffe9c7d81f9f7b78d520a334323c091aaddccb8859c84991b,mobilenet_v3_small,full_int8,int8,int8,1x224x224x3,builtin_cpu,none,none_builtin,,4,1,2,measured,59,122.310000,3.077000,120.671875,3.4849090576171875,45.0,charging,false,0,,,43.3,FLAG_KEEP_SCREEN_ON,no_load_injected_background_apps_unverified,
2026-08-22T08:32:26.167893Z,1.0.0,realme_RMX3760_api35,1.0.0+1,release,mobilenet_v3_small_full_int8,7eb4e5feb3ad6a7ffe9c7d81f9f7b78d520a334323c091aaddccb8859c84991b,mobilenet_v3_small,full_int8,int8,int8,1x224x224x3,builtin_cpu,none,none_builtin,,4,1,2,measured,60,123.220000,3.077000,119.671875,3.4851531982421875,45.0,charging,false,0,,,43.3,FLAG_KEEP_SCREEN_ON,no_load_injected_background_apps_unverified,
2026-08-22T08:32:26.347809Z,1.0.0,realme_RMX3760_api35,1.0.0+1,release,mobilenet_v3_small_full_int8,7eb4e5feb3ad6a7ffe9c7d81f9f7b78d520a334323c091aaddccb8859c84991b,mobilenet_v3_small,full_int8,int8,int8,1x224x224x3,builtin_cpu,none,none_builtin,,4,1,2,measured,61,130.669000,3.077000,117.9375,3.4853973388671875,45.0,charging,false,0,,,43.3,FLAG_KEEP_SCREEN_ON,no_load_injected_background_apps_unverified,
2026-08-22T08:32:26.522241Z,1.0.0,realme_RMX3760_api35,1.0.0+1,release,mobilenet_v3_small_full_int8,7eb4e5feb3ad6a7ffe9c7d81f9f7b78d520a334323c091aaddccb8859c84991b,mobilenet_v3_small,full_int8,int8,int8,1x224x224x3,builtin_cpu,none,none_builtin,,4,1,2,measured,62,125.005000,3.077000,120.2109375,3.5168914794921875,45.0,charging,false,0,,,43.3,FLAG_KEEP_SCREEN_ON,no_load_injected_background_apps_unverified,
2026-08-22T08:32:26.703460Z,1.0.0,realme_RMX3760_api35,1.0.0+1,release,mobilenet_v3_small_full_int8,7eb4e5feb3ad6a7ffe9c7d81f9f7b78d520a334323c091aaddccb8859c84991b,mobilenet_v3_small,full_int8,int8,int8,1x224x224x3,builtin_cpu,none,none_builtin,,4,1,2,measured,63,123.992000,3.077000,119.7109375,3.5171356201171875,45.0,charging,false,0,,,43.3,FLAG_KEEP_SCREEN_ON,no_load_injected_background_apps_unverified,
2026-08-22T08:32:26.880191Z,1.0.0,realme_RMX3760_api35,1.0.0+1,release,mobilenet_v3_small_full_int8,7eb4e5feb3ad6a7ffe9c7d81f9f7b78d520a334323c091aaddccb8859c84991b,mobilenet_v3_small,full_int8,int8,int8,1x224x224x3,builtin_cpu,none,none_builtin,,4,1,2,measured,64,124.088000,3.077000,119.71875,3.5173797607421875,45.0,charging,false,0,,,43.3,FLAG_KEEP_SCREEN_ON,no_load_injected_background_apps_unverified,
2026-08-22T08:32:27.055911Z,1.0.0,realme_RMX3760_api35,1.0.0+1,release,mobilenet_v3_small_full_int8,7eb4e5feb3ad6a7ffe9c7d81f9f7b78d520a334323c091aaddccb8859c84991b,mobilenet_v3_small,full_int8,int8,int8,1x224x224x3,builtin_cpu,none,none_builtin,,4,1,2,measured,65,125.112000,3.077000,119.72265625,3.5176239013671875,45.0,charging,false,0,,,43.3,FLAG_KEEP_SCREEN_ON,no_load_injected_background_apps_unverified,
2026-08-22T08:32:27.230210Z,1.0.0,realme_RMX3760_api35,1.0.0+1,release,mobilenet_v3_small_full_int8,7eb4e5feb3ad6a7ffe9c7d81f9f7b78d520a334323c091aaddccb8859c84991b,mobilenet_v3_small,full_int8,int8,int8,1x224x224x3,builtin_cpu,none,none_builtin,,4,1,2,measured,66,122.569000,3.077000,119.7265625,3.5178680419921875,45.0,charging,false,0,,,43.3,FLAG_KEEP_SCREEN_ON,no_load_injected_background_apps_unverified,
2026-08-22T08:32:27.404217Z,1.0.0,realme_RMX3760_api35,1.0.0+1,release,mobilenet_v3_small_full_int8,7eb4e5feb3ad6a7ffe9c7d81f9f7b78d520a334323c091aaddccb8859c84991b,mobilenet_v3_small,full_int8,int8,int8,1x224x224x3,builtin_cpu,none,none_builtin,,4,1,2,measured,67,123.342000,3.077000,119.734375,3.5181121826171875,45.0,charging,false,0,,,43.3,FLAG_KEEP_SCREEN_ON,no_load_injected_background_apps_unverified,
2026-08-22T08:32:27.580501Z,1.0.0,realme_RMX3760_api35,1.0.0+1,release,mobilenet_v3_small_full_int8,7eb4e5feb3ad6a7ffe9c7d81f9f7b78d520a334323c091aaddccb8859c84991b,mobilenet_v3_small,full_int8,int8,int8,1x224x224x3,builtin_cpu,none,none_builtin,,4,1,2,measured,68,124.487000,3.077000,120.7421875,3.5496063232421875,45.0,charging,false,0,,,43.3,FLAG_KEEP_SCREEN_ON,no_load_injected_background_apps_unverified,
2026-08-22T08:32:27.754212Z,1.0.0,realme_RMX3760_api35,1.0.0+1,release,mobilenet_v3_small_full_int8,7eb4e5feb3ad6a7ffe9c7d81f9f7b78d520a334323c091aaddccb8859c84991b,mobilenet_v3_small,full_int8,int8,int8,1x224x224x3,builtin_cpu,none,none_builtin,,4,1,2,measured,69,123.229000,3.077000,119.7421875,3.5498504638671875,45.0,charging,false,0,,,43.3,FLAG_KEEP_SCREEN_ON,no_load_injected_background_apps_unverified,
2026-08-22T08:32:27.931591Z,1.0.0,realme_RMX3760_api35,1.0.0+1,release,mobilenet_v3_small_full_int8,7eb4e5feb3ad6a7ffe9c7d81f9f7b78d520a334323c091aaddccb8859c84991b,mobilenet_v3_small,full_int8,int8,int8,1x224x224x3,builtin_cpu,none,none_builtin,,4,1,2,measured,70,125.520000,3.077000,119.75,3.5500946044921875,45.0,charging,false,0,,,43.3,FLAG_KEEP_SCREEN_ON,no_load_injected_background_apps_unverified,
2026-08-22T08:32:28.104703Z,1.0.0,realme_RMX3760_api35,1.0.0+1,release,mobilenet_v3_small_full_int8,7eb4e5feb3ad6a7ffe9c7d81f9f7b78d520a334323c091aaddccb8859c84991b,mobilenet_v3_small,full_int8,int8,int8,1x224x224x3,builtin_cpu,none,none_builtin,,4,1,2,measured,71,123.059000,3.077000,119.76171875,3.5503387451171875,45.0,charging,false,0,,,43.3,FLAG_KEEP_SCREEN_ON,no_load_injected_background_apps_unverified,
2026-08-22T08:32:28.280192Z,1.0.0,realme_RMX3760_api35,1.0.0+1,release,mobilenet_v3_small_full_int8,7eb4e5feb3ad6a7ffe9c7d81f9f7b78d520a334323c091aaddccb8859c84991b,mobilenet_v3_small,full_int8,int8,int8,1x224x224x3,builtin_cpu,none,none_builtin,,4,1,2,measured,72,124.289000,3.077000,119.76953125,3.5505828857421875,45.0,charging,false,0,,,43.3,FLAG_KEEP_SCREEN_ON,no_load_injected_background_apps_unverified,
2026-08-22T08:32:28.452177Z,1.0.0,realme_RMX3760_api35,1.0.0+1,release,mobilenet_v3_small_full_int8,7eb4e5feb3ad6a7ffe9c7d81f9f7b78d520a334323c091aaddccb8859c84991b,mobilenet_v3_small,full_int8,int8,int8,1x224x224x3,builtin_cpu,none,none_builtin,,4,1,2,measured,73,121.981000,3.077000,119.7734375,3.5508270263671875,45.0,charging,false,0,,,43.3,FLAG_KEEP_SCREEN_ON,no_load_injected_background_apps_unverified,
2026-08-22T08:32:28.626166Z,1.0.0,realme_RMX3760_api35,1.0.0+1,release,mobilenet_v3_small_full_int8,7eb4e5feb3ad6a7ffe9c7d81f9f7b78d520a334323c091aaddccb8859c84991b,mobilenet_v3_small,full_int8,int8,int8,1x224x224x3,builtin_cpu,none,none_builtin,,4,1,2,measured,74,122.975000,3.077000,120.7890625,3.5823211669921875,45.0,charging,false,0,,,43.3,FLAG_KEEP_SCREEN_ON,no_load_injected_background_apps_unverified,
2026-08-22T08:32:28.802325Z,1.0.0,realme_RMX3760_api35,1.0.0+1,release,mobilenet_v3_small_full_int8,7eb4e5feb3ad6a7ffe9c7d81f9f7b78d520a334323c091aaddccb8859c84991b,mobilenet_v3_small,full_int8,int8,int8,1x224x224x3,builtin_cpu,none,none_builtin,,4,1,2,measured,75,124.069000,3.077000,119.796875,3.5825653076171875,45.0,charging,false,0,,,43.3,FLAG_KEEP_SCREEN_ON,no_load_injected_background_apps_unverified,
2026-08-22T08:32:28.979175Z,1.0.0,realme_RMX3760_api35,1.0.0+1,release,mobilenet_v3_small_full_int8,7eb4e5feb3ad6a7ffe9c7d81f9f7b78d520a334323c091aaddccb8859c84991b,mobilenet_v3_small,full_int8,int8,int8,1x224x224x3,builtin_cpu,none,none_builtin,,4,1,2,measured,76,127.582000,3.077000,118.05078125,3.5828094482421875,45.0,charging,false,0,,,43.3,FLAG_KEEP_SCREEN_ON,no_load_injected_background_apps_unverified,
2026-08-22T08:32:29.153541Z,1.0.0,realme_RMX3760_api35,1.0.0+1,release,mobilenet_v3_small_full_int8,7eb4e5feb3ad6a7ffe9c7d81f9f7b78d520a334323c091aaddccb8859c84991b,mobilenet_v3_small,full_int8,int8,int8,1x224x224x3,builtin_cpu,none,none_builtin,,4,1,2,measured,77,123.263000,3.077000,120.3203125,3.5830535888671875,45.0,charging,false,0,,,43.2,FLAG_KEEP_SCREEN_ON,no_load_injected_background_apps_unverified,
2026-08-22T08:32:29.328218Z,1.0.0,realme_RMX3760_api35,1.0.0+1,release,mobilenet_v3_small_full_int8,7eb4e5feb3ad6a7ffe9c7d81f9f7b78d520a334323c091aaddccb8859c84991b,mobilenet_v3_small,full_int8,int8,int8,1x224x224x3,builtin_cpu,none,none_builtin,,4,1,2,measured,78,122.014000,3.077000,119.82421875,3.5832977294921875,45.0,charging,false,0,,,43.2,FLAG_KEEP_SCREEN_ON,no_load_injected_background_apps_unverified,
2026-08-22T08:32:29.531044Z,1.0.0,realme_RMX3760_api35,1.0.0+1,release,mobilenet_v3_small_full_int8,7eb4e5feb3ad6a7ffe9c7d81f9f7b78d520a334323c091aaddccb8859c84991b,mobilenet_v3_small,full_int8,int8,int8,1x224x224x3,builtin_cpu,none,none_builtin,,4,1,2,measured,79,124.130000,3.077000,120.8115234375,3.6147918701171875,45.0,charging,false,0,,,43.2,FLAG_KEEP_SCREEN_ON,no_load_injected_background_apps_unverified,
2026-08-22T08:32:29.739248Z,1.0.0,realme_RMX3760_api35,1.0.0+1,release,mobilenet_v3_small_full_int8,7eb4e5feb3ad6a7ffe9c7d81f9f7b78d520a334323c091aaddccb8859c84991b,mobilenet_v3_small,full_int8,int8,int8,1x224x224x3,builtin_cpu,none,none_builtin,,4,1,2,measured,80,145.103000,3.077000,119.294921875,3.6150360107421875,45.0,charging,false,0,,,43.2,FLAG_KEEP_SCREEN_ON,no_load_injected_background_apps_unverified,
2026-08-22T08:32:29.917707Z,1.0.0,realme_RMX3760_api35,1.0.0+1,release,mobilenet_v3_small_full_int8,7eb4e5feb3ad6a7ffe9c7d81f9f7b78d520a334323c091aaddccb8859c84991b,mobilenet_v3_small,full_int8,int8,int8,1x224x224x3,builtin_cpu,none,none_builtin,,4,1,2,measured,81,129.460000,3.077000,118.037109375,3.6152801513671875,45.0,charging,false,0,,,43.2,FLAG_KEEP_SCREEN_ON,no_load_injected_background_apps_unverified,
2026-08-22T08:32:30.091374Z,1.0.0,realme_RMX3760_api35,1.0.0+1,release,mobilenet_v3_small_full_int8,7eb4e5feb3ad6a7ffe9c7d81f9f7b78d520a334323c091aaddccb8859c84991b,mobilenet_v3_small,full_int8,int8,int8,1x224x224x3,builtin_cpu,none,none_builtin,,4,1,2,measured,82,121.709000,3.077000,120.3115234375,3.6155242919921875,45.0,charging,false,0,,,43.2,FLAG_KEEP_SCREEN_ON,no_load_injected_background_apps_unverified,
2026-08-22T08:32:30.279097Z,1.0.0,realme_RMX3760_api35,1.0.0+1,release,mobilenet_v3_small_full_int8,7eb4e5feb3ad6a7ffe9c7d81f9f7b78d520a334323c091aaddccb8859c84991b,mobilenet_v3_small,full_int8,int8,int8,1x224x224x3,builtin_cpu,none,none_builtin,,4,1,2,measured,83,125.633000,3.077000,119.31640625,3.6157684326171875,45.0,charging,false,0,,,43.2,FLAG_KEEP_SCREEN_ON,no_load_injected_background_apps_unverified,
2026-08-22T08:32:30.454662Z,1.0.0,realme_RMX3760_api35,1.0.0+1,release,mobilenet_v3_small_full_int8,7eb4e5feb3ad6a7ffe9c7d81f9f7b78d520a334323c091aaddccb8859c84991b,mobilenet_v3_small,full_int8,int8,int8,1x224x224x3,builtin_cpu,none,none_builtin,,4,1,2,measured,84,124.975000,3.077000,119.818359375,3.6160125732421875,45.0,charging,false,0,,,43.2,FLAG_KEEP_SCREEN_ON,no_load_injected_background_apps_unverified,
2026-08-22T08:32:30.638832Z,1.0.0,realme_RMX3760_api35,1.0.0+1,release,mobilenet_v3_small_full_int8,7eb4e5feb3ad6a7ffe9c7d81f9f7b78d520a334323c091aaddccb8859c84991b,mobilenet_v3_small,full_int8,int8,int8,1x224x224x3,builtin_cpu,none,none_builtin,,4,1,2,measured,85,125.064000,3.077000,120.8251953125,3.6475067138671875,45.0,charging,false,0,,,43.2,FLAG_KEEP_SCREEN_ON,no_load_injected_background_apps_unverified,
2026-08-22T08:32:30.815829Z,1.0.0,realme_RMX3760_api35,1.0.0+1,release,mobilenet_v3_small_full_int8,7eb4e5feb3ad6a7ffe9c7d81f9f7b78d520a334323c091aaddccb8859c84991b,mobilenet_v3_small,full_int8,int8,int8,1x224x224x3,builtin_cpu,none,none_builtin,,4,1,2,measured,86,126.828000,3.077000,119.3291015625,3.6477508544921875,45.0,charging,false,0,,,43.2,FLAG_KEEP_SCREEN_ON,no_load_injected_background_apps_unverified,
2026-08-22T08:32:30.988928Z,1.0.0,realme_RMX3760_api35,1.0.0+1,release,mobilenet_v3_small_full_int8,7eb4e5feb3ad6a7ffe9c7d81f9f7b78d520a334323c091aaddccb8859c84991b,mobilenet_v3_small,full_int8,int8,int8,1x224x224x3,builtin_cpu,none,none_builtin,,4,1,2,measured,87,122.893000,3.077000,119.8369140625,3.6479949951171875,45.0,charging,false,0,,,43.2,FLAG_KEEP_SCREEN_ON,no_load_injected_background_apps_unverified,
2026-08-22T08:32:31.166212Z,1.0.0,realme_RMX3760_api35,1.0.0+1,release,mobilenet_v3_small_full_int8,7eb4e5feb3ad6a7ffe9c7d81f9f7b78d520a334323c091aaddccb8859c84991b,mobilenet_v3_small,full_int8,int8,int8,1x224x224x3,builtin_cpu,none,none_builtin,,4,1,2,measured,88,123.536000,3.077000,120.8447265625,3.6482391357421875,45.0,charging,false,0,,,43.2,FLAG_KEEP_SCREEN_ON,no_load_injected_background_apps_unverified,
2026-08-22T08:32:31.341018Z,1.0.0,realme_RMX3760_api35,1.0.0+1,release,mobilenet_v3_small_full_int8,7eb4e5feb3ad6a7ffe9c7d81f9f7b78d520a334323c091aaddccb8859c84991b,mobilenet_v3_small,full_int8,int8,int8,1x224x224x3,builtin_cpu,none,none_builtin,,4,1,2,measured,89,124.060000,3.077000,119.3486328125,3.6484832763671875,45.0,charging,false,0,,,43.2,FLAG_KEEP_SCREEN_ON,no_load_injected_background_apps_unverified,
2026-08-22T08:32:31.516700Z,1.0.0,realme_RMX3760_api35,1.0.0+1,release,mobilenet_v3_small_full_int8,7eb4e5feb3ad6a7ffe9c7d81f9f7b78d520a334323c091aaddccb8859c84991b,mobilenet_v3_small,full_int8,int8,int8,1x224x224x3,builtin_cpu,none,none_builtin,,4,1,2,measured,90,124.572000,3.077000,119.8564453125,3.6487274169921875,45.0,charging,false,0,,,43.2,FLAG_KEEP_SCREEN_ON,no_load_injected_background_apps_unverified,
2026-08-22T08:32:31.691666Z,1.0.0,realme_RMX3760_api35,1.0.0+1,release,mobilenet_v3_small_full_int8,7eb4e5feb3ad6a7ffe9c7d81f9f7b78d520a334323c091aaddccb8859c84991b,mobilenet_v3_small,full_int8,int8,int8,1x224x224x3,builtin_cpu,none,none_builtin,,4,1,2,measured,91,123.006000,3.077000,120.8681640625,3.6802215576171875,45.0,charging,false,0,,,43.2,FLAG_KEEP_SCREEN_ON,no_load_injected_background_apps_unverified,
2026-08-22T08:32:31.866509Z,1.0.0,realme_RMX3760_api35,1.0.0+1,release,mobilenet_v3_small_full_int8,7eb4e5feb3ad6a7ffe9c7d81f9f7b78d520a334323c091aaddccb8859c84991b,mobilenet_v3_small,full_int8,int8,int8,1x224x224x3,builtin_cpu,none,none_builtin,,4,1,2,measured,92,122.731000,3.077000,119.8720703125,3.6804656982421875,45.0,charging,false,0,,,43.2,FLAG_KEEP_SCREEN_ON,no_load_injected_background_apps_unverified,
2026-08-22T08:32:32.042535Z,1.0.0,realme_RMX3760_api35,1.0.0+1,release,mobilenet_v3_small_full_int8,7eb4e5feb3ad6a7ffe9c7d81f9f7b78d520a334323c091aaddccb8859c84991b,mobilenet_v3_small,full_int8,int8,int8,1x224x224x3,builtin_cpu,none,none_builtin,,4,1,2,measured,93,123.474000,3.077000,119.8798828125,3.6807098388671875,45.0,charging,false,0,,,43.2,FLAG_KEEP_SCREEN_ON,no_load_injected_background_apps_unverified,
2026-08-22T08:32:32.219966Z,1.0.0,realme_RMX3760_api35,1.0.0+1,release,mobilenet_v3_small_full_int8,7eb4e5feb3ad6a7ffe9c7d81f9f7b78d520a334323c091aaddccb8859c84991b,mobilenet_v3_small,full_int8,int8,int8,1x224x224x3,builtin_cpu,none,none_builtin,,4,1,2,measured,94,125.093000,3.077000,120.8876953125,3.6809539794921875,45.0,charging,false,0,,,43.2,FLAG_KEEP_SCREEN_ON,no_load_injected_background_apps_unverified,
2026-08-22T08:32:32.394385Z,1.0.0,realme_RMX3760_api35,1.0.0+1,release,mobilenet_v3_small_full_int8,7eb4e5feb3ad6a7ffe9c7d81f9f7b78d520a334323c091aaddccb8859c84991b,mobilenet_v3_small,full_int8,int8,int8,1x224x224x3,builtin_cpu,none,none_builtin,,4,1,2,measured,95,123.989000,3.077000,119.8916015625,3.6811981201171875,45.0,charging,false,0,,,43.2,FLAG_KEEP_SCREEN_ON,no_load_injected_background_apps_unverified,
2026-08-22T08:32:32.570475Z,1.0.0,realme_RMX3760_api35,1.0.0+1,release,mobilenet_v3_small_full_int8,7eb4e5feb3ad6a7ffe9c7d81f9f7b78d520a334323c091aaddccb8859c84991b,mobilenet_v3_small,full_int8,int8,int8,1x224x224x3,builtin_cpu,none,none_builtin,,4,1,2,measured,96,123.284000,3.077000,119.8955078125,3.6814422607421875,45.0,charging,false,0,,,43.2,FLAG_KEEP_SCREEN_ON,no_load_injected_background_apps_unverified,
2026-08-22T08:32:32.747135Z,1.0.0,realme_RMX3760_api35,1.0.0+1,release,mobilenet_v3_small_full_int8,7eb4e5feb3ad6a7ffe9c7d81f9f7b78d520a334323c091aaddccb8859c84991b,mobilenet_v3_small,full_int8,int8,int8,1x224x224x3,builtin_cpu,none,none_builtin,,4,1,2,measured,97,122.965000,3.077000,119.4072265625,3.7129364013671875,45.0,charging,false,0,,,43.2,FLAG_KEEP_SCREEN_ON,no_load_injected_background_apps_unverified,
2026-08-22T08:32:32.925589Z,1.0.0,realme_RMX3760_api35,1.0.0+1,release,mobilenet_v3_small_full_int8,7eb4e5feb3ad6a7ffe9c7d81f9f7b78d520a334323c091aaddccb8859c84991b,mobilenet_v3_small,full_int8,int8,int8,1x224x224x3,builtin_cpu,none,none_builtin,,4,1,2,measured,98,127.118000,3.077000,119.4150390625,3.7131805419921875,45.0,charging,false,0,,,43.2,FLAG_KEEP_SCREEN_ON,no_load_injected_background_apps_unverified,
2026-08-22T08:32:33.105965Z,1.0.0,realme_RMX3760_api35,1.0.0+1,release,mobilenet_v3_small_full_int8,7eb4e5feb3ad6a7ffe9c7d81f9f7b78d520a334323c091aaddccb8859c84991b,mobilenet_v3_small,full_int8,int8,int8,1x224x224x3,builtin_cpu,none,none_builtin,,4,1,2,measured,99,131.469000,3.077000,118.1572265625,3.7134246826171875,45.0,charging,false,0,,,43.2,FLAG_KEEP_SCREEN_ON,no_load_injected_background_apps_unverified,
2026-08-22T08:32:33.166725Z,1.0.0,realme_RMX3760_api35,1.0.0+1,release,mobilenet_v3_small_full_int8,7eb4e5feb3ad6a7ffe9c7d81f9f7b78d520a334323c091aaddccb8859c84991b,mobilenet_v3_small,full_int8,int8,int8,1x224x224x3,xnnpack_cpu,xnnpack,xnnpack,Bad state: failed precondition,1,1,3,configuration_error,-1,,0.000000,122.8095703125,3.7136688232421875,45.0,charging,false,0,,,43.2,FLAG_KEEP_SCREEN_ON,no_load_injected_background_apps_unverified,Bad state: failed precondition
2026-08-22T08:32:39.401607Z,1.0.0,realme_RMX3760_api35,1.0.0+1,release,mobilenet_v3_small_float32,cf6183dcd31c9ec34724e8f68d15423dc09b0cf71b1e91ba37800321b7526ba4,mobilenet_v3_small,float32,float32,float32,1x224x224x3,builtin_cpu,none,none_builtin,,4,1,4,measured,0,292.028000,5.967000,142.73828125,3.7139129638671875,45.0,charging,false,0,,,43.2,FLAG_KEEP_SCREEN_ON,no_load_injected_background_apps_unverified,
2026-08-22T08:32:39.745298Z,1.0.0,realme_RMX3760_api35,1.0.0+1,release,mobilenet_v3_small_float32,cf6183dcd31c9ec34724e8f68d15423dc09b0cf71b1e91ba37800321b7526ba4,mobilenet_v3_small,float32,float32,float32,1x224x224x3,builtin_cpu,none,none_builtin,,4,1,4,measured,1,287.669000,5.967000,139.15234375,3.7454071044921875,45.0,charging,false,0,,,43.2,FLAG_KEEP_SCREEN_ON,no_load_injected_background_apps_unverified,
2026-08-22T08:32:40.100482Z,1.0.0,realme_RMX3760_api35,1.0.0+1,release,mobilenet_v3_small_float32,cf6183dcd31c9ec34724e8f68d15423dc09b0cf71b1e91ba37800321b7526ba4,mobilenet_v3_small,float32,float32,float32,1x224x224x3,builtin_cpu,none,none_builtin,,4,1,4,measured,2,304.291000,5.967000,139.27734375,3.7456512451171875,45.0,charging,false,0,,,43.2,FLAG_KEEP_SCREEN_ON,no_load_injected_background_apps_unverified,
2026-08-22T08:32:40.461774Z,1.0.0,realme_RMX3760_api35,1.0.0+1,release,mobilenet_v3_small_float32,cf6183dcd31c9ec34724e8f68d15423dc09b0cf71b1e91ba37800321b7526ba4,mobilenet_v3_small,float32,float32,float32,1x224x224x3,builtin_cpu,none,none_builtin,,4,1,4,measured,3,312.107000,5.967000,139.00390625,3.7458953857421875,45.0,charging,false,0,,,43.2,FLAG_KEEP_SCREEN_ON,no_load_injected_background_apps_unverified,
2026-08-22T08:32:40.818739Z,1.0.0,realme_RMX3760_api35,1.0.0+1,release,mobilenet_v3_small_float32,cf6183dcd31c9ec34724e8f68d15423dc09b0cf71b1e91ba37800321b7526ba4,mobilenet_v3_small,float32,float32,float32,1x224x224x3,builtin_cpu,none,none_builtin,,4,1,4,measured,4,303.346000,5.967000,139.00390625,3.7461395263671875,45.0,charging,false,0,,,43.2,FLAG_KEEP_SCREEN_ON,no_load_injected_background_apps_unverified,
2026-08-22T08:32:41.174881Z,1.0.0,realme_RMX3760_api35,1.0.0+1,release,mobilenet_v3_small_float32,cf6183dcd31c9ec34724e8f68d15423dc09b0cf71b1e91ba37800321b7526ba4,mobilenet_v3_small,float32,float32,float32,1x224x224x3,builtin_cpu,none,none_builtin,,4,1,4,measured,5,302.022000,5.967000,139.01953125,3.7463836669921875,45.0,charging,false,0,,,43.2,FLAG_KEEP_SCREEN_ON,no_load_injected_background_apps_unverified,
2026-08-22T08:32:41.527927Z,1.0.0,realme_RMX3760_api35,1.0.0+1,release,mobilenet_v3_small_float32,cf6183dcd31c9ec34724e8f68d15423dc09b0cf71b1e91ba37800321b7526ba4,mobilenet_v3_small,float32,float32,float32,1x224x224x3,builtin_cpu,none,none_builtin,,4,1,4,measured,6,302.697000,5.967000,139.52734375,3.7466278076171875,45.0,charging,false,0,,,43.2,FLAG_KEEP_SCREEN_ON,no_load_injected_background_apps_unverified,
2026-08-22T08:32:41.886145Z,1.0.0,realme_RMX3760_api35,1.0.0+1,release,mobilenet_v3_small_float32,cf6183dcd31c9ec34724e8f68d15423dc09b0cf71b1e91ba37800321b7526ba4,mobilenet_v3_small,float32,float32,float32,1x224x224x3,builtin_cpu,none,none_builtin,,4,1,4,measured,7,304.431000,5.967000,138.796875,3.7781219482421875,45.0,charging,false,0,,,43.2,FLAG_KEEP_SCREEN_ON,no_load_injected_background_apps_unverified,
2026-08-22T08:32:42.237725Z,1.0.0,realme_RMX3760_api35,1.0.0+1,release,mobilenet_v3_small_float32,cf6183dcd31c9ec34724e8f68d15423dc09b0cf71b1e91ba37800321b7526ba4,mobilenet_v3_small,float32,float32,float32,1x224x224x3,builtin_cpu,none,none_builtin,,4,1,4,measured,8,298.422000,5.967000,139.515625,3.7783660888671875,45.0,charging,false,0,,,43.2,FLAG_KEEP_SCREEN_ON,no_load_injected_background_apps_unverified,
2026-08-22T08:32:42.581165Z,1.0.0,realme_RMX3760_api35,1.0.0+1,release,mobilenet_v3_small_float32,cf6183dcd31c9ec34724e8f68d15423dc09b0cf71b1e91ba37800321b7526ba4,mobilenet_v3_small,float32,float32,float32,1x224x224x3,builtin_cpu,none,none_builtin,,4,1,4,measured,9,292.951000,5.967000,139.58203125,3.7786102294921875,45.0,charging,false,0,,,43.2,FLAG_KEEP_SCREEN_ON,no_load_injected_background_apps_unverified,
2026-08-22T08:32:42.932886Z,1.0.0,realme_RMX3760_api35,1.0.0+1,release,mobilenet_v3_small_float32,cf6183dcd31c9ec34724e8f68d15423dc09b0cf71b1e91ba37800321b7526ba4,mobilenet_v3_small,float32,float32,float32,1x224x224x3,builtin_cpu,none,none_builtin,,4,1,4,measured,10,300.533000,5.967000,139.5234375,3.7788543701171875,45.0,charging,false,0,,,43.2,FLAG_KEEP_SCREEN_ON,no_load_injected_background_apps_unverified,
2026-08-22T08:32:43.279203Z,1.0.0,realme_RMX3760_api35,1.0.0+1,release,mobilenet_v3_small_float32,cf6183dcd31c9ec34724e8f68d15423dc09b0cf71b1e91ba37800321b7526ba4,mobilenet_v3_small,float32,float32,float32,1x224x224x3,builtin_cpu,none,none_builtin,,4,1,4,measured,11,294.484000,5.967000,139.03125,3.7790985107421875,45.0,charging,false,0,,,43.2,FLAG_KEEP_SCREEN_ON,no_load_injected_background_apps_unverified,
2026-08-22T08:32:43.633726Z,1.0.0,realme_RMX3760_api35,1.0.0+1,release,mobilenet_v3_small_float32,cf6183dcd31c9ec34724e8f68d15423dc09b0cf71b1e91ba37800321b7526ba4,mobilenet_v3_small,float32,float32,float32,1x224x224x3,builtin_cpu,none,none_builtin,,4,1,4,measured,12,301.685000,5.967000,139.0390625,3.7793426513671875,45.0,charging,false,0,,,43.2,FLAG_KEEP_SCREEN_ON,no_load_injected_background_apps_unverified,
2026-08-22T08:32:43.995247Z,1.0.0,realme_RMX3760_api35,1.0.0+1,release,mobilenet_v3_small_float32,cf6183dcd31c9ec34724e8f68d15423dc09b0cf71b1e91ba37800321b7526ba4,mobilenet_v3_small,float32,float32,float32,1x224x224x3,builtin_cpu,none,none_builtin,,4,1,4,measured,13,306.707000,5.967000,139.19140625,3.8108367919921875,45.0,charging,false,0,,,43.2,FLAG_KEEP_SCREEN_ON,no_load_injected_background_apps_unverified,
2026-08-22T08:32:44.345997Z,1.0.0,realme_RMX3760_api35,1.0.0+1,release,mobilenet_v3_small_float32,cf6183dcd31c9ec34724e8f68d15423dc09b0cf71b1e91ba37800321b7526ba4,mobilenet_v3_small,float32,float32,float32,1x224x224x3,builtin_cpu,none,none_builtin,,4,1,4,measured,14,298.005000,5.967000,139.51171875,3.8110809326171875,45.0,charging,false,0,,,43.2,FLAG_KEEP_SCREEN_ON,no_load_injected_background_apps_unverified,
2026-08-22T08:32:44.695848Z,1.0.0,realme_RMX3760_api35,1.0.0+1,release,mobilenet_v3_small_float32,cf6183dcd31c9ec34724e8f68d15423dc09b0cf71b1e91ba37800321b7526ba4,mobilenet_v3_small,float32,float32,float32,1x224x224x3,builtin_cpu,none,none_builtin,,4,1,4,measured,15,299.842000,5.967000,139.0234375,3.8113250732421875,45.0,charging,false,0,,,43.2,FLAG_KEEP_SCREEN_ON,no_load_injected_background_apps_unverified,
2026-08-22T08:32:45.060996Z,1.0.0,realme_RMX3760_api35,1.0.0+1,release,mobilenet_v3_small_float32,cf6183dcd31c9ec34724e8f68d15423dc09b0cf71b1e91ba37800321b7526ba4,mobilenet_v3_small,float32,float32,float32,1x224x224x3,builtin_cpu,none,none_builtin,,4,1,4,measured,16,315.322000,5.967000,139.546875,3.8115692138671875,45.0,charging,false,0,,,43.2,FLAG_KEEP_SCREEN_ON,no_load_injected_background_apps_unverified,
2026-08-22T08:32:45.409272Z,1.0.0,realme_RMX3760_api35,1.0.0+1,release,mobilenet_v3_small_float32,cf6183dcd31c9ec34724e8f68d15423dc09b0cf71b1e91ba37800321b7526ba4,mobilenet_v3_small,float32,float32,float32,1x224x224x3,builtin_cpu,none,none_builtin,,4,1,4,measured,17,299.280000,5.967000,139.05859375,3.8118133544921875,45.0,charging,false,0,,,43.2,FLAG_KEEP_SCREEN_ON,no_load_injected_background_apps_unverified,
2026-08-22T08:32:45.767395Z,1.0.0,realme_RMX3760_api35,1.0.0+1,release,mobilenet_v3_small_float32,cf6183dcd31c9ec34724e8f68d15423dc09b0cf71b1e91ba37800321b7526ba4,mobilenet_v3_small,float32,float32,float32,1x224x224x3,builtin_cpu,none,none_builtin,,4,1,4,measured,18,308.510000,5.967000,139.0625,3.8120574951171875,45.0,charging,false,0,,,43.2,FLAG_KEEP_SCREEN_ON,no_load_injected_background_apps_unverified,
2026-08-22T08:32:46.120673Z,1.0.0,realme_RMX3760_api35,1.0.0+1,release,mobilenet_v3_small_float32,cf6183dcd31c9ec34724e8f68d15423dc09b0cf71b1e91ba37800321b7526ba4,mobilenet_v3_small,float32,float32,float32,1x224x224x3,builtin_cpu,none,none_builtin,,4,1,4,measured,19,301.973000,5.967000,138.9140625,3.8435516357421875,45.0,charging,false,0,,,43.2,FLAG_KEEP_SCREEN_ON,no_load_injected_background_apps_unverified,
2026-08-22T08:32:46.472009Z,1.0.0,realme_RMX3760_api35,1.0.0+1,release,mobilenet_v3_small_float32,cf6183dcd31c9ec34724e8f68d15423dc09b0cf71b1e91ba37800321b7526ba4,mobilenet_v3_small,float32,float32,float32,1x224x224x3,builtin_cpu,none,none_builtin,,4,1,4,measured,20,301.439000,5.967000,138.9296875,3.8437957763671875,45.0,charging,false,0,,,43.2,FLAG_KEEP_SCREEN_ON,no_load_injected_background_apps_unverified,
2026-08-22T08:32:46.825788Z,1.0.0,realme_RMX3760_api35,1.0.0+1,release,mobilenet_v3_small_float32,cf6183dcd31c9ec34724e8f68d15423dc09b0cf71b1e91ba37800321b7526ba4,mobilenet_v3_small,float32,float32,float32,1x224x224x3,builtin_cpu,none,none_builtin,,4,1,4,measured,21,300.295000,5.967000,138.97265625,3.8440399169921875,45.0,charging,false,0,,,43.2,FLAG_KEEP_SCREEN_ON,no_load_injected_background_apps_unverified,
2026-08-22T08:32:47.181707Z,1.0.0,realme_RMX3760_api35,1.0.0+1,release,mobilenet_v3_small_float32,cf6183dcd31c9ec34724e8f68d15423dc09b0cf71b1e91ba37800321b7526ba4,mobilenet_v3_small,float32,float32,float32,1x224x224x3,builtin_cpu,none,none_builtin,,4,1,4,measured,22,306.221000,5.967000,138.9765625,3.8442840576171875,45.0,charging,false,0,,,43.2,FLAG_KEEP_SCREEN_ON,no_load_injected_background_apps_unverified,
2026-08-22T08:32:47.534169Z,1.0.0,realme_RMX3760_api35,1.0.0+1,release,mobilenet_v3_small_float32,cf6183dcd31c9ec34724e8f68d15423dc09b0cf71b1e91ba37800321b7526ba4,mobilenet_v3_small,float32,float32,float32,1x224x224x3,builtin_cpu,none,none_builtin,,4,1,4,measured,23,299.847000,5.967000,139.4921875,3.8445281982421875,45.0,charging,false,0,,,43.2,FLAG_KEEP_SCREEN_ON,no_load_injected_background_apps_unverified,
2026-08-22T08:32:47.884432Z,1.0.0,realme_RMX3760_api35,1.0.0+1,release,mobilenet_v3_small_float32,cf6183dcd31c9ec34724e8f68d15423dc09b0cf71b1e91ba37800321b7526ba4,mobilenet_v3_small,float32,float32,float32,1x224x224x3,builtin_cpu,none,none_builtin,,4,1,4,measured,24,301.236000,5.967000,139.05078125,3.8760223388671875,45.0,charging,false,0,,,43.2,FLAG_KEEP_SCREEN_ON,no_load_injected_background_apps_unverified,
2026-08-22T08:32:48.233911Z,1.0.0,realme_RMX3760_api35,1.0.0+1,release,mobilenet_v3_small_float32,cf6183dcd31c9ec34724e8f68d15423dc09b0cf71b1e91ba37800321b7526ba4,mobilenet_v3_small,float32,float32,float32,1x224x224x3,builtin_cpu,none,none_builtin,,4,1,4,measured,25,297.969000,5.967000,138.7890625,3.8762664794921875,45.0,charging,false,0,,,43.2,FLAG_KEEP_SCREEN_ON,no_load_injected_background_apps_unverified,
2026-08-22T08:32:48.589749Z,1.0.0,realme_RMX3760_api35,1.0.0+1,release,mobilenet_v3_small_float32,cf6183dcd31c9ec34724e8f68d15423dc09b0cf71b1e91ba37800321b7526ba4,mobilenet_v3_small,float32,float32,float32,1x224x224x3,builtin_cpu,none,none_builtin,,4,1,4,measured,26,303.345000,5.967000,139.65234375,3.8765106201171875,45.0,charging,false,0,,,43.2,FLAG_KEEP_SCREEN_ON,no_load_injected_background_apps_unverified,
2026-08-22T08:32:48.946746Z,1.0.0,realme_RMX3760_api35,1.0.0+1,release,mobilenet_v3_small_float32,cf6183dcd31c9ec34724e8f68d15423dc09b0cf71b1e91ba37800321b7526ba4,mobilenet_v3_small,float32,float32,float32,1x224x224x3,builtin_cpu,none,none_builtin,,4,1,4,measured,27,307.954000,5.967000,139.16015625,3.8767547607421875,45.0,charging,false,0,,,43.2,FLAG_KEEP_SCREEN_ON,no_load_injected_background_apps_unverified,
2026-08-22T08:32:49.298528Z,1.0.0,realme_RMX3760_api35,1.0.0+1,release,mobilenet_v3_small_float32,cf6183dcd31c9ec34724e8f68d15423dc09b0cf71b1e91ba37800321b7526ba4,mobilenet_v3_small,float32,float32,float32,1x224x224x3,builtin_cpu,none,none_builtin,,4,1,4,measured,28,297.259000,5.967000,139.04296875,3.8769989013671875,45.0,charging,false,0,,,43.2,FLAG_KEEP_SCREEN_ON,no_load_injected_background_apps_unverified,
2026-08-22T08:32:49.645884Z,1.0.0,realme_RMX3760_api35,1.0.0+1,release,mobilenet_v3_small_float32,cf6183dcd31c9ec34724e8f68d15423dc09b0cf71b1e91ba37800321b7526ba4,mobilenet_v3_small,float32,float32,float32,1x224x224x3,builtin_cpu,none,none_builtin,,4,1,4,measured,29,293.893000,5.967000,139.09765625,3.8772430419921875,45.0,charging,false,0,,,43.2,FLAG_KEEP_SCREEN_ON,no_load_injected_background_apps_unverified,
2026-08-22T08:32:49.997787Z,1.0.0,realme_RMX3760_api35,1.0.0+1,release,mobilenet_v3_small_float32,cf6183dcd31c9ec34724e8f68d15423dc09b0cf71b1e91ba37800321b7526ba4,mobilenet_v3_small,float32,float32,float32,1x224x224x3,builtin_cpu,none,none_builtin,,4,1,4,measured,30,299.267000,5.967000,139.10546875,3.9087371826171875,45.0,charging,false,0,,,43.2,FLAG_KEEP_SCREEN_ON,no_load_injected_background_apps_unverified,
2026-08-22T08:32:50.344636Z,1.0.0,realme_RMX3760_api35,1.0.0+1,release,mobilenet_v3_small_float32,cf6183dcd31c9ec34724e8f68d15423dc09b0cf71b1e91ba37800321b7526ba4,mobilenet_v3_small,float32,float32,float32,1x224x224x3,builtin_cpu,none,none_builtin,,4,1,4,measured,31,296.076000,5.967000,139.65234375,3.9089813232421875,45.0,charging,false,0,,,43.2,FLAG_KEEP_SCREEN_ON,no_load_injected_background_apps_unverified,
2026-08-22T08:32:50.691597Z,1.0.0,realme_RMX3760_api35,1.0.0+1,release,mobilenet_v3_small_float32,cf6183dcd31c9ec34724e8f68d15423dc09b0cf71b1e91ba37800321b7526ba4,mobilenet_v3_small,float32,float32,float32,1x224x224x3,builtin_cpu,none,none_builtin,,4,1,4,measured,32,296.806000,5.967000,139.1640625,3.9092254638671875,45.0,charging,false,0,,,43.2,FLAG_KEEP_SCREEN_ON,no_load_injected_background_apps_unverified,
2026-08-22T08:32:51.045817Z,1.0.0,realme_RMX3760_api35,1.0.0+1,release,mobilenet_v3_small_float32,cf6183dcd31c9ec34724e8f68d15423dc09b0cf71b1e91ba37800321b7526ba4,mobilenet_v3_small,float32,float32,float32,1x224x224x3,builtin_cpu,none,none_builtin,,4,1,4,measured,33,303.825000,5.967000,139.16796875,3.9094696044921875,45.0,charging,false,0,,,43.2,FLAG_KEEP_SCREEN_ON,no_load_injected_background_apps_unverified,
2026-08-22T08:32:51.397038Z,1.0.0,realme_RMX3760_api35,1.0.0+1,release,mobilenet_v3_small_float32,cf6183dcd31c9ec34724e8f68d15423dc09b0cf71b1e91ba37800321b7526ba4,mobilenet_v3_small,float32,float32,float32,1x224x224x3,builtin_cpu,none,none_builtin,,4,1,4,measured,34,300.713000,5.967000,139.1015625,3.9097137451171875,45.0,charging,false,0,,,43.2,FLAG_KEEP_SCREEN_ON,no_load_injected_background_apps_unverified,
2026-08-22T08:32:51.745952Z,1.0.0,realme_RMX3760_api35,1.0.0+1,release,mobilenet_v3_small_float32,cf6183dcd31c9ec34724e8f68d15423dc09b0cf71b1e91ba37800321b7526ba4,mobilenet_v3_small,float32,float32,float32,1x224x224x3,builtin_cpu,none,none_builtin,,4,1,4,measured,35,296.206000,5.967000,139.1875,3.9099578857421875,45.0,charging,false,0,,,43.2,FLAG_KEEP_SCREEN_ON,no_load_injected_background_apps_unverified,
2026-08-22T08:32:52.094097Z,1.0.0,realme_RMX3760_api35,1.0.0+1,release,mobilenet_v3_small_float32,cf6183dcd31c9ec34724e8f68d15423dc09b0cf71b1e91ba37800321b7526ba4,mobilenet_v3_small,float32,float32,float32,1x224x224x3,builtin_cpu,none,none_builtin,,4,1,4,measured,36,294.907000,5.967000,139.234375,3.9414520263671875,45.0,charging,false,0,,,43.2,FLAG_KEEP_SCREEN_ON,no_load_injected_background_apps_unverified,
2026-08-22T08:32:52.442558Z,1.0.0,realme_RMX3760_api35,1.0.0+1,release,mobilenet_v3_small_float32,cf6183dcd31c9ec34724e8f68d15423dc09b0cf71b1e91ba37800321b7526ba4,mobilenet_v3_small,float32,float32,float32,1x224x224x3,builtin_cpu,none,none_builtin,,4,1,4,measured,37,297.779000,5.967000,139.2265625,3.9416961669921875,45.0,charging,false,0,,,43.2,FLAG_KEEP_SCREEN_ON,no_load_injected_background_apps_unverified,
2026-08-22T08:32:52.793526Z,1.0.0,realme_RMX3760_api35,1.0.0+1,release,mobilenet_v3_small_float32,cf6183dcd31c9ec34724e8f68d15423dc09b0cf71b1e91ba37800321b7526ba4,mobilenet_v3_small,float32,float32,float32,1x224x224x3,builtin_cpu,none,none_builtin,,4,1,4,measured,38,300.581000,5.967000,139.74609375,3.9419403076171875,45.0,charging,false,0,,,43.2,FLAG_KEEP_SCREEN_ON,no_load_injected_background_apps_unverified,
2026-08-22T08:32:53.139875Z,1.0.0,realme_RMX3760_api35,1.0.0+1,release,mobilenet_v3_small_float32,cf6183dcd31c9ec34724e8f68d15423dc09b0cf71b1e91ba37800321b7526ba4,mobilenet_v3_small,float32,float32,float32,1x224x224x3,builtin_cpu,none,none_builtin,,4,1,4,measured,39,296.365000,5.967000,139.23828125,3.9421844482421875,45.0,charging,false,0,,,43.2,FLAG_KEEP_SCREEN_ON,no_load_injected_background_apps_unverified,
2026-08-22T08:32:53.484737Z,1.0.0,realme_RMX3760_api35,1.0.0+1,release,mobilenet_v3_small_float32,cf6183dcd31c9ec34724e8f68d15423dc09b0cf71b1e91ba37800321b7526ba4,mobilenet_v3_small,float32,float32,float32,1x224x224x3,builtin_cpu,none,none_builtin,,4,1,4,measured,40,293.922000,5.967000,139.015625,3.9424285888671875,45.0,charging,false,0,,,43.2,FLAG_KEEP_SCREEN_ON,no_load_injected_background_apps_unverified,
2026-08-22T08:32:53.844678Z,1.0.0,realme_RMX3760_api35,1.0.0+1,release,mobilenet_v3_small_float32,cf6183dcd31c9ec34724e8f68d15423dc09b0cf71b1e91ba37800321b7526ba4,mobilenet_v3_small,float32,float32,float32,1x224x224x3,builtin_cpu,none,none_builtin,,4,1,4,measured,41,306.281000,5.967000,139.16796875,3.9426727294921875,45.0,charging,false,0,,,43.2,FLAG_KEEP_SCREEN_ON,no_load_injected_background_apps_unverified,
2026-08-22T08:32:54.193521Z,1.0.0,realme_RMX3760_api35,1.0.0+1,release,mobilenet_v3_small_float32,cf6183dcd31c9ec34724e8f68d15423dc09b0cf71b1e91ba37800321b7526ba4,mobilenet_v3_small,float32,float32,float32,1x224x224x3,builtin_cpu,none,none_builtin,,4,1,4,measured,42,296.010000,5.967000,139.17578125,3.9741668701171875,45.0,charging,false,0,,,43.2,FLAG_KEEP_SCREEN_ON,no_load_injected_background_apps_unverified,
2026-08-22T08:32:54.543202Z,1.0.0,realme_RMX3760_api35,1.0.0+1,release,mobilenet_v3_small_float32,cf6183dcd31c9ec34724e8f68d15423dc09b0cf71b1e91ba37800321b7526ba4,mobilenet_v3_small,float32,float32,float32,1x224x224x3,builtin_cpu,none,none_builtin,,4,1,4,measured,43,296.690000,5.967000,139.17578125,3.9744110107421875,45.0,charging,false,0,,,43.2,FLAG_KEEP_SCREEN_ON,no_load_injected_background_apps_unverified,
2026-08-22T08:32:54.898307Z,1.0.0,realme_RMX3760_api35,1.0.0+1,release,mobilenet_v3_small_float32,cf6183dcd31c9ec34724e8f68d15423dc09b0cf71b1e91ba37800321b7526ba4,mobilenet_v3_small,float32,float32,float32,1x224x224x3,builtin_cpu,none,none_builtin,,4,1,4,measured,44,300.698000,5.967000,139.1875,3.9746551513671875,45.0,charging,false,0,,,43.2,FLAG_KEEP_SCREEN_ON,no_load_injected_background_apps_unverified,
2026-08-22T08:32:55.235643Z,1.0.0,realme_RMX3760_api35,1.0.0+1,release,mobilenet_v3_small_float32,cf6183dcd31c9ec34724e8f68d15423dc09b0cf71b1e91ba37800321b7526ba4,mobilenet_v3_small,float32,float32,float32,1x224x224x3,builtin_cpu,none,none_builtin,,4,1,4,measured,45,287.234000,5.967000,139.1953125,3.9748992919921875,45.0,charging,false,0,,,43.2,FLAG_KEEP_SCREEN_ON,no_load_injected_background_apps_unverified,
2026-08-22T08:32:55.586297Z,1.0.0,realme_RMX3760_api35,1.0.0+1,release,mobilenet_v3_small_float32,cf6183dcd31c9ec34724e8f68d15423dc09b0cf71b1e91ba37800321b7526ba4,mobilenet_v3_small,float32,float32,float32,1x224x224x3,builtin_cpu,none,none_builtin,,4,1,4,measured,46,299.498000,5.967000,138.9765625,3.9751434326171875,45.0,charging,false,0,,,43.2,FLAG_KEEP_SCREEN_ON,no_load_injected_background_apps_unverified,
2026-08-22T08:32:55.952814Z,1.0.0,realme_RMX3760_api35,1.0.0+1,release,mobilenet_v3_small_float32,cf6183dcd31c9ec34724e8f68d15423dc09b0cf71b1e91ba37800321b7526ba4,mobilenet_v3_small,float32,float32,float32,1x224x224x3,builtin_cpu,none,none_builtin,,4,1,4,measured,47,317.404000,5.967000,139.3046875,4.0066375732421875,45.0,charging,false,0,,,43.2,FLAG_KEEP_SCREEN_ON,no_load_injected_background_apps_unverified,
2026-08-22T08:32:56.302319Z,1.0.0,realme_RMX3760_api35,1.0.0+1,release,mobilenet_v3_small_float32,cf6183dcd31c9ec34724e8f68d15423dc09b0cf71b1e91ba37800321b7526ba4,mobilenet_v3_small,float32,float32,float32,1x224x224x3,builtin_cpu,none,none_builtin,,4,1,4,measured,48,298.839000,5.967000,139.30859375,4.0068817138671875,45.0,charging,false,0,,,43.2,FLAG_KEEP_SCREEN_ON,no_load_injected_background_apps_unverified,
2026-08-22T08:32:56.652302Z,1.0.0,realme_RMX3760_api35,1.0.0+1,release,mobilenet_v3_small_float32,cf6183dcd31c9ec34724e8f68d15423dc09b0cf71b1e91ba37800321b7526ba4,mobilenet_v3_small,float32,float32,float32,1x224x224x3,builtin_cpu,none,none_builtin,,4,1,4,measured,49,299.616000,5.967000,138.87890625,4.0071258544921875,45.0,charging,false,0,,,43.2,FLAG_KEEP_SCREEN_ON,no_load_injected_background_apps_unverified,
2026-08-22T08:32:57.001981Z,1.0.0,realme_RMX3760_api35,1.0.0+1,release,mobilenet_v3_small_float32,cf6183dcd31c9ec34724e8f68d15423dc09b0cf71b1e91ba37800321b7526ba4,mobilenet_v3_small,float32,float32,float32,1x224x224x3,builtin_cpu,none,none_builtin,,4,1,4,measured,50,299.345000,5.967000,139.234375,4.0073699951171875,45.0,charging,false,0,,,43.2,FLAG_KEEP_SCREEN_ON,no_load_injected_background_apps_unverified,
2026-08-22T08:32:57.352534Z,1.0.0,realme_RMX3760_api35,1.0.0+1,release,mobilenet_v3_small_float32,cf6183dcd31c9ec34724e8f68d15423dc09b0cf71b1e91ba37800321b7526ba4,mobilenet_v3_small,float32,float32,float32,1x224x224x3,builtin_cpu,none,none_builtin,,4,1,4,measured,51,299.875000,5.967000,139.28515625,4.0076141357421875,45.0,charging,false,0,,,43.2,FLAG_KEEP_SCREEN_ON,no_load_injected_background_apps_unverified,
2026-08-22T08:32:57.706093Z,1.0.0,realme_RMX3760_api35,1.0.0+1,release,mobilenet_v3_small_float32,cf6183dcd31c9ec34724e8f68d15423dc09b0cf71b1e91ba37800321b7526ba4,mobilenet_v3_small,float32,float32,float32,1x224x224x3,builtin_cpu,none,none_builtin,,4,1,4,measured,52,299.678000,5.967000,139.3125,4.0078582763671875,45.0,charging,false,0,,,43.2,FLAG_KEEP_SCREEN_ON,no_load_injected_background_apps_unverified,
2026-08-22T08:32:58.053792Z,1.0.0,realme_RMX3760_api35,1.0.0+1,release,mobilenet_v3_small_float32,cf6183dcd31c9ec34724e8f68d15423dc09b0cf71b1e91ba37800321b7526ba4,mobilenet_v3_small,float32,float32,float32,1x224x224x3,builtin_cpu,none,none_builtin,,4,1,4,measured,53,297.493000,5.967000,139.828125,4.0393524169921875,45.0,charging,false,0,,,43.2,FLAG_KEEP_SCREEN_ON,no_load_injected_background_apps_unverified,
2026-08-22T08:32:58.405687Z,1.0.0,realme_RMX3760_api35,1.0.0+1,release,mobilenet_v3_small_float32,cf6183dcd31c9ec34724e8f68d15423dc09b0cf71b1e91ba37800321b7526ba4,mobilenet_v3_small,float32,float32,float32,1x224x224x3,builtin_cpu,none,none_builtin,,4,1,4,measured,54,299.490000,5.967000,139.3359375,4.0395965576171875,45.0,charging,false,0,,,43.2,FLAG_KEEP_SCREEN_ON,no_load_injected_background_apps_unverified,
2026-08-22T08:32:58.754418Z,1.0.0,realme_RMX3760_api35,1.0.0+1,release,mobilenet_v3_small_float32,cf6183dcd31c9ec34724e8f68d15423dc09b0cf71b1e91ba37800321b7526ba4,mobilenet_v3_small,float32,float32,float32,1x224x224x3,builtin_cpu,none,none_builtin,,4,1,4,measured,55,295.019000,5.967000,139.83984375,4.0398406982421875,45.0,charging,false,0,,,43.2,FLAG_KEEP_SCREEN_ON,no_load_injected_background_apps_unverified,
2026-08-22T08:32:59.098866Z,1.0.0,realme_RMX3760_api35,1.0.0+1,release,mobilenet_v3_small_float32,cf6183dcd31c9ec34724e8f68d15423dc09b0cf71b1e91ba37800321b7526ba4,mobilenet_v3_small,float32,float32,float32,1x224x224x3,builtin_cpu,none,none_builtin,,4,1,4,measured,56,293.644000,5.967000,139.85546875,4.0400848388671875,45.0,charging,false,0,,,43.2,FLAG_KEEP_SCREEN_ON,no_load_injected_background_apps_unverified,
2026-08-22T08:32:59.445628Z,1.0.0,realme_RMX3760_api35,1.0.0+1,release,mobilenet_v3_small_float32,cf6183dcd31c9ec34724e8f68d15423dc09b0cf71b1e91ba37800321b7526ba4,mobilenet_v3_small,float32,float32,float32,1x224x224x3,builtin_cpu,none,none_builtin,,4,1,4,measured,57,294.397000,5.967000,139.859375,4.0403289794921875,45.0,charging,false,0,,,43.2,FLAG_KEEP_SCREEN_ON,no_load_injected_background_apps_unverified,
2026-08-22T08:32:59.805926Z,1.0.0,realme_RMX3760_api35,1.0.0+1,release,mobilenet_v3_small_float32,cf6183dcd31c9ec34724e8f68d15423dc09b0cf71b1e91ba37800321b7526ba4,mobilenet_v3_small,float32,float32,float32,1x224x224x3,builtin_cpu,none,none_builtin,,4,1,4,measured,58,310.656000,5.967000,139.1171875,4.0405731201171875,45.0,charging,false,0,,,43.2,FLAG_KEEP_SCREEN_ON,no_load_injected_background_apps_unverified,
2026-08-22T08:33:00.153706Z,1.0.0,realme_RMX3760_api35,1.0.0+1,release,mobilenet_v3_small_float32,cf6183dcd31c9ec34724e8f68d15423dc09b0cf71b1e91ba37800321b7526ba4,mobilenet_v3_small,float32,float32,float32,1x224x224x3,builtin_cpu,none,none_builtin,,4,1,4,measured,59,296.854000,5.967000,139.32421875,4.0720672607421875,45.0,charging,false,0,,,43.2,FLAG_KEEP_SCREEN_ON,no_load_injected_background_apps_unverified,
2026-08-22T08:33:00.504765Z,1.0.0,realme_RMX3760_api35,1.0.0+1,release,mobilenet_v3_small_float32,cf6183dcd31c9ec34724e8f68d15423dc09b0cf71b1e91ba37800321b7526ba4,mobilenet_v3_small,float32,float32,float32,1x224x224x3,builtin_cpu,none,none_builtin,,4,1,4,measured,60,301.076000,5.967000,139.333984375,4.0723114013671875,45.0,charging,false,0,,,43.2,FLAG_KEEP_SCREEN_ON,no_load_injected_background_apps_unverified,
2026-08-22T08:33:00.864105Z,1.0.0,realme_RMX3760_api35,1.0.0+1,release,mobilenet_v3_small_float32,cf6183dcd31c9ec34724e8f68d15423dc09b0cf71b1e91ba37800321b7526ba4,mobilenet_v3_small,float32,float32,float32,1x224x224x3,builtin_cpu,none,none_builtin,,4,1,4,measured,61,308.598000,5.967000,139.818359375,4.0725555419921875,45.0,charging,false,0,,,43.2,FLAG_KEEP_SCREEN_ON,no_load_injected_background_apps_unverified,
2026-08-22T08:33:01.220390Z,1.0.0,realme_RMX3760_api35,1.0.0+1,release,mobilenet_v3_small_float32,cf6183dcd31c9ec34724e8f68d15423dc09b0cf71b1e91ba37800321b7526ba4,mobilenet_v3_small,float32,float32,float32,1x224x224x3,builtin_cpu,none,none_builtin,,4,1,4,measured,62,307.033000,5.967000,139.326171875,4.0727996826171875,45.0,charging,false,0,,,43.2,FLAG_KEEP_SCREEN_ON,no_load_injected_background_apps_unverified,
2026-08-22T08:33:01.564187Z,1.0.0,realme_RMX3760_api35,1.0.0+1,release,mobilenet_v3_small_float32,cf6183dcd31c9ec34724e8f68d15423dc09b0cf71b1e91ba37800321b7526ba4,mobilenet_v3_small,float32,float32,float32,1x224x224x3,builtin_cpu,none,none_builtin,,4,1,4,measured,63,292.750000,5.967000,139.884765625,4.0730438232421875,45.0,charging,false,0,,,43.2,FLAG_KEEP_SCREEN_ON,no_load_injected_background_apps_unverified,
2026-08-22T08:33:01.912658Z,1.0.0,realme_RMX3760_api35,1.0.0+1,release,mobilenet_v3_small_float32,cf6183dcd31c9ec34724e8f68d15423dc09b0cf71b1e91ba37800321b7526ba4,mobilenet_v3_small,float32,float32,float32,1x224x224x3,builtin_cpu,none,none_builtin,,4,1,4,measured,64,297.302000,5.967000,139.771484375,4.0732879638671875,45.0,charging,false,0,,,43.2,FLAG_KEEP_SCREEN_ON,no_load_injected_background_apps_unverified,
2026-08-22T08:33:02.262369Z,1.0.0,realme_RMX3760_api35,1.0.0+1,release,mobilenet_v3_small_float32,cf6183dcd31c9ec34724e8f68d15423dc09b0cf71b1e91ba37800321b7526ba4,mobilenet_v3_small,float32,float32,float32,1x224x224x3,builtin_cpu,none,none_builtin,,4,1,4,measured,65,296.689000,5.967000,139.837890625,4.1047821044921875,45.0,charging,false,0,,,43.2,FLAG_KEEP_SCREEN_ON,no_load_injected_background_apps_unverified,
2026-08-22T08:33:02.615719Z,1.0.0,realme_RMX3760_api35,1.0.0+1,release,mobilenet_v3_small_float32,cf6183dcd31c9ec34724e8f68d15423dc09b0cf71b1e91ba37800321b7526ba4,mobilenet_v3_small,float32,float32,float32,1x224x224x3,builtin_cpu,none,none_builtin,,4,1,4,measured,66,303.272000,5.967000,139.841796875,4.1050262451171875,45.0,charging,false,0,,,43.2,FLAG_KEEP_SCREEN_ON,no_load_injected_background_apps_unverified,
2026-08-22T08:33:02.969547Z,1.0.0,realme_RMX3760_api35,1.0.0+1,release,mobilenet_v3_small_float32,cf6183dcd31c9ec34724e8f68d15423dc09b0cf71b1e91ba37800321b7526ba4,mobilenet_v3_small,float32,float32,float32,1x224x224x3,builtin_cpu,none,none_builtin,,4,1,4,measured,67,299.722000,5.967000,139.349609375,4.1052703857421875,45.0,charging,false,0,,,43.2,FLAG_KEEP_SCREEN_ON,no_load_injected_background_apps_unverified,
2026-08-22T08:33:03.322750Z,1.0.0,realme_RMX3760_api35,1.0.0+1,release,mobilenet_v3_small_float32,cf6183dcd31c9ec34724e8f68d15423dc09b0cf71b1e91ba37800321b7526ba4,mobilenet_v3_small,float32,float32,float32,1x224x224x3,builtin_cpu,none,none_builtin,,4,1,4,measured,68,299.239000,5.967000,139.853515625,4.1055145263671875,45.0,charging,false,0,,,43.2,FLAG_KEEP_SCREEN_ON,no_load_injected_background_apps_unverified,
2026-08-22T08:33:03.668693Z,1.0.0,realme_RMX3760_api35,1.0.0+1,release,mobilenet_v3_small_float32,cf6183dcd31c9ec34724e8f68d15423dc09b0cf71b1e91ba37800321b7526ba4,mobilenet_v3_small,float32,float32,float32,1x224x224x3,builtin_cpu,none,none_builtin,,4,1,4,measured,69,294.706000,5.967000,139.353515625,4.1057586669921875,45.0,charging,false,0,,,43.2,FLAG_KEEP_SCREEN_ON,no_load_injected_background_apps_unverified,
2026-08-22T08:33:04.022763Z,1.0.0,realme_RMX3760_api35,1.0.0+1,release,mobilenet_v3_small_float32,cf6183dcd31c9ec34724e8f68d15423dc09b0cf71b1e91ba37800321b7526ba4,mobilenet_v3_small,float32,float32,float32,1x224x224x3,builtin_cpu,none,none_builtin,,4,1,4,measured,70,299.520000,5.967000,140.337890625,4.1060028076171875,45.0,charging,false,0,,,43.2,FLAG_KEEP_SCREEN_ON,no_load_injected_background_apps_unverified,
2026-08-22T08:33:04.374825Z,1.0.0,realme_RMX3760_api35,1.0.0+1,release,mobilenet_v3_small_float32,cf6183dcd31c9ec34724e8f68d15423dc09b0cf71b1e91ba37800321b7526ba4,mobilenet_v3_small,float32,float32,float32,1x224x224x3,builtin_cpu,none,none_builtin,,4,1,4,measured,71,298.376000,5.967000,139.345703125,4.1374969482421875,45.0,charging,false,0,,,43.2,FLAG_KEEP_SCREEN_ON,no_load_injected_background_apps_unverified,
2026-08-22T08:33:04.728454Z,1.0.0,realme_RMX3760_api35,1.0.0+1,release,mobilenet_v3_small_float32,cf6183dcd31c9ec34724e8f68d15423dc09b0cf71b1e91ba37800321b7526ba4,mobilenet_v3_small,float32,float32,float32,1x224x224x3,builtin_cpu,none,none_builtin,,4,1,4,measured,72,303.032000,5.967000,139.916015625,4.1377410888671875,45.0,charging,false,0,,,43.2,FLAG_KEEP_SCREEN_ON,no_load_injected_background_apps_unverified,
2026-08-22T08:33:05.082598Z,1.0.0,realme_RMX3760_api35,1.0.0+1,release,mobilenet_v3_small_float32,cf6183dcd31c9ec34724e8f68d15423dc09b0cf71b1e91ba37800321b7526ba4,mobilenet_v3_small,float32,float32,float32,1x224x224x3,builtin_cpu,none,none_builtin,,4,1,4,measured,73,300.864000,5.967000,139.830078125,4.1379852294921875,45.0,charging,false,0,,,43.2,FLAG_KEEP_SCREEN_ON,no_load_injected_background_apps_unverified,
2026-08-22T08:33:05.433432Z,1.0.0,realme_RMX3760_api35,1.0.0+1,release,mobilenet_v3_small_float32,cf6183dcd31c9ec34724e8f68d15423dc09b0cf71b1e91ba37800321b7526ba4,mobilenet_v3_small,float32,float32,float32,1x224x224x3,builtin_cpu,none,none_builtin,,4,1,4,measured,74,300.127000,5.967000,139.841796875,4.1382293701171875,45.0,charging,false,0,,,43.2,FLAG_KEEP_SCREEN_ON,no_load_injected_background_apps_unverified,
2026-08-22T08:33:05.785866Z,1.0.0,realme_RMX3760_api35,1.0.0+1,release,mobilenet_v3_small_float32,cf6183dcd31c9ec34724e8f68d15423dc09b0cf71b1e91ba37800321b7526ba4,mobilenet_v3_small,float32,float32,float32,1x224x224x3,builtin_cpu,none,none_builtin,,4,1,4,measured,75,299.476000,5.967000,139.423828125,4.1384735107421875,45.0,charging,false,0,,,43.2,FLAG_KEEP_SCREEN_ON,no_load_injected_background_apps_unverified,
2026-08-22T08:33:06.144554Z,1.0.0,realme_RMX3760_api35,1.0.0+1,release,mobilenet_v3_small_float32,cf6183dcd31c9ec34724e8f68d15423dc09b0cf71b1e91ba37800321b7526ba4,mobilenet_v3_small,float32,float32,float32,1x224x224x3,builtin_cpu,none,none_builtin,,4,1,4,measured,76,307.930000,5.967000,139.732421875,4.1387176513671875,45.0,charging,false,0,,,43.2,FLAG_KEEP_SCREEN_ON,no_load_injected_background_apps_unverified,
2026-08-22T08:33:06.489410Z,1.0.0,realme_RMX3760_api35,1.0.0+1,release,mobilenet_v3_small_float32,cf6183dcd31c9ec34724e8f68d15423dc09b0cf71b1e91ba37800321b7526ba4,mobilenet_v3_small,float32,float32,float32,1x224x224x3,builtin_cpu,none,none_builtin,,4,1,4,measured,77,294.106000,5.967000,139.267578125,4.1702117919921875,45.0,charging,false,0,,,43.2,FLAG_KEEP_SCREEN_ON,no_load_injected_background_apps_unverified,
2026-08-22T08:33:06.840132Z,1.0.0,realme_RMX3760_api35,1.0.0+1,release,mobilenet_v3_small_float32,cf6183dcd31c9ec34724e8f68d15423dc09b0cf71b1e91ba37800321b7526ba4,mobilenet_v3_small,float32,float32,float32,1x224x224x3,builtin_cpu,none,none_builtin,,4,1,4,measured,78,300.406000,5.967000,140.255859375,4.1704559326171875,45.0,charging,false,0,,,43.2,FLAG_KEEP_SCREEN_ON,no_load_injected_background_apps_unverified,
2026-08-22T08:33:07.194610Z,1.0.0,realme_RMX3760_api35,1.0.0+1,release,mobilenet_v3_small_float32,cf6183dcd31c9ec34724e8f68d15423dc09b0cf71b1e91ba37800321b7526ba4,mobilenet_v3_small,float32,float32,float32,1x224x224x3,builtin_cpu,none,none_builtin,,4,1,4,measured,79,301.115000,5.967000,139.775390625,4.1707000732421875,45.0,charging,false,0,,,43.2,FLAG_KEEP_SCREEN_ON,no_load_injected_background_apps_unverified,
2026-08-22T08:33:07.541882Z,1.0.0,realme_RMX3760_api35,1.0.0+1,release,mobilenet_v3_small_float32,cf6183dcd31c9ec34724e8f68d15423dc09b0cf71b1e91ba37800321b7526ba4,mobilenet_v3_small,float32,float32,float32,1x224x224x3,builtin_cpu,none,none_builtin,,4,1,4,measured,80,296.552000,5.967000,139.791015625,4.1709442138671875,45.0,charging,false,0,,,43.2,FLAG_KEEP_SCREEN_ON,no_load_injected_background_apps_unverified,
2026-08-22T08:33:07.905274Z,1.0.0,realme_RMX3760_api35,1.0.0+1,release,mobilenet_v3_small_float32,cf6183dcd31c9ec34724e8f68d15423dc09b0cf71b1e91ba37800321b7526ba4,mobilenet_v3_small,float32,float32,float32,1x224x224x3,builtin_cpu,none,none_builtin,,4,1,4,measured,81,311.644000,5.967000,139.830078125,4.1711883544921875,45.0,charging,false,0,,,43.2,FLAG_KEEP_SCREEN_ON,no_load_injected_background_apps_unverified,
2026-08-22T08:33:08.264845Z,1.0.0,realme_RMX3760_api35,1.0.0+1,release,mobilenet_v3_small_float32,cf6183dcd31c9ec34724e8f68d15423dc09b0cf71b1e91ba37800321b7526ba4,mobilenet_v3_small,float32,float32,float32,1x224x224x3,builtin_cpu,none,none_builtin,,4,1,4,measured,82,308.545000,5.967000,139.447265625,4.1714324951171875,45.0,charging,false,0,,,43.2,FLAG_KEEP_SCREEN_ON,no_load_injected_background_apps_unverified,
2026-08-22T08:33:08.617979Z,1.0.0,realme_RMX3760_api35,1.0.0+1,release,mobilenet_v3_small_float32,cf6183dcd31c9ec34724e8f68d15423dc09b0cf71b1e91ba37800321b7526ba4,mobilenet_v3_small,float32,float32,float32,1x224x224x3,builtin_cpu,none,none_builtin,,4,1,4,measured,83,300.271000,5.967000,139.958984375,4.2029266357421875,45.0,charging,false,0,,,43.2,FLAG_KEEP_SCREEN_ON,no_load_injected_background_apps_unverified,
2026-08-22T08:33:08.972693Z,1.0.0,realme_RMX3760_api35,1.0.0+1,release,mobilenet_v3_small_float32,cf6183dcd31c9ec34724e8f68d15423dc09b0cf71b1e91ba37800321b7526ba4,mobilenet_v3_small,float32,float32,float32,1x224x224x3,builtin_cpu,none,none_builtin,,4,1,4,measured,84,304.463000,5.967000,139.458984375,4.2031707763671875,45.0,charging,false,0,,,43.2,FLAG_KEEP_SCREEN_ON,no_load_injected_background_apps_unverified,
2026-08-22T08:33:09.322241Z,1.0.0,realme_RMX3760_api35,1.0.0+1,release,mobilenet_v3_small_float32,cf6183dcd31c9ec34724e8f68d15423dc09b0cf71b1e91ba37800321b7526ba4,mobilenet_v3_small,float32,float32,float32,1x224x224x3,builtin_cpu,none,none_builtin,,4,1,4,measured,85,298.439000,5.967000,139.966796875,4.2034149169921875,45.0,charging,false,0,,,43.2,FLAG_KEEP_SCREEN_ON,no_load_injected_background_apps_unverified,
2026-08-22T08:33:09.680731Z,1.0.0,realme_RMX3760_api35,1.0.0+1,release,mobilenet_v3_small_float32,cf6183dcd31c9ec34724e8f68d15423dc09b0cf71b1e91ba37800321b7526ba4,mobilenet_v3_small,float32,float32,float32,1x224x224x3,builtin_cpu,none,none_builtin,,4,1,4,measured,86,305.075000,5.967000,139.978515625,4.2036590576171875,45.0,charging,false,0,,,43.2,FLAG_KEEP_SCREEN_ON,no_load_injected_background_apps_unverified,
2026-08-22T08:33:10.029787Z,1.0.0,realme_RMX3760_api35,1.0.0+1,release,mobilenet_v3_small_float32,cf6183dcd31c9ec34724e8f68d15423dc09b0cf71b1e91ba37800321b7526ba4,mobilenet_v3_small,float32,float32,float32,1x224x224x3,builtin_cpu,none,none_builtin,,4,1,4,measured,87,298.903000,5.967000,139.478515625,4.2039031982421875,45.0,charging,false,0,,,43.2,FLAG_KEEP_SCREEN_ON,no_load_injected_background_apps_unverified,
2026-08-22T08:33:10.378440Z,1.0.0,realme_RMX3760_api35,1.0.0+1,release,mobilenet_v3_small_float32,cf6183dcd31c9ec34724e8f68d15423dc09b0cf71b1e91ba37800321b7526ba4,mobilenet_v3_small,float32,float32,float32,1x224x224x3,builtin_cpu,none,none_builtin,,4,1,4,measured,88,294.935000,5.967000,139.318359375,4.2041473388671875,45.0,charging,false,0,,,43.2,FLAG_KEEP_SCREEN_ON,no_load_injected_background_apps_unverified,
2026-08-22T08:33:10.730301Z,1.0.0,realme_RMX3760_api35,1.0.0+1,release,mobilenet_v3_small_float32,cf6183dcd31c9ec34724e8f68d15423dc09b0cf71b1e91ba37800321b7526ba4,mobilenet_v3_small,float32,float32,float32,1x224x224x3,builtin_cpu,none,none_builtin,,4,1,4,measured,89,298.884000,5.967000,139.345703125,4.2356414794921875,45.0,charging,false,0,,,43.2,FLAG_KEEP_SCREEN_ON,no_load_injected_background_apps_unverified,
2026-08-22T08:33:11.113532Z,1.0.0,realme_RMX3760_api35,1.0.0+1,release,mobilenet_v3_small_float32,cf6183dcd31c9ec34724e8f68d15423dc09b0cf71b1e91ba37800321b7526ba4,mobilenet_v3_small,float32,float32,float32,1x224x224x3,builtin_cpu,none,none_builtin,,4,1,4,measured,90,329.837000,5.967000,139.345703125,4.2358856201171875,45.0,charging,false,0,,,43.2,FLAG_KEEP_SCREEN_ON,no_load_injected_background_apps_unverified,
2026-08-22T08:33:11.470414Z,1.0.0,realme_RMX3760_api35,1.0.0+1,release,mobilenet_v3_small_float32,cf6183dcd31c9ec34724e8f68d15423dc09b0cf71b1e91ba37800321b7526ba4,mobilenet_v3_small,float32,float32,float32,1x224x224x3,builtin_cpu,none,none_builtin,,4,1,4,measured,91,303.337000,5.967000,139.556640625,4.2361297607421875,45.0,charging,false,0,,,43.2,FLAG_KEEP_SCREEN_ON,no_load_injected_background_apps_unverified,
2026-08-22T08:33:11.822657Z,1.0.0,realme_RMX3760_api35,1.0.0+1,release,mobilenet_v3_small_float32,cf6183dcd31c9ec34724e8f68d15423dc09b0cf71b1e91ba37800321b7526ba4,mobilenet_v3_small,float32,float32,float32,1x224x224x3,builtin_cpu,none,none_builtin,,4,1,4,measured,92,298.326000,5.967000,139.564453125,4.2363739013671875,45.0,charging,false,0,,,43.2,FLAG_KEEP_SCREEN_ON,no_load_injected_background_apps_unverified,
2026-08-22T08:33:12.179194Z,1.0.0,realme_RMX3760_api35,1.0.0+1,release,mobilenet_v3_small_float32,cf6183dcd31c9ec34724e8f68d15423dc09b0cf71b1e91ba37800321b7526ba4,mobilenet_v3_small,float32,float32,float32,1x224x224x3,builtin_cpu,none,none_builtin,,4,1,4,measured,93,307.172000,5.967000,139.388671875,4.2366180419921875,45.0,charging,false,0,,,43.2,FLAG_KEEP_SCREEN_ON,no_load_injected_background_apps_unverified,
2026-08-22T08:33:12.527026Z,1.0.0,realme_RMX3760_api35,1.0.0+1,release,mobilenet_v3_small_float32,cf6183dcd31c9ec34724e8f68d15423dc09b0cf71b1e91ba37800321b7526ba4,mobilenet_v3_small,float32,float32,float32,1x224x224x3,builtin_cpu,none,none_builtin,,4,1,4,measured,94,294.357000,5.967000,139.458984375,4.2368621826171875,45.0,charging,false,0,,,43.2,FLAG_KEEP_SCREEN_ON,no_load_injected_background_apps_unverified,
2026-08-22T08:33:12.868594Z,1.0.0,realme_RMX3760_api35,1.0.0+1,release,mobilenet_v3_small_float32,cf6183dcd31c9ec34724e8f68d15423dc09b0cf71b1e91ba37800321b7526ba4,mobilenet_v3_small,float32,float32,float32,1x224x224x3,builtin_cpu,none,none_builtin,,4,1,4,measured,95,290.742000,5.967000,139.423828125,4.2683563232421875,45.0,charging,false,0,,,43.2,FLAG_KEEP_SCREEN_ON,no_load_injected_background_apps_unverified,
2026-08-22T08:33:13.225560Z,1.0.0,realme_RMX3760_api35,1.0.0+1,release,mobilenet_v3_small_float32,cf6183dcd31c9ec34724e8f68d15423dc09b0cf71b1e91ba37800321b7526ba4,mobilenet_v3_small,float32,float32,float32,1x224x224x3,builtin_cpu,none,none_builtin,,4,1,4,measured,96,303.481000,5.967000,139.451171875,4.2686004638671875,45.0,charging,false,0,,,43.2,FLAG_KEEP_SCREEN_ON,no_load_injected_background_apps_unverified,
2026-08-22T08:33:13.575350Z,1.0.0,realme_RMX3760_api35,1.0.0+1,release,mobilenet_v3_small_float32,cf6183dcd31c9ec34724e8f68d15423dc09b0cf71b1e91ba37800321b7526ba4,mobilenet_v3_small,float32,float32,float32,1x224x224x3,builtin_cpu,none,none_builtin,,4,1,4,measured,97,296.598000,5.967000,139.400390625,4.2688446044921875,45.0,charging,false,0,,,43.2,FLAG_KEEP_SCREEN_ON,no_load_injected_background_apps_unverified,
2026-08-22T08:33:13.926921Z,1.0.0,realme_RMX3760_api35,1.0.0+1,release,mobilenet_v3_small_float32,cf6183dcd31c9ec34724e8f68d15423dc09b0cf71b1e91ba37800321b7526ba4,mobilenet_v3_small,float32,float32,float32,1x224x224x3,builtin_cpu,none,none_builtin,,4,1,4,measured,98,293.616000,5.967000,139.408203125,4.2690887451171875,45.0,charging,false,0,,,43.2,FLAG_KEEP_SCREEN_ON,no_load_injected_background_apps_unverified,
2026-08-22T08:33:14.285792Z,1.0.0,realme_RMX3760_api35,1.0.0+1,release,mobilenet_v3_small_float32,cf6183dcd31c9ec34724e8f68d15423dc09b0cf71b1e91ba37800321b7526ba4,mobilenet_v3_small,float32,float32,float32,1x224x224x3,builtin_cpu,none,none_builtin,,4,1,4,measured,99,305.900000,5.967000,139.435546875,4.2693328857421875,45.0,charging,false,0,,,43.2,FLAG_KEEP_SCREEN_ON,no_load_injected_background_apps_unverified,
2026-08-22T08:33:20.727161Z,1.0.0,realme_RMX3760_api35,1.0.0+1,release,mobilenet_v3_small_dynamic_int8,1c3ca9e08ab14de0d8e7ca58f127b9955ae2cf3e9ffaad5033952bcbb51dd82f,mobilenet_v3_small,dynamic_int8,float32,float32,1x224x224x3,builtin_cpu,none,none_builtin,,4,1,5,measured,0,297.182000,2.875000,138.240234375,4.2695770263671875,45.0,charging,false,0,,,43.2,FLAG_KEEP_SCREEN_ON,no_load_injected_background_apps_unverified,
2026-08-22T08:33:21.079435Z,1.0.0,realme_RMX3760_api35,1.0.0+1,release,mobilenet_v3_small_dynamic_int8,1c3ca9e08ab14de0d8e7ca58f127b9955ae2cf3e9ffaad5033952bcbb51dd82f,mobilenet_v3_small,dynamic_int8,float32,float32,1x224x224x3,builtin_cpu,none,none_builtin,,4,1,5,measured,1,300.551000,2.875000,137.166015625,4.3010711669921875,45.0,charging,false,0,,,43.2,FLAG_KEEP_SCREEN_ON,no_load_injected_background_apps_unverified,
2026-08-22T08:33:21.440386Z,1.0.0,realme_RMX3760_api35,1.0.0+1,release,mobilenet_v3_small_dynamic_int8,1c3ca9e08ab14de0d8e7ca58f127b9955ae2cf3e9ffaad5033952bcbb51dd82f,mobilenet_v3_small,dynamic_int8,float32,float32,1x224x224x3,builtin_cpu,none,none_builtin,,4,1,5,measured,2,309.956000,2.875000,137.271484375,4.3013153076171875,45.0,charging,false,0,,,43.2,FLAG_KEEP_SCREEN_ON,no_load_injected_background_apps_unverified,
2026-08-22T08:33:21.805186Z,1.0.0,realme_RMX3760_api35,1.0.0+1,release,mobilenet_v3_small_dynamic_int8,1c3ca9e08ab14de0d8e7ca58f127b9955ae2cf3e9ffaad5033952bcbb51dd82f,mobilenet_v3_small,dynamic_int8,float32,float32,1x224x224x3,builtin_cpu,none,none_builtin,,4,1,5,measured,3,314.929000,2.875000,136.740234375,4.3015594482421875,45.0,charging,false,0,,,43.2,FLAG_KEEP_SCREEN_ON,no_load_injected_background_apps_unverified,
2026-08-22T08:33:22.201012Z,1.0.0,realme_RMX3760_api35,1.0.0+1,release,mobilenet_v3_small_dynamic_int8,1c3ca9e08ab14de0d8e7ca58f127b9955ae2cf3e9ffaad5033952bcbb51dd82f,mobilenet_v3_small,dynamic_int8,float32,float32,1x224x224x3,builtin_cpu,none,none_builtin,,4,1,5,measured,4,339.117000,2.875000,136.724609375,4.3018035888671875,45.0,charging,false,0,,,43.2,FLAG_KEEP_SCREEN_ON,no_load_injected_background_apps_unverified,
2026-08-22T08:33:22.599059Z,1.0.0,realme_RMX3760_api35,1.0.0+1,release,mobilenet_v3_small_dynamic_int8,1c3ca9e08ab14de0d8e7ca58f127b9955ae2cf3e9ffaad5033952bcbb51dd82f,mobilenet_v3_small,dynamic_int8,float32,float32,1x224x224x3,builtin_cpu,none,none_builtin,,4,1,5,measured,5,345.320000,2.875000,136.8271484375,4.3020477294921875,45.0,charging,false,0,,,43.2,FLAG_KEEP_SCREEN_ON,no_load_injected_background_apps_unverified,
2026-08-22T08:33:22.972805Z,1.0.0,realme_RMX3760_api35,1.0.0+1,release,mobilenet_v3_small_dynamic_int8,1c3ca9e08ab14de0d8e7ca58f127b9955ae2cf3e9ffaad5033952bcbb51dd82f,mobilenet_v3_small,dynamic_int8,float32,float32,1x224x224x3,builtin_cpu,none,none_builtin,,4,1,5,measured,6,318.257000,2.875000,137.349609375,4.3022918701171875,45.0,charging,false,0,,,43.2,FLAG_KEEP_SCREEN_ON,no_load_injected_background_apps_unverified,
2026-08-22T08:33:23.370347Z,1.0.0,realme_RMX3760_api35,1.0.0+1,release,mobilenet_v3_small_dynamic_int8,1c3ca9e08ab14de0d8e7ca58f127b9955ae2cf3e9ffaad5033952bcbb51dd82f,mobilenet_v3_small,dynamic_int8,float32,float32,1x224x224x3,builtin_cpu,none,none_builtin,,4,1,5,measured,7,343.404000,2.875000,138.1123046875,4.3337860107421875,45.0,charging,false,0,,,43.2,FLAG_KEEP_SCREEN_ON,no_load_injected_background_apps_unverified,
2026-08-22T08:33:23.769658Z,1.0.0,realme_RMX3760_api35,1.0.0+1,release,mobilenet_v3_small_dynamic_int8,1c3ca9e08ab14de0d8e7ca58f127b9955ae2cf3e9ffaad5033952bcbb51dd82f,mobilenet_v3_small,dynamic_int8,float32,float32,1x224x224x3,builtin_cpu,none,none_builtin,,4,1,5,measured,8,347.045000,2.875000,137.0771484375,4.3340301513671875,45.0,charging,false,0,,,43.2,FLAG_KEEP_SCREEN_ON,no_load_injected_background_apps_unverified,
2026-08-22T08:33:24.136778Z,1.0.0,realme_RMX3760_api35,1.0.0+1,release,mobilenet_v3_small_dynamic_int8,1c3ca9e08ab14de0d8e7ca58f127b9955ae2cf3e9ffaad5033952bcbb51dd82f,mobilenet_v3_small,dynamic_int8,float32,float32,1x224x224x3,builtin_cpu,none,none_builtin,,4,1,5,measured,9,308.534000,2.875000,142.1552734375,4.3342742919921875,45.0,charging,false,0,,,43.2,FLAG_KEEP_SCREEN_ON,no_load_injected_background_apps_unverified,
2026-08-22T08:33:24.514612Z,1.0.0,realme_RMX3760_api35,1.0.0+1,release,mobilenet_v3_small_dynamic_int8,1c3ca9e08ab14de0d8e7ca58f127b9955ae2cf3e9ffaad5033952bcbb51dd82f,mobilenet_v3_small,dynamic_int8,float32,float32,1x224x224x3,builtin_cpu,none,none_builtin,,4,1,5,measured,10,325.518000,2.875000,137.076171875,4.3345184326171875,45.0,charging,false,0,,,43.2,FLAG_KEEP_SCREEN_ON,no_load_injected_background_apps_unverified,
2026-08-22T08:33:24.926929Z,1.0.0,realme_RMX3760_api35,1.0.0+1,release,mobilenet_v3_small_dynamic_int8,1c3ca9e08ab14de0d8e7ca58f127b9955ae2cf3e9ffaad5033952bcbb51dd82f,mobilenet_v3_small,dynamic_int8,float32,float32,1x224x224x3,builtin_cpu,none,none_builtin,,4,1,5,measured,11,347.521000,2.875000,137.0166015625,4.3347625732421875,45.0,charging,false,0,,,43.2,FLAG_KEEP_SCREEN_ON,no_load_injected_background_apps_unverified,
2026-08-22T08:33:25.289542Z,1.0.0,realme_RMX3760_api35,1.0.0+1,release,mobilenet_v3_small_dynamic_int8,1c3ca9e08ab14de0d8e7ca58f127b9955ae2cf3e9ffaad5033952bcbb51dd82f,mobilenet_v3_small,dynamic_int8,float32,float32,1x224x224x3,builtin_cpu,none,none_builtin,,4,1,5,measured,12,311.124000,2.875000,141.9521484375,4.3350067138671875,45.0,charging,false,0,,,43.2,FLAG_KEEP_SCREEN_ON,no_load_injected_background_apps_unverified,
2026-08-22T08:33:25.668508Z,1.0.0,realme_RMX3760_api35,1.0.0+1,release,mobilenet_v3_small_dynamic_int8,1c3ca9e08ab14de0d8e7ca58f127b9955ae2cf3e9ffaad5033952bcbb51dd82f,mobilenet_v3_small,dynamic_int8,float32,float32,1x224x224x3,builtin_cpu,none,none_builtin,,4,1,5,measured,13,323.653000,2.875000,137.3662109375,4.3665008544921875,45.0,charging,false,0,,,43.2,FLAG_KEEP_SCREEN_ON,no_load_injected_background_apps_unverified,
2026-08-22T08:33:26.024090Z,1.0.0,realme_RMX3760_api35,1.0.0+1,release,mobilenet_v3_small_dynamic_int8,1c3ca9e08ab14de0d8e7ca58f127b9955ae2cf3e9ffaad5033952bcbb51dd82f,mobilenet_v3_small,dynamic_int8,float32,float32,1x224x224x3,builtin_cpu,none,none_builtin,,4,1,5,measured,14,300.541000,2.875000,141.7451171875,4.3667449951171875,45.0,charging,false,0,,,43.2,FLAG_KEEP_SCREEN_ON,no_load_injected_background_apps_unverified,
2026-08-22T08:33:26.387923Z,1.0.0,realme_RMX3760_api35,1.0.0+1,release,mobilenet_v3_small_dynamic_int8,1c3ca9e08ab14de0d8e7ca58f127b9955ae2cf3e9ffaad5033952bcbb51dd82f,mobilenet_v3_small,dynamic_int8,float32,float32,1x224x224x3,builtin_cpu,none,none_builtin,,4,1,5,measured,15,312.973000,2.875000,137.2255859375,4.3669891357421875,45.0,charging,false,0,,,43.2,FLAG_KEEP_SCREEN_ON,no_load_injected_background_apps_unverified,
2026-08-22T08:33:26.743654Z,1.0.0,realme_RMX3760_api35,1.0.0+1,release,mobilenet_v3_small_dynamic_int8,1c3ca9e08ab14de0d8e7ca58f127b9955ae2cf3e9ffaad5033952bcbb51dd82f,mobilenet_v3_small,dynamic_int8,float32,float32,1x224x224x3,builtin_cpu,none,none_builtin,,4,1,5,measured,16,304.001000,2.875000,137.3544921875,4.3672332763671875,45.0,charging,false,0,,,43.2,FLAG_KEEP_SCREEN_ON,no_load_injected_background_apps_unverified,
2026-08-22T08:33:27.092441Z,1.0.0,realme_RMX3760_api35,1.0.0+1,release,mobilenet_v3_small_dynamic_int8,1c3ca9e08ab14de0d8e7ca58f127b9955ae2cf3e9ffaad5033952bcbb51dd82f,mobilenet_v3_small,dynamic_int8,float32,float32,1x224x224x3,builtin_cpu,none,none_builtin,,4,1,5,measured,17,298.037000,2.875000,137.37109375,4.3674774169921875,45.0,charging,false,0,,,43.2,FLAG_KEEP_SCREEN_ON,no_load_injected_background_apps_unverified,
2026-08-22T08:33:27.436255Z,1.0.0,realme_RMX3760_api35,1.0.0+1,release,mobilenet_v3_small_dynamic_int8,1c3ca9e08ab14de0d8e7ca58f127b9955ae2cf3e9ffaad5033952bcbb51dd82f,mobilenet_v3_small,dynamic_int8,float32,float32,1x224x224x3,builtin_cpu,none,none_builtin,,4,1,5,measured,18,293.724000,2.875000,137.48046875,4.3677215576171875,45.0,charging,false,0,,,43.2,FLAG_KEEP_SCREEN_ON,no_load_injected_background_apps_unverified,
2026-08-22T08:33:27.790414Z,1.0.0,realme_RMX3760_api35,1.0.0+1,release,mobilenet_v3_small_dynamic_int8,1c3ca9e08ab14de0d8e7ca58f127b9955ae2cf3e9ffaad5033952bcbb51dd82f,mobilenet_v3_small,dynamic_int8,float32,float32,1x224x224x3,builtin_cpu,none,none_builtin,,4,1,5,measured,19,298.671000,2.875000,136.984375,4.3992156982421875,45.0,charging,false,0,,,43.2,FLAG_KEEP_SCREEN_ON,no_load_injected_background_apps_unverified,
2026-08-22T08:33:28.144371Z,1.0.0,realme_RMX3760_api35,1.0.0+1,release,mobilenet_v3_small_dynamic_int8,1c3ca9e08ab14de0d8e7ca58f127b9955ae2cf3e9ffaad5033952bcbb51dd82f,mobilenet_v3_small,dynamic_int8,float32,float32,1x224x224x3,builtin_cpu,none,none_builtin,,4,1,5,measured,20,301.464000,2.875000,137.2890625,4.3994598388671875,45.0,charging,false,0,,,43.2,FLAG_KEEP_SCREEN_ON,no_load_injected_background_apps_unverified,
2026-08-22T08:33:28.497704Z,1.0.0,realme_RMX3760_api35,1.0.0+1,release,mobilenet_v3_small_dynamic_int8,1c3ca9e08ab14de0d8e7ca58f127b9955ae2cf3e9ffaad5033952bcbb51dd82f,mobilenet_v3_small,dynamic_int8,float32,float32,1x224x224x3,builtin_cpu,none,none_builtin,,4,1,5,measured,21,301.160000,2.875000,136.9814453125,4.3997039794921875,45.0,charging,false,0,,,43.2,FLAG_KEEP_SCREEN_ON,no_load_injected_background_apps_unverified,
2026-08-22T08:33:28.851062Z,1.0.0,realme_RMX3760_api35,1.0.0+1,release,mobilenet_v3_small_dynamic_int8,1c3ca9e08ab14de0d8e7ca58f127b9955ae2cf3e9ffaad5033952bcbb51dd82f,mobilenet_v3_small,dynamic_int8,float32,float32,1x224x224x3,builtin_cpu,none,none_builtin,,4,1,5,measured,22,299.108000,2.875000,137.9892578125,4.3999481201171875,45.0,charging,false,0,,,43.2,FLAG_KEEP_SCREEN_ON,no_load_injected_background_apps_unverified,
2026-08-22T08:33:29.212066Z,1.0.0,realme_RMX3760_api35,1.0.0+1,release,mobilenet_v3_small_dynamic_int8,1c3ca9e08ab14de0d8e7ca58f127b9955ae2cf3e9ffaad5033952bcbb51dd82f,mobilenet_v3_small,dynamic_int8,float32,float32,1x224x224x3,builtin_cpu,none,none_builtin,,4,1,5,measured,23,309.510000,2.875000,136.7548828125,4.4001922607421875,45.0,charging,false,0,,,43.2,FLAG_KEEP_SCREEN_ON,no_load_injected_background_apps_unverified,
2026-08-22T08:33:29.561053Z,1.0.0,realme_RMX3760_api35,1.0.0+1,release,mobilenet_v3_small_dynamic_int8,1c3ca9e08ab14de0d8e7ca58f127b9955ae2cf3e9ffaad5033952bcbb51dd82f,mobilenet_v3_small,dynamic_int8,float32,float32,1x224x224x3,builtin_cpu,none,none_builtin,,4,1,5,measured,24,299.424000,2.875000,137.3486328125,4.4004364013671875,45.0,charging,false,0,,,43.2,FLAG_KEEP_SCREEN_ON,no_load_injected_background_apps_unverified,
2026-08-22T08:33:29.906762Z,1.0.0,realme_RMX3760_api35,1.0.0+1,release,mobilenet_v3_small_dynamic_int8,1c3ca9e08ab14de0d8e7ca58f127b9955ae2cf3e9ffaad5033952bcbb51dd82f,mobilenet_v3_small,dynamic_int8,float32,float32,1x224x224x3,builtin_cpu,none,none_builtin,,4,1,5,measured,25,292.076000,2.875000,136.9658203125,4.4319305419921875,45.0,charging,false,0,,,43.2,FLAG_KEEP_SCREEN_ON,no_load_injected_background_apps_unverified,
2026-08-22T08:33:30.265494Z,1.0.0,realme_RMX3760_api35,1.0.0+1,release,mobilenet_v3_small_dynamic_int8,1c3ca9e08ab14de0d8e7ca58f127b9955ae2cf3e9ffaad5033952bcbb51dd82f,mobilenet_v3_small,dynamic_int8,float32,float32,1x224x224x3,builtin_cpu,none,none_builtin,,4,1,5,measured,26,309.009000,2.875000,136.9736328125,4.4321746826171875,45.0,charging,false,0,,,43.2,FLAG_KEEP_SCREEN_ON,no_load_injected_background_apps_unverified,
2026-08-22T08:33:30.644416Z,1.0.0,realme_RMX3760_api35,1.0.0+1,release,mobilenet_v3_small_dynamic_int8,1c3ca9e08ab14de0d8e7ca58f127b9955ae2cf3e9ffaad5033952bcbb51dd82f,mobilenet_v3_small,dynamic_int8,float32,float32,1x224x224x3,builtin_cpu,none,none_builtin,,4,1,5,measured,27,329.060000,2.875000,136.9775390625,4.4324188232421875,45.0,charging,false,0,,,43.2,FLAG_KEEP_SCREEN_ON,no_load_injected_background_apps_unverified,
2026-08-22T08:33:30.993920Z,1.0.0,realme_RMX3760_api35,1.0.0+1,release,mobilenet_v3_small_dynamic_int8,1c3ca9e08ab14de0d8e7ca58f127b9955ae2cf3e9ffaad5033952bcbb51dd82f,mobilenet_v3_small,dynamic_int8,float32,float32,1x224x224x3,builtin_cpu,none,none_builtin,,4,1,5,measured,28,297.817000,2.875000,137.4853515625,4.4326629638671875,45.0,charging,false,0,,,43.2,FLAG_KEEP_SCREEN_ON,no_load_injected_background_apps_unverified,
2026-08-22T08:33:31.345237Z,1.0.0,realme_RMX3760_api35,1.0.0+1,release,mobilenet_v3_small_dynamic_int8,1c3ca9e08ab14de0d8e7ca58f127b9955ae2cf3e9ffaad5033952bcbb51dd82f,mobilenet_v3_small,dynamic_int8,float32,float32,1x224x224x3,builtin_cpu,none,none_builtin,,4,1,5,measured,29,299.096000,2.875000,136.8017578125,4.4329071044921875,45.0,charging,false,0,,,43.2,FLAG_KEEP_SCREEN_ON,no_load_injected_background_apps_unverified,
2026-08-22T08:33:31.710964Z,1.0.0,realme_RMX3760_api35,1.0.0+1,release,mobilenet_v3_small_dynamic_int8,1c3ca9e08ab14de0d8e7ca58f127b9955ae2cf3e9ffaad5033952bcbb51dd82f,mobilenet_v3_small,dynamic_int8,float32,float32,1x224x224x3,builtin_cpu,none,none_builtin,,4,1,5,measured,30,316.340000,2.875000,137.3056640625,4.4331512451171875,45.0,charging,false,0,,,43.2,FLAG_KEEP_SCREEN_ON,no_load_injected_background_apps_unverified,
2026-08-22T08:33:32.078991Z,1.0.0,realme_RMX3760_api35,1.0.0+1,release,mobilenet_v3_small_dynamic_int8,1c3ca9e08ab14de0d8e7ca58f127b9955ae2cf3e9ffaad5033952bcbb51dd82f,mobilenet_v3_small,dynamic_int8,float32,float32,1x224x224x3,builtin_cpu,none,none_builtin,,4,1,5,measured,31,317.670000,2.875000,136.8212890625,4.4646453857421875,45.0,charging,false,0,,,43.2,FLAG_KEEP_SCREEN_ON,no_load_injected_background_apps_unverified,
2026-08-22T08:33:32.421591Z,1.0.0,realme_RMX3760_api35,1.0.0+1,release,mobilenet_v3_small_dynamic_int8,1c3ca9e08ab14de0d8e7ca58f127b9955ae2cf3e9ffaad5033952bcbb51dd82f,mobilenet_v3_small,dynamic_int8,float32,float32,1x224x224x3,builtin_cpu,none,none_builtin,,4,1,5,measured,32,290.351000,2.875000,136.8369140625,4.4648895263671875,45.0,charging,false,0,,,43.2,FLAG_KEEP_SCREEN_ON,no_load_injected_background_apps_unverified,
2026-08-22T08:33:32.770246Z,1.0.0,realme_RMX3760_api35,1.0.0+1,release,mobilenet_v3_small_dynamic_int8,1c3ca9e08ab14de0d8e7ca58f127b9955ae2cf3e9ffaad5033952bcbb51dd82f,mobilenet_v3_small,dynamic_int8,float32,float32,1x224x224x3,builtin_cpu,none,none_builtin,,4,1,5,measured,33,296.574000,2.875000,136.8876953125,4.4651336669921875,45.0,charging,false,0,,,43.2,FLAG_KEEP_SCREEN_ON,no_load_injected_background_apps_unverified,
2026-08-22T08:33:33.134785Z,1.0.0,realme_RMX3760_api35,1.0.0+1,release,mobilenet_v3_small_dynamic_int8,1c3ca9e08ab14de0d8e7ca58f127b9955ae2cf3e9ffaad5033952bcbb51dd82f,mobilenet_v3_small,dynamic_int8,float32,float32,1x224x224x3,builtin_cpu,none,none_builtin,,4,1,5,measured,34,313.471000,2.875000,136.8994140625,4.4653778076171875,45.0,charging,false,0,,,43.2,FLAG_KEEP_SCREEN_ON,no_load_injected_background_apps_unverified,
2026-08-22T08:33:33.490699Z,1.0.0,realme_RMX3760_api35,1.0.0+1,release,mobilenet_v3_small_dynamic_int8,1c3ca9e08ab14de0d8e7ca58f127b9955ae2cf3e9ffaad5033952bcbb51dd82f,mobilenet_v3_small,dynamic_int8,float32,float32,1x224x224x3,builtin_cpu,none,none_builtin,,4,1,5,measured,35,301.871000,2.875000,137.4306640625,4.4656219482421875,45.0,charging,false,0,,,43.2,FLAG_KEEP_SCREEN_ON,no_load_injected_background_apps_unverified,
2026-08-22T08:33:33.836493Z,1.0.0,realme_RMX3760_api35,1.0.0+1,release,mobilenet_v3_small_dynamic_int8,1c3ca9e08ab14de0d8e7ca58f127b9955ae2cf3e9ffaad5033952bcbb51dd82f,mobilenet_v3_small,dynamic_int8,float32,float32,1x224x224x3,builtin_cpu,none,none_builtin,,4,1,5,measured,36,296.328000,2.875000,137.4306640625,4.4658660888671875,45.0,charging,false,0,,,43.2,FLAG_KEEP_SCREEN_ON,no_load_injected_background_apps_unverified,
2026-08-22T08:33:34.185869Z,1.0.0,realme_RMX3760_api35,1.0.0+1,release,mobilenet_v3_small_dynamic_int8,1c3ca9e08ab14de0d8e7ca58f127b9955ae2cf3e9ffaad5033952bcbb51dd82f,mobilenet_v3_small,dynamic_int8,float32,float32,1x224x224x3,builtin_cpu,none,none_builtin,,4,1,5,measured,37,298.331000,2.875000,136.9384765625,4.4973602294921875,45.0,charging,false,0,,,43.2,FLAG_KEEP_SCREEN_ON,no_load_injected_background_apps_unverified,
2026-08-22T08:33:34.534467Z,1.0.0,realme_RMX3760_api35,1.0.0+1,release,mobilenet_v3_small_dynamic_int8,1c3ca9e08ab14de0d8e7ca58f127b9955ae2cf3e9ffaad5033952bcbb51dd82f,mobilenet_v3_small,dynamic_int8,float32,float32,1x224x224x3,builtin_cpu,none,none_builtin,,4,1,5,measured,38,295.364000,2.875000,137.4033203125,4.4976043701171875,45.0,charging,false,0,,,43.2,FLAG_KEEP_SCREEN_ON,no_load_injected_background_apps_unverified,
2026-08-22T08:33:34.883754Z,1.0.0,realme_RMX3760_api35,1.0.0+1,release,mobilenet_v3_small_dynamic_int8,1c3ca9e08ab14de0d8e7ca58f127b9955ae2cf3e9ffaad5033952bcbb51dd82f,mobilenet_v3_small,dynamic_int8,float32,float32,1x224x224x3,builtin_cpu,none,none_builtin,,4,1,5,measured,39,297.054000,2.875000,137.4580078125,4.4978485107421875,45.0,charging,false,0,,,43.2,FLAG_KEEP_SCREEN_ON,no_load_injected_background_apps_unverified,
2026-08-22T08:33:35.238913Z,1.0.0,realme_RMX3760_api35,1.0.0+1,release,mobilenet_v3_small_dynamic_int8,1c3ca9e08ab14de0d8e7ca58f127b9955ae2cf3e9ffaad5033952bcbb51dd82f,mobilenet_v3_small,dynamic_int8,float32,float32,1x224x224x3,builtin_cpu,none,none_builtin,,4,1,5,measured,40,304.135000,2.875000,137.4658203125,4.4980926513671875,45.0,charging,false,0,,,43.2,FLAG_KEEP_SCREEN_ON,no_load_injected_background_apps_unverified,
2026-08-22T08:33:35.597804Z,1.0.0,realme_RMX3760_api35,1.0.0+1,release,mobilenet_v3_small_dynamic_int8,1c3ca9e08ab14de0d8e7ca58f127b9955ae2cf3e9ffaad5033952bcbb51dd82f,mobilenet_v3_small,dynamic_int8,float32,float32,1x224x224x3,builtin_cpu,none,none_builtin,,4,1,5,measured,41,307.839000,2.875000,137.4697265625,4.4983367919921875,45.0,charging,false,0,,,43.2,FLAG_KEEP_SCREEN_ON,no_load_injected_background_apps_unverified,
2026-08-22T08:33:35.944302Z,1.0.0,realme_RMX3760_api35,1.0.0+1,release,mobilenet_v3_small_dynamic_int8,1c3ca9e08ab14de0d8e7ca58f127b9955ae2cf3e9ffaad5033952bcbb51dd82f,mobilenet_v3_small,dynamic_int8,float32,float32,1x224x224x3,builtin_cpu,none,none_builtin,,4,1,5,measured,42,296.380000,2.875000,137.0087890625,4.4985809326171875,45.0,charging,false,0,,,43.2,FLAG_KEEP_SCREEN_ON,no_load_injected_background_apps_unverified,
2026-08-22T08:33:36.308098Z,1.0.0,realme_RMX3760_api35,1.0.0+1,release,mobilenet_v3_small_dynamic_int8,1c3ca9e08ab14de0d8e7ca58f127b9955ae2cf3e9ffaad5033952bcbb51dd82f,mobilenet_v3_small,dynamic_int8,float32,float32,1x224x224x3,builtin_cpu,none,none_builtin,,4,1,5,measured,43,312.648000,2.875000,137.5166015625,4.5300750732421875,45.0,charging,false,0,,,43.2,FLAG_KEEP_SCREEN_ON,no_load_injected_background_apps_unverified,
2026-08-22T08:33:36.671520Z,1.0.0,realme_RMX3760_api35,1.0.0+1,release,mobilenet_v3_small_dynamic_int8,1c3ca9e08ab14de0d8e7ca58f127b9955ae2cf3e9ffaad5033952bcbb51dd82f,mobilenet_v3_small,dynamic_int8,float32,float32,1x224x224x3,builtin_cpu,none,none_builtin,,4,1,5,measured,44,310.562000,2.875000,137.3173828125,4.5303192138671875,45.0,charging,false,0,,,43.2,FLAG_KEEP_SCREEN_ON,no_load_injected_background_apps_unverified,
2026-08-22T08:33:37.017785Z,1.0.0,realme_RMX3760_api35,1.0.0+1,release,mobilenet_v3_small_dynamic_int8,1c3ca9e08ab14de0d8e7ca58f127b9955ae2cf3e9ffaad5033952bcbb51dd82f,mobilenet_v3_small,dynamic_int8,float32,float32,1x224x224x3,builtin_cpu,none,none_builtin,,4,1,5,measured,45,292.745000,2.875000,137.3564453125,4.5305633544921875,45.0,charging,false,0,,,43.2,FLAG_KEEP_SCREEN_ON,no_load_injected_background_apps_unverified,
2026-08-22T08:33:37.370071Z,1.0.0,realme_RMX3760_api35,1.0.0+1,release,mobilenet_v3_small_dynamic_int8,1c3ca9e08ab14de0d8e7ca58f127b9955ae2cf3e9ffaad5033952bcbb51dd82f,mobilenet_v3_small,dynamic_int8,float32,float32,1x224x224x3,builtin_cpu,none,none_builtin,,4,1,5,measured,46,301.486000,2.875000,137.4111328125,4.5308074951171875,45.0,charging,false,0,,,43.2,FLAG_KEEP_SCREEN_ON,no_load_injected_background_apps_unverified,
2026-08-22T08:33:37.735824Z,1.0.0,realme_RMX3760_api35,1.0.0+1,release,mobilenet_v3_small_dynamic_int8,1c3ca9e08ab14de0d8e7ca58f127b9955ae2cf3e9ffaad5033952bcbb51dd82f,mobilenet_v3_small,dynamic_int8,float32,float32,1x224x224x3,builtin_cpu,none,none_builtin,,4,1,5,measured,47,313.128000,2.875000,137.5517578125,4.5310516357421875,45.0,charging,false,0,,,43.2,FLAG_KEEP_SCREEN_ON,no_load_injected_background_apps_unverified,
2026-08-22T08:33:38.106904Z,1.0.0,realme_RMX3760_api35,1.0.0+1,release,mobilenet_v3_small_dynamic_int8,1c3ca9e08ab14de0d8e7ca58f127b9955ae2cf3e9ffaad5033952bcbb51dd82f,mobilenet_v3_small,dynamic_int8,float32,float32,1x224x224x3,builtin_cpu,none,none_builtin,,4,1,5,measured,48,318.503000,2.875000,137.0439453125,4.5312957763671875,45.0,charging,false,0,,,43.2,FLAG_KEEP_SCREEN_ON,no_load_injected_background_apps_unverified,
2026-08-22T08:33:38.446041Z,1.0.0,realme_RMX3760_api35,1.0.0+1,release,mobilenet_v3_small_dynamic_int8,1c3ca9e08ab14de0d8e7ca58f127b9955ae2cf3e9ffaad5033952bcbb51dd82f,mobilenet_v3_small,dynamic_int8,float32,float32,1x224x224x3,builtin_cpu,none,none_builtin,,4,1,5,measured,49,288.260000,2.875000,137.5517578125,4.5627899169921875,45.0,charging,false,0,,,43.2,FLAG_KEEP_SCREEN_ON,no_load_injected_background_apps_unverified,
2026-08-22T08:33:38.807610Z,1.0.0,realme_RMX3760_api35,1.0.0+1,release,mobilenet_v3_small_dynamic_int8,1c3ca9e08ab14de0d8e7ca58f127b9955ae2cf3e9ffaad5033952bcbb51dd82f,mobilenet_v3_small,dynamic_int8,float32,float32,1x224x224x3,builtin_cpu,none,none_builtin,,4,1,5,measured,50,310.533000,2.875000,137.0712890625,4.5630340576171875,45.0,charging,false,0,,,43.2,FLAG_KEEP_SCREEN_ON,no_load_injected_background_apps_unverified,
2026-08-22T08:33:39.165343Z,1.0.0,realme_RMX3760_api35,1.0.0+1,release,mobilenet_v3_small_dynamic_int8,1c3ca9e08ab14de0d8e7ca58f127b9955ae2cf3e9ffaad5033952bcbb51dd82f,mobilenet_v3_small,dynamic_int8,float32,float32,1x224x224x3,builtin_cpu,none,none_builtin,,4,1,5,measured,51,307.888000,2.875000,137.5712890625,4.5632781982421875,45.0,charging,false,0,,,43.2,FLAG_KEEP_SCREEN_ON,no_load_injected_background_apps_unverified,
2026-08-22T08:33:39.518359Z,1.0.0,realme_RMX3760_api35,1.0.0+1,release,mobilenet_v3_small_dynamic_int8,1c3ca9e08ab14de0d8e7ca58f127b9955ae2cf3e9ffaad5033952bcbb51dd82f,mobilenet_v3_small,dynamic_int8,float32,float32,1x224x224x3,builtin_cpu,none,none_builtin,,4,1,5,measured,52,302.120000,2.875000,137.5791015625,4.5635223388671875,45.0,charging,false,0,,,43.2,FLAG_KEEP_SCREEN_ON,no_load_injected_background_apps_unverified,
2026-08-22T08:33:39.880377Z,1.0.0,realme_RMX3760_api35,1.0.0+1,release,mobilenet_v3_small_dynamic_int8,1c3ca9e08ab14de0d8e7ca58f127b9955ae2cf3e9ffaad5033952bcbb51dd82f,mobilenet_v3_small,dynamic_int8,float32,float32,1x224x224x3,builtin_cpu,none,none_builtin,,4,1,5,measured,53,312.629000,2.875000,137.6298828125,4.5637664794921875,45.0,charging,false,0,,,43.2,FLAG_KEEP_SCREEN_ON,no_load_injected_background_apps_unverified,
2026-08-22T08:33:40.230019Z,1.0.0,realme_RMX3760_api35,1.0.0+1,release,mobilenet_v3_small_dynamic_int8,1c3ca9e08ab14de0d8e7ca58f127b9955ae2cf3e9ffaad5033952bcbb51dd82f,mobilenet_v3_small,dynamic_int8,float32,float32,1x224x224x3,builtin_cpu,none,none_builtin,,4,1,5,measured,54,296.436000,2.875000,137.6259765625,4.5640106201171875,45.0,charging,false,0,,,43.2,FLAG_KEEP_SCREEN_ON,no_load_injected_background_apps_unverified,
2026-08-22T08:33:40.573469Z,1.0.0,realme_RMX3760_api35,1.0.0+1,release,mobilenet_v3_small_dynamic_int8,1c3ca9e08ab14de0d8e7ca58f127b9955ae2cf3e9ffaad5033952bcbb51dd82f,mobilenet_v3_small,dynamic_int8,float32,float32,1x224x224x3,builtin_cpu,none,none_builtin,,4,1,5,measured,55,292.521000,2.875000,137.6337890625,4.5955047607421875,45.0,charging,false,0,,,43.2,FLAG_KEEP_SCREEN_ON,no_load_injected_background_apps_unverified,
2026-08-22T08:33:40.922437Z,1.0.0,realme_RMX3760_api35,1.0.0+1,release,mobilenet_v3_small_dynamic_int8,1c3ca9e08ab14de0d8e7ca58f127b9955ae2cf3e9ffaad5033952bcbb51dd82f,mobilenet_v3_small,dynamic_int8,float32,float32,1x224x224x3,builtin_cpu,none,none_builtin,,4,1,5,measured,56,296.091000,2.875000,137.5869140625,4.5957489013671875,45.0,charging,false,0,,,43.2,FLAG_KEEP_SCREEN_ON,no_load_injected_background_apps_unverified,
2026-08-22T08:33:41.270341Z,1.0.0,realme_RMX3760_api35,1.0.0+1,release,mobilenet_v3_small_dynamic_int8,1c3ca9e08ab14de0d8e7ca58f127b9955ae2cf3e9ffaad5033952bcbb51dd82f,mobilenet_v3_small,dynamic_int8,float32,float32,1x224x224x3,builtin_cpu,none,none_builtin,,4,1,5,measured,57,298.079000,2.875000,137.5869140625,4.5959930419921875,45.0,charging,false,0,,,43.2,FLAG_KEEP_SCREEN_ON,no_load_injected_background_apps_unverified,
2026-08-22T08:33:41.626012Z,1.0.0,realme_RMX3760_api35,1.0.0+1,release,mobilenet_v3_small_dynamic_int8,1c3ca9e08ab14de0d8e7ca58f127b9955ae2cf3e9ffaad5033952bcbb51dd82f,mobilenet_v3_small,dynamic_int8,float32,float32,1x224x224x3,builtin_cpu,none,none_builtin,,4,1,5,measured,58,305.002000,2.875000,137.0947265625,4.5962371826171875,45.0,charging,false,0,,,43.2,FLAG_KEEP_SCREEN_ON,no_load_injected_background_apps_unverified,
2026-08-22T08:33:41.979563Z,1.0.0,realme_RMX3760_api35,1.0.0+1,release,mobilenet_v3_small_dynamic_int8,1c3ca9e08ab14de0d8e7ca58f127b9955ae2cf3e9ffaad5033952bcbb51dd82f,mobilenet_v3_small,dynamic_int8,float32,float32,1x224x224x3,builtin_cpu,none,none_builtin,,4,1,5,measured,59,300.761000,2.875000,137.6533203125,4.5964813232421875,45.0,charging,false,0,,,43.2,FLAG_KEEP_SCREEN_ON,no_load_injected_background_apps_unverified,
2026-08-22T08:33:42.327157Z,1.0.0,realme_RMX3760_api35,1.0.0+1,release,mobilenet_v3_small_dynamic_int8,1c3ca9e08ab14de0d8e7ca58f127b9955ae2cf3e9ffaad5033952bcbb51dd82f,mobilenet_v3_small,dynamic_int8,float32,float32,1x224x224x3,builtin_cpu,none,none_builtin,,4,1,5,measured,60,297.345000,2.875000,137.6572265625,4.5967254638671875,45.0,charging,false,0,,,43.2,FLAG_KEEP_SCREEN_ON,no_load_injected_background_apps_unverified,
2026-08-22T08:33:42.680059Z,1.0.0,realme_RMX3760_api35,1.0.0+1,release,mobilenet_v3_small_dynamic_int8,1c3ca9e08ab14de0d8e7ca58f127b9955ae2cf3e9ffaad5033952bcbb51dd82f,mobilenet_v3_small,dynamic_int8,float32,float32,1x224x224x3,builtin_cpu,none,none_builtin,,4,1,5,measured,61,299.803000,2.875000,137.1650390625,4.6282196044921875,45.0,charging,false,0,,,43.2,FLAG_KEEP_SCREEN_ON,no_load_injected_background_apps_unverified,
2026-08-22T08:33:43.029901Z,1.0.0,realme_RMX3760_api35,1.0.0+1,release,mobilenet_v3_small_dynamic_int8,1c3ca9e08ab14de0d8e7ca58f127b9955ae2cf3e9ffaad5033952bcbb51dd82f,mobilenet_v3_small,dynamic_int8,float32,float32,1x224x224x3,builtin_cpu,none,none_builtin,,4,1,5,measured,62,296.480000,2.875000,137.6142578125,4.6284637451171875,45.0,charging,false,0,,,43.3,FLAG_KEEP_SCREEN_ON,no_load_injected_background_apps_unverified,
2026-08-22T08:33:43.380566Z,1.0.0,realme_RMX3760_api35,1.0.0+1,release,mobilenet_v3_small_dynamic_int8,1c3ca9e08ab14de0d8e7ca58f127b9955ae2cf3e9ffaad5033952bcbb51dd82f,mobilenet_v3_small,dynamic_int8,float32,float32,1x224x224x3,builtin_cpu,none,none_builtin,,4,1,5,measured,63,300.377000,2.875000,137.6455078125,4.6287078857421875,45.0,charging,false,0,,,43.3,FLAG_KEEP_SCREEN_ON,no_load_injected_background_apps_unverified,
2026-08-22T08:33:43.733758Z,1.0.0,realme_RMX3760_api35,1.0.0+1,release,mobilenet_v3_small_dynamic_int8,1c3ca9e08ab14de0d8e7ca58f127b9955ae2cf3e9ffaad5033952bcbb51dd82f,mobilenet_v3_small,dynamic_int8,float32,float32,1x224x224x3,builtin_cpu,none,none_builtin,,4,1,5,measured,64,301.809000,2.875000,137.6533203125,4.6289520263671875,45.0,charging,false,0,,,43.3,FLAG_KEEP_SCREEN_ON,no_load_injected_background_apps_unverified,
2026-08-22T08:33:44.088181Z,1.0.0,realme_RMX3760_api35,1.0.0+1,release,mobilenet_v3_small_dynamic_int8,1c3ca9e08ab14de0d8e7ca58f127b9955ae2cf3e9ffaad5033952bcbb51dd82f,mobilenet_v3_small,dynamic_int8,float32,float32,1x224x224x3,builtin_cpu,none,none_builtin,,4,1,5,measured,65,302.786000,2.875000,137.1298828125,4.6291961669921875,45.0,charging,false,0,,,43.3,FLAG_KEEP_SCREEN_ON,no_load_injected_background_apps_unverified,
2026-08-22T08:33:44.440504Z,1.0.0,realme_RMX3760_api35,1.0.0+1,release,mobilenet_v3_small_dynamic_int8,1c3ca9e08ab14de0d8e7ca58f127b9955ae2cf3e9ffaad5033952bcbb51dd82f,mobilenet_v3_small,dynamic_int8,float32,float32,1x224x224x3,builtin_cpu,none,none_builtin,,4,1,5,measured,66,301.778000,2.875000,137.1259765625,4.6294403076171875,45.0,charging,false,0,,,43.3,FLAG_KEEP_SCREEN_ON,no_load_injected_background_apps_unverified,
2026-08-22T08:33:44.792007Z,1.0.0,realme_RMX3760_api35,1.0.0+1,release,mobilenet_v3_small_dynamic_int8,1c3ca9e08ab14de0d8e7ca58f127b9955ae2cf3e9ffaad5033952bcbb51dd82f,mobilenet_v3_small,dynamic_int8,float32,float32,1x224x224x3,builtin_cpu,none,none_builtin,,4,1,5,measured,67,298.553000,2.875000,137.1337890625,4.6609344482421875,45.0,charging,false,0,,,43.3,FLAG_KEEP_SCREEN_ON,no_load_injected_background_apps_unverified,
2026-08-22T08:33:45.157444Z,1.0.0,realme_RMX3760_api35,1.0.0+1,release,mobilenet_v3_small_dynamic_int8,1c3ca9e08ab14de0d8e7ca58f127b9955ae2cf3e9ffaad5033952bcbb51dd82f,mobilenet_v3_small,dynamic_int8,float32,float32,1x224x224x3,builtin_cpu,none,none_builtin,,4,1,5,measured,68,315.333000,2.875000,137.1572265625,4.6611785888671875,45.0,charging,false,0,,,43.3,FLAG_KEEP_SCREEN_ON,no_load_injected_background_apps_unverified,
2026-08-22T08:33:45.528105Z,1.0.0,realme_RMX3760_api35,1.0.0+1,release,mobilenet_v3_small_dynamic_int8,1c3ca9e08ab14de0d8e7ca58f127b9955ae2cf3e9ffaad5033952bcbb51dd82f,mobilenet_v3_small,dynamic_int8,float32,float32,1x224x224x3,builtin_cpu,none,none_builtin,,4,1,5,measured,69,321.203000,2.875000,137.6494140625,4.6614227294921875,45.0,charging,false,0,,,43.3,FLAG_KEEP_SCREEN_ON,no_load_injected_background_apps_unverified,
2026-08-22T08:33:45.884779Z,1.0.0,realme_RMX3760_api35,1.0.0+1,release,mobilenet_v3_small_dynamic_int8,1c3ca9e08ab14de0d8e7ca58f127b9955ae2cf3e9ffaad5033952bcbb51dd82f,mobilenet_v3_small,dynamic_int8,float32,float32,1x224x224x3,builtin_cpu,none,none_builtin,,4,1,5,measured,70,306.086000,2.875000,137.1572265625,4.6616668701171875,45.0,charging,false,0,,,43.3,FLAG_KEEP_SCREEN_ON,no_load_injected_background_apps_unverified,
2026-08-22T08:33:46.254238Z,1.0.0,realme_RMX3760_api35,1.0.0+1,release,mobilenet_v3_small_dynamic_int8,1c3ca9e08ab14de0d8e7ca58f127b9955ae2cf3e9ffaad5033952bcbb51dd82f,mobilenet_v3_small,dynamic_int8,float32,float32,1x224x224x3,builtin_cpu,none,none_builtin,,4,1,5,measured,71,319.951000,2.875000,137.0712890625,4.6619110107421875,45.0,charging,false,0,,,43.3,FLAG_KEEP_SCREEN_ON,no_load_injected_background_apps_unverified,
2026-08-22T08:33:46.609759Z,1.0.0,realme_RMX3760_api35,1.0.0+1,release,mobilenet_v3_small_dynamic_int8,1c3ca9e08ab14de0d8e7ca58f127b9955ae2cf3e9ffaad5033952bcbb51dd82f,mobilenet_v3_small,dynamic_int8,float32,float32,1x224x224x3,builtin_cpu,none,none_builtin,,4,1,5,measured,72,302.036000,2.875000,137.1962890625,4.6621551513671875,45.0,charging,false,0,,,43.3,FLAG_KEEP_SCREEN_ON,no_load_injected_background_apps_unverified,
2026-08-22T08:33:46.964617Z,1.0.0,realme_RMX3760_api35,1.0.0+1,release,mobilenet_v3_small_dynamic_int8,1c3ca9e08ab14de0d8e7ca58f127b9955ae2cf3e9ffaad5033952bcbb51dd82f,mobilenet_v3_small,dynamic_int8,float32,float32,1x224x224x3,builtin_cpu,none,none_builtin,,4,1,5,measured,73,301.957000,2.875000,137.2041015625,4.6936492919921875,45.0,charging,false,0,,,43.3,FLAG_KEEP_SCREEN_ON,no_load_injected_background_apps_unverified,
2026-08-22T08:33:47.322670Z,1.0.0,realme_RMX3760_api35,1.0.0+1,release,mobilenet_v3_small_dynamic_int8,1c3ca9e08ab14de0d8e7ca58f127b9955ae2cf3e9ffaad5033952bcbb51dd82f,mobilenet_v3_small,dynamic_int8,float32,float32,1x224x224x3,builtin_cpu,none,none_builtin,,4,1,5,measured,74,304.822000,2.875000,137.2158203125,4.6938934326171875,45.0,charging,false,0,,,43.3,FLAG_KEEP_SCREEN_ON,no_load_injected_background_apps_unverified,
2026-08-22T08:33:47.668443Z,1.0.0,realme_RMX3760_api35,1.0.0+1,release,mobilenet_v3_small_dynamic_int8,1c3ca9e08ab14de0d8e7ca58f127b9955ae2cf3e9ffaad5033952bcbb51dd82f,mobilenet_v3_small,dynamic_int8,float32,float32,1x224x224x3,builtin_cpu,none,none_builtin,,4,1,5,measured,75,296.435000,2.875000,137.2392578125,4.6941375732421875,45.0,charging,false,0,,,43.3,FLAG_KEEP_SCREEN_ON,no_load_injected_background_apps_unverified,
2026-08-22T08:33:48.019106Z,1.0.0,realme_RMX3760_api35,1.0.0+1,release,mobilenet_v3_small_dynamic_int8,1c3ca9e08ab14de0d8e7ca58f127b9955ae2cf3e9ffaad5033952bcbb51dd82f,mobilenet_v3_small,dynamic_int8,float32,float32,1x224x224x3,builtin_cpu,none,none_builtin,,4,1,5,measured,76,297.870000,2.875000,137.2470703125,4.6943817138671875,45.0,charging,false,0,,,43.3,FLAG_KEEP_SCREEN_ON,no_load_injected_background_apps_unverified,
2026-08-22T08:33:48.370693Z,1.0.0,realme_RMX3760_api35,1.0.0+1,release,mobilenet_v3_small_dynamic_int8,1c3ca9e08ab14de0d8e7ca58f127b9955ae2cf3e9ffaad5033952bcbb51dd82f,mobilenet_v3_small,dynamic_int8,float32,float32,1x224x224x3,builtin_cpu,none,none_builtin,,4,1,5,measured,77,301.572000,2.875000,137.5595703125,4.6946258544921875,45.0,charging,false,0,,,43.3,FLAG_KEEP_SCREEN_ON,no_load_injected_background_apps_unverified,
2026-08-22T08:33:48.716332Z,1.0.0,realme_RMX3760_api35,1.0.0+1,release,mobilenet_v3_small_dynamic_int8,1c3ca9e08ab14de0d8e7ca58f127b9955ae2cf3e9ffaad5033952bcbb51dd82f,mobilenet_v3_small,dynamic_int8,float32,float32,1x224x224x3,builtin_cpu,none,none_builtin,,4,1,5,measured,78,291.720000,2.875000,137.5556640625,4.6948699951171875,45.0,charging,false,0,,,43.3,FLAG_KEEP_SCREEN_ON,no_load_injected_background_apps_unverified,
2026-08-22T08:33:49.074847Z,1.0.0,realme_RMX3760_api35,1.0.0+1,release,mobilenet_v3_small_dynamic_int8,1c3ca9e08ab14de0d8e7ca58f127b9955ae2cf3e9ffaad5033952bcbb51dd82f,mobilenet_v3_small,dynamic_int8,float32,float32,1x224x224x3,builtin_cpu,none,none_builtin,,4,1,5,measured,79,304.810000,2.875000,137.7275390625,4.7263641357421875,45.0,charging,false,0,,,43.3,FLAG_KEEP_SCREEN_ON,no_load_injected_background_apps_unverified,
2026-08-22T08:33:49.422703Z,1.0.0,realme_RMX3760_api35,1.0.0+1,release,mobilenet_v3_small_dynamic_int8,1c3ca9e08ab14de0d8e7ca58f127b9955ae2cf3e9ffaad5033952bcbb51dd82f,mobilenet_v3_small,dynamic_int8,float32,float32,1x224x224x3,builtin_cpu,none,none_builtin,,4,1,5,measured,80,293.872000,2.875000,137.7353515625,4.7266082763671875,45.0,charging,false,0,,,43.3,FLAG_KEEP_SCREEN_ON,no_load_injected_background_apps_unverified,
2026-08-22T08:33:49.776359Z,1.0.0,realme_RMX3760_api35,1.0.0+1,release,mobilenet_v3_small_dynamic_int8,1c3ca9e08ab14de0d8e7ca58f127b9955ae2cf3e9ffaad5033952bcbb51dd82f,mobilenet_v3_small,dynamic_int8,float32,float32,1x224x224x3,builtin_cpu,none,none_builtin,,4,1,5,measured,81,302.670000,2.875000,137.7314453125,4.7268524169921875,45.0,charging,false,0,,,43.3,FLAG_KEEP_SCREEN_ON,no_load_injected_background_apps_unverified,
2026-08-22T08:33:50.121983Z,1.0.0,realme_RMX3760_api35,1.0.0+1,release,mobilenet_v3_small_dynamic_int8,1c3ca9e08ab14de0d8e7ca58f127b9955ae2cf3e9ffaad5033952bcbb51dd82f,mobilenet_v3_small,dynamic_int8,float32,float32,1x224x224x3,builtin_cpu,none,none_builtin,,4,1,5,measured,82,292.292000,2.875000,137.7431640625,4.7270965576171875,45.0,charging,false,0,,,43.3,FLAG_KEEP_SCREEN_ON,no_load_injected_background_apps_unverified,
2026-08-22T08:33:50.470281Z,1.0.0,realme_RMX3760_api35,1.0.0+1,release,mobilenet_v3_small_dynamic_int8,1c3ca9e08ab14de0d8e7ca58f127b9955ae2cf3e9ffaad5033952bcbb51dd82f,mobilenet_v3_small,dynamic_int8,float32,float32,1x224x224x3,builtin_cpu,none,none_builtin,,4,1,5,measured,83,294.344000,2.875000,137.0205078125,4.7273406982421875,45.0,charging,false,0,,,43.3,FLAG_KEEP_SCREEN_ON,no_load_injected_background_apps_unverified,
2026-08-22T08:33:50.822045Z,1.0.0,realme_RMX3760_api35,1.0.0+1,release,mobilenet_v3_small_dynamic_int8,1c3ca9e08ab14de0d8e7ca58f127b9955ae2cf3e9ffaad5033952bcbb51dd82f,mobilenet_v3_small,dynamic_int8,float32,float32,1x224x224x3,builtin_cpu,none,none_builtin,,4,1,5,measured,84,298.507000,2.875000,137.8056640625,4.7275848388671875,45.0,charging,false,0,,,43.3,FLAG_KEEP_SCREEN_ON,no_load_injected_background_apps_unverified,
2026-08-22T08:33:51.184552Z,1.0.0,realme_RMX3760_api35,1.0.0+1,release,mobilenet_v3_small_dynamic_int8,1c3ca9e08ab14de0d8e7ca58f127b9955ae2cf3e9ffaad5033952bcbb51dd82f,mobilenet_v3_small,dynamic_int8,float32,float32,1x224x224x3,builtin_cpu,none,none_builtin,,4,1,5,measured,85,312.277000,2.875000,137.8134765625,4.7590789794921875,45.0,charging,false,0,,,43.3,FLAG_KEEP_SCREEN_ON,no_load_injected_background_apps_unverified,
2026-08-22T08:33:51.536301Z,1.0.0,realme_RMX3760_api35,1.0.0+1,release,mobilenet_v3_small_dynamic_int8,1c3ca9e08ab14de0d8e7ca58f127b9955ae2cf3e9ffaad5033952bcbb51dd82f,mobilenet_v3_small,dynamic_int8,float32,float32,1x224x224x3,builtin_cpu,none,none_builtin,,4,1,5,measured,86,299.021000,2.875000,137.8291015625,4.7593231201171875,45.0,charging,false,0,,,43.3,FLAG_KEEP_SCREEN_ON,no_load_injected_background_apps_unverified,
2026-08-22T08:33:51.885301Z,1.0.0,realme_RMX3760_api35,1.0.0+1,release,mobilenet_v3_small_dynamic_int8,1c3ca9e08ab14de0d8e7ca58f127b9955ae2cf3e9ffaad5033952bcbb51dd82f,mobilenet_v3_small,dynamic_int8,float32,float32,1x224x224x3,builtin_cpu,none,none_builtin,,4,1,5,measured,87,296.820000,2.875000,137.3203125,4.7595672607421875,45.0,charging,false,0,,,43.3,FLAG_KEEP_SCREEN_ON,no_load_injected_background_apps_unverified,
2026-08-22T08:33:52.246879Z,1.0.0,realme_RMX3760_api35,1.0.0+1,release,mobilenet_v3_small_dynamic_int8,1c3ca9e08ab14de0d8e7ca58f127b9955ae2cf3e9ffaad5033952bcbb51dd82f,mobilenet_v3_small,dynamic_int8,float32,float32,1x224x224x3,builtin_cpu,none,none_builtin,,4,1,5,measured,88,311.382000,2.875000,137.328125,4.7598114013671875,45.0,charging,false,0,,,43.3,FLAG_KEEP_SCREEN_ON,no_load_injected_background_apps_unverified,
2026-08-22T08:33:52.593963Z,1.0.0,realme_RMX3760_api35,1.0.0+1,release,mobilenet_v3_small_dynamic_int8,1c3ca9e08ab14de0d8e7ca58f127b9955ae2cf3e9ffaad5033952bcbb51dd82f,mobilenet_v3_small,dynamic_int8,float32,float32,1x224x224x3,builtin_cpu,none,none_builtin,,4,1,5,measured,89,297.302000,2.875000,137.3359375,4.7600555419921875,45.0,charging,false,0,,,43.3,FLAG_KEEP_SCREEN_ON,no_load_injected_background_apps_unverified,
2026-08-22T08:33:52.943980Z,1.0.0,realme_RMX3760_api35,1.0.0+1,release,mobilenet_v3_small_dynamic_int8,1c3ca9e08ab14de0d8e7ca58f127b9955ae2cf3e9ffaad5033952bcbb51dd82f,mobilenet_v3_small,dynamic_int8,float32,float32,1x224x224x3,builtin_cpu,none,none_builtin,,4,1,5,measured,90,297.846000,2.875000,137.8359375,4.7602996826171875,45.0,charging,false,0,,,43.3,FLAG_KEEP_SCREEN_ON,no_load_injected_background_apps_unverified,
2026-08-22T08:33:53.293676Z,1.0.0,realme_RMX3760_api35,1.0.0+1,release,mobilenet_v3_small_dynamic_int8,1c3ca9e08ab14de0d8e7ca58f127b9955ae2cf3e9ffaad5033952bcbb51dd82f,mobilenet_v3_small,dynamic_int8,float32,float32,1x224x224x3,builtin_cpu,none,none_builtin,,4,1,5,measured,91,299.017000,2.875000,137.34375,4.7917938232421875,45.0,charging,false,0,,,43.3,FLAG_KEEP_SCREEN_ON,no_load_injected_background_apps_unverified,
2026-08-22T08:33:53.653671Z,1.0.0,realme_RMX3760_api35,1.0.0+1,release,mobilenet_v3_small_dynamic_int8,1c3ca9e08ab14de0d8e7ca58f127b9955ae2cf3e9ffaad5033952bcbb51dd82f,mobilenet_v3_small,dynamic_int8,float32,float32,1x224x224x3,builtin_cpu,none,none_builtin,,4,1,5,measured,92,308.763000,2.875000,137.7109375,4.7920379638671875,45.0,charging,false,0,,,43.3,FLAG_KEEP_SCREEN_ON,no_load_injected_background_apps_unverified,
2026-08-22T08:33:54.006369Z,1.0.0,realme_RMX3760_api35,1.0.0+1,release,mobilenet_v3_small_dynamic_int8,1c3ca9e08ab14de0d8e7ca58f127b9955ae2cf3e9ffaad5033952bcbb51dd82f,mobilenet_v3_small,dynamic_int8,float32,float32,1x224x224x3,builtin_cpu,none,none_builtin,,4,1,5,measured,93,299.579000,2.875000,137.2109375,4.7922821044921875,45.0,charging,false,0,,,43.3,FLAG_KEEP_SCREEN_ON,no_load_injected_background_apps_unverified,
2026-08-22T08:33:54.367369Z,1.0.0,realme_RMX3760_api35,1.0.0+1,release,mobilenet_v3_small_dynamic_int8,1c3ca9e08ab14de0d8e7ca58f127b9955ae2cf3e9ffaad5033952bcbb51dd82f,mobilenet_v3_small,dynamic_int8,float32,float32,1x224x224x3,builtin_cpu,none,none_builtin,,4,1,5,measured,94,310.178000,2.875000,137.24609375,4.7925262451171875,45.0,charging,false,0,,,43.3,FLAG_KEEP_SCREEN_ON,no_load_injected_background_apps_unverified,
2026-08-22T08:33:54.718848Z,1.0.0,realme_RMX3760_api35,1.0.0+1,release,mobilenet_v3_small_dynamic_int8,1c3ca9e08ab14de0d8e7ca58f127b9955ae2cf3e9ffaad5033952bcbb51dd82f,mobilenet_v3_small,dynamic_int8,float32,float32,1x224x224x3,builtin_cpu,none,none_builtin,,4,1,5,measured,95,300.149000,2.875000,137.5859375,4.7927703857421875,45.0,charging,false,0,,,43.3,FLAG_KEEP_SCREEN_ON,no_load_injected_background_apps_unverified,
2026-08-22T08:33:55.071282Z,1.0.0,realme_RMX3760_api35,1.0.0+1,release,mobilenet_v3_small_dynamic_int8,1c3ca9e08ab14de0d8e7ca58f127b9955ae2cf3e9ffaad5033952bcbb51dd82f,mobilenet_v3_small,dynamic_int8,float32,float32,1x224x224x3,builtin_cpu,none,none_builtin,,4,1,5,measured,96,299.778000,2.875000,137.75390625,4.7930145263671875,45.0,charging,false,0,,,43.3,FLAG_KEEP_SCREEN_ON,no_load_injected_background_apps_unverified,
2026-08-22T08:33:55.441089Z,1.0.0,realme_RMX3760_api35,1.0.0+1,release,mobilenet_v3_small_dynamic_int8,1c3ca9e08ab14de0d8e7ca58f127b9955ae2cf3e9ffaad5033952bcbb51dd82f,mobilenet_v3_small,dynamic_int8,float32,float32,1x224x224x3,builtin_cpu,none,none_builtin,,4,1,5,measured,97,316.262000,2.875000,137.2734375,4.8245086669921875,45.0,charging,false,0,,,43.3,FLAG_KEEP_SCREEN_ON,no_load_injected_background_apps_unverified,
2026-08-22T08:33:55.794431Z,1.0.0,realme_RMX3760_api35,1.0.0+1,release,mobilenet_v3_small_dynamic_int8,1c3ca9e08ab14de0d8e7ca58f127b9955ae2cf3e9ffaad5033952bcbb51dd82f,mobilenet_v3_small,dynamic_int8,float32,float32,1x224x224x3,builtin_cpu,none,none_builtin,,4,1,5,measured,98,298.934000,2.875000,137.30078125,4.8247528076171875,45.0,charging,false,0,,,43.3,FLAG_KEEP_SCREEN_ON,no_load_injected_background_apps_unverified,
2026-08-22T08:33:56.142462Z,1.0.0,realme_RMX3760_api35,1.0.0+1,release,mobilenet_v3_small_dynamic_int8,1c3ca9e08ab14de0d8e7ca58f127b9955ae2cf3e9ffaad5033952bcbb51dd82f,mobilenet_v3_small,dynamic_int8,float32,float32,1x224x224x3,builtin_cpu,none,none_builtin,,4,1,5,measured,99,294.531000,2.875000,142.37890625,4.8249969482421875,45.0,charging,false,0,,,43.3,FLAG_KEEP_SCREEN_ON,no_load_injected_background_apps_unverified,
2026-08-22T08:34:02.446305Z,1.0.0,realme_RMX3760_api35,1.0.0+1,release,mobilenet_v3_small_dynamic_int8,1c3ca9e08ab14de0d8e7ca58f127b9955ae2cf3e9ffaad5033952bcbb51dd82f,mobilenet_v3_small,dynamic_int8,float32,float32,1x224x224x3,xnnpack_cpu,xnnpack,xnnpack,,1,1,6,measured,0,308.464000,11.958000,138.3740234375,4.8252410888671875,45.0,charging,false,0,,,43.3,FLAG_KEEP_SCREEN_ON,no_load_injected_background_apps_unverified,
2026-08-22T08:34:02.788895Z,1.0.0,realme_RMX3760_api35,1.0.0+1,release,mobilenet_v3_small_dynamic_int8,1c3ca9e08ab14de0d8e7ca58f127b9955ae2cf3e9ffaad5033952bcbb51dd82f,mobilenet_v3_small,dynamic_int8,float32,float32,1x224x224x3,xnnpack_cpu,xnnpack,xnnpack,,1,1,6,measured,1,289.241000,11.958000,138.1474609375,4.8254852294921875,45.0,charging,false,0,,,43.3,FLAG_KEEP_SCREEN_ON,no_load_injected_background_apps_unverified,
2026-08-22T08:34:03.127632Z,1.0.0,realme_RMX3760_api35,1.0.0+1,release,mobilenet_v3_small_dynamic_int8,1c3ca9e08ab14de0d8e7ca58f127b9955ae2cf3e9ffaad5033952bcbb51dd82f,mobilenet_v3_small,dynamic_int8,float32,float32,1x224x224x3,xnnpack_cpu,xnnpack,xnnpack,,1,1,6,measured,2,288.749000,11.958000,138.2373046875,4.8257293701171875,45.0,charging,false,0,,,43.3,FLAG_KEEP_SCREEN_ON,no_load_injected_background_apps_unverified,
2026-08-22T08:34:03.473534Z,1.0.0,realme_RMX3760_api35,1.0.0+1,release,mobilenet_v3_small_dynamic_int8,1c3ca9e08ab14de0d8e7ca58f127b9955ae2cf3e9ffaad5033952bcbb51dd82f,mobilenet_v3_small,dynamic_int8,float32,float32,1x224x224x3,xnnpack_cpu,xnnpack,xnnpack,,1,1,6,measured,3,293.720000,11.958000,138.0498046875,4.8572235107421875,45.0,charging,false,0,,,43.3,FLAG_KEEP_SCREEN_ON,no_load_injected_background_apps_unverified,
2026-08-22T08:34:03.817433Z,1.0.0,realme_RMX3760_api35,1.0.0+1,release,mobilenet_v3_small_dynamic_int8,1c3ca9e08ab14de0d8e7ca58f127b9955ae2cf3e9ffaad5033952bcbb51dd82f,mobilenet_v3_small,dynamic_int8,float32,float32,1x224x224x3,xnnpack_cpu,xnnpack,xnnpack,,1,1,6,measured,4,290.294000,11.958000,137.6083984375,4.8574676513671875,45.0,charging,false,0,,,43.3,FLAG_KEEP_SCREEN_ON,no_load_injected_background_apps_unverified,
2026-08-22T08:34:04.159315Z,1.0.0,realme_RMX3760_api35,1.0.0+1,release,mobilenet_v3_small_dynamic_int8,1c3ca9e08ab14de0d8e7ca58f127b9955ae2cf3e9ffaad5033952bcbb51dd82f,mobilenet_v3_small,dynamic_int8,float32,float32,1x224x224x3,xnnpack_cpu,xnnpack,xnnpack,,1,1,6,measured,5,287.630000,11.958000,138.2451171875,4.8577117919921875,45.0,charging,false,0,,,43.3,FLAG_KEEP_SCREEN_ON,no_load_injected_background_apps_unverified,
2026-08-22T08:34:04.500602Z,1.0.0,realme_RMX3760_api35,1.0.0+1,release,mobilenet_v3_small_dynamic_int8,1c3ca9e08ab14de0d8e7ca58f127b9955ae2cf3e9ffaad5033952bcbb51dd82f,mobilenet_v3_small,dynamic_int8,float32,float32,1x224x224x3,xnnpack_cpu,xnnpack,xnnpack,,1,1,6,measured,6,289.742000,11.958000,142.3857421875,4.8579559326171875,45.0,charging,false,0,,,43.3,FLAG_KEEP_SCREEN_ON,no_load_injected_background_apps_unverified,
2026-08-22T08:34:04.844238Z,1.0.0,realme_RMX3760_api35,1.0.0+1,release,mobilenet_v3_small_dynamic_int8,1c3ca9e08ab14de0d8e7ca58f127b9955ae2cf3e9ffaad5033952bcbb51dd82f,mobilenet_v3_small,dynamic_int8,float32,float32,1x224x224x3,xnnpack_cpu,xnnpack,xnnpack,,1,1,6,measured,7,290.275000,11.958000,142.8896484375,4.8582000732421875,45.0,charging,false,0,,,43.3,FLAG_KEEP_SCREEN_ON,no_load_injected_background_apps_unverified,
2026-08-22T08:34:05.188575Z,1.0.0,realme_RMX3760_api35,1.0.0+1,release,mobilenet_v3_small_dynamic_int8,1c3ca9e08ab14de0d8e7ca58f127b9955ae2cf3e9ffaad5033952bcbb51dd82f,mobilenet_v3_small,dynamic_int8,float32,float32,1x224x224x3,xnnpack_cpu,xnnpack,xnnpack,,1,1,6,measured,8,289.541000,11.958000,137.8115234375,4.8584442138671875,45.0,charging,false,0,,,43.3,FLAG_KEEP_SCREEN_ON,no_load_injected_background_apps_unverified,
2026-08-22T08:34:05.532552Z,1.0.0,realme_RMX3760_api35,1.0.0+1,release,mobilenet_v3_small_dynamic_int8,1c3ca9e08ab14de0d8e7ca58f127b9955ae2cf3e9ffaad5033952bcbb51dd82f,mobilenet_v3_small,dynamic_int8,float32,float32,1x224x224x3,xnnpack_cpu,xnnpack,xnnpack,,1,1,6,measured,9,292.887000,11.958000,142.2294921875,4.8899383544921875,45.0,charging,false,0,,,43.3,FLAG_KEEP_SCREEN_ON,no_load_injected_background_apps_unverified,
2026-08-22T08:34:05.870425Z,1.0.0,realme_RMX3760_api35,1.0.0+1,release,mobilenet_v3_small_dynamic_int8,1c3ca9e08ab14de0d8e7ca58f127b9955ae2cf3e9ffaad5033952bcbb51dd82f,mobilenet_v3_small,dynamic_int8,float32,float32,1x224x224x3,xnnpack_cpu,xnnpack,xnnpack,,1,1,6,measured,10,285.778000,11.958000,142.3779296875,4.8901824951171875,45.0,charging,false,0,,,43.3,FLAG_KEEP_SCREEN_ON,no_load_injected_background_apps_unverified,
2026-08-22T08:34:06.209100Z,1.0.0,realme_RMX3760_api35,1.0.0+1,release,mobilenet_v3_small_dynamic_int8,1c3ca9e08ab14de0d8e7ca58f127b9955ae2cf3e9ffaad5033952bcbb51dd82f,mobilenet_v3_small,dynamic_int8,float32,float32,1x224x224x3,xnnpack_cpu,xnnpack,xnnpack,,1,1,6,measured,11,285.751000,11.958000,143.3818359375,4.8904266357421875,45.0,charging,false,0,,,43.3,FLAG_KEEP_SCREEN_ON,no_load_injected_background_apps_unverified,
2026-08-22T08:34:06.549403Z,1.0.0,realme_RMX3760_api35,1.0.0+1,release,mobilenet_v3_small_dynamic_int8,1c3ca9e08ab14de0d8e7ca58f127b9955ae2cf3e9ffaad5033952bcbb51dd82f,mobilenet_v3_small,dynamic_int8,float32,float32,1x224x224x3,xnnpack_cpu,xnnpack,xnnpack,,1,1,6,measured,12,288.824000,11.958000,142.8857421875,4.8906707763671875,45.0,charging,false,0,,,43.3,FLAG_KEEP_SCREEN_ON,no_load_injected_background_apps_unverified,
2026-08-22T08:34:06.886352Z,1.0.0,realme_RMX3760_api35,1.0.0+1,release,mobilenet_v3_small_dynamic_int8,1c3ca9e08ab14de0d8e7ca58f127b9955ae2cf3e9ffaad5033952bcbb51dd82f,mobilenet_v3_small,dynamic_int8,float32,float32,1x224x224x3,xnnpack_cpu,xnnpack,xnnpack,,1,1,6,measured,13,284.597000,11.958000,142.3896484375,4.8909149169921875,45.0,charging,false,0,,,43.3,FLAG_KEEP_SCREEN_ON,no_load_injected_background_apps_unverified,
2026-08-22T08:34:07.242207Z,1.0.0,realme_RMX3760_api35,1.0.0+1,release,mobilenet_v3_small_dynamic_int8,1c3ca9e08ab14de0d8e7ca58f127b9955ae2cf3e9ffaad5033952bcbb51dd82f,mobilenet_v3_small,dynamic_int8,float32,float32,1x224x224x3,xnnpack_cpu,xnnpack,xnnpack,,1,1,6,measured,14,288.783000,11.958000,142.3974609375,4.8911590576171875,45.0,charging,false,0,,,43.3,FLAG_KEEP_SCREEN_ON,no_load_injected_background_apps_unverified,
2026-08-22T08:34:07.870844Z,1.0.0,realme_RMX3760_api35,1.0.0+1,release,mobilenet_v3_small_dynamic_int8,1c3ca9e08ab14de0d8e7ca58f127b9955ae2cf3e9ffaad5033952bcbb51dd82f,mobilenet_v3_small,dynamic_int8,float32,float32,1x224x224x3,xnnpack_cpu,xnnpack,xnnpack,,1,1,6,measured,15,565.610000,11.958000,137.9912109375,4.9226531982421875,45.0,charging,false,0,,,43.3,FLAG_KEEP_SCREEN_ON,no_load_injected_background_apps_unverified,
2026-08-22T08:34:08.223058Z,1.0.0,realme_RMX3760_api35,1.0.0+1,release,mobilenet_v3_small_dynamic_int8,1c3ca9e08ab14de0d8e7ca58f127b9955ae2cf3e9ffaad5033952bcbb51dd82f,mobilenet_v3_small,dynamic_int8,float32,float32,1x224x224x3,xnnpack_cpu,xnnpack,xnnpack,,1,1,6,measured,16,299.903000,11.958000,142.7451171875,4.9228973388671875,45.0,charging,false,0,,,43.3,FLAG_KEEP_SCREEN_ON,no_load_injected_background_apps_unverified,
2026-08-22T08:34:08.566747Z,1.0.0,realme_RMX3760_api35,1.0.0+1,release,mobilenet_v3_small_dynamic_int8,1c3ca9e08ab14de0d8e7ca58f127b9955ae2cf3e9ffaad5033952bcbb51dd82f,mobilenet_v3_small,dynamic_int8,float32,float32,1x224x224x3,xnnpack_cpu,xnnpack,xnnpack,,1,1,6,measured,17,292.502000,11.958000,142.3740234375,4.9231414794921875,45.0,charging,false,0,,,43.3,FLAG_KEEP_SCREEN_ON,no_load_injected_background_apps_unverified,
2026-08-22T08:34:08.919054Z,1.0.0,realme_RMX3760_api35,1.0.0+1,release,mobilenet_v3_small_dynamic_int8,1c3ca9e08ab14de0d8e7ca58f127b9955ae2cf3e9ffaad5033952bcbb51dd82f,mobilenet_v3_small,dynamic_int8,float32,float32,1x224x224x3,xnnpack_cpu,xnnpack,xnnpack,,1,1,6,measured,18,298.512000,11.958000,137.7998046875,4.9233856201171875,45.0,charging,false,0,,,43.3,FLAG_KEEP_SCREEN_ON,no_load_injected_background_apps_unverified,
2026-08-22T08:34:09.262287Z,1.0.0,realme_RMX3760_api35,1.0.0+1,release,mobilenet_v3_small_dynamic_int8,1c3ca9e08ab14de0d8e7ca58f127b9955ae2cf3e9ffaad5033952bcbb51dd82f,mobilenet_v3_small,dynamic_int8,float32,float32,1x224x224x3,xnnpack_cpu,xnnpack,xnnpack,,1,1,6,measured,19,290.753000,11.958000,142.3857421875,4.9236297607421875,45.0,charging,false,0,,,43.3,FLAG_KEEP_SCREEN_ON,no_load_injected_background_apps_unverified,
2026-08-22T08:34:09.610890Z,1.0.0,realme_RMX3760_api35,1.0.0+1,release,mobilenet_v3_small_dynamic_int8,1c3ca9e08ab14de0d8e7ca58f127b9955ae2cf3e9ffaad5033952bcbb51dd82f,mobilenet_v3_small,dynamic_int8,float32,float32,1x224x224x3,xnnpack_cpu,xnnpack,xnnpack,,1,1,6,measured,20,292.898000,11.958000,138.8076171875,4.9238739013671875,45.0,charging,false,0,,,43.3,FLAG_KEEP_SCREEN_ON,no_load_injected_background_apps_unverified,
2026-08-22T08:34:09.956337Z,1.0.0,realme_RMX3760_api35,1.0.0+1,release,mobilenet_v3_small_dynamic_int8,1c3ca9e08ab14de0d8e7ca58f127b9955ae2cf3e9ffaad5033952bcbb51dd82f,mobilenet_v3_small,dynamic_int8,float32,float32,1x224x224x3,xnnpack_cpu,xnnpack,xnnpack,,1,1,6,measured,21,290.133000,11.958000,137.8466796875,4.9553680419921875,45.0,charging,false,0,,,43.3,FLAG_KEEP_SCREEN_ON,no_load_injected_background_apps_unverified,
2026-08-22T08:34:10.310292Z,1.0.0,realme_RMX3760_api35,1.0.0+1,release,mobilenet_v3_small_dynamic_int8,1c3ca9e08ab14de0d8e7ca58f127b9955ae2cf3e9ffaad5033952bcbb51dd82f,mobilenet_v3_small,dynamic_int8,float32,float32,1x224x224x3,xnnpack_cpu,xnnpack,xnnpack,,1,1,6,measured,22,303.890000,11.958000,138.3759765625,4.9556121826171875,45.0,charging,false,0,,,43.3,FLAG_KEEP_SCREEN_ON,no_load_injected_background_apps_unverified,
2026-08-22T08:34:10.654683Z,1.0.0,realme_RMX3760_api35,1.0.0+1,release,mobilenet_v3_small_dynamic_int8,1c3ca9e08ab14de0d8e7ca58f127b9955ae2cf3e9ffaad5033952bcbb51dd82f,mobilenet_v3_small,dynamic_int8,float32,float32,1x224x224x3,xnnpack_cpu,xnnpack,xnnpack,,1,1,6,measured,23,291.545000,11.958000,138.337890625,4.9558563232421875,45.0,charging,false,0,,,43.3,FLAG_KEEP_SCREEN_ON,no_load_injected_background_apps_unverified,
2026-08-22T08:34:11.009035Z,1.0.0,realme_RMX3760_api35,1.0.0+1,release,mobilenet_v3_small_dynamic_int8,1c3ca9e08ab14de0d8e7ca58f127b9955ae2cf3e9ffaad5033952bcbb51dd82f,mobilenet_v3_small,dynamic_int8,float32,float32,1x224x224x3,xnnpack_cpu,xnnpack,xnnpack,,1,1,6,measured,24,304.513000,11.958000,137.869140625,4.9561004638671875,45.0,charging,false,0,,,43.3,FLAG_KEEP_SCREEN_ON,no_load_injected_background_apps_unverified,
2026-08-22T08:34:11.345660Z,1.0.0,realme_RMX3760_api35,1.0.0+1,release,mobilenet_v3_small_dynamic_int8,1c3ca9e08ab14de0d8e7ca58f127b9955ae2cf3e9ffaad5033952bcbb51dd82f,mobilenet_v3_small,dynamic_int8,float32,float32,1x224x224x3,xnnpack_cpu,xnnpack,xnnpack,,1,1,6,measured,25,285.239000,11.958000,137.873046875,4.9563446044921875,45.0,charging,false,0,,,43.3,FLAG_KEEP_SCREEN_ON,no_load_injected_background_apps_unverified,
2026-08-22T08:34:11.684418Z,1.0.0,realme_RMX3760_api35,1.0.0+1,release,mobilenet_v3_small_dynamic_int8,1c3ca9e08ab14de0d8e7ca58f127b9955ae2cf3e9ffaad5033952bcbb51dd82f,mobilenet_v3_small,dynamic_int8,float32,float32,1x224x224x3,xnnpack_cpu,xnnpack,xnnpack,,1,1,6,measured,26,284.059000,11.958000,137.861328125,4.9565887451171875,45.0,charging,false,0,,,43.3,FLAG_KEEP_SCREEN_ON,no_load_injected_background_apps_unverified,
2026-08-22T08:34:12.030033Z,1.0.0,realme_RMX3760_api35,1.0.0+1,release,mobilenet_v3_small_dynamic_int8,1c3ca9e08ab14de0d8e7ca58f127b9955ae2cf3e9ffaad5033952bcbb51dd82f,mobilenet_v3_small,dynamic_int8,float32,float32,1x224x224x3,xnnpack_cpu,xnnpack,xnnpack,,1,1,6,measured,27,296.401000,11.958000,139.435546875,4.9880828857421875,45.0,charging,false,0,,,43.3,FLAG_KEEP_SCREEN_ON,no_load_injected_background_apps_unverified,
2026-08-22T08:34:12.374364Z,1.0.0,realme_RMX3760_api35,1.0.0+1,release,mobilenet_v3_small_dynamic_int8,1c3ca9e08ab14de0d8e7ca58f127b9955ae2cf3e9ffaad5033952bcbb51dd82f,mobilenet_v3_small,dynamic_int8,float32,float32,1x224x224x3,xnnpack_cpu,xnnpack,xnnpack,,1,1,6,measured,28,289.965000,11.958000,138.439453125,4.9883270263671875,45.0,charging,false,0,,,43.3,FLAG_KEEP_SCREEN_ON,no_load_injected_background_apps_unverified,
2026-08-22T08:34:12.718208Z,1.0.0,realme_RMX3760_api35,1.0.0+1,release,mobilenet_v3_small_dynamic_int8,1c3ca9e08ab14de0d8e7ca58f127b9955ae2cf3e9ffaad5033952bcbb51dd82f,mobilenet_v3_small,dynamic_int8,float32,float32,1x224x224x3,xnnpack_cpu,xnnpack,xnnpack,,1,1,6,measured,29,293.538000,11.958000,138.416015625,4.9885711669921875,45.0,charging,false,0,,,43.3,FLAG_KEEP_SCREEN_ON,no_load_injected_background_apps_unverified,
2026-08-22T08:34:13.060488Z,1.0.0,realme_RMX3760_api35,1.0.0+1,release,mobilenet_v3_small_dynamic_int8,1c3ca9e08ab14de0d8e7ca58f127b9955ae2cf3e9ffaad5033952bcbb51dd82f,mobilenet_v3_small,dynamic_int8,float32,float32,1x224x224x3,xnnpack_cpu,xnnpack,xnnpack,,1,1,6,measured,30,292.159000,11.958000,138.447265625,4.9888153076171875,45.0,charging,false,0,,,43.3,FLAG_KEEP_SCREEN_ON,no_load_injected_background_apps_unverified,
2026-08-22T08:34:13.410458Z,1.0.0,realme_RMX3760_api35,1.0.0+1,release,mobilenet_v3_small_dynamic_int8,1c3ca9e08ab14de0d8e7ca58f127b9955ae2cf3e9ffaad5033952bcbb51dd82f,mobilenet_v3_small,dynamic_int8,float32,float32,1x224x224x3,xnnpack_cpu,xnnpack,xnnpack,,1,1,6,measured,31,298.483000,11.958000,137.951171875,4.9890594482421875,45.0,charging,false,0,,,43.3,FLAG_KEEP_SCREEN_ON,no_load_injected_background_apps_unverified,
2026-08-22T08:34:13.745197Z,1.0.0,realme_RMX3760_api35,1.0.0+1,release,mobilenet_v3_small_dynamic_int8,1c3ca9e08ab14de0d8e7ca58f127b9955ae2cf3e9ffaad5033952bcbb51dd82f,mobilenet_v3_small,dynamic_int8,float32,float32,1x224x224x3,xnnpack_cpu,xnnpack,xnnpack,,1,1,6,measured,32,284.351000,11.958000,142.556640625,4.9893035888671875,45.0,charging,false,0,,,43.3,FLAG_KEEP_SCREEN_ON,no_load_injected_background_apps_unverified,
2026-08-22T08:34:14.091876Z,1.0.0,realme_RMX3760_api35,1.0.0+1,release,mobilenet_v3_small_dynamic_int8,1c3ca9e08ab14de0d8e7ca58f127b9955ae2cf3e9ffaad5033952bcbb51dd82f,mobilenet_v3_small,dynamic_int8,float32,float32,1x224x224x3,xnnpack_cpu,xnnpack,xnnpack,,1,1,6,measured,33,296.536000,11.958000,137.974609375,5.0207977294921875,45.0,charging,false,0,,,43.3,FLAG_KEEP_SCREEN_ON,no_load_injected_background_apps_unverified,
2026-08-22T08:34:14.455069Z,1.0.0,realme_RMX3760_api35,1.0.0+1,release,mobilenet_v3_small_dynamic_int8,1c3ca9e08ab14de0d8e7ca58f127b9955ae2cf3e9ffaad5033952bcbb51dd82f,mobilenet_v3_small,dynamic_int8,float32,float32,1x224x224x3,xnnpack_cpu,xnnpack,xnnpack,,1,1,6,measured,34,309.511000,11.958000,137.978515625,5.0210418701171875,45.0,charging,false,0,,,43.3,FLAG_KEEP_SCREEN_ON,no_load_injected_background_apps_unverified,
2026-08-22T08:34:14.810838Z,1.0.0,realme_RMX3760_api35,1.0.0+1,release,mobilenet_v3_small_dynamic_int8,1c3ca9e08ab14de0d8e7ca58f127b9955ae2cf3e9ffaad5033952bcbb51dd82f,mobilenet_v3_small,dynamic_int8,float32,float32,1x224x224x3,xnnpack_cpu,xnnpack,xnnpack,,1,1,6,measured,35,306.493000,11.958000,138.767578125,5.0212860107421875,45.0,charging,false,0,,,43.3,FLAG_KEEP_SCREEN_ON,no_load_injected_background_apps_unverified,
2026-08-22T08:34:15.160768Z,1.0.0,realme_RMX3760_api35,1.0.0+1,release,mobilenet_v3_small_dynamic_int8,1c3ca9e08ab14de0d8e7ca58f127b9955ae2cf3e9ffaad5033952bcbb51dd82f,mobilenet_v3_small,dynamic_int8,float32,float32,1x224x224x3,xnnpack_cpu,xnnpack,xnnpack,,1,1,6,measured,36,300.850000,11.958000,138.408203125,5.0215301513671875,45.0,charging,false,0,,,43.3,FLAG_KEEP_SCREEN_ON,no_load_injected_background_apps_unverified,
2026-08-22T08:34:15.507119Z,1.0.0,realme_RMX3760_api35,1.0.0+1,release,mobilenet_v3_small_dynamic_int8,1c3ca9e08ab14de0d8e7ca58f127b9955ae2cf3e9ffaad5033952bcbb51dd82f,mobilenet_v3_small,dynamic_int8,float32,float32,1x224x224x3,xnnpack_cpu,xnnpack,xnnpack,,1,1,6,measured,37,291.711000,11.958000,138.474609375,5.0217742919921875,45.0,charging,false,0,,,43.3,FLAG_KEEP_SCREEN_ON,no_load_injected_background_apps_unverified,
2026-08-22T08:34:15.852322Z,1.0.0,realme_RMX3760_api35,1.0.0+1,release,mobilenet_v3_small_dynamic_int8,1c3ca9e08ab14de0d8e7ca58f127b9955ae2cf3e9ffaad5033952bcbb51dd82f,mobilenet_v3_small,dynamic_int8,float32,float32,1x224x224x3,xnnpack_cpu,xnnpack,xnnpack,,1,1,6,measured,38,293.992000,11.958000,138.478515625,5.0220184326171875,45.0,charging,false,0,,,43.3,FLAG_KEEP_SCREEN_ON,no_load_injected_background_apps_unverified,
2026-08-22T08:34:16.197574Z,1.0.0,realme_RMX3760_api35,1.0.0+1,release,mobilenet_v3_small_dynamic_int8,1c3ca9e08ab14de0d8e7ca58f127b9955ae2cf3e9ffaad5033952bcbb51dd82f,mobilenet_v3_small,dynamic_int8,float32,float32,1x224x224x3,xnnpack_cpu,xnnpack,xnnpack,,1,1,6,measured,39,292.292000,11.958000,137.982421875,5.0535125732421875,45.0,charging,false,0,,,43.3,FLAG_KEEP_SCREEN_ON,no_load_injected_background_apps_unverified,
2026-08-22T08:34:16.537162Z,1.0.0,realme_RMX3760_api35,1.0.0+1,release,mobilenet_v3_small_dynamic_int8,1c3ca9e08ab14de0d8e7ca58f127b9955ae2cf3e9ffaad5033952bcbb51dd82f,mobilenet_v3_small,dynamic_int8,float32,float32,1x224x224x3,xnnpack_cpu,xnnpack,xnnpack,,1,1,6,measured,40,288.217000,11.958000,137.986328125,5.0537567138671875,45.0,charging,false,0,,,43.3,FLAG_KEEP_SCREEN_ON,no_load_injected_background_apps_unverified,
2026-08-22T08:34:16.878784Z,1.0.0,realme_RMX3760_api35,1.0.0+1,release,mobilenet_v3_small_dynamic_int8,1c3ca9e08ab14de0d8e7ca58f127b9955ae2cf3e9ffaad5033952bcbb51dd82f,mobilenet_v3_small,dynamic_int8,float32,float32,1x224x224x3,xnnpack_cpu,xnnpack,xnnpack,,1,1,6,measured,41,289.458000,11.958000,137.802734375,5.0540008544921875,45.0,charging,false,0,,,43.3,FLAG_KEEP_SCREEN_ON,no_load_injected_background_apps_unverified,
2026-08-22T08:34:17.226765Z,1.0.0,realme_RMX3760_api35,1.0.0+1,release,mobilenet_v3_small_dynamic_int8,1c3ca9e08ab14de0d8e7ca58f127b9955ae2cf3e9ffaad5033952bcbb51dd82f,mobilenet_v3_small,dynamic_int8,float32,float32,1x224x224x3,xnnpack_cpu,xnnpack,xnnpack,,1,1,6,measured,42,298.712000,11.958000,138.486328125,5.0542449951171875,45.0,charging,false,0,,,43.3,FLAG_KEEP_SCREEN_ON,no_load_injected_background_apps_unverified,
2026-08-22T08:34:17.565897Z,1.0.0,realme_RMX3760_api35,1.0.0+1,release,mobilenet_v3_small_dynamic_int8,1c3ca9e08ab14de0d8e7ca58f127b9955ae2cf3e9ffaad5033952bcbb51dd82f,mobilenet_v3_small,dynamic_int8,float32,float32,1x224x224x3,xnnpack_cpu,xnnpack,xnnpack,,1,1,6,measured,43,287.149000,11.958000,138.490234375,5.0544891357421875,45.0,charging,false,0,,,43.3,FLAG_KEEP_SCREEN_ON,no_load_injected_background_apps_unverified,
2026-08-22T08:34:17.905885Z,1.0.0,realme_RMX3760_api35,1.0.0+1,release,mobilenet_v3_small_dynamic_int8,1c3ca9e08ab14de0d8e7ca58f127b9955ae2cf3e9ffaad5033952bcbb51dd82f,mobilenet_v3_small,dynamic_int8,float32,float32,1x224x224x3,xnnpack_cpu,xnnpack,xnnpack,,1,1,6,measured,44,289.437000,11.958000,138.244140625,5.0547332763671875,45.0,charging,false,0,,,43.3,FLAG_KEEP_SCREEN_ON,no_load_injected_background_apps_unverified,
2026-08-22T08:34:18.242835Z,1.0.0,realme_RMX3760_api35,1.0.0+1,release,mobilenet_v3_small_dynamic_int8,1c3ca9e08ab14de0d8e7ca58f127b9955ae2cf3e9ffaad5033952bcbb51dd82f,mobilenet_v3_small,dynamic_int8,float32,float32,1x224x224x3,xnnpack_cpu,xnnpack,xnnpack,,1,1,6,measured,45,286.103000,11.958000,138.396484375,5.0862274169921875,45.0,charging,false,0,,,43.3,FLAG_KEEP_SCREEN_ON,no_load_injected_background_apps_unverified,
2026-08-22T08:34:18.592659Z,1.0.0,realme_RMX3760_api35,1.0.0+1,release,mobilenet_v3_small_dynamic_int8,1c3ca9e08ab14de0d8e7ca58f127b9955ae2cf3e9ffaad5033952bcbb51dd82f,mobilenet_v3_small,dynamic_int8,float32,float32,1x224x224x3,xnnpack_cpu,xnnpack,xnnpack,,1,1,6,measured,46,297.497000,11.958000,142.986328125,5.0864715576171875,45.0,charging,false,0,,,43.3,FLAG_KEEP_SCREEN_ON,no_load_injected_background_apps_unverified,
2026-08-22T08:34:18.937605Z,1.0.0,realme_RMX3760_api35,1.0.0+1,release,mobilenet_v3_small_dynamic_int8,1c3ca9e08ab14de0d8e7ca58f127b9955ae2cf3e9ffaad5033952bcbb51dd82f,mobilenet_v3_small,dynamic_int8,float32,float32,1x224x224x3,xnnpack_cpu,xnnpack,xnnpack,,1,1,6,measured,47,294.299000,11.958000,138.189453125,5.0867156982421875,45.0,charging,false,0,,,43.3,FLAG_KEEP_SCREEN_ON,no_load_injected_background_apps_unverified,
2026-08-22T08:34:19.291362Z,1.0.0,realme_RMX3760_api35,1.0.0+1,release,mobilenet_v3_small_dynamic_int8,1c3ca9e08ab14de0d8e7ca58f127b9955ae2cf3e9ffaad5033952bcbb51dd82f,mobilenet_v3_small,dynamic_int8,float32,float32,1x224x224x3,xnnpack_cpu,xnnpack,xnnpack,,1,1,6,measured,48,304.487000,11.958000,138.357421875,5.0869598388671875,45.0,charging,false,0,,,43.3,FLAG_KEEP_SCREEN_ON,no_load_injected_background_apps_unverified,
2026-08-22T08:34:19.631030Z,1.0.0,realme_RMX3760_api35,1.0.0+1,release,mobilenet_v3_small_dynamic_int8,1c3ca9e08ab14de0d8e7ca58f127b9955ae2cf3e9ffaad5033952bcbb51dd82f,mobilenet_v3_small,dynamic_int8,float32,float32,1x224x224x3,xnnpack_cpu,xnnpack,xnnpack,,1,1,6,measured,49,285.776000,11.958000,138.416015625,5.0872039794921875,45.0,charging,false,0,,,43.3,FLAG_KEEP_SCREEN_ON,no_load_injected_background_apps_unverified,
2026-08-22T08:34:19.967243Z,1.0.0,realme_RMX3760_api35,1.0.0+1,release,mobilenet_v3_small_dynamic_int8,1c3ca9e08ab14de0d8e7ca58f127b9955ae2cf3e9ffaad5033952bcbb51dd82f,mobilenet_v3_small,dynamic_int8,float32,float32,1x224x224x3,xnnpack_cpu,xnnpack,xnnpack,,1,1,6,measured,50,284.569000,11.958000,143.056640625,5.0874481201171875,45.0,charging,false,0,,,43.3,FLAG_KEEP_SCREEN_ON,no_load_injected_background_apps_unverified,
2026-08-22T08:34:20.316620Z,1.0.0,realme_RMX3760_api35,1.0.0+1,release,mobilenet_v3_small_dynamic_int8,1c3ca9e08ab14de0d8e7ca58f127b9955ae2cf3e9ffaad5033952bcbb51dd82f,mobilenet_v3_small,dynamic_int8,float32,float32,1x224x224x3,xnnpack_cpu,xnnpack,xnnpack,,1,1,6,measured,51,297.207000,11.958000,137.974609375,5.1189422607421875,45.0,charging,false,0,,,43.3,FLAG_KEEP_SCREEN_ON,no_load_injected_background_apps_unverified,
2026-08-22T08:34:20.656613Z,1.0.0,realme_RMX3760_api35,1.0.0+1,release,mobilenet_v3_small_dynamic_int8,1c3ca9e08ab14de0d8e7ca58f127b9955ae2cf3e9ffaad5033952bcbb51dd82f,mobilenet_v3_small,dynamic_int8,float32,float32,1x224x224x3,xnnpack_cpu,xnnpack,xnnpack,,1,1,6,measured,52,285.165000,11.958000,138.486328125,5.1191864013671875,45.0,charging,false,0,,,43.3,FLAG_KEEP_SCREEN_ON,no_load_injected_background_apps_unverified,
2026-08-22T08:34:21.005747Z,1.0.0,realme_RMX3760_api35,1.0.0+1,release,mobilenet_v3_small_dynamic_int8,1c3ca9e08ab14de0d8e7ca58f127b9955ae2cf3e9ffaad5033952bcbb51dd82f,mobilenet_v3_small,dynamic_int8,float32,float32,1x224x224x3,xnnpack_cpu,xnnpack,xnnpack,,1,1,6,measured,53,296.924000,11.958000,143.177734375,5.1194305419921875,45.0,charging,false,0,,,43.3,FLAG_KEEP_SCREEN_ON,no_load_injected_background_apps_unverified,
2026-08-22T08:34:21.344206Z,1.0.0,realme_RMX3760_api35,1.0.0+1,release,mobilenet_v3_small_dynamic_int8,1c3ca9e08ab14de0d8e7ca58f127b9955ae2cf3e9ffaad5033952bcbb51dd82f,mobilenet_v3_small,dynamic_int8,float32,float32,1x224x224x3,xnnpack_cpu,xnnpack,xnnpack,,1,1,6,measured,54,286.720000,11.958000,142.681640625,5.1196746826171875,45.0,charging,false,0,,,43.3,FLAG_KEEP_SCREEN_ON,no_load_injected_background_apps_unverified,
2026-08-22T08:34:21.699136Z,1.0.0,realme_RMX3760_api35,1.0.0+1,release,mobilenet_v3_small_dynamic_int8,1c3ca9e08ab14de0d8e7ca58f127b9955ae2cf3e9ffaad5033952bcbb51dd82f,mobilenet_v3_small,dynamic_int8,float32,float32,1x224x224x3,xnnpack_cpu,xnnpack,xnnpack,,1,1,6,measured,55,300.548000,11.958000,138.103515625,5.1199188232421875,45.0,charging,false,0,,,43.3,FLAG_KEEP_SCREEN_ON,no_load_injected_background_apps_unverified,
2026-08-22T08:34:22.045786Z,1.0.0,realme_RMX3760_api35,1.0.0+1,release,mobilenet_v3_small_dynamic_int8,1c3ca9e08ab14de0d8e7ca58f127b9955ae2cf3e9ffaad5033952bcbb51dd82f,mobilenet_v3_small,dynamic_int8,float32,float32,1x224x224x3,xnnpack_cpu,xnnpack,xnnpack,,1,1,6,measured,56,293.760000,11.958000,138.033203125,5.1201629638671875,45.0,charging,false,0,,,43.3,FLAG_KEEP_SCREEN_ON,no_load_injected_background_apps_unverified,
2026-08-22T08:34:22.387173Z,1.0.0,realme_RMX3760_api35,1.0.0+1,release,mobilenet_v3_small_dynamic_int8,1c3ca9e08ab14de0d8e7ca58f127b9955ae2cf3e9ffaad5033952bcbb51dd82f,mobilenet_v3_small,dynamic_int8,float32,float32,1x224x224x3,xnnpack_cpu,xnnpack,xnnpack,,1,1,6,measured,57,288.924000,11.958000,138.537109375,5.1516571044921875,45.0,charging,false,0,,,43.3,FLAG_KEEP_SCREEN_ON,no_load_injected_background_apps_unverified,
2026-08-22T08:34:22.734671Z,1.0.0,realme_RMX3760_api35,1.0.0+1,release,mobilenet_v3_small_dynamic_int8,1c3ca9e08ab14de0d8e7ca58f127b9955ae2cf3e9ffaad5033952bcbb51dd82f,mobilenet_v3_small,dynamic_int8,float32,float32,1x224x224x3,xnnpack_cpu,xnnpack,xnnpack,,1,1,6,measured,58,289.188000,11.958000,138.701171875,5.1536712646484375,45.0,charging,false,0,,,43.3,FLAG_KEEP_SCREEN_ON,no_load_injected_background_apps_unverified,
2026-08-22T08:34:23.073600Z,1.0.0,realme_RMX3760_api35,1.0.0+1,release,mobilenet_v3_small_dynamic_int8,1c3ca9e08ab14de0d8e7ca58f127b9955ae2cf3e9ffaad5033952bcbb51dd82f,mobilenet_v3_small,dynamic_int8,float32,float32,1x224x224x3,xnnpack_cpu,xnnpack,xnnpack,,1,1,6,measured,59,288.708000,11.958000,138.611328125,5.1539154052734375,45.0,charging,false,0,,,43.3,FLAG_KEEP_SCREEN_ON,no_load_injected_background_apps_unverified,
2026-08-22T08:34:23.424549Z,1.0.0,realme_RMX3760_api35,1.0.0+1,release,mobilenet_v3_small_dynamic_int8,1c3ca9e08ab14de0d8e7ca58f127b9955ae2cf3e9ffaad5033952bcbb51dd82f,mobilenet_v3_small,dynamic_int8,float32,float32,1x224x224x3,xnnpack_cpu,xnnpack,xnnpack,,1,1,6,measured,60,297.619000,11.958000,138.904296875,5.1547393798828125,45.0,charging,false,0,,,43.3,FLAG_KEEP_SCREEN_ON,no_load_injected_background_apps_unverified,
2026-08-22T08:34:23.770377Z,1.0.0,realme_RMX3760_api35,1.0.0+1,release,mobilenet_v3_small_dynamic_int8,1c3ca9e08ab14de0d8e7ca58f127b9955ae2cf3e9ffaad5033952bcbb51dd82f,mobilenet_v3_small,dynamic_int8,float32,float32,1x224x224x3,xnnpack_cpu,xnnpack,xnnpack,,1,1,6,measured,61,290.804000,11.958000,139.638671875,5.1868133544921875,45.0,charging,false,0,,,43.3,FLAG_KEEP_SCREEN_ON,no_load_injected_background_apps_unverified,
2026-08-22T08:34:24.121818Z,1.0.0,realme_RMX3760_api35,1.0.0+1,release,mobilenet_v3_small_dynamic_int8,1c3ca9e08ab14de0d8e7ca58f127b9955ae2cf3e9ffaad5033952bcbb51dd82f,mobilenet_v3_small,dynamic_int8,float32,float32,1x224x224x3,xnnpack_cpu,xnnpack,xnnpack,,1,1,6,measured,62,294.371000,11.958000,139.177734375,5.1893768310546875,45.0,charging,false,0,,,43.3,FLAG_KEEP_SCREEN_ON,no_load_injected_background_apps_unverified,
2026-08-22T08:34:24.461506Z,1.0.0,realme_RMX3760_api35,1.0.0+1,release,mobilenet_v3_small_dynamic_int8,1c3ca9e08ab14de0d8e7ca58f127b9955ae2cf3e9ffaad5033952bcbb51dd82f,mobilenet_v3_small,dynamic_int8,float32,float32,1x224x224x3,xnnpack_cpu,xnnpack,xnnpack,,1,1,6,measured,63,287.996000,11.958000,139.275390625,5.1896209716796875,45.0,charging,false,0,,,43.3,FLAG_KEEP_SCREEN_ON,no_load_injected_background_apps_unverified,
2026-08-22T08:34:24.798815Z,1.0.0,realme_RMX3760_api35,1.0.0+1,release,mobilenet_v3_small_dynamic_int8,1c3ca9e08ab14de0d8e7ca58f127b9955ae2cf3e9ffaad5033952bcbb51dd82f,mobilenet_v3_small,dynamic_int8,float32,float32,1x224x224x3,xnnpack_cpu,xnnpack,xnnpack,,1,1,6,measured,64,286.729000,11.958000,139.185546875,5.1898651123046875,45.0,charging,false,0,,,43.3,FLAG_KEEP_SCREEN_ON,no_load_injected_background_apps_unverified,
2026-08-22T08:34:25.145186Z,1.0.0,realme_RMX3760_api35,1.0.0+1,release,mobilenet_v3_small_dynamic_int8,1c3ca9e08ab14de0d8e7ca58f127b9955ae2cf3e9ffaad5033952bcbb51dd82f,mobilenet_v3_small,dynamic_int8,float32,float32,1x224x224x3,xnnpack_cpu,xnnpack,xnnpack,,1,1,6,measured,65,296.156000,11.958000,139.048828125,5.2213592529296875,45.0,charging,false,0,,,43.3,FLAG_KEEP_SCREEN_ON,no_load_injected_background_apps_unverified,
2026-08-22T08:34:25.523367Z,1.0.0,realme_RMX3760_api35,1.0.0+1,release,mobilenet_v3_small_dynamic_int8,1c3ca9e08ab14de0d8e7ca58f127b9955ae2cf3e9ffaad5033952bcbb51dd82f,mobilenet_v3_small,dynamic_int8,float32,float32,1x224x224x3,xnnpack_cpu,xnnpack,xnnpack,,1,1,6,measured,66,323.286000,11.958000,138.943359375,5.2216033935546875,45.0,charging,false,0,,,43.3,FLAG_KEEP_SCREEN_ON,no_load_injected_background_apps_unverified,
2026-08-22T08:34:25.899253Z,1.0.0,realme_RMX3760_api35,1.0.0+1,release,mobilenet_v3_small_dynamic_int8,1c3ca9e08ab14de0d8e7ca58f127b9955ae2cf3e9ffaad5033952bcbb51dd82f,mobilenet_v3_small,dynamic_int8,float32,float32,1x224x224x3,xnnpack_cpu,xnnpack,xnnpack,,1,1,6,measured,67,322.466000,11.958000,143.572265625,5.2218475341796875,45.0,charging,false,0,,,43.3,FLAG_KEEP_SCREEN_ON,no_load_injected_background_apps_unverified,
2026-08-22T08:34:26.240363Z,1.0.0,realme_RMX3760_api35,1.0.0+1,release,mobilenet_v3_small_dynamic_int8,1c3ca9e08ab14de0d8e7ca58f127b9955ae2cf3e9ffaad5033952bcbb51dd82f,mobilenet_v3_small,dynamic_int8,float32,float32,1x224x224x3,xnnpack_cpu,xnnpack,xnnpack,,1,1,6,measured,68,289.323000,11.958000,143.419921875,5.2220916748046875,45.0,charging,false,0,,,43.3,FLAG_KEEP_SCREEN_ON,no_load_injected_background_apps_unverified,
2026-08-22T08:34:26.595963Z,1.0.0,realme_RMX3760_api35,1.0.0+1,release,mobilenet_v3_small_dynamic_int8,1c3ca9e08ab14de0d8e7ca58f127b9955ae2cf3e9ffaad5033952bcbb51dd82f,mobilenet_v3_small,dynamic_int8,float32,float32,1x224x224x3,xnnpack_cpu,xnnpack,xnnpack,,1,1,6,measured,69,302.350000,11.958000,138.541015625,5.2223358154296875,45.0,charging,false,0,,,43.3,FLAG_KEEP_SCREEN_ON,no_load_injected_background_apps_unverified,
2026-08-22T08:34:26.940756Z,1.0.0,realme_RMX3760_api35,1.0.0+1,release,mobilenet_v3_small_dynamic_int8,1c3ca9e08ab14de0d8e7ca58f127b9955ae2cf3e9ffaad5033952bcbb51dd82f,mobilenet_v3_small,dynamic_int8,float32,float32,1x224x224x3,xnnpack_cpu,xnnpack,xnnpack,,1,1,6,measured,70,292.462000,11.958000,138.615234375,5.2550201416015625,45.0,charging,false,0,,,43.3,FLAG_KEEP_SCREEN_ON,no_load_injected_background_apps_unverified,
2026-08-22T08:34:27.289579Z,1.0.0,realme_RMX3760_api35,1.0.0+1,release,mobilenet_v3_small_dynamic_int8,1c3ca9e08ab14de0d8e7ca58f127b9955ae2cf3e9ffaad5033952bcbb51dd82f,mobilenet_v3_small,dynamic_int8,float32,float32,1x224x224x3,xnnpack_cpu,xnnpack,xnnpack,,1,1,6,measured,71,297.368000,11.958000,138.619140625,5.2552642822265625,45.0,charging,false,0,,,43.3,FLAG_KEEP_SCREEN_ON,no_load_injected_background_apps_unverified,
2026-08-22T08:34:27.628461Z,1.0.0,realme_RMX3760_api35,1.0.0+1,release,mobilenet_v3_small_dynamic_int8,1c3ca9e08ab14de0d8e7ca58f127b9955ae2cf3e9ffaad5033952bcbb51dd82f,mobilenet_v3_small,dynamic_int8,float32,float32,1x224x224x3,xnnpack_cpu,xnnpack,xnnpack,,1,1,6,measured,72,288.135000,11.958000,139.638671875,5.2555084228515625,45.0,charging,false,0,,,43.3,FLAG_KEEP_SCREEN_ON,no_load_injected_background_apps_unverified,
2026-08-22T08:34:27.970149Z,1.0.0,realme_RMX3760_api35,1.0.0+1,release,mobilenet_v3_small_dynamic_int8,1c3ca9e08ab14de0d8e7ca58f127b9955ae2cf3e9ffaad5033952bcbb51dd82f,mobilenet_v3_small,dynamic_int8,float32,float32,1x224x224x3,xnnpack_cpu,xnnpack,xnnpack,,1,1,6,measured,73,288.645000,11.958000,139.103515625,5.2557525634765625,45.0,charging,false,0,,,43.3,FLAG_KEEP_SCREEN_ON,no_load_injected_background_apps_unverified,
2026-08-22T08:34:28.315477Z,1.0.0,realme_RMX3760_api35,1.0.0+1,release,mobilenet_v3_small_dynamic_int8,1c3ca9e08ab14de0d8e7ca58f127b9955ae2cf3e9ffaad5033952bcbb51dd82f,mobilenet_v3_small,dynamic_int8,float32,float32,1x224x224x3,xnnpack_cpu,xnnpack,xnnpack,,1,1,6,measured,74,293.227000,11.958000,138.927734375,5.2559967041015625,45.0,charging,false,0,,,43.3,FLAG_KEEP_SCREEN_ON,no_load_injected_background_apps_unverified,
2026-08-22T08:34:28.657864Z,1.0.0,realme_RMX3760_api35,1.0.0+1,release,mobilenet_v3_small_dynamic_int8,1c3ca9e08ab14de0d8e7ca58f127b9955ae2cf3e9ffaad5033952bcbb51dd82f,mobilenet_v3_small,dynamic_int8,float32,float32,1x224x224x3,xnnpack_cpu,xnnpack,xnnpack,,1,1,6,measured,75,289.335000,11.958000,138.939453125,5.2562408447265625,45.0,charging,false,0,,,43.3,FLAG_KEEP_SCREEN_ON,no_load_injected_background_apps_unverified,
2026-08-22T08:34:28.998519Z,1.0.0,realme_RMX3760_api35,1.0.0+1,release,mobilenet_v3_small_dynamic_int8,1c3ca9e08ab14de0d8e7ca58f127b9955ae2cf3e9ffaad5033952bcbb51dd82f,mobilenet_v3_small,dynamic_int8,float32,float32,1x224x224x3,xnnpack_cpu,xnnpack,xnnpack,,1,1,6,measured,76,288.712000,11.958000,143.166015625,5.2877349853515625,45.0,charging,false,0,,,43.3,FLAG_KEEP_SCREEN_ON,no_load_injected_background_apps_unverified,
2026-08-22T08:34:29.347540Z,1.0.0,realme_RMX3760_api35,1.0.0+1,release,mobilenet_v3_small_dynamic_int8,1c3ca9e08ab14de0d8e7ca58f127b9955ae2cf3e9ffaad5033952bcbb51dd82f,mobilenet_v3_small,dynamic_int8,float32,float32,1x224x224x3,xnnpack_cpu,xnnpack,xnnpack,,1,1,6,measured,77,294.574000,11.958000,138.994140625,5.2879791259765625,45.0,charging,false,0,,,43.3,FLAG_KEEP_SCREEN_ON,no_load_injected_background_apps_unverified,
2026-08-22T08:34:29.702246Z,1.0.0,realme_RMX3760_api35,1.0.0+1,release,mobilenet_v3_small_dynamic_int8,1c3ca9e08ab14de0d8e7ca58f127b9955ae2cf3e9ffaad5033952bcbb51dd82f,mobilenet_v3_small,dynamic_int8,float32,float32,1x224x224x3,xnnpack_cpu,xnnpack,xnnpack,,1,1,6,measured,78,305.326000,11.958000,138.587890625,5.2882232666015625,45.0,charging,false,0,,,43.3,FLAG_KEEP_SCREEN_ON,no_load_injected_background_apps_unverified,
2026-08-22T08:34:30.045049Z,1.0.0,realme_RMX3760_api35,1.0.0+1,release,mobilenet_v3_small_dynamic_int8,1c3ca9e08ab14de0d8e7ca58f127b9955ae2cf3e9ffaad5033952bcbb51dd82f,mobilenet_v3_small,dynamic_int8,float32,float32,1x224x224x3,xnnpack_cpu,xnnpack,xnnpack,,1,1,6,measured,79,292.173000,11.958000,139.130859375,5.2884674072265625,45.0,charging,false,0,,,43.3,FLAG_KEEP_SCREEN_ON,no_load_injected_background_apps_unverified,
2026-08-22T08:34:30.395270Z,1.0.0,realme_RMX3760_api35,1.0.0+1,release,mobilenet_v3_small_dynamic_int8,1c3ca9e08ab14de0d8e7ca58f127b9955ae2cf3e9ffaad5033952bcbb51dd82f,mobilenet_v3_small,dynamic_int8,float32,float32,1x224x224x3,xnnpack_cpu,xnnpack,xnnpack,,1,1,6,measured,80,300.318000,11.958000,138.548828125,5.2887115478515625,45.0,charging,false,0,,,43.3,FLAG_KEEP_SCREEN_ON,no_load_injected_background_apps_unverified,
2026-08-22T08:34:30.738719Z,1.0.0,realme_RMX3760_api35,1.0.0+1,release,mobilenet_v3_small_dynamic_int8,1c3ca9e08ab14de0d8e7ca58f127b9955ae2cf3e9ffaad5033952bcbb51dd82f,mobilenet_v3_small,dynamic_int8,float32,float32,1x224x224x3,xnnpack_cpu,xnnpack,xnnpack,,1,1,6,measured,81,288.372000,11.958000,139.150390625,5.2889556884765625,45.0,charging,false,0,,,43.3,FLAG_KEEP_SCREEN_ON,no_load_injected_background_apps_unverified,
2026-08-22T08:34:31.254545Z,1.0.0,realme_RMX3760_api35,1.0.0+1,release,mobilenet_v3_small_dynamic_int8,1c3ca9e08ab14de0d8e7ca58f127b9955ae2cf3e9ffaad5033952bcbb51dd82f,mobilenet_v3_small,dynamic_int8,float32,float32,1x224x224x3,xnnpack_cpu,xnnpack,xnnpack,,1,1,6,measured,82,461.854000,11.958000,139.150390625,5.3204498291015625,45.0,charging,false,0,,,43.4,FLAG_KEEP_SCREEN_ON,no_load_injected_background_apps_unverified,
2026-08-22T08:34:31.595028Z,1.0.0,realme_RMX3760_api35,1.0.0+1,release,mobilenet_v3_small_dynamic_int8,1c3ca9e08ab14de0d8e7ca58f127b9955ae2cf3e9ffaad5033952bcbb51dd82f,mobilenet_v3_small,dynamic_int8,float32,float32,1x224x224x3,xnnpack_cpu,xnnpack,xnnpack,,1,1,6,measured,83,289.133000,11.958000,139.158203125,5.3206939697265625,45.0,charging,false,0,,,43.4,FLAG_KEEP_SCREEN_ON,no_load_injected_background_apps_unverified,
2026-08-22T08:34:31.948545Z,1.0.0,realme_RMX3760_api35,1.0.0+1,release,mobilenet_v3_small_dynamic_int8,1c3ca9e08ab14de0d8e7ca58f127b9955ae2cf3e9ffaad5033952bcbb51dd82f,mobilenet_v3_small,dynamic_int8,float32,float32,1x224x224x3,xnnpack_cpu,xnnpack,xnnpack,,1,1,6,measured,84,302.628000,11.958000,139.173828125,5.3209381103515625,45.0,charging,false,0,,,43.4,FLAG_KEEP_SCREEN_ON,no_load_injected_background_apps_unverified,
2026-08-22T08:34:32.297440Z,1.0.0,realme_RMX3760_api35,1.0.0+1,release,mobilenet_v3_small_dynamic_int8,1c3ca9e08ab14de0d8e7ca58f127b9955ae2cf3e9ffaad5033952bcbb51dd82f,mobilenet_v3_small,dynamic_int8,float32,float32,1x224x224x3,xnnpack_cpu,xnnpack,xnnpack,,1,1,6,measured,85,296.156000,11.958000,138.681640625,5.3211822509765625,45.0,charging,false,0,,,43.4,FLAG_KEEP_SCREEN_ON,no_load_injected_background_apps_unverified,
2026-08-22T08:34:32.647066Z,1.0.0,realme_RMX3760_api35,1.0.0+1,release,mobilenet_v3_small_dynamic_int8,1c3ca9e08ab14de0d8e7ca58f127b9955ae2cf3e9ffaad5033952bcbb51dd82f,mobilenet_v3_small,dynamic_int8,float32,float32,1x224x224x3,xnnpack_cpu,xnnpack,xnnpack,,1,1,6,measured,86,294.771000,11.958000,139.177734375,5.3214263916015625,45.0,charging,false,0,,,43.4,FLAG_KEEP_SCREEN_ON,no_load_injected_background_apps_unverified,
2026-08-22T08:34:32.993443Z,1.0.0,realme_RMX3760_api35,1.0.0+1,release,mobilenet_v3_small_dynamic_int8,1c3ca9e08ab14de0d8e7ca58f127b9955ae2cf3e9ffaad5033952bcbb51dd82f,mobilenet_v3_small,dynamic_int8,float32,float32,1x224x224x3,xnnpack_cpu,xnnpack,xnnpack,,1,1,6,measured,87,295.804000,11.958000,138.697265625,5.3216705322265625,45.0,charging,false,0,,,43.4,FLAG_KEEP_SCREEN_ON,no_load_injected_background_apps_unverified,
2026-08-22T08:34:33.329351Z,1.0.0,realme_RMX3760_api35,1.0.0+1,release,mobilenet_v3_small_dynamic_int8,1c3ca9e08ab14de0d8e7ca58f127b9955ae2cf3e9ffaad5033952bcbb51dd82f,mobilenet_v3_small,dynamic_int8,float32,float32,1x224x224x3,xnnpack_cpu,xnnpack,xnnpack,,1,1,6,measured,88,284.471000,11.958000,139.205078125,5.3531646728515625,45.0,charging,false,0,,,43.4,FLAG_KEEP_SCREEN_ON,no_load_injected_background_apps_unverified,
2026-08-22T08:34:33.674336Z,1.0.0,realme_RMX3760_api35,1.0.0+1,release,mobilenet_v3_small_dynamic_int8,1c3ca9e08ab14de0d8e7ca58f127b9955ae2cf3e9ffaad5033952bcbb51dd82f,mobilenet_v3_small,dynamic_int8,float32,float32,1x224x224x3,xnnpack_cpu,xnnpack,xnnpack,,1,1,6,measured,89,293.136000,11.958000,139.197265625,5.3534088134765625,45.0,charging,false,0,,,43.4,FLAG_KEEP_SCREEN_ON,no_load_injected_background_apps_unverified,
2026-08-22T08:34:34.009403Z,1.0.0,realme_RMX3760_api35,1.0.0+1,release,mobilenet_v3_small_dynamic_int8,1c3ca9e08ab14de0d8e7ca58f127b9955ae2cf3e9ffaad5033952bcbb51dd82f,mobilenet_v3_small,dynamic_int8,float32,float32,1x224x224x3,xnnpack_cpu,xnnpack,xnnpack,,1,1,6,measured,90,284.392000,11.958000,139.208984375,5.3536529541015625,45.0,charging,false,0,,,43.4,FLAG_KEEP_SCREEN_ON,no_load_injected_background_apps_unverified,
2026-08-22T08:34:34.352660Z,1.0.0,realme_RMX3760_api35,1.0.0+1,release,mobilenet_v3_small_dynamic_int8,1c3ca9e08ab14de0d8e7ca58f127b9955ae2cf3e9ffaad5033952bcbb51dd82f,mobilenet_v3_small,dynamic_int8,float32,float32,1x224x224x3,xnnpack_cpu,xnnpack,xnnpack,,1,1,6,measured,91,293.652000,11.958000,139.150390625,5.3538970947265625,45.0,charging,false,0,,,43.4,FLAG_KEEP_SCREEN_ON,no_load_injected_background_apps_unverified,
2026-08-22T08:34:34.705082Z,1.0.0,realme_RMX3760_api35,1.0.0+1,release,mobilenet_v3_small_dynamic_int8,1c3ca9e08ab14de0d8e7ca58f127b9955ae2cf3e9ffaad5033952bcbb51dd82f,mobilenet_v3_small,dynamic_int8,float32,float32,1x224x224x3,xnnpack_cpu,xnnpack,xnnpack,,1,1,6,measured,92,302.337000,11.958000,139.056640625,5.3541412353515625,45.0,charging,false,0,,,43.4,FLAG_KEEP_SCREEN_ON,no_load_injected_background_apps_unverified,
2026-08-22T08:34:35.057875Z,1.0.0,realme_RMX3760_api35,1.0.0+1,release,mobilenet_v3_small_dynamic_int8,1c3ca9e08ab14de0d8e7ca58f127b9955ae2cf3e9ffaad5033952bcbb51dd82f,mobilenet_v3_small,dynamic_int8,float32,float32,1x224x224x3,xnnpack_cpu,xnnpack,xnnpack,,1,1,6,measured,93,302.405000,11.958000,139.060546875,5.3543853759765625,45.0,charging,false,0,,,43.4,FLAG_KEEP_SCREEN_ON,no_load_injected_background_apps_unverified,
2026-08-22T08:34:35.414415Z,1.0.0,realme_RMX3760_api35,1.0.0+1,release,mobilenet_v3_small_dynamic_int8,1c3ca9e08ab14de0d8e7ca58f127b9955ae2cf3e9ffaad5033952bcbb51dd82f,mobilenet_v3_small,dynamic_int8,float32,float32,1x224x224x3,xnnpack_cpu,xnnpack,xnnpack,,1,1,6,measured,94,302.324000,11.958000,138.666015625,5.3858795166015625,45.0,charging,false,0,,,43.4,FLAG_KEEP_SCREEN_ON,no_load_injected_background_apps_unverified,
2026-08-22T08:34:35.754277Z,1.0.0,realme_RMX3760_api35,1.0.0+1,release,mobilenet_v3_small_dynamic_int8,1c3ca9e08ab14de0d8e7ca58f127b9955ae2cf3e9ffaad5033952bcbb51dd82f,mobilenet_v3_small,dynamic_int8,float32,float32,1x224x224x3,xnnpack_cpu,xnnpack,xnnpack,,1,1,6,measured,95,288.331000,11.958000,138.544921875,5.3861236572265625,45.0,charging,false,0,,,43.4,FLAG_KEEP_SCREEN_ON,no_load_injected_background_apps_unverified,
2026-08-22T08:34:36.093787Z,1.0.0,realme_RMX3760_api35,1.0.0+1,release,mobilenet_v3_small_dynamic_int8,1c3ca9e08ab14de0d8e7ca58f127b9955ae2cf3e9ffaad5033952bcbb51dd82f,mobilenet_v3_small,dynamic_int8,float32,float32,1x224x224x3,xnnpack_cpu,xnnpack,xnnpack,,1,1,6,measured,96,286.561000,11.958000,139.048828125,5.3863677978515625,45.0,charging,false,0,,,43.4,FLAG_KEEP_SCREEN_ON,no_load_injected_background_apps_unverified,
2026-08-22T08:34:36.444559Z,1.0.0,realme_RMX3760_api35,1.0.0+1,release,mobilenet_v3_small_dynamic_int8,1c3ca9e08ab14de0d8e7ca58f127b9955ae2cf3e9ffaad5033952bcbb51dd82f,mobilenet_v3_small,dynamic_int8,float32,float32,1x224x224x3,xnnpack_cpu,xnnpack,xnnpack,,1,1,6,measured,97,301.516000,11.958000,139.048828125,5.3866119384765625,45.0,charging,false,0,,,43.4,FLAG_KEEP_SCREEN_ON,no_load_injected_background_apps_unverified,
2026-08-22T08:34:36.783706Z,1.0.0,realme_RMX3760_api35,1.0.0+1,release,mobilenet_v3_small_dynamic_int8,1c3ca9e08ab14de0d8e7ca58f127b9955ae2cf3e9ffaad5033952bcbb51dd82f,mobilenet_v3_small,dynamic_int8,float32,float32,1x224x224x3,xnnpack_cpu,xnnpack,xnnpack,,1,1,6,measured,98,283.574000,11.958000,139.572265625,5.3868560791015625,45.0,charging,false,0,,,43.4,FLAG_KEEP_SCREEN_ON,no_load_injected_background_apps_unverified,
2026-08-22T08:34:37.126102Z,1.0.0,realme_RMX3760_api35,1.0.0+1,release,mobilenet_v3_small_dynamic_int8,1c3ca9e08ab14de0d8e7ca58f127b9955ae2cf3e9ffaad5033952bcbb51dd82f,mobilenet_v3_small,dynamic_int8,float32,float32,1x224x224x3,xnnpack_cpu,xnnpack,xnnpack,,1,1,6,measured,99,289.560000,11.958000,139.087890625,5.3871002197265625,45.0,charging,false,0,,,43.4,FLAG_KEEP_SCREEN_ON,no_load_injected_background_apps_unverified,
2026-08-22T08:34:37.186032Z,1.0.0,realme_RMX3760_api35,1.0.0+1,release,mobilenet_v3_small_full_int8,7eb4e5feb3ad6a7ffe9c7d81f9f7b78d520a334323c091aaddccb8859c84991b,mobilenet_v3_small,full_int8,int8,int8,1x224x224x3,xnnpack_cpu,xnnpack,xnnpack,Bad state: failed precondition,4,1,7,configuration_error,-1,,0.000000,142.158203125,5.4185943603515625,45.0,charging,false,0,,,43.4,FLAG_KEEP_SCREEN_ON,no_load_injected_background_apps_unverified,Bad state: failed precondition
2026-08-22T08:34:43.720536Z,1.0.0,realme_RMX3760_api35,1.0.0+1,release,mobilenet_v3_small_float16,201167c633c4c8714d7c84905e88fe159d76e9eff38c91b70708b1ced5a8bb00,mobilenet_v3_small,float16,float32,float32,1x224x224x3,builtin_cpu,none,none_builtin,,4,1,8,measured,0,307.144000,4.035000,154.228515625,5.4188385009765625,45.0,charging,false,0,,,43.4,FLAG_KEEP_SCREEN_ON,no_load_injected_background_apps_unverified,
2026-08-22T08:34:44.078869Z,1.0.0,realme_RMX3760_api35,1.0.0+1,release,mobilenet_v3_small_float16,201167c633c4c8714d7c84905e88fe159d76e9eff38c91b70708b1ced5a8bb00,mobilenet_v3_small,float16,float32,float32,1x224x224x3,builtin_cpu,none,none_builtin,,4,1,8,measured,1,303.968000,4.035000,152.287109375,5.4190826416015625,45.0,charging,false,0,,,43.4,FLAG_KEEP_SCREEN_ON,no_load_injected_background_apps_unverified,
2026-08-22T08:34:44.437967Z,1.0.0,realme_RMX3760_api35,1.0.0+1,release,mobilenet_v3_small_float16,201167c633c4c8714d7c84905e88fe159d76e9eff38c91b70708b1ced5a8bb00,mobilenet_v3_small,float16,float32,float32,1x224x224x3,builtin_cpu,none,none_builtin,,4,1,8,measured,2,303.699000,4.035000,152.533203125,5.4193267822265625,45.0,charging,false,0,,,43.4,FLAG_KEEP_SCREEN_ON,no_load_injected_background_apps_unverified,
2026-08-22T08:34:44.789383Z,1.0.0,realme_RMX3760_api35,1.0.0+1,release,mobilenet_v3_small_float16,201167c633c4c8714d7c84905e88fe159d76e9eff38c91b70708b1ced5a8bb00,mobilenet_v3_small,float16,float32,float32,1x224x224x3,builtin_cpu,none,none_builtin,,4,1,8,measured,3,300.937000,4.035000,152.271484375,5.4195709228515625,45.0,charging,false,0,,,43.4,FLAG_KEEP_SCREEN_ON,no_load_injected_background_apps_unverified,
2026-08-22T08:34:45.139595Z,1.0.0,realme_RMX3760_api35,1.0.0+1,release,mobilenet_v3_small_float16,201167c633c4c8714d7c84905e88fe159d76e9eff38c91b70708b1ced5a8bb00,mobilenet_v3_small,float16,float32,float32,1x224x224x3,builtin_cpu,none,none_builtin,,4,1,8,measured,4,295.643000,4.035000,152.353515625,5.4198150634765625,45.0,charging,false,0,,,43.4,FLAG_KEEP_SCREEN_ON,no_load_injected_background_apps_unverified,
2026-08-22T08:34:45.499324Z,1.0.0,realme_RMX3760_api35,1.0.0+1,release,mobilenet_v3_small_float16,201167c633c4c8714d7c84905e88fe159d76e9eff38c91b70708b1ced5a8bb00,mobilenet_v3_small,float16,float32,float32,1x224x224x3,builtin_cpu,none,none_builtin,,4,1,8,measured,5,309.358000,4.035000,152.365234375,5.4513092041015625,45.0,charging,false,0,,,43.4,FLAG_KEEP_SCREEN_ON,no_load_injected_background_apps_unverified,
2026-08-22T08:34:45.859485Z,1.0.0,realme_RMX3760_api35,1.0.0+1,release,mobilenet_v3_small_float16,201167c633c4c8714d7c84905e88fe159d76e9eff38c91b70708b1ced5a8bb00,mobilenet_v3_small,float16,float32,float32,1x224x224x3,builtin_cpu,none,none_builtin,,4,1,8,measured,6,308.594000,4.035000,152.369140625,5.4515533447265625,45.0,charging,false,0,,,43.4,FLAG_KEEP_SCREEN_ON,no_load_injected_background_apps_unverified,
2026-08-22T08:34:46.215647Z,1.0.0,realme_RMX3760_api35,1.0.0+1,release,mobilenet_v3_small_float16,201167c633c4c8714d7c84905e88fe159d76e9eff38c91b70708b1ced5a8bb00,mobilenet_v3_small,float16,float32,float32,1x224x224x3,builtin_cpu,none,none_builtin,,4,1,8,measured,7,301.860000,4.035000,152.357421875,5.4517974853515625,45.0,charging,false,0,,,43.4,FLAG_KEEP_SCREEN_ON,no_load_injected_background_apps_unverified,
2026-08-22T08:34:46.574280Z,1.0.0,realme_RMX3760_api35,1.0.0+1,release,mobilenet_v3_small_float16,201167c633c4c8714d7c84905e88fe159d76e9eff38c91b70708b1ced5a8bb00,mobilenet_v3_small,float16,float32,float32,1x224x224x3,builtin_cpu,none,none_builtin,,4,1,8,measured,8,308.363000,4.035000,152.876953125,5.4520416259765625,45.0,charging,false,0,,,43.4,FLAG_KEEP_SCREEN_ON,no_load_injected_background_apps_unverified,
2026-08-22T08:34:46.917202Z,1.0.0,realme_RMX3760_api35,1.0.0+1,release,mobilenet_v3_small_float16,201167c633c4c8714d7c84905e88fe159d76e9eff38c91b70708b1ced5a8bb00,mobilenet_v3_small,float16,float32,float32,1x224x224x3,builtin_cpu,none,none_builtin,,4,1,8,measured,9,291.181000,4.035000,152.384765625,5.4522857666015625,45.0,charging,false,0,,,43.4,FLAG_KEEP_SCREEN_ON,no_load_injected_background_apps_unverified,
2026-08-22T08:34:47.267625Z,1.0.0,realme_RMX3760_api35,1.0.0+1,release,mobilenet_v3_small_float16,201167c633c4c8714d7c84905e88fe159d76e9eff38c91b70708b1ced5a8bb00,mobilenet_v3_small,float16,float32,float32,1x224x224x3,builtin_cpu,none,none_builtin,,4,1,8,measured,10,295.696000,4.035000,152.388671875,5.4525299072265625,45.0,charging,false,0,,,43.4,FLAG_KEEP_SCREEN_ON,no_load_injected_background_apps_unverified,
2026-08-22T08:34:47.614301Z,1.0.0,realme_RMX3760_api35,1.0.0+1,release,mobilenet_v3_small_float16,201167c633c4c8714d7c84905e88fe159d76e9eff38c91b70708b1ced5a8bb00,mobilenet_v3_small,float16,float32,float32,1x224x224x3,builtin_cpu,none,none_builtin,,4,1,8,measured,11,295.562000,4.035000,152.400390625,5.4840240478515625,45.0,charging,false,0,,,43.4,FLAG_KEEP_SCREEN_ON,no_load_injected_background_apps_unverified,
2026-08-22T08:34:47.965710Z,1.0.0,realme_RMX3760_api35,1.0.0+1,release,mobilenet_v3_small_float16,201167c633c4c8714d7c84905e88fe159d76e9eff38c91b70708b1ced5a8bb00,mobilenet_v3_small,float16,float32,float32,1x224x224x3,builtin_cpu,none,none_builtin,,4,1,8,measured,12,299.374000,4.035000,152.400390625,5.4842681884765625,45.0,charging,false,0,,,43.4,FLAG_KEEP_SCREEN_ON,no_load_injected_background_apps_unverified,
2026-08-22T08:34:48.321308Z,1.0.0,realme_RMX3760_api35,1.0.0+1,release,mobilenet_v3_small_float16,201167c633c4c8714d7c84905e88fe159d76e9eff38c91b70708b1ced5a8bb00,mobilenet_v3_small,float16,float32,float32,1x224x224x3,builtin_cpu,none,none_builtin,,4,1,8,measured,13,303.728000,4.035000,152.158203125,5.4845123291015625,45.0,charging,false,0,,,43.4,FLAG_KEEP_SCREEN_ON,no_load_injected_background_apps_unverified,
2026-08-22T08:34:48.673533Z,1.0.0,realme_RMX3760_api35,1.0.0+1,release,mobilenet_v3_small_float16,201167c633c4c8714d7c84905e88fe159d76e9eff38c91b70708b1ced5a8bb00,mobilenet_v3_small,float16,float32,float32,1x224x224x3,builtin_cpu,none,none_builtin,,4,1,8,measured,14,300.893000,4.035000,152.775390625,5.4847564697265625,45.0,charging,false,0,,,43.4,FLAG_KEEP_SCREEN_ON,no_load_injected_background_apps_unverified,
2026-08-22T08:34:49.028120Z,1.0.0,realme_RMX3760_api35,1.0.0+1,release,mobilenet_v3_small_float16,201167c633c4c8714d7c84905e88fe159d76e9eff38c91b70708b1ced5a8bb00,mobilenet_v3_small,float16,float32,float32,1x224x224x3,builtin_cpu,none,none_builtin,,4,1,8,measured,15,304.346000,4.035000,152.755859375,5.4850006103515625,45.0,charging,false,0,,,43.4,FLAG_KEEP_SCREEN_ON,no_load_injected_background_apps_unverified,
2026-08-22T08:34:49.377673Z,1.0.0,realme_RMX3760_api35,1.0.0+1,release,mobilenet_v3_small_float16,201167c633c4c8714d7c84905e88fe159d76e9eff38c91b70708b1ced5a8bb00,mobilenet_v3_small,float16,float32,float32,1x224x224x3,builtin_cpu,none,none_builtin,,4,1,8,measured,16,297.724000,4.035000,152.255859375,5.4852447509765625,45.0,charging,false,0,,,43.4,FLAG_KEEP_SCREEN_ON,no_load_injected_background_apps_unverified,
2026-08-22T08:34:49.725720Z,1.0.0,realme_RMX3760_api35,1.0.0+1,release,mobilenet_v3_small_float16,201167c633c4c8714d7c84905e88fe159d76e9eff38c91b70708b1ced5a8bb00,mobilenet_v3_small,float16,float32,float32,1x224x224x3,builtin_cpu,none,none_builtin,,4,1,8,measured,17,296.409000,4.035000,152.775390625,5.5167388916015625,45.0,charging,false,0,,,43.4,FLAG_KEEP_SCREEN_ON,no_load_injected_background_apps_unverified,
2026-08-22T08:34:50.079149Z,1.0.0,realme_RMX3760_api35,1.0.0+1,release,mobilenet_v3_small_float16,201167c633c4c8714d7c84905e88fe159d76e9eff38c91b70708b1ced5a8bb00,mobilenet_v3_small,float16,float32,float32,1x224x224x3,builtin_cpu,none,none_builtin,,4,1,8,measured,18,301.676000,4.035000,152.775390625,5.5169830322265625,45.0,charging,false,0,,,43.4,FLAG_KEEP_SCREEN_ON,no_load_injected_background_apps_unverified,
2026-08-22T08:34:50.434129Z,1.0.0,realme_RMX3760_api35,1.0.0+1,release,mobilenet_v3_small_float16,201167c633c4c8714d7c84905e88fe159d76e9eff38c91b70708b1ced5a8bb00,mobilenet_v3_small,float16,float32,float32,1x224x224x3,builtin_cpu,none,none_builtin,,4,1,8,measured,19,300.870000,4.035000,152.736328125,5.5172271728515625,45.0,charging,false,0,,,43.4,FLAG_KEEP_SCREEN_ON,no_load_injected_background_apps_unverified,
2026-08-22T08:34:50.788659Z,1.0.0,realme_RMX3760_api35,1.0.0+1,release,mobilenet_v3_small_float16,201167c633c4c8714d7c84905e88fe159d76e9eff38c91b70708b1ced5a8bb00,mobilenet_v3_small,float16,float32,float32,1x224x224x3,builtin_cpu,none,none_builtin,,4,1,8,measured,20,301.191000,4.035000,152.798828125,5.5174713134765625,45.0,charging,false,0,,,43.4,FLAG_KEEP_SCREEN_ON,no_load_injected_background_apps_unverified,
2026-08-22T08:34:51.147440Z,1.0.0,realme_RMX3760_api35,1.0.0+1,release,mobilenet_v3_small_float16,201167c633c4c8714d7c84905e88fe159d76e9eff38c91b70708b1ced5a8bb00,mobilenet_v3_small,float16,float32,float32,1x224x224x3,builtin_cpu,none,none_builtin,,4,1,8,measured,21,307.406000,4.035000,152.259765625,5.5177154541015625,45.0,charging,false,0,,,43.4,FLAG_KEEP_SCREEN_ON,no_load_injected_background_apps_unverified,
2026-08-22T08:34:51.508499Z,1.0.0,realme_RMX3760_api35,1.0.0+1,release,mobilenet_v3_small_float16,201167c633c4c8714d7c84905e88fe159d76e9eff38c91b70708b1ced5a8bb00,mobilenet_v3_small,float16,float32,float32,1x224x224x3,builtin_cpu,none,none_builtin,,4,1,8,measured,22,309.821000,4.035000,152.263671875,5.5179595947265625,45.0,charging,false,0,,,43.4,FLAG_KEEP_SCREEN_ON,no_load_injected_background_apps_unverified,
2026-08-22T08:34:51.859542Z,1.0.0,realme_RMX3760_api35,1.0.0+1,release,mobilenet_v3_small_float16,201167c633c4c8714d7c84905e88fe159d76e9eff38c91b70708b1ced5a8bb00,mobilenet_v3_small,float16,float32,float32,1x224x224x3,builtin_cpu,none,none_builtin,,4,1,8,measured,23,299.867000,4.035000,152.306640625,5.5494537353515625,45.0,charging,false,0,,,43.4,FLAG_KEEP_SCREEN_ON,no_load_injected_background_apps_unverified,
2026-08-22T08:34:52.213997Z,1.0.0,realme_RMX3760_api35,1.0.0+1,release,mobilenet_v3_small_float16,201167c633c4c8714d7c84905e88fe159d76e9eff38c91b70708b1ced5a8bb00,mobilenet_v3_small,float16,float32,float32,1x224x224x3,builtin_cpu,none,none_builtin,,4,1,8,measured,24,299.760000,4.035000,153.2763671875,5.5496978759765625,46.0,charging,false,0,,,43.4,FLAG_KEEP_SCREEN_ON,no_load_injected_background_apps_unverified,
2026-08-22T08:34:52.595917Z,1.0.0,realme_RMX3760_api35,1.0.0+1,release,mobilenet_v3_small_float16,201167c633c4c8714d7c84905e88fe159d76e9eff38c91b70708b1ced5a8bb00,mobilenet_v3_small,float16,float32,float32,1x224x224x3,builtin_cpu,none,none_builtin,,4,1,8,measured,25,326.439000,4.035000,153.4052734375,5.5499420166015625,46.0,charging,false,0,,,43.4,FLAG_KEEP_SCREEN_ON,no_load_injected_background_apps_unverified,
2026-08-22T08:34:52.959239Z,1.0.0,realme_RMX3760_api35,1.0.0+1,release,mobilenet_v3_small_float16,201167c633c4c8714d7c84905e88fe159d76e9eff38c91b70708b1ced5a8bb00,mobilenet_v3_small,float16,float32,float32,1x224x224x3,builtin_cpu,none,none_builtin,,4,1,8,measured,26,308.553000,4.035000,152.419921875,5.5501861572265625,46.0,charging,false,0,,,43.4,FLAG_KEEP_SCREEN_ON,no_load_injected_background_apps_unverified,
2026-08-22T08:34:53.314286Z,1.0.0,realme_RMX3760_api35,1.0.0+1,release,mobilenet_v3_small_float16,201167c633c4c8714d7c84905e88fe159d76e9eff38c91b70708b1ced5a8bb00,mobilenet_v3_small,float16,float32,float32,1x224x224x3,builtin_cpu,none,none_builtin,,4,1,8,measured,27,303.351000,4.035000,152.4833984375,5.5504302978515625,46.0,charging,false,0,,,43.4,FLAG_KEEP_SCREEN_ON,no_load_injected_background_apps_unverified,
2026-08-22T08:34:53.671819Z,1.0.0,realme_RMX3760_api35,1.0.0+1,release,mobilenet_v3_small_float16,201167c633c4c8714d7c84905e88fe159d76e9eff38c91b70708b1ced5a8bb00,mobilenet_v3_small,float16,float32,float32,1x224x224x3,builtin_cpu,none,none_builtin,,4,1,8,measured,28,303.063000,4.035000,152.9404296875,5.5506744384765625,46.0,charging,false,0,,,43.4,FLAG_KEEP_SCREEN_ON,no_load_injected_background_apps_unverified,
2026-08-22T08:34:54.037718Z,1.0.0,realme_RMX3760_api35,1.0.0+1,release,mobilenet_v3_small_float16,201167c633c4c8714d7c84905e88fe159d76e9eff38c91b70708b1ced5a8bb00,mobilenet_v3_small,float16,float32,float32,1x224x224x3,builtin_cpu,none,none_builtin,,4,1,8,measured,29,315.692000,4.035000,152.529296875,5.5821685791015625,46.0,charging,false,0,,,43.4,FLAG_KEEP_SCREEN_ON,no_load_injected_background_apps_unverified,
2026-08-22T08:34:54.399559Z,1.0.0,realme_RMX3760_api35,1.0.0+1,release,mobilenet_v3_small_float16,201167c633c4c8714d7c84905e88fe159d76e9eff38c91b70708b1ced5a8bb00,mobilenet_v3_small,float16,float32,float32,1x224x224x3,builtin_cpu,none,none_builtin,,4,1,8,measured,30,309.821000,4.035000,152.537109375,5.5824127197265625,46.0,charging,false,0,,,43.4,FLAG_KEEP_SCREEN_ON,no_load_injected_background_apps_unverified,
2026-08-22T08:34:54.754094Z,1.0.0,realme_RMX3760_api35,1.0.0+1,release,mobilenet_v3_small_float16,201167c633c4c8714d7c84905e88fe159d76e9eff38c91b70708b1ced5a8bb00,mobilenet_v3_small,float16,float32,float32,1x224x224x3,builtin_cpu,none,none_builtin,,4,1,8,measured,31,302.248000,4.035000,152.986328125,5.5826568603515625,46.0,charging,false,0,,,43.4,FLAG_KEEP_SCREEN_ON,no_load_injected_background_apps_unverified,
2026-08-22T08:34:55.109198Z,1.0.0,realme_RMX3760_api35,1.0.0+1,release,mobilenet_v3_small_float16,201167c633c4c8714d7c84905e88fe159d76e9eff38c91b70708b1ced5a8bb00,mobilenet_v3_small,float16,float32,float32,1x224x224x3,builtin_cpu,none,none_builtin,,4,1,8,measured,32,303.595000,4.035000,153.509765625,5.5829010009765625,46.0,charging,false,0,,,43.4,FLAG_KEEP_SCREEN_ON,no_load_injected_background_apps_unverified,
2026-08-22T08:34:55.459298Z,1.0.0,realme_RMX3760_api35,1.0.0+1,release,mobilenet_v3_small_float16,201167c633c4c8714d7c84905e88fe159d76e9eff38c91b70708b1ced5a8bb00,mobilenet_v3_small,float16,float32,float32,1x224x224x3,builtin_cpu,none,none_builtin,,4,1,8,measured,33,295.702000,4.035000,153.037109375,5.5831451416015625,46.0,charging,false,0,,,43.4,FLAG_KEEP_SCREEN_ON,no_load_injected_background_apps_unverified,
2026-08-22T08:34:55.811844Z,1.0.0,realme_RMX3760_api35,1.0.0+1,release,mobilenet_v3_small_float16,201167c633c4c8714d7c84905e88fe159d76e9eff38c91b70708b1ced5a8bb00,mobilenet_v3_small,float16,float32,float32,1x224x224x3,builtin_cpu,none,none_builtin,,4,1,8,measured,34,297.934000,4.035000,153.021484375,5.5833892822265625,46.0,charging,false,0,,,43.4,FLAG_KEEP_SCREEN_ON,no_load_injected_background_apps_unverified,
2026-08-22T08:34:56.159808Z,1.0.0,realme_RMX3760_api35,1.0.0+1,release,mobilenet_v3_small_float16,201167c633c4c8714d7c84905e88fe159d76e9eff38c91b70708b1ced5a8bb00,mobilenet_v3_small,float16,float32,float32,1x224x224x3,builtin_cpu,none,none_builtin,,4,1,8,measured,35,296.647000,4.035000,153.087890625,5.6148834228515625,46.0,charging,false,0,,,43.4,FLAG_KEEP_SCREEN_ON,no_load_injected_background_apps_unverified,
2026-08-22T08:34:56.509852Z,1.0.0,realme_RMX3760_api35,1.0.0+1,release,mobilenet_v3_small_float16,201167c633c4c8714d7c84905e88fe159d76e9eff38c91b70708b1ced5a8bb00,mobilenet_v3_small,float16,float32,float32,1x224x224x3,builtin_cpu,none,none_builtin,,4,1,8,measured,36,299.360000,4.035000,153.083984375,5.6151275634765625,46.0,charging,false,0,,,43.4,FLAG_KEEP_SCREEN_ON,no_load_injected_background_apps_unverified,
2026-08-22T08:34:56.860255Z,1.0.0,realme_RMX3760_api35,1.0.0+1,release,mobilenet_v3_small_float16,201167c633c4c8714d7c84905e88fe159d76e9eff38c91b70708b1ced5a8bb00,mobilenet_v3_small,float16,float32,float32,1x224x224x3,builtin_cpu,none,none_builtin,,4,1,8,measured,37,298.108000,4.035000,152.580078125,5.6153717041015625,46.0,charging,false,0,,,43.4,FLAG_KEEP_SCREEN_ON,no_load_injected_background_apps_unverified,
2026-08-22T08:34:57.205352Z,1.0.0,realme_RMX3760_api35,1.0.0+1,release,mobilenet_v3_small_float16,201167c633c4c8714d7c84905e88fe159d76e9eff38c91b70708b1ced5a8bb00,mobilenet_v3_small,float16,float32,float32,1x224x224x3,builtin_cpu,none,none_builtin,,4,1,8,measured,38,293.954000,4.035000,152.6416015625,5.6156158447265625,46.0,charging,false,0,,,43.4,FLAG_KEEP_SCREEN_ON,no_load_injected_background_apps_unverified,
2026-08-22T08:34:57.558858Z,1.0.0,realme_RMX3760_api35,1.0.0+1,release,mobilenet_v3_small_float16,201167c633c4c8714d7c84905e88fe159d76e9eff38c91b70708b1ced5a8bb00,mobilenet_v3_small,float16,float32,float32,1x224x224x3,builtin_cpu,none,none_builtin,,4,1,8,measured,39,299.167000,4.035000,152.640625,5.6158599853515625,46.0,charging,false,0,,,43.4,FLAG_KEEP_SCREEN_ON,no_load_injected_background_apps_unverified,
2026-08-22T08:34:57.923235Z,1.0.0,realme_RMX3760_api35,1.0.0+1,release,mobilenet_v3_small_float16,201167c633c4c8714d7c84905e88fe159d76e9eff38c91b70708b1ced5a8bb00,mobilenet_v3_small,float16,float32,float32,1x224x224x3,builtin_cpu,none,none_builtin,,4,1,8,measured,40,312.364000,4.035000,152.6630859375,5.6161041259765625,46.0,charging,false,0,,,43.4,FLAG_KEEP_SCREEN_ON,no_load_injected_background_apps_unverified,
2026-08-22T08:34:58.269348Z,1.0.0,realme_RMX3760_api35,1.0.0+1,release,mobilenet_v3_small_float16,201167c633c4c8714d7c84905e88fe159d76e9eff38c91b70708b1ced5a8bb00,mobilenet_v3_small,float16,float32,float32,1x224x224x3,builtin_cpu,none,none_builtin,,4,1,8,measured,41,294.603000,4.035000,152.6826171875,5.6475982666015625,46.0,charging,false,0,,,43.5,FLAG_KEEP_SCREEN_ON,no_load_injected_background_apps_unverified,
2026-08-22T08:34:58.631843Z,1.0.0,realme_RMX3760_api35,1.0.0+1,release,mobilenet_v3_small_float16,201167c633c4c8714d7c84905e88fe159d76e9eff38c91b70708b1ced5a8bb00,mobilenet_v3_small,float16,float32,float32,1x224x224x3,builtin_cpu,none,none_builtin,,4,1,8,measured,42,307.755000,4.035000,153.1787109375,5.6478424072265625,46.0,charging,false,0,,,43.5,FLAG_KEEP_SCREEN_ON,no_load_injected_background_apps_unverified,
2026-08-22T08:34:58.986650Z,1.0.0,realme_RMX3760_api35,1.0.0+1,release,mobilenet_v3_small_float16,201167c633c4c8714d7c84905e88fe159d76e9eff38c91b70708b1ced5a8bb00,mobilenet_v3_small,float16,float32,float32,1x224x224x3,builtin_cpu,none,none_builtin,,4,1,8,measured,43,302.059000,4.035000,153.0888671875,5.6480865478515625,46.0,charging,false,0,,,43.5,FLAG_KEEP_SCREEN_ON,no_load_injected_background_apps_unverified,
2026-08-22T08:34:59.337126Z,1.0.0,realme_RMX3760_api35,1.0.0+1,release,mobilenet_v3_small_float16,201167c633c4c8714d7c84905e88fe159d76e9eff38c91b70708b1ced5a8bb00,mobilenet_v3_small,float16,float32,float32,1x224x224x3,builtin_cpu,none,none_builtin,,4,1,8,measured,44,298.994000,4.035000,152.6005859375,5.6483306884765625,46.0,charging,false,0,,,43.5,FLAG_KEEP_SCREEN_ON,no_load_injected_background_apps_unverified,
2026-08-22T08:34:59.698280Z,1.0.0,realme_RMX3760_api35,1.0.0+1,release,mobilenet_v3_small_float16,201167c633c4c8714d7c84905e88fe159d76e9eff38c91b70708b1ced5a8bb00,mobilenet_v3_small,float16,float32,float32,1x224x224x3,builtin_cpu,none,none_builtin,,4,1,8,measured,45,306.826000,4.035000,152.5986328125,5.6485748291015625,46.0,charging,false,0,,,43.5,FLAG_KEEP_SCREEN_ON,no_load_injected_background_apps_unverified,
2026-08-22T08:35:00.061578Z,1.0.0,realme_RMX3760_api35,1.0.0+1,release,mobilenet_v3_small_float16,201167c633c4c8714d7c84905e88fe159d76e9eff38c91b70708b1ced5a8bb00,mobilenet_v3_small,float16,float32,float32,1x224x224x3,builtin_cpu,none,none_builtin,,4,1,8,measured,46,310.685000,4.035000,152.6064453125,5.6488189697265625,46.0,charging,false,0,,,43.5,FLAG_KEEP_SCREEN_ON,no_load_injected_background_apps_unverified,
2026-08-22T08:35:00.411069Z,1.0.0,realme_RMX3760_api35,1.0.0+1,release,mobilenet_v3_small_float16,201167c633c4c8714d7c84905e88fe159d76e9eff38c91b70708b1ced5a8bb00,mobilenet_v3_small,float16,float32,float32,1x224x224x3,builtin_cpu,none,none_builtin,,4,1,8,measured,47,295.582000,4.035000,152.6181640625,5.6803131103515625,46.0,charging,false,0,,,43.5,FLAG_KEEP_SCREEN_ON,no_load_injected_background_apps_unverified,
2026-08-22T08:35:00.773652Z,1.0.0,realme_RMX3760_api35,1.0.0+1,release,mobilenet_v3_small_float16,201167c633c4c8714d7c84905e88fe159d76e9eff38c91b70708b1ced5a8bb00,mobilenet_v3_small,float16,float32,float32,1x224x224x3,builtin_cpu,none,none_builtin,,4,1,8,measured,48,312.029000,4.035000,153.1259765625,5.6805572509765625,46.0,charging,false,0,,,43.5,FLAG_KEEP_SCREEN_ON,no_load_injected_background_apps_unverified,
2026-08-22T08:35:01.123117Z,1.0.0,realme_RMX3760_api35,1.0.0+1,release,mobilenet_v3_small_float16,201167c633c4c8714d7c84905e88fe159d76e9eff38c91b70708b1ced5a8bb00,mobilenet_v3_small,float16,float32,float32,1x224x224x3,builtin_cpu,none,none_builtin,,4,1,8,measured,49,294.423000,4.035000,152.9072265625,5.6808013916015625,46.0,charging,false,0,,,43.5,FLAG_KEEP_SCREEN_ON,no_load_injected_background_apps_unverified,
2026-08-22T08:35:01.477002Z,1.0.0,realme_RMX3760_api35,1.0.0+1,release,mobilenet_v3_small_float16,201167c633c4c8714d7c84905e88fe159d76e9eff38c91b70708b1ced5a8bb00,mobilenet_v3_small,float16,float32,float32,1x224x224x3,builtin_cpu,none,none_builtin,,4,1,8,measured,50,301.135000,4.035000,153.1884765625,5.6810455322265625,46.0,charging,false,0,,,43.5,FLAG_KEEP_SCREEN_ON,no_load_injected_background_apps_unverified,
2026-08-22T08:35:01.841597Z,1.0.0,realme_RMX3760_api35,1.0.0+1,release,mobilenet_v3_small_float16,201167c633c4c8714d7c84905e88fe159d76e9eff38c91b70708b1ced5a8bb00,mobilenet_v3_small,float16,float32,float32,1x224x224x3,builtin_cpu,none,none_builtin,,4,1,8,measured,51,310.419000,4.035000,153.1962890625,5.6812896728515625,46.0,charging,false,0,,,43.5,FLAG_KEEP_SCREEN_ON,no_load_injected_background_apps_unverified,
2026-08-22T08:35:02.196835Z,1.0.0,realme_RMX3760_api35,1.0.0+1,release,mobilenet_v3_small_float16,201167c633c4c8714d7c84905e88fe159d76e9eff38c91b70708b1ced5a8bb00,mobilenet_v3_small,float16,float32,float32,1x224x224x3,builtin_cpu,none,none_builtin,,4,1,8,measured,52,303.264000,4.035000,152.5478515625,5.6815338134765625,46.0,charging,false,0,,,43.5,FLAG_KEEP_SCREEN_ON,no_load_injected_background_apps_unverified,
2026-08-22T08:35:02.545679Z,1.0.0,realme_RMX3760_api35,1.0.0+1,release,mobilenet_v3_small_float16,201167c633c4c8714d7c84905e88fe159d76e9eff38c91b70708b1ced5a8bb00,mobilenet_v3_small,float16,float32,float32,1x224x224x3,builtin_cpu,none,none_builtin,,4,1,8,measured,53,297.077000,4.035000,152.6806640625,5.7130279541015625,46.0,charging,false,0,,,43.5,FLAG_KEEP_SCREEN_ON,no_load_injected_background_apps_unverified,
2026-08-22T08:35:02.903818Z,1.0.0,realme_RMX3760_api35,1.0.0+1,release,mobilenet_v3_small_float16,201167c633c4c8714d7c84905e88fe159d76e9eff38c91b70708b1ced5a8bb00,mobilenet_v3_small,float16,float32,float32,1x224x224x3,builtin_cpu,none,none_builtin,,4,1,8,measured,54,303.640000,4.035000,152.6767578125,5.7132720947265625,46.0,charging,false,0,,,43.5,FLAG_KEEP_SCREEN_ON,no_load_injected_background_apps_unverified,
2026-08-22T08:35:03.287310Z,1.0.0,realme_RMX3760_api35,1.0.0+1,release,mobilenet_v3_small_float16,201167c633c4c8714d7c84905e88fe159d76e9eff38c91b70708b1ced5a8bb00,mobilenet_v3_small,float16,float32,float32,1x224x224x3,builtin_cpu,none,none_builtin,,4,1,8,measured,55,327.537000,4.035000,152.70703125,5.7135162353515625,46.0,charging,false,0,,,43.4,FLAG_KEEP_SCREEN_ON,no_load_injected_background_apps_unverified,
2026-08-22T08:35:03.696800Z,1.0.0,realme_RMX3760_api35,1.0.0+1,release,mobilenet_v3_small_float16,201167c633c4c8714d7c84905e88fe159d76e9eff38c91b70708b1ced5a8bb00,mobilenet_v3_small,float16,float32,float32,1x224x224x3,builtin_cpu,none,none_builtin,,4,1,8,measured,56,313.464000,4.035000,153.23828125,5.7137603759765625,46.0,charging,false,0,,,43.4,FLAG_KEEP_SCREEN_ON,no_load_injected_background_apps_unverified,
2026-08-22T08:35:04.056235Z,1.0.0,realme_RMX3760_api35,1.0.0+1,release,mobilenet_v3_small_float16,201167c633c4c8714d7c84905e88fe159d76e9eff38c91b70708b1ced5a8bb00,mobilenet_v3_small,float16,float32,float32,1x224x224x3,builtin_cpu,none,none_builtin,,4,1,8,measured,57,303.754000,4.035000,152.724609375,5.7140045166015625,46.0,charging,false,0,,,43.4,FLAG_KEEP_SCREEN_ON,no_load_injected_background_apps_unverified,
2026-08-22T08:35:04.406301Z,1.0.0,realme_RMX3760_api35,1.0.0+1,release,mobilenet_v3_small_float16,201167c633c4c8714d7c84905e88fe159d76e9eff38c91b70708b1ced5a8bb00,mobilenet_v3_small,float16,float32,float32,1x224x224x3,builtin_cpu,none,none_builtin,,4,1,8,measured,58,297.542000,4.035000,152.7119140625,5.7142486572265625,46.0,charging,false,0,,,43.4,FLAG_KEEP_SCREEN_ON,no_load_injected_background_apps_unverified,
2026-08-22T08:35:04.767464Z,1.0.0,realme_RMX3760_api35,1.0.0+1,release,mobilenet_v3_small_float16,201167c633c4c8714d7c84905e88fe159d76e9eff38c91b70708b1ced5a8bb00,mobilenet_v3_small,float16,float32,float32,1x224x224x3,builtin_cpu,none,none_builtin,,4,1,8,measured,59,306.982000,4.035000,152.7900390625,5.7457427978515625,46.0,charging,false,0,,,43.4,FLAG_KEEP_SCREEN_ON,no_load_injected_background_apps_unverified,
2026-08-22T08:35:05.127584Z,1.0.0,realme_RMX3760_api35,1.0.0+1,release,mobilenet_v3_small_float16,201167c633c4c8714d7c84905e88fe159d76e9eff38c91b70708b1ced5a8bb00,mobilenet_v3_small,float16,float32,float32,1x224x224x3,builtin_cpu,none,none_builtin,,4,1,8,measured,60,309.685000,4.035000,152.3486328125,5.7459869384765625,46.0,charging,false,0,,,43.4,FLAG_KEEP_SCREEN_ON,no_load_injected_background_apps_unverified,
2026-08-22T08:35:05.476222Z,1.0.0,realme_RMX3760_api35,1.0.0+1,release,mobilenet_v3_small_float16,201167c633c4c8714d7c84905e88fe159d76e9eff38c91b70708b1ced5a8bb00,mobilenet_v3_small,float16,float32,float32,1x224x224x3,builtin_cpu,none,none_builtin,,4,1,8,measured,61,295.934000,4.035000,152.4189453125,5.7462310791015625,46.0,charging,false,0,,,43.4,FLAG_KEEP_SCREEN_ON,no_load_injected_background_apps_unverified,
2026-08-22T08:35:05.826265Z,1.0.0,realme_RMX3760_api35,1.0.0+1,release,mobilenet_v3_small_float16,201167c633c4c8714d7c84905e88fe159d76e9eff38c91b70708b1ced5a8bb00,mobilenet_v3_small,float16,float32,float32,1x224x224x3,builtin_cpu,none,none_builtin,,4,1,8,measured,62,298.691000,4.035000,152.4306640625,5.7464752197265625,46.0,charging,false,0,,,43.4,FLAG_KEEP_SCREEN_ON,no_load_injected_background_apps_unverified,
2026-08-22T08:35:06.183193Z,1.0.0,realme_RMX3760_api35,1.0.0+1,release,mobilenet_v3_small_float16,201167c633c4c8714d7c84905e88fe159d76e9eff38c91b70708b1ced5a8bb00,mobilenet_v3_small,float16,float32,float32,1x224x224x3,builtin_cpu,none,none_builtin,,4,1,8,measured,63,303.161000,4.035000,152.4775390625,5.7467193603515625,46.0,charging,false,0,,,43.4,FLAG_KEEP_SCREEN_ON,no_load_injected_background_apps_unverified,
2026-08-22T08:35:06.543612Z,1.0.0,realme_RMX3760_api35,1.0.0+1,release,mobilenet_v3_small_float16,201167c633c4c8714d7c84905e88fe159d76e9eff38c91b70708b1ced5a8bb00,mobilenet_v3_small,float16,float32,float32,1x224x224x3,builtin_cpu,none,none_builtin,,4,1,8,measured,64,299.134000,4.035000,153.4814453125,5.7469635009765625,46.0,charging,false,0,,,43.4,FLAG_KEEP_SCREEN_ON,no_load_injected_background_apps_unverified,
2026-08-22T08:35:06.893857Z,1.0.0,realme_RMX3760_api35,1.0.0+1,release,mobilenet_v3_small_float16,201167c633c4c8714d7c84905e88fe159d76e9eff38c91b70708b1ced5a8bb00,mobilenet_v3_small,float16,float32,float32,1x224x224x3,builtin_cpu,none,none_builtin,,4,1,8,measured,65,299.131000,4.035000,152.9892578125,5.7784576416015625,46.0,charging,false,0,,,43.4,FLAG_KEEP_SCREEN_ON,no_load_injected_background_apps_unverified,
2026-08-22T08:35:07.245921Z,1.0.0,realme_RMX3760_api35,1.0.0+1,release,mobilenet_v3_small_float16,201167c633c4c8714d7c84905e88fe159d76e9eff38c91b70708b1ced5a8bb00,mobilenet_v3_small,float16,float32,float32,1x224x224x3,builtin_cpu,none,none_builtin,,4,1,8,measured,66,300.538000,4.035000,152.1572265625,5.7787017822265625,46.0,charging,false,0,,,43.4,FLAG_KEEP_SCREEN_ON,no_load_injected_background_apps_unverified,
2026-08-22T08:35:07.597633Z,1.0.0,realme_RMX3760_api35,1.0.0+1,release,mobilenet_v3_small_float16,201167c633c4c8714d7c84905e88fe159d76e9eff38c91b70708b1ced5a8bb00,mobilenet_v3_small,float16,float32,float32,1x224x224x3,builtin_cpu,none,none_builtin,,4,1,8,measured,67,299.909000,4.035000,152.9658203125,5.7789459228515625,46.0,charging,false,0,,,43.4,FLAG_KEEP_SCREEN_ON,no_load_injected_background_apps_unverified,
2026-08-22T08:35:07.949273Z,1.0.0,realme_RMX3760_api35,1.0.0+1,release,mobilenet_v3_small_float16,201167c633c4c8714d7c84905e88fe159d76e9eff38c91b70708b1ced5a8bb00,mobilenet_v3_small,float16,float32,float32,1x224x224x3,builtin_cpu,none,none_builtin,,4,1,8,measured,68,300.209000,4.035000,152.4697265625,5.7791900634765625,46.0,charging,false,0,,,43.4,FLAG_KEEP_SCREEN_ON,no_load_injected_background_apps_unverified,
2026-08-22T08:35:08.368633Z,1.0.0,realme_RMX3760_api35,1.0.0+1,release,mobilenet_v3_small_float16,201167c633c4c8714d7c84905e88fe159d76e9eff38c91b70708b1ced5a8bb00,mobilenet_v3_small,float16,float32,float32,1x224x224x3,builtin_cpu,none,none_builtin,,4,1,8,measured,69,344.399000,4.035000,152.361328125,5.7794342041015625,46.0,charging,false,0,,,43.4,FLAG_KEEP_SCREEN_ON,no_load_injected_background_apps_unverified,
2026-08-22T08:35:08.811990Z,1.0.0,realme_RMX3760_api35,1.0.0+1,release,mobilenet_v3_small_float16,201167c633c4c8714d7c84905e88fe159d76e9eff38c91b70708b1ced5a8bb00,mobilenet_v3_small,float16,float32,float32,1x224x224x3,builtin_cpu,none,none_builtin,,4,1,8,measured,70,368.827000,4.035000,153.009765625,5.7796783447265625,46.0,charging,false,0,,,43.4,FLAG_KEEP_SCREEN_ON,no_load_injected_background_apps_unverified,
2026-08-22T08:35:09.195899Z,1.0.0,realme_RMX3760_api35,1.0.0+1,release,mobilenet_v3_small_float16,201167c633c4c8714d7c84905e88fe159d76e9eff38c91b70708b1ced5a8bb00,mobilenet_v3_small,float16,float32,float32,1x224x224x3,builtin_cpu,none,none_builtin,,4,1,8,measured,71,333.472000,4.035000,153.021484375,5.8111724853515625,46.0,charging,false,0,,,43.4,FLAG_KEEP_SCREEN_ON,no_load_injected_background_apps_unverified,
2026-08-22T08:35:09.547893Z,1.0.0,realme_RMX3760_api35,1.0.0+1,release,mobilenet_v3_small_float16,201167c633c4c8714d7c84905e88fe159d76e9eff38c91b70708b1ced5a8bb00,mobilenet_v3_small,float16,float32,float32,1x224x224x3,builtin_cpu,none,none_builtin,,4,1,8,measured,72,299.683000,4.035000,153.025390625,5.8114166259765625,46.0,charging,false,0,,,43.4,FLAG_KEEP_SCREEN_ON,no_load_injected_background_apps_unverified,
2026-08-22T08:35:09.895567Z,1.0.0,realme_RMX3760_api35,1.0.0+1,release,mobilenet_v3_small_float16,201167c633c4c8714d7c84905e88fe159d76e9eff38c91b70708b1ced5a8bb00,mobilenet_v3_small,float16,float32,float32,1x224x224x3,builtin_cpu,none,none_builtin,,4,1,8,measured,73,293.377000,4.035000,152.529296875,5.8116607666015625,46.0,charging,false,0,,,43.4,FLAG_KEEP_SCREEN_ON,no_load_injected_background_apps_unverified,
2026-08-22T08:35:10.248900Z,1.0.0,realme_RMX3760_api35,1.0.0+1,release,mobilenet_v3_small_float16,201167c633c4c8714d7c84905e88fe159d76e9eff38c91b70708b1ced5a8bb00,mobilenet_v3_small,float16,float32,float32,1x224x224x3,builtin_cpu,none,none_builtin,,4,1,8,measured,74,302.791000,4.035000,152.537109375,5.8119049072265625,46.0,charging,false,0,,,43.4,FLAG_KEEP_SCREEN_ON,no_load_injected_background_apps_unverified,
2026-08-22T08:35:10.606044Z,1.0.0,realme_RMX3760_api35,1.0.0+1,release,mobilenet_v3_small_float16,201167c633c4c8714d7c84905e88fe159d76e9eff38c91b70708b1ced5a8bb00,mobilenet_v3_small,float16,float32,float32,1x224x224x3,builtin_cpu,none,none_builtin,,4,1,8,measured,75,302.748000,4.035000,152.9267578125,5.8121490478515625,46.0,charging,false,0,,,43.4,FLAG_KEEP_SCREEN_ON,no_load_injected_background_apps_unverified,
2026-08-22T08:35:10.959686Z,1.0.0,realme_RMX3760_api35,1.0.0+1,release,mobilenet_v3_small_float16,201167c633c4c8714d7c84905e88fe159d76e9eff38c91b70708b1ced5a8bb00,mobilenet_v3_small,float16,float32,float32,1x224x224x3,builtin_cpu,none,none_builtin,,4,1,8,measured,76,298.961000,4.035000,152.5048828125,5.8123931884765625,46.0,charging,false,0,,,43.4,FLAG_KEEP_SCREEN_ON,no_load_injected_background_apps_unverified,
2026-08-22T08:35:11.306283Z,1.0.0,realme_RMX3760_api35,1.0.0+1,release,mobilenet_v3_small_float16,201167c633c4c8714d7c84905e88fe159d76e9eff38c91b70708b1ced5a8bb00,mobilenet_v3_small,float16,float32,float32,1x224x224x3,builtin_cpu,none,none_builtin,,4,1,8,measured,77,295.302000,4.035000,152.5166015625,5.8438873291015625,46.0,charging,false,0,,,43.4,FLAG_KEEP_SCREEN_ON,no_load_injected_background_apps_unverified,
2026-08-22T08:35:11.672189Z,1.0.0,realme_RMX3760_api35,1.0.0+1,release,mobilenet_v3_small_float16,201167c633c4c8714d7c84905e88fe159d76e9eff38c91b70708b1ced5a8bb00,mobilenet_v3_small,float16,float32,float32,1x224x224x3,builtin_cpu,none,none_builtin,,4,1,8,measured,78,315.629000,4.035000,152.3486328125,5.8441314697265625,46.0,charging,false,0,,,43.4,FLAG_KEEP_SCREEN_ON,no_load_injected_background_apps_unverified,
2026-08-22T08:35:12.022870Z,1.0.0,realme_RMX3760_api35,1.0.0+1,release,mobilenet_v3_small_float16,201167c633c4c8714d7c84905e88fe159d76e9eff38c91b70708b1ced5a8bb00,mobilenet_v3_small,float16,float32,float32,1x224x224x3,builtin_cpu,none,none_builtin,,4,1,8,measured,79,298.833000,4.035000,153.4658203125,5.8443756103515625,46.0,charging,false,0,,,43.4,FLAG_KEEP_SCREEN_ON,no_load_injected_background_apps_unverified,
2026-08-22T08:35:12.375216Z,1.0.0,realme_RMX3760_api35,1.0.0+1,release,mobilenet_v3_small_float16,201167c633c4c8714d7c84905e88fe159d76e9eff38c91b70708b1ced5a8bb00,mobilenet_v3_small,float16,float32,float32,1x224x224x3,builtin_cpu,none,none_builtin,,4,1,8,measured,80,300.900000,4.035000,152.4697265625,5.8446197509765625,46.0,charging,false,0,,,43.4,FLAG_KEEP_SCREEN_ON,no_load_injected_background_apps_unverified,
2026-08-22T08:35:12.722904Z,1.0.0,realme_RMX3760_api35,1.0.0+1,release,mobilenet_v3_small_float16,201167c633c4c8714d7c84905e88fe159d76e9eff38c91b70708b1ced5a8bb00,mobilenet_v3_small,float16,float32,float32,1x224x224x3,builtin_cpu,none,none_builtin,,4,1,8,measured,81,296.311000,4.035000,152.4736328125,5.8448638916015625,46.0,charging,false,0,,,43.4,FLAG_KEEP_SCREEN_ON,no_load_injected_background_apps_unverified,
2026-08-22T08:35:13.071531Z,1.0.0,realme_RMX3760_api35,1.0.0+1,release,mobilenet_v3_small_float16,201167c633c4c8714d7c84905e88fe159d76e9eff38c91b70708b1ced5a8bb00,mobilenet_v3_small,float16,float32,float32,1x224x224x3,builtin_cpu,none,none_builtin,,4,1,8,measured,82,293.767000,4.035000,152.6025390625,5.8451080322265625,46.0,charging,false,0,,,43.4,FLAG_KEEP_SCREEN_ON,no_load_injected_background_apps_unverified,
2026-08-22T08:35:13.422571Z,1.0.0,realme_RMX3760_api35,1.0.0+1,release,mobilenet_v3_small_float16,201167c633c4c8714d7c84905e88fe159d76e9eff38c91b70708b1ced5a8bb00,mobilenet_v3_small,float16,float32,float32,1x224x224x3,builtin_cpu,none,none_builtin,,4,1,8,measured,83,299.680000,4.035000,152.6181640625,5.8766021728515625,46.0,charging,false,0,,,43.4,FLAG_KEEP_SCREEN_ON,no_load_injected_background_apps_unverified,
2026-08-22T08:35:13.770439Z,1.0.0,realme_RMX3760_api35,1.0.0+1,release,mobilenet_v3_small_float16,201167c633c4c8714d7c84905e88fe159d76e9eff38c91b70708b1ced5a8bb00,mobilenet_v3_small,float16,float32,float32,1x224x224x3,builtin_cpu,none,none_builtin,,4,1,8,measured,84,295.022000,4.035000,153.1259765625,5.8768463134765625,46.0,charging,false,0,,,43.4,FLAG_KEEP_SCREEN_ON,no_load_injected_background_apps_unverified,
2026-08-22T08:35:14.128086Z,1.0.0,realme_RMX3760_api35,1.0.0+1,release,mobilenet_v3_small_float16,201167c633c4c8714d7c84905e88fe159d76e9eff38c91b70708b1ced5a8bb00,mobilenet_v3_small,float16,float32,float32,1x224x224x3,builtin_cpu,none,none_builtin,,4,1,8,measured,85,302.707000,4.035000,152.6298828125,5.8770904541015625,46.0,charging,false,0,,,43.5,FLAG_KEEP_SCREEN_ON,no_load_injected_background_apps_unverified,
2026-08-22T08:35:14.487528Z,1.0.0,realme_RMX3760_api35,1.0.0+1,release,mobilenet_v3_small_float16,201167c633c4c8714d7c84905e88fe159d76e9eff38c91b70708b1ced5a8bb00,mobilenet_v3_small,float16,float32,float32,1x224x224x3,builtin_cpu,none,none_builtin,,4,1,8,measured,86,304.754000,4.035000,152.6494140625,5.8773345947265625,46.0,charging,false,0,,,43.5,FLAG_KEEP_SCREEN_ON,no_load_injected_background_apps_unverified,
2026-08-22T08:35:14.847972Z,1.0.0,realme_RMX3760_api35,1.0.0+1,release,mobilenet_v3_small_float16,201167c633c4c8714d7c84905e88fe159d76e9eff38c91b70708b1ced5a8bb00,mobilenet_v3_small,float16,float32,float32,1x224x224x3,builtin_cpu,none,none_builtin,,4,1,8,measured,87,306.085000,4.035000,152.4345703125,5.8775787353515625,46.0,charging,false,0,,,43.5,FLAG_KEEP_SCREEN_ON,no_load_injected_background_apps_unverified,
2026-08-22T08:35:15.206295Z,1.0.0,realme_RMX3760_api35,1.0.0+1,release,mobilenet_v3_small_float16,201167c633c4c8714d7c84905e88fe159d76e9eff38c91b70708b1ced5a8bb00,mobilenet_v3_small,float16,float32,float32,1x224x224x3,builtin_cpu,none,none_builtin,,4,1,8,measured,88,299.700000,4.035000,152.4853515625,5.8778228759765625,46.0,charging,false,0,,,43.5,FLAG_KEEP_SCREEN_ON,no_load_injected_background_apps_unverified,
2026-08-22T08:35:15.559423Z,1.0.0,realme_RMX3760_api35,1.0.0+1,release,mobilenet_v3_small_float16,201167c633c4c8714d7c84905e88fe159d76e9eff38c91b70708b1ced5a8bb00,mobilenet_v3_small,float16,float32,float32,1x224x224x3,builtin_cpu,none,none_builtin,,4,1,8,measured,89,299.828000,4.035000,153.0009765625,5.9093170166015625,46.0,charging,false,0,,,43.5,FLAG_KEEP_SCREEN_ON,no_load_injected_background_apps_unverified,
2026-08-22T08:35:15.915849Z,1.0.0,realme_RMX3760_api35,1.0.0+1,release,mobilenet_v3_small_float16,201167c633c4c8714d7c84905e88fe159d76e9eff38c91b70708b1ced5a8bb00,mobilenet_v3_small,float16,float32,float32,1x224x224x3,builtin_cpu,none,none_builtin,,4,1,8,measured,90,302.117000,4.035000,152.4931640625,5.9095611572265625,46.0,charging,false,0,,,43.5,FLAG_KEEP_SCREEN_ON,no_load_injected_background_apps_unverified,
2026-08-22T08:35:16.275961Z,1.0.0,realme_RMX3760_api35,1.0.0+1,release,mobilenet_v3_small_float16,201167c633c4c8714d7c84905e88fe159d76e9eff38c91b70708b1ced5a8bb00,mobilenet_v3_small,float16,float32,float32,1x224x224x3,builtin_cpu,none,none_builtin,,4,1,8,measured,91,307.079000,4.035000,152.4384765625,5.9098052978515625,46.0,charging,false,0,,,43.5,FLAG_KEEP_SCREEN_ON,no_load_injected_background_apps_unverified,
2026-08-22T08:35:16.630593Z,1.0.0,realme_RMX3760_api35,1.0.0+1,release,mobilenet_v3_small_float16,201167c633c4c8714d7c84905e88fe159d76e9eff38c91b70708b1ced5a8bb00,mobilenet_v3_small,float16,float32,float32,1x224x224x3,builtin_cpu,none,none_builtin,,4,1,8,measured,92,302.957000,4.035000,152.5634765625,5.9100494384765625,46.0,charging,false,0,,,43.5,FLAG_KEEP_SCREEN_ON,no_load_injected_background_apps_unverified,
2026-08-22T08:35:16.978794Z,1.0.0,realme_RMX3760_api35,1.0.0+1,release,mobilenet_v3_small_float16,201167c633c4c8714d7c84905e88fe159d76e9eff38c91b70708b1ced5a8bb00,mobilenet_v3_small,float16,float32,float32,1x224x224x3,builtin_cpu,none,none_builtin,,4,1,8,measured,93,294.267000,4.035000,152.6142578125,5.9102935791015625,46.0,charging,false,0,,,43.5,FLAG_KEEP_SCREEN_ON,no_load_injected_background_apps_unverified,
2026-08-22T08:35:17.327230Z,1.0.0,realme_RMX3760_api35,1.0.0+1,release,mobilenet_v3_small_float16,201167c633c4c8714d7c84905e88fe159d76e9eff38c91b70708b1ced5a8bb00,mobilenet_v3_small,float16,float32,float32,1x224x224x3,builtin_cpu,none,none_builtin,,4,1,8,measured,94,292.839000,4.035000,153.1220703125,5.9105377197265625,46.0,charging,false,0,,,43.5,FLAG_KEEP_SCREEN_ON,no_load_injected_background_apps_unverified,
2026-08-22T08:35:17.675003Z,1.0.0,realme_RMX3760_api35,1.0.0+1,release,mobilenet_v3_small_float16,201167c633c4c8714d7c84905e88fe159d76e9eff38c91b70708b1ced5a8bb00,mobilenet_v3_small,float16,float32,float32,1x224x224x3,builtin_cpu,none,none_builtin,,4,1,8,measured,95,293.545000,4.035000,153.1337890625,5.9420318603515625,46.0,charging,false,0,,,43.5,FLAG_KEEP_SCREEN_ON,no_load_injected_background_apps_unverified,
2026-08-22T08:35:18.027075Z,1.0.0,realme_RMX3760_api35,1.0.0+1,release,mobilenet_v3_small_float16,201167c633c4c8714d7c84905e88fe159d76e9eff38c91b70708b1ced5a8bb00,mobilenet_v3_small,float16,float32,float32,1x224x224x3,builtin_cpu,none,none_builtin,,4,1,8,measured,96,299.857000,4.035000,152.2509765625,5.9422760009765625,46.0,charging,false,0,,,43.5,FLAG_KEEP_SCREEN_ON,no_load_injected_background_apps_unverified,
2026-08-22T08:35:18.388319Z,1.0.0,realme_RMX3760_api35,1.0.0+1,release,mobilenet_v3_small_float16,201167c633c4c8714d7c84905e88fe159d76e9eff38c91b70708b1ced5a8bb00,mobilenet_v3_small,float16,float32,float32,1x224x224x3,builtin_cpu,none,none_builtin,,4,1,8,measured,97,307.091000,4.035000,152.3916015625,5.9425201416015625,46.0,charging,false,0,,,43.5,FLAG_KEEP_SCREEN_ON,no_load_injected_background_apps_unverified,
2026-08-22T08:35:18.738848Z,1.0.0,realme_RMX3760_api35,1.0.0+1,release,mobilenet_v3_small_float16,201167c633c4c8714d7c84905e88fe159d76e9eff38c91b70708b1ced5a8bb00,mobilenet_v3_small,float16,float32,float32,1x224x224x3,builtin_cpu,none,none_builtin,,4,1,8,measured,98,296.582000,4.035000,152.4775390625,5.9427642822265625,46.0,charging,false,0,,,43.5,FLAG_KEEP_SCREEN_ON,no_load_injected_background_apps_unverified,
2026-08-22T08:35:19.091720Z,1.0.0,realme_RMX3760_api35,1.0.0+1,release,mobilenet_v3_small_float16,201167c633c4c8714d7c84905e88fe159d76e9eff38c91b70708b1ced5a8bb00,mobilenet_v3_small,float16,float32,float32,1x224x224x3,builtin_cpu,none,none_builtin,,4,1,8,measured,99,301.009000,4.035000,152.5283203125,5.9430084228515625,46.0,charging,false,0,,,43.5,FLAG_KEEP_SCREEN_ON,no_load_injected_background_apps_unverified,
2026-08-22T08:35:25.483631Z,1.0.0,realme_RMX3760_api35,1.0.0+1,release,mobilenet_v3_small_float16,201167c633c4c8714d7c84905e88fe159d76e9eff38c91b70708b1ced5a8bb00,mobilenet_v3_small,float16,float32,float32,1x224x224x3,xnnpack_cpu,xnnpack,xnnpack,,2,1,9,measured,0,290.548000,11.809000,151.9033203125,5.9432525634765625,46.0,charging,false,0,,,43.4,FLAG_KEEP_SCREEN_ON,no_load_injected_background_apps_unverified,
2026-08-22T08:35:25.832439Z,1.0.0,realme_RMX3760_api35,1.0.0+1,release,mobilenet_v3_small_float16,201167c633c4c8714d7c84905e88fe159d76e9eff38c91b70708b1ced5a8bb00,mobilenet_v3_small,float16,float32,float32,1x224x224x3,xnnpack_cpu,xnnpack,xnnpack,,2,1,9,measured,1,293.933000,11.809000,150.0439453125,5.9747467041015625,46.0,charging,false,0,,,43.4,FLAG_KEEP_SCREEN_ON,no_load_injected_background_apps_unverified,
2026-08-22T08:35:26.179255Z,1.0.0,realme_RMX3760_api35,1.0.0+1,release,mobilenet_v3_small_float16,201167c633c4c8714d7c84905e88fe159d76e9eff38c91b70708b1ced5a8bb00,mobilenet_v3_small,float16,float32,float32,1x224x224x3,xnnpack_cpu,xnnpack,xnnpack,,2,1,9,measured,2,291.750000,11.809000,150.0595703125,5.9749908447265625,46.0,charging,false,0,,,43.4,FLAG_KEEP_SCREEN_ON,no_load_injected_background_apps_unverified,
2026-08-22T08:35:26.529603Z,1.0.0,realme_RMX3760_api35,1.0.0+1,release,mobilenet_v3_small_float16,201167c633c4c8714d7c84905e88fe159d76e9eff38c91b70708b1ced5a8bb00,mobilenet_v3_small,float16,float32,float32,1x224x224x3,xnnpack_cpu,xnnpack,xnnpack,,2,1,9,measured,3,298.253000,11.809000,150.0634765625,5.9752349853515625,46.0,charging,false,0,,,43.4,FLAG_KEEP_SCREEN_ON,no_load_injected_background_apps_unverified,
2026-08-22T08:35:26.870603Z,1.0.0,realme_RMX3760_api35,1.0.0+1,release,mobilenet_v3_small_float16,201167c633c4c8714d7c84905e88fe159d76e9eff38c91b70708b1ced5a8bb00,mobilenet_v3_small,float16,float32,float32,1x224x224x3,xnnpack_cpu,xnnpack,xnnpack,,2,1,9,measured,4,288.983000,11.809000,150.0966796875,5.9754791259765625,46.0,charging,false,0,,,43.4,FLAG_KEEP_SCREEN_ON,no_load_injected_background_apps_unverified,
2026-08-22T08:35:27.215817Z,1.0.0,realme_RMX3760_api35,1.0.0+1,release,mobilenet_v3_small_float16,201167c633c4c8714d7c84905e88fe159d76e9eff38c91b70708b1ced5a8bb00,mobilenet_v3_small,float16,float32,float32,1x224x224x3,xnnpack_cpu,xnnpack,xnnpack,,2,1,9,measured,5,291.683000,11.809000,150.0576171875,5.9757232666015625,46.0,charging,false,0,,,43.4,FLAG_KEEP_SCREEN_ON,no_load_injected_background_apps_unverified,
2026-08-22T08:35:27.564042Z,1.0.0,realme_RMX3760_api35,1.0.0+1,release,mobilenet_v3_small_float16,201167c633c4c8714d7c84905e88fe159d76e9eff38c91b70708b1ced5a8bb00,mobilenet_v3_small,float16,float32,float32,1x224x224x3,xnnpack_cpu,xnnpack,xnnpack,,2,1,9,measured,6,298.245000,11.809000,150.6708984375,5.9759674072265625,46.0,charging,false,0,,,43.4,FLAG_KEEP_SCREEN_ON,no_load_injected_background_apps_unverified,
2026-08-22T08:35:27.905754Z,1.0.0,realme_RMX3760_api35,1.0.0+1,release,mobilenet_v3_small_float16,201167c633c4c8714d7c84905e88fe159d76e9eff38c91b70708b1ced5a8bb00,mobilenet_v3_small,float16,float32,float32,1x224x224x3,xnnpack_cpu,xnnpack,xnnpack,,2,1,9,measured,7,289.813000,11.809000,151.1787109375,6.0074615478515625,46.0,charging,false,0,,,43.4,FLAG_KEEP_SCREEN_ON,no_load_injected_background_apps_unverified,
2026-08-22T08:35:28.246140Z,1.0.0,realme_RMX3760_api35,1.0.0+1,release,mobilenet_v3_small_float16,201167c633c4c8714d7c84905e88fe159d76e9eff38c91b70708b1ced5a8bb00,mobilenet_v3_small,float16,float32,float32,1x224x224x3,xnnpack_cpu,xnnpack,xnnpack,,2,1,9,measured,8,288.151000,11.809000,150.1826171875,6.0077056884765625,46.0,charging,false,0,,,43.4,FLAG_KEEP_SCREEN_ON,no_load_injected_background_apps_unverified,
2026-08-22T08:35:28.595133Z,1.0.0,realme_RMX3760_api35,1.0.0+1,release,mobilenet_v3_small_float16,201167c633c4c8714d7c84905e88fe159d76e9eff38c91b70708b1ced5a8bb00,mobilenet_v3_small,float16,float32,float32,1x224x224x3,xnnpack_cpu,xnnpack,xnnpack,,2,1,9,measured,9,295.505000,11.809000,150.1865234375,6.0079498291015625,46.0,charging,false,0,,,43.4,FLAG_KEEP_SCREEN_ON,no_load_injected_background_apps_unverified,
2026-08-22T08:35:28.954741Z,1.0.0,realme_RMX3760_api35,1.0.0+1,release,mobilenet_v3_small_float16,201167c633c4c8714d7c84905e88fe159d76e9eff38c91b70708b1ced5a8bb00,mobilenet_v3_small,float16,float32,float32,1x224x224x3,xnnpack_cpu,xnnpack,xnnpack,,2,1,9,measured,10,304.946000,11.809000,150.6943359375,6.0081939697265625,46.0,charging,false,0,,,43.4,FLAG_KEEP_SCREEN_ON,no_load_injected_background_apps_unverified,
2026-08-22T08:35:29.303864Z,1.0.0,realme_RMX3760_api35,1.0.0+1,release,mobilenet_v3_small_float16,201167c633c4c8714d7c84905e88fe159d76e9eff38c91b70708b1ced5a8bb00,mobilenet_v3_small,float16,float32,float32,1x224x224x3,xnnpack_cpu,xnnpack,xnnpack,,2,1,9,measured,11,298.906000,11.809000,150.2021484375,6.0084381103515625,46.0,charging,false,0,,,43.4,FLAG_KEEP_SCREEN_ON,no_load_injected_background_apps_unverified,
2026-08-22T08:35:29.647983Z,1.0.0,realme_RMX3760_api35,1.0.0+1,release,mobilenet_v3_small_float16,201167c633c4c8714d7c84905e88fe159d76e9eff38c91b70708b1ced5a8bb00,mobilenet_v3_small,float16,float32,float32,1x224x224x3,xnnpack_cpu,xnnpack,xnnpack,,2,1,9,measured,12,290.077000,11.809000,149.7021484375,6.0086822509765625,46.0,charging,false,0,,,43.4,FLAG_KEEP_SCREEN_ON,no_load_injected_background_apps_unverified,
2026-08-22T08:35:29.987841Z,1.0.0,realme_RMX3760_api35,1.0.0+1,release,mobilenet_v3_small_float16,201167c633c4c8714d7c84905e88fe159d76e9eff38c91b70708b1ced5a8bb00,mobilenet_v3_small,float16,float32,float32,1x224x224x3,xnnpack_cpu,xnnpack,xnnpack,,2,1,9,measured,13,287.478000,11.809000,150.2099609375,6.0401763916015625,46.0,charging,false,0,,,43.5,FLAG_KEEP_SCREEN_ON,no_load_injected_background_apps_unverified,
2026-08-22T08:35:30.339435Z,1.0.0,realme_RMX3760_api35,1.0.0+1,release,mobilenet_v3_small_float16,201167c633c4c8714d7c84905e88fe159d76e9eff38c91b70708b1ced5a8bb00,mobilenet_v3_small,float16,float32,float32,1x224x224x3,xnnpack_cpu,xnnpack,xnnpack,,2,1,9,measured,14,299.764000,11.809000,150.1435546875,6.0404205322265625,46.0,charging,false,0,,,43.5,FLAG_KEEP_SCREEN_ON,no_load_injected_background_apps_unverified,
2026-08-22T08:35:30.686716Z,1.0.0,realme_RMX3760_api35,1.0.0+1,release,mobilenet_v3_small_float16,201167c633c4c8714d7c84905e88fe159d76e9eff38c91b70708b1ced5a8bb00,mobilenet_v3_small,float16,float32,float32,1x224x224x3,xnnpack_cpu,xnnpack,xnnpack,,2,1,9,measured,15,295.423000,11.809000,150.6865234375,6.0406646728515625,46.0,charging,false,0,,,43.5,FLAG_KEEP_SCREEN_ON,no_load_injected_background_apps_unverified,
2026-08-22T08:35:31.027465Z,1.0.0,realme_RMX3760_api35,1.0.0+1,release,mobilenet_v3_small_float16,201167c633c4c8714d7c84905e88fe159d76e9eff38c91b70708b1ced5a8bb00,mobilenet_v3_small,float16,float32,float32,1x224x224x3,xnnpack_cpu,xnnpack,xnnpack,,2,1,9,measured,16,284.833000,11.809000,154.9130859375,6.0409088134765625,46.0,charging,false,0,,,43.5,FLAG_KEEP_SCREEN_ON,no_load_injected_background_apps_unverified,
2026-08-22T08:35:31.371255Z,1.0.0,realme_RMX3760_api35,1.0.0+1,release,mobilenet_v3_small_float16,201167c633c4c8714d7c84905e88fe159d76e9eff38c91b70708b1ced5a8bb00,mobilenet_v3_small,float16,float32,float32,1x224x224x3,xnnpack_cpu,xnnpack,xnnpack,,2,1,9,measured,17,288.378000,11.809000,150.0068359375,6.0411529541015625,46.0,charging,false,0,,,43.5,FLAG_KEEP_SCREEN_ON,no_load_injected_background_apps_unverified,
2026-08-22T08:35:31.713024Z,1.0.0,realme_RMX3760_api35,1.0.0+1,release,mobilenet_v3_small_float16,201167c633c4c8714d7c84905e88fe159d76e9eff38c91b70708b1ced5a8bb00,mobilenet_v3_small,float16,float32,float32,1x224x224x3,xnnpack_cpu,xnnpack,xnnpack,,2,1,9,measured,18,290.248000,11.809000,150.1708984375,6.0413970947265625,46.0,charging,false,0,,,43.5,FLAG_KEEP_SCREEN_ON,no_load_injected_background_apps_unverified,
2026-08-22T08:35:32.059540Z,1.0.0,realme_RMX3760_api35,1.0.0+1,release,mobilenet_v3_small_float16,201167c633c4c8714d7c84905e88fe159d76e9eff38c91b70708b1ced5a8bb00,mobilenet_v3_small,float16,float32,float32,1x224x224x3,xnnpack_cpu,xnnpack,xnnpack,,2,1,9,measured,19,294.564000,11.809000,150.1826171875,6.0728912353515625,46.0,charging,false,0,,,43.5,FLAG_KEEP_SCREEN_ON,no_load_injected_background_apps_unverified,
2026-08-22T08:35:32.407169Z,1.0.0,realme_RMX3760_api35,1.0.0+1,release,mobilenet_v3_small_float16,201167c633c4c8714d7c84905e88fe159d76e9eff38c91b70708b1ced5a8bb00,mobilenet_v3_small,float16,float32,float32,1x224x224x3,xnnpack_cpu,xnnpack,xnnpack,,2,1,9,measured,20,295.982000,11.809000,149.7177734375,6.0731353759765625,46.0,charging,false,0,,,43.5,FLAG_KEEP_SCREEN_ON,no_load_injected_background_apps_unverified,
2026-08-22T08:35:32.762717Z,1.0.0,realme_RMX3760_api35,1.0.0+1,release,mobilenet_v3_small_float16,201167c633c4c8714d7c84905e88fe159d76e9eff38c91b70708b1ced5a8bb00,mobilenet_v3_small,float16,float32,float32,1x224x224x3,xnnpack_cpu,xnnpack,xnnpack,,2,1,9,measured,21,302.021000,11.809000,150.2099609375,6.0733795166015625,46.0,charging,false,0,,,43.5,FLAG_KEEP_SCREEN_ON,no_load_injected_background_apps_unverified,
2026-08-22T08:35:33.118550Z,1.0.0,realme_RMX3760_api35,1.0.0+1,release,mobilenet_v3_small_float16,201167c633c4c8714d7c84905e88fe159d76e9eff38c91b70708b1ced5a8bb00,mobilenet_v3_small,float16,float32,float32,1x224x224x3,xnnpack_cpu,xnnpack,xnnpack,,2,1,9,measured,22,304.928000,11.809000,150.2138671875,6.0736236572265625,46.0,charging,false,0,,,43.5,FLAG_KEEP_SCREEN_ON,no_load_injected_background_apps_unverified,
2026-08-22T08:35:33.453989Z,1.0.0,realme_RMX3760_api35,1.0.0+1,release,mobilenet_v3_small_float16,201167c633c4c8714d7c84905e88fe159d76e9eff38c91b70708b1ced5a8bb00,mobilenet_v3_small,float16,float32,float32,1x224x224x3,xnnpack_cpu,xnnpack,xnnpack,,2,1,9,measured,23,284.524000,11.809000,150.6435546875,6.0738677978515625,46.0,charging,false,0,,,43.5,FLAG_KEEP_SCREEN_ON,no_load_injected_background_apps_unverified,
2026-08-22T08:35:33.797936Z,1.0.0,realme_RMX3760_api35,1.0.0+1,release,mobilenet_v3_small_float16,201167c633c4c8714d7c84905e88fe159d76e9eff38c91b70708b1ced5a8bb00,mobilenet_v3_small,float16,float32,float32,1x224x224x3,xnnpack_cpu,xnnpack,xnnpack,,2,1,9,measured,24,289.688000,11.809000,150.1982421875,6.0741119384765625,46.0,charging,false,0,,,43.5,FLAG_KEEP_SCREEN_ON,no_load_injected_background_apps_unverified,
2026-08-22T08:35:34.144427Z,1.0.0,realme_RMX3760_api35,1.0.0+1,release,mobilenet_v3_small_float16,201167c633c4c8714d7c84905e88fe159d76e9eff38c91b70708b1ced5a8bb00,mobilenet_v3_small,float16,float32,float32,1x224x224x3,xnnpack_cpu,xnnpack,xnnpack,,2,1,9,measured,25,294.265000,11.809000,150.2060546875,6.1056060791015625,46.0,charging,false,0,,,43.5,FLAG_KEEP_SCREEN_ON,no_load_injected_background_apps_unverified,
2026-08-22T08:35:34.495472Z,1.0.0,realme_RMX3760_api35,1.0.0+1,release,mobilenet_v3_small_float16,201167c633c4c8714d7c84905e88fe159d76e9eff38c91b70708b1ced5a8bb00,mobilenet_v3_small,float16,float32,float32,1x224x224x3,xnnpack_cpu,xnnpack,xnnpack,,2,1,9,measured,26,296.362000,11.809000,150.3115234375,6.1058502197265625,46.0,charging,false,0,,,43.5,FLAG_KEEP_SCREEN_ON,no_load_injected_background_apps_unverified,
2026-08-22T08:35:34.838823Z,1.0.0,realme_RMX3760_api35,1.0.0+1,release,mobilenet_v3_small_float16,201167c633c4c8714d7c84905e88fe159d76e9eff38c91b70708b1ced5a8bb00,mobilenet_v3_small,float16,float32,float32,1x224x224x3,xnnpack_cpu,xnnpack,xnnpack,,2,1,9,measured,27,291.639000,11.809000,150.3154296875,6.1060943603515625,46.0,charging,false,0,,,43.5,FLAG_KEEP_SCREEN_ON,no_load_injected_background_apps_unverified,
2026-08-22T08:35:35.178961Z,1.0.0,realme_RMX3760_api35,1.0.0+1,release,mobilenet_v3_small_float16,201167c633c4c8714d7c84905e88fe159d76e9eff38c91b70708b1ced5a8bb00,mobilenet_v3_small,float16,float32,float32,1x224x224x3,xnnpack_cpu,xnnpack,xnnpack,,2,1,9,measured,28,287.954000,11.809000,150.3193359375,6.1063385009765625,46.0,charging,false,0,,,43.5,FLAG_KEEP_SCREEN_ON,no_load_injected_background_apps_unverified,
2026-08-22T08:35:35.523490Z,1.0.0,realme_RMX3760_api35,1.0.0+1,release,mobilenet_v3_small_float16,201167c633c4c8714d7c84905e88fe159d76e9eff38c91b70708b1ced5a8bb00,mobilenet_v3_small,float16,float32,float32,1x224x224x3,xnnpack_cpu,xnnpack,xnnpack,,2,1,9,measured,29,293.106000,11.809000,150.2216796875,6.1065826416015625,46.0,charging,false,0,,,43.5,FLAG_KEEP_SCREEN_ON,no_load_injected_background_apps_unverified,
2026-08-22T08:35:35.869235Z,1.0.0,realme_RMX3760_api35,1.0.0+1,release,mobilenet_v3_small_float16,201167c633c4c8714d7c84905e88fe159d76e9eff38c91b70708b1ced5a8bb00,mobilenet_v3_small,float16,float32,float32,1x224x224x3,xnnpack_cpu,xnnpack,xnnpack,,2,1,9,measured,30,294.238000,11.809000,150.3271484375,6.1068267822265625,46.0,charging,false,0,,,43.5,FLAG_KEEP_SCREEN_ON,no_load_injected_background_apps_unverified,
2026-08-22T08:35:36.214276Z,1.0.0,realme_RMX3760_api35,1.0.0+1,release,mobilenet_v3_small_float16,201167c633c4c8714d7c84905e88fe159d76e9eff38c91b70708b1ced5a8bb00,mobilenet_v3_small,float16,float32,float32,1x224x224x3,xnnpack_cpu,xnnpack,xnnpack,,2,1,9,measured,31,291.506000,11.809000,150.3427734375,6.1383209228515625,46.0,charging,false,0,,,43.5,FLAG_KEEP_SCREEN_ON,no_load_injected_background_apps_unverified,
2026-08-22T08:35:36.607397Z,1.0.0,realme_RMX3760_api35,1.0.0+1,release,mobilenet_v3_small_float16,201167c633c4c8714d7c84905e88fe159d76e9eff38c91b70708b1ced5a8bb00,mobilenet_v3_small,float16,float32,float32,1x224x224x3,xnnpack_cpu,xnnpack,xnnpack,,2,1,9,measured,32,338.768000,11.809000,150.3583984375,6.1385650634765625,46.0,charging,false,0,,,43.5,FLAG_KEEP_SCREEN_ON,no_load_injected_background_apps_unverified,
2026-08-22T08:35:36.956756Z,1.0.0,realme_RMX3760_api35,1.0.0+1,release,mobilenet_v3_small_float16,201167c633c4c8714d7c84905e88fe159d76e9eff38c91b70708b1ced5a8bb00,mobilenet_v3_small,float16,float32,float32,1x224x224x3,xnnpack_cpu,xnnpack,xnnpack,,2,1,9,measured,33,297.660000,11.809000,150.8544921875,6.1388092041015625,46.0,charging,false,0,,,43.5,FLAG_KEEP_SCREEN_ON,no_load_injected_background_apps_unverified,
2026-08-22T08:35:37.302716Z,1.0.0,realme_RMX3760_api35,1.0.0+1,release,mobilenet_v3_small_float16,201167c633c4c8714d7c84905e88fe159d76e9eff38c91b70708b1ced5a8bb00,mobilenet_v3_small,float16,float32,float32,1x224x224x3,xnnpack_cpu,xnnpack,xnnpack,,2,1,9,measured,34,292.375000,11.809000,150.8583984375,6.1390533447265625,46.0,charging,false,0,,,43.5,FLAG_KEEP_SCREEN_ON,no_load_injected_background_apps_unverified,
2026-08-22T08:35:37.657473Z,1.0.0,realme_RMX3760_api35,1.0.0+1,release,mobilenet_v3_small_float16,201167c633c4c8714d7c84905e88fe159d76e9eff38c91b70708b1ced5a8bb00,mobilenet_v3_small,float16,float32,float32,1x224x224x3,xnnpack_cpu,xnnpack,xnnpack,,2,1,9,measured,35,304.339000,11.809000,149.8740234375,6.1392974853515625,46.0,charging,false,0,,,43.5,FLAG_KEEP_SCREEN_ON,no_load_injected_background_apps_unverified,
2026-08-22T08:35:38.002399Z,1.0.0,realme_RMX3760_api35,1.0.0+1,release,mobilenet_v3_small_float16,201167c633c4c8714d7c84905e88fe159d76e9eff38c91b70708b1ced5a8bb00,mobilenet_v3_small,float16,float32,float32,1x224x224x3,xnnpack_cpu,xnnpack,xnnpack,,2,1,9,measured,36,290.182000,11.809000,150.3740234375,6.1395416259765625,46.0,charging,false,0,,,43.5,FLAG_KEEP_SCREEN_ON,no_load_injected_background_apps_unverified,
2026-08-22T08:35:38.347553Z,1.0.0,realme_RMX3760_api35,1.0.0+1,release,mobilenet_v3_small_float16,201167c633c4c8714d7c84905e88fe159d76e9eff38c91b70708b1ced5a8bb00,mobilenet_v3_small,float16,float32,float32,1x224x224x3,xnnpack_cpu,xnnpack,xnnpack,,2,1,9,measured,37,290.932000,11.809000,150.3818359375,6.1710357666015625,46.0,charging,false,0,,,43.5,FLAG_KEEP_SCREEN_ON,no_load_injected_background_apps_unverified,
2026-08-22T08:35:38.690111Z,1.0.0,realme_RMX3760_api35,1.0.0+1,release,mobilenet_v3_small_float16,201167c633c4c8714d7c84905e88fe159d76e9eff38c91b70708b1ced5a8bb00,mobilenet_v3_small,float16,float32,float32,1x224x224x3,xnnpack_cpu,xnnpack,xnnpack,,2,1,9,measured,38,290.602000,11.809000,150.2333984375,6.1712799072265625,46.0,charging,false,0,,,43.5,FLAG_KEEP_SCREEN_ON,no_load_injected_background_apps_unverified,
2026-08-22T08:35:39.034913Z,1.0.0,realme_RMX3760_api35,1.0.0+1,release,mobilenet_v3_small_float16,201167c633c4c8714d7c84905e88fe159d76e9eff38c91b70708b1ced5a8bb00,mobilenet_v3_small,float16,float32,float32,1x224x224x3,xnnpack_cpu,xnnpack,xnnpack,,2,1,9,measured,39,291.169000,11.809000,150.2646484375,6.1715240478515625,46.0,charging,false,0,,,43.5,FLAG_KEEP_SCREEN_ON,no_load_injected_background_apps_unverified,
2026-08-22T08:35:39.383721Z,1.0.0,realme_RMX3760_api35,1.0.0+1,release,mobilenet_v3_small_float16,201167c633c4c8714d7c84905e88fe159d76e9eff38c91b70708b1ced5a8bb00,mobilenet_v3_small,float16,float32,float32,1x224x224x3,xnnpack_cpu,xnnpack,xnnpack,,2,1,9,measured,40,297.969000,11.809000,150.2724609375,6.1717681884765625,46.0,charging,false,0,,,43.5,FLAG_KEEP_SCREEN_ON,no_load_injected_background_apps_unverified,
2026-08-22T08:35:39.739967Z,1.0.0,realme_RMX3760_api35,1.0.0+1,release,mobilenet_v3_small_float16,201167c633c4c8714d7c84905e88fe159d76e9eff38c91b70708b1ced5a8bb00,mobilenet_v3_small,float16,float32,float32,1x224x224x3,xnnpack_cpu,xnnpack,xnnpack,,2,1,9,measured,41,305.805000,11.809000,150.2841796875,6.1720123291015625,46.0,charging,false,0,,,43.5,FLAG_KEEP_SCREEN_ON,no_load_injected_background_apps_unverified,
2026-08-22T08:35:40.083033Z,1.0.0,realme_RMX3760_api35,1.0.0+1,release,mobilenet_v3_small_float16,201167c633c4c8714d7c84905e88fe159d76e9eff38c91b70708b1ced5a8bb00,mobilenet_v3_small,float16,float32,float32,1x224x224x3,xnnpack_cpu,xnnpack,xnnpack,,2,1,9,measured,42,288.401000,11.809000,150.2998046875,6.1722564697265625,46.0,charging,false,0,,,43.5,FLAG_KEEP_SCREEN_ON,no_load_injected_background_apps_unverified,
2026-08-22T08:35:40.431444Z,1.0.0,realme_RMX3760_api35,1.0.0+1,release,mobilenet_v3_small_float16,201167c633c4c8714d7c84905e88fe159d76e9eff38c91b70708b1ced5a8bb00,mobilenet_v3_small,float16,float32,float32,1x224x224x3,xnnpack_cpu,xnnpack,xnnpack,,2,1,9,measured,43,293.506000,11.809000,150.3662109375,6.2037506103515625,46.0,charging,false,0,,,43.5,FLAG_KEEP_SCREEN_ON,no_load_injected_background_apps_unverified,
2026-08-22T08:35:40.774333Z,1.0.0,realme_RMX3760_api35,1.0.0+1,release,mobilenet_v3_small_float16,201167c633c4c8714d7c84905e88fe159d76e9eff38c91b70708b1ced5a8bb00,mobilenet_v3_small,float16,float32,float32,1x224x224x3,xnnpack_cpu,xnnpack,xnnpack,,2,1,9,measured,44,290.661000,11.809000,150.3740234375,6.2039947509765625,46.0,charging,false,0,,,43.5,FLAG_KEEP_SCREEN_ON,no_load_injected_background_apps_unverified,
2026-08-22T08:35:41.122886Z,1.0.0,realme_RMX3760_api35,1.0.0+1,release,mobilenet_v3_small_float16,201167c633c4c8714d7c84905e88fe159d76e9eff38c91b70708b1ced5a8bb00,mobilenet_v3_small,float16,float32,float32,1x224x224x3,xnnpack_cpu,xnnpack,xnnpack,,2,1,9,measured,45,296.885000,11.809000,150.3779296875,6.2042388916015625,46.0,charging,false,0,,,43.5,FLAG_KEEP_SCREEN_ON,no_load_injected_background_apps_unverified,
2026-08-22T08:35:41.464693Z,1.0.0,realme_RMX3760_api35,1.0.0+1,release,mobilenet_v3_small_float16,201167c633c4c8714d7c84905e88fe159d76e9eff38c91b70708b1ced5a8bb00,mobilenet_v3_small,float16,float32,float32,1x224x224x3,xnnpack_cpu,xnnpack,xnnpack,,2,1,9,measured,46,287.321000,11.809000,150.8818359375,6.2044830322265625,46.0,charging,false,0,,,43.5,FLAG_KEEP_SCREEN_ON,no_load_injected_background_apps_unverified,
2026-08-22T08:35:41.809755Z,1.0.0,realme_RMX3760_api35,1.0.0+1,release,mobilenet_v3_small_float16,201167c633c4c8714d7c84905e88fe159d76e9eff38c91b70708b1ced5a8bb00,mobilenet_v3_small,float16,float32,float32,1x224x224x3,xnnpack_cpu,xnnpack,xnnpack,,2,1,9,measured,47,293.207000,11.809000,150.8974609375,6.2047271728515625,46.0,charging,false,0,,,43.5,FLAG_KEEP_SCREEN_ON,no_load_injected_background_apps_unverified,
2026-08-22T08:35:42.155575Z,1.0.0,realme_RMX3760_api35,1.0.0+1,release,mobilenet_v3_small_float16,201167c633c4c8714d7c84905e88fe159d76e9eff38c91b70708b1ced5a8bb00,mobilenet_v3_small,float16,float32,float32,1x224x224x3,xnnpack_cpu,xnnpack,xnnpack,,2,1,9,measured,48,295.519000,11.809000,150.4013671875,6.2049713134765625,46.0,charging,false,0,,,43.5,FLAG_KEEP_SCREEN_ON,no_load_injected_background_apps_unverified,
2026-08-22T08:35:42.510700Z,1.0.0,realme_RMX3760_api35,1.0.0+1,release,mobilenet_v3_small_float16,201167c633c4c8714d7c84905e88fe159d76e9eff38c91b70708b1ced5a8bb00,mobilenet_v3_small,float16,float32,float32,1x224x224x3,xnnpack_cpu,xnnpack,xnnpack,,2,1,9,measured,49,304.283000,11.809000,150.4169921875,6.2364654541015625,46.0,charging,false,0,,,43.5,FLAG_KEEP_SCREEN_ON,no_load_injected_background_apps_unverified,
2026-08-22T08:35:42.855648Z,1.0.0,realme_RMX3760_api35,1.0.0+1,release,mobilenet_v3_small_float16,201167c633c4c8714d7c84905e88fe159d76e9eff38c91b70708b1ced5a8bb00,mobilenet_v3_small,float16,float32,float32,1x224x224x3,xnnpack_cpu,xnnpack,xnnpack,,2,1,9,measured,50,290.779000,11.809000,150.3974609375,6.2367095947265625,46.0,charging,false,0,,,43.5,FLAG_KEEP_SCREEN_ON,no_load_injected_background_apps_unverified,
2026-08-22T08:35:43.202417Z,1.0.0,realme_RMX3760_api35,1.0.0+1,release,mobilenet_v3_small_float16,201167c633c4c8714d7c84905e88fe159d76e9eff38c91b70708b1ced5a8bb00,mobilenet_v3_small,float16,float32,float32,1x224x224x3,xnnpack_cpu,xnnpack,xnnpack,,2,1,9,measured,51,292.446000,11.809000,150.3935546875,6.2369537353515625,46.0,charging,false,0,,,43.5,FLAG_KEEP_SCREEN_ON,no_load_injected_background_apps_unverified,
2026-08-22T08:35:43.542636Z,1.0.0,realme_RMX3760_api35,1.0.0+1,release,mobilenet_v3_small_float16,201167c633c4c8714d7c84905e88fe159d76e9eff38c91b70708b1ced5a8bb00,mobilenet_v3_small,float16,float32,float32,1x224x224x3,xnnpack_cpu,xnnpack,xnnpack,,2,1,9,measured,52,288.194000,11.809000,150.3974609375,6.2371978759765625,46.0,charging,false,0,,,43.5,FLAG_KEEP_SCREEN_ON,no_load_injected_background_apps_unverified,
2026-08-22T08:35:43.884137Z,1.0.0,realme_RMX3760_api35,1.0.0+1,release,mobilenet_v3_small_float16,201167c633c4c8714d7c84905e88fe159d76e9eff38c91b70708b1ced5a8bb00,mobilenet_v3_small,float16,float32,float32,1x224x224x3,xnnpack_cpu,xnnpack,xnnpack,,2,1,9,measured,53,287.926000,11.809000,154.9248046875,6.2374420166015625,46.0,charging,false,0,,,43.5,FLAG_KEEP_SCREEN_ON,no_load_injected_background_apps_unverified,
2026-08-22T08:35:44.234589Z,1.0.0,realme_RMX3760_api35,1.0.0+1,release,mobilenet_v3_small_float16,201167c633c4c8714d7c84905e88fe159d76e9eff38c91b70708b1ced5a8bb00,mobilenet_v3_small,float16,float32,float32,1x224x224x3,xnnpack_cpu,xnnpack,xnnpack,,2,1,9,measured,54,299.211000,11.809000,150.9482421875,6.2376861572265625,46.0,charging,false,0,,,43.5,FLAG_KEEP_SCREEN_ON,no_load_injected_background_apps_unverified,
2026-08-22T08:35:44.584038Z,1.0.0,realme_RMX3760_api35,1.0.0+1,release,mobilenet_v3_small_float16,201167c633c4c8714d7c84905e88fe159d76e9eff38c91b70708b1ced5a8bb00,mobilenet_v3_small,float16,float32,float32,1x224x224x3,xnnpack_cpu,xnnpack,xnnpack,,2,1,9,measured,55,294.316000,11.809000,150.4560546875,6.2691802978515625,46.0,charging,false,0,,,43.5,FLAG_KEEP_SCREEN_ON,no_load_injected_background_apps_unverified,
2026-08-22T08:35:44.923639Z,1.0.0,realme_RMX3760_api35,1.0.0+1,release,mobilenet_v3_small_float16,201167c633c4c8714d7c84905e88fe159d76e9eff38c91b70708b1ced5a8bb00,mobilenet_v3_small,float16,float32,float32,1x224x224x3,xnnpack_cpu,xnnpack,xnnpack,,2,1,9,measured,56,285.432000,11.809000,150.4599609375,6.2694244384765625,46.0,charging,false,0,,,43.5,FLAG_KEEP_SCREEN_ON,no_load_injected_background_apps_unverified,
2026-08-22T08:35:45.275005Z,1.0.0,realme_RMX3760_api35,1.0.0+1,release,mobilenet_v3_small_float16,201167c633c4c8714d7c84905e88fe159d76e9eff38c91b70708b1ced5a8bb00,mobilenet_v3_small,float16,float32,float32,1x224x224x3,xnnpack_cpu,xnnpack,xnnpack,,2,1,9,measured,57,297.208000,11.809000,150.4521484375,6.2696685791015625,46.0,charging,false,0,,,43.5,FLAG_KEEP_SCREEN_ON,no_load_injected_background_apps_unverified,
2026-08-22T08:35:45.611724Z,1.0.0,realme_RMX3760_api35,1.0.0+1,release,mobilenet_v3_small_float16,201167c633c4c8714d7c84905e88fe159d76e9eff38c91b70708b1ced5a8bb00,mobilenet_v3_small,float16,float32,float32,1x224x224x3,xnnpack_cpu,xnnpack,xnnpack,,2,1,9,measured,58,282.560000,11.809000,155.0419921875,6.2699127197265625,46.0,charging,false,0,,,43.5,FLAG_KEEP_SCREEN_ON,no_load_injected_background_apps_unverified,
2026-08-22T08:35:45.964110Z,1.0.0,realme_RMX3760_api35,1.0.0+1,release,mobilenet_v3_small_float16,201167c633c4c8714d7c84905e88fe159d76e9eff38c91b70708b1ced5a8bb00,mobilenet_v3_small,float16,float32,float32,1x224x224x3,xnnpack_cpu,xnnpack,xnnpack,,2,1,9,measured,59,301.937000,11.809000,150.3544921875,6.2701568603515625,46.0,charging,false,0,,,43.5,FLAG_KEEP_SCREEN_ON,no_load_injected_background_apps_unverified,
2026-08-22T08:35:46.312494Z,1.0.0,realme_RMX3760_api35,1.0.0+1,release,mobilenet_v3_small_float16,201167c633c4c8714d7c84905e88fe159d76e9eff38c91b70708b1ced5a8bb00,mobilenet_v3_small,float16,float32,float32,1x224x224x3,xnnpack_cpu,xnnpack,xnnpack,,2,1,9,measured,60,296.921000,11.809000,149.9208984375,6.2704010009765625,46.0,charging,false,0,,,43.5,FLAG_KEEP_SCREEN_ON,no_load_injected_background_apps_unverified,
2026-08-22T08:35:46.656341Z,1.0.0,realme_RMX3760_api35,1.0.0+1,release,mobilenet_v3_small_float16,201167c633c4c8714d7c84905e88fe159d76e9eff38c91b70708b1ced5a8bb00,mobilenet_v3_small,float16,float32,float32,1x224x224x3,xnnpack_cpu,xnnpack,xnnpack,,2,1,9,measured,61,291.576000,11.809000,149.9326171875,6.3018951416015625,46.0,charging,false,0,,,43.5,FLAG_KEEP_SCREEN_ON,no_load_injected_background_apps_unverified,
2026-08-22T08:35:47.002928Z,1.0.0,realme_RMX3760_api35,1.0.0+1,release,mobilenet_v3_small_float16,201167c633c4c8714d7c84905e88fe159d76e9eff38c91b70708b1ced5a8bb00,mobilenet_v3_small,float16,float32,float32,1x224x224x3,xnnpack_cpu,xnnpack,xnnpack,,2,1,9,measured,62,296.258000,11.809000,150.4599609375,6.3021392822265625,46.0,charging,false,0,,,43.5,FLAG_KEEP_SCREEN_ON,no_load_injected_background_apps_unverified,
2026-08-22T08:35:47.346701Z,1.0.0,realme_RMX3760_api35,1.0.0+1,release,mobilenet_v3_small_float16,201167c633c4c8714d7c84905e88fe159d76e9eff38c91b70708b1ced5a8bb00,mobilenet_v3_small,float16,float32,float32,1x224x224x3,xnnpack_cpu,xnnpack,xnnpack,,2,1,9,measured,63,289.644000,11.809000,150.4521484375,6.3023834228515625,46.0,charging,false,0,,,43.5,FLAG_KEEP_SCREEN_ON,no_load_injected_background_apps_unverified,
2026-08-22T08:35:47.688817Z,1.0.0,realme_RMX3760_api35,1.0.0+1,release,mobilenet_v3_small_float16,201167c633c4c8714d7c84905e88fe159d76e9eff38c91b70708b1ced5a8bb00,mobilenet_v3_small,float16,float32,float32,1x224x224x3,xnnpack_cpu,xnnpack,xnnpack,,2,1,9,measured,64,286.138000,11.809000,150.4560546875,6.3026275634765625,46.0,charging,false,0,,,43.5,FLAG_KEEP_SCREEN_ON,no_load_injected_background_apps_unverified,
2026-08-22T08:35:48.036530Z,1.0.0,realme_RMX3760_api35,1.0.0+1,release,mobilenet_v3_small_float16,201167c633c4c8714d7c84905e88fe159d76e9eff38c91b70708b1ced5a8bb00,mobilenet_v3_small,float16,float32,float32,1x224x224x3,xnnpack_cpu,xnnpack,xnnpack,,2,1,9,measured,65,293.803000,11.809000,150.3935546875,6.3028717041015625,46.0,charging,false,0,,,43.5,FLAG_KEEP_SCREEN_ON,no_load_injected_background_apps_unverified,
2026-08-22T08:35:48.380602Z,1.0.0,realme_RMX3760_api35,1.0.0+1,release,mobilenet_v3_small_float16,201167c633c4c8714d7c84905e88fe159d76e9eff38c91b70708b1ced5a8bb00,mobilenet_v3_small,float16,float32,float32,1x224x224x3,xnnpack_cpu,xnnpack,xnnpack,,2,1,9,measured,66,292.613000,11.809000,150.4013671875,6.3031158447265625,46.0,charging,false,0,,,43.5,FLAG_KEEP_SCREEN_ON,no_load_injected_background_apps_unverified,
2026-08-22T08:35:48.722573Z,1.0.0,realme_RMX3760_api35,1.0.0+1,release,mobilenet_v3_small_float16,201167c633c4c8714d7c84905e88fe159d76e9eff38c91b70708b1ced5a8bb00,mobilenet_v3_small,float16,float32,float32,1x224x224x3,xnnpack_cpu,xnnpack,xnnpack,,2,1,9,measured,67,289.324000,11.809000,155.0029296875,6.3346099853515625,46.0,charging,false,0,,,43.5,FLAG_KEEP_SCREEN_ON,no_load_injected_background_apps_unverified,
2026-08-22T08:35:49.062558Z,1.0.0,realme_RMX3760_api35,1.0.0+1,release,mobilenet_v3_small_float16,201167c633c4c8714d7c84905e88fe159d76e9eff38c91b70708b1ced5a8bb00,mobilenet_v3_small,float16,float32,float32,1x224x224x3,xnnpack_cpu,xnnpack,xnnpack,,2,1,9,measured,68,287.706000,11.809000,154.9365234375,6.3348541259765625,46.0,charging,false,0,,,43.5,FLAG_KEEP_SCREEN_ON,no_load_injected_background_apps_unverified,
2026-08-22T08:35:49.406302Z,1.0.0,realme_RMX3760_api35,1.0.0+1,release,mobilenet_v3_small_float16,201167c633c4c8714d7c84905e88fe159d76e9eff38c91b70708b1ced5a8bb00,mobilenet_v3_small,float16,float32,float32,1x224x224x3,xnnpack_cpu,xnnpack,xnnpack,,2,1,9,measured,69,292.181000,11.809000,150.5458984375,6.3350982666015625,46.0,charging,false,0,,,43.5,FLAG_KEEP_SCREEN_ON,no_load_injected_background_apps_unverified,
2026-08-22T08:35:49.746644Z,1.0.0,realme_RMX3760_api35,1.0.0+1,release,mobilenet_v3_small_float16,201167c633c4c8714d7c84905e88fe159d76e9eff38c91b70708b1ced5a8bb00,mobilenet_v3_small,float16,float32,float32,1x224x224x3,xnnpack_cpu,xnnpack,xnnpack,,2,1,9,measured,70,287.806000,11.809000,150.5498046875,6.3353424072265625,46.0,charging,false,0,,,43.5,FLAG_KEEP_SCREEN_ON,no_load_injected_background_apps_unverified,
2026-08-22T08:35:50.094161Z,1.0.0,realme_RMX3760_api35,1.0.0+1,release,mobilenet_v3_small_float16,201167c633c4c8714d7c84905e88fe159d76e9eff38c91b70708b1ced5a8bb00,mobilenet_v3_small,float16,float32,float32,1x224x224x3,xnnpack_cpu,xnnpack,xnnpack,,2,1,9,measured,71,296.054000,11.809000,150.4560546875,6.3355865478515625,46.0,charging,false,0,,,43.5,FLAG_KEEP_SCREEN_ON,no_load_injected_background_apps_unverified,
2026-08-22T08:35:50.433024Z,1.0.0,realme_RMX3760_api35,1.0.0+1,release,mobilenet_v3_small_float16,201167c633c4c8714d7c84905e88fe159d76e9eff38c91b70708b1ced5a8bb00,mobilenet_v3_small,float16,float32,float32,1x224x224x3,xnnpack_cpu,xnnpack,xnnpack,,2,1,9,measured,72,287.274000,11.809000,150.5068359375,6.3358306884765625,46.0,charging,false,0,,,43.5,FLAG_KEEP_SCREEN_ON,no_load_injected_background_apps_unverified,
2026-08-22T08:35:50.779951Z,1.0.0,realme_RMX3760_api35,1.0.0+1,release,mobilenet_v3_small_float16,201167c633c4c8714d7c84905e88fe159d76e9eff38c91b70708b1ced5a8bb00,mobilenet_v3_small,float16,float32,float32,1x224x224x3,xnnpack_cpu,xnnpack,xnnpack,,2,1,9,measured,73,294.910000,11.809000,150.5302734375,6.3673248291015625,46.0,charging,false,0,,,43.5,FLAG_KEEP_SCREEN_ON,no_load_injected_background_apps_unverified,
2026-08-22T08:35:51.125628Z,1.0.0,realme_RMX3760_api35,1.0.0+1,release,mobilenet_v3_small_float16,201167c633c4c8714d7c84905e88fe159d76e9eff38c91b70708b1ced5a8bb00,mobilenet_v3_small,float16,float32,float32,1x224x224x3,xnnpack_cpu,xnnpack,xnnpack,,2,1,9,measured,74,294.020000,11.809000,150.5771484375,6.3675689697265625,46.0,charging,false,0,,,43.5,FLAG_KEEP_SCREEN_ON,no_load_injected_background_apps_unverified,
2026-08-22T08:35:51.474604Z,1.0.0,realme_RMX3760_api35,1.0.0+1,release,mobilenet_v3_small_float16,201167c633c4c8714d7c84905e88fe159d76e9eff38c91b70708b1ced5a8bb00,mobilenet_v3_small,float16,float32,float32,1x224x224x3,xnnpack_cpu,xnnpack,xnnpack,,2,1,9,measured,75,295.162000,11.809000,150.5732421875,6.3678131103515625,46.0,charging,false,0,,,43.5,FLAG_KEEP_SCREEN_ON,no_load_injected_background_apps_unverified,
2026-08-22T08:35:51.811132Z,1.0.0,realme_RMX3760_api35,1.0.0+1,release,mobilenet_v3_small_float16,201167c633c4c8714d7c84905e88fe159d76e9eff38c91b70708b1ced5a8bb00,mobilenet_v3_small,float16,float32,float32,1x224x224x3,xnnpack_cpu,xnnpack,xnnpack,,2,1,9,measured,76,283.880000,11.809000,150.5771484375,6.3680572509765625,46.0,charging,false,0,,,43.5,FLAG_KEEP_SCREEN_ON,no_load_injected_background_apps_unverified,
2026-08-22T08:35:52.162108Z,1.0.0,realme_RMX3760_api35,1.0.0+1,release,mobilenet_v3_small_float16,201167c633c4c8714d7c84905e88fe159d76e9eff38c91b70708b1ced5a8bb00,mobilenet_v3_small,float16,float32,float32,1x224x224x3,xnnpack_cpu,xnnpack,xnnpack,,2,1,9,measured,77,297.134000,11.809000,150.5693359375,6.3683013916015625,46.0,charging,false,0,,,43.5,FLAG_KEEP_SCREEN_ON,no_load_injected_background_apps_unverified,
2026-08-22T08:35:52.496987Z,1.0.0,realme_RMX3760_api35,1.0.0+1,release,mobilenet_v3_small_float16,201167c633c4c8714d7c84905e88fe159d76e9eff38c91b70708b1ced5a8bb00,mobilenet_v3_small,float16,float32,float32,1x224x224x3,xnnpack_cpu,xnnpack,xnnpack,,2,1,9,measured,78,283.790000,11.809000,150.5693359375,6.3685455322265625,46.0,charging,false,0,,,43.5,FLAG_KEEP_SCREEN_ON,no_load_injected_background_apps_unverified,
2026-08-22T08:35:52.848262Z,1.0.0,realme_RMX3760_api35,1.0.0+1,release,mobilenet_v3_small_float16,201167c633c4c8714d7c84905e88fe159d76e9eff38c91b70708b1ced5a8bb00,mobilenet_v3_small,float16,float32,float32,1x224x224x3,xnnpack_cpu,xnnpack,xnnpack,,2,1,9,measured,79,297.241000,11.809000,150.5771484375,6.4000396728515625,46.0,charging,false,0,,,43.5,FLAG_KEEP_SCREEN_ON,no_load_injected_background_apps_unverified,
2026-08-22T08:35:53.195139Z,1.0.0,realme_RMX3760_api35,1.0.0+1,release,mobilenet_v3_small_float16,201167c633c4c8714d7c84905e88fe159d76e9eff38c91b70708b1ced5a8bb00,mobilenet_v3_small,float16,float32,float32,1x224x224x3,xnnpack_cpu,xnnpack,xnnpack,,2,1,9,measured,80,291.664000,11.809000,150.5771484375,6.4002838134765625,46.0,charging,false,0,,,43.5,FLAG_KEEP_SCREEN_ON,no_load_injected_background_apps_unverified,
2026-08-22T08:35:53.533886Z,1.0.0,realme_RMX3760_api35,1.0.0+1,release,mobilenet_v3_small_float16,201167c633c4c8714d7c84905e88fe159d76e9eff38c91b70708b1ced5a8bb00,mobilenet_v3_small,float16,float32,float32,1x224x224x3,xnnpack_cpu,xnnpack,xnnpack,,2,1,9,measured,81,287.725000,11.809000,150.5771484375,6.4005279541015625,46.0,charging,false,0,,,43.5,FLAG_KEEP_SCREEN_ON,no_load_injected_background_apps_unverified,
2026-08-22T08:35:53.890632Z,1.0.0,realme_RMX3760_api35,1.0.0+1,release,mobilenet_v3_small_float16,201167c633c4c8714d7c84905e88fe159d76e9eff38c91b70708b1ced5a8bb00,mobilenet_v3_small,float16,float32,float32,1x224x224x3,xnnpack_cpu,xnnpack,xnnpack,,2,1,9,measured,82,305.922000,11.809000,150.6005859375,6.4007720947265625,46.0,charging,false,0,,,43.5,FLAG_KEEP_SCREEN_ON,no_load_injected_background_apps_unverified,
2026-08-22T08:35:54.233657Z,1.0.0,realme_RMX3760_api35,1.0.0+1,release,mobilenet_v3_small_float16,201167c633c4c8714d7c84905e88fe159d76e9eff38c91b70708b1ced5a8bb00,mobilenet_v3_small,float16,float32,float32,1x224x224x3,xnnpack_cpu,xnnpack,xnnpack,,2,1,9,measured,83,290.880000,11.809000,155.1943359375,6.4010162353515625,46.0,charging,false,0,,,43.5,FLAG_KEEP_SCREEN_ON,no_load_injected_background_apps_unverified,
2026-08-22T08:35:54.585537Z,1.0.0,realme_RMX3760_api35,1.0.0+1,release,mobilenet_v3_small_float16,201167c633c4c8714d7c84905e88fe159d76e9eff38c91b70708b1ced5a8bb00,mobilenet_v3_small,float16,float32,float32,1x224x224x3,xnnpack_cpu,xnnpack,xnnpack,,2,1,9,measured,84,301.535000,11.809000,150.6083984375,6.4012603759765625,46.0,charging,false,0,,,43.5,FLAG_KEEP_SCREEN_ON,no_load_injected_background_apps_unverified,
2026-08-22T08:35:54.935725Z,1.0.0,realme_RMX3760_api35,1.0.0+1,release,mobilenet_v3_small_float16,201167c633c4c8714d7c84905e88fe159d76e9eff38c91b70708b1ced5a8bb00,mobilenet_v3_small,float16,float32,float32,1x224x224x3,xnnpack_cpu,xnnpack,xnnpack,,2,1,9,measured,85,298.362000,11.809000,150.6162109375,6.4327545166015625,46.0,charging,false,0,,,43.5,FLAG_KEEP_SCREEN_ON,no_load_injected_background_apps_unverified,
2026-08-22T08:35:55.279329Z,1.0.0,realme_RMX3760_api35,1.0.0+1,release,mobilenet_v3_small_float16,201167c633c4c8714d7c84905e88fe159d76e9eff38c91b70708b1ced5a8bb00,mobilenet_v3_small,float16,float32,float32,1x224x224x3,xnnpack_cpu,xnnpack,xnnpack,,2,1,9,measured,86,287.292000,11.809000,151.1904296875,6.4329986572265625,46.0,charging,false,0,,,43.5,FLAG_KEEP_SCREEN_ON,no_load_injected_background_apps_unverified,
2026-08-22T08:35:55.630310Z,1.0.0,realme_RMX3760_api35,1.0.0+1,release,mobilenet_v3_small_float16,201167c633c4c8714d7c84905e88fe159d76e9eff38c91b70708b1ced5a8bb00,mobilenet_v3_small,float16,float32,float32,1x224x224x3,xnnpack_cpu,xnnpack,xnnpack,,2,1,9,measured,87,301.030000,11.809000,150.6904296875,6.4332427978515625,46.0,charging,false,0,,,43.5,FLAG_KEEP_SCREEN_ON,no_load_injected_background_apps_unverified,
2026-08-22T08:35:55.989307Z,1.0.0,realme_RMX3760_api35,1.0.0+1,release,mobilenet_v3_small_float16,201167c633c4c8714d7c84905e88fe159d76e9eff38c91b70708b1ced5a8bb00,mobilenet_v3_small,float16,float32,float32,1x224x224x3,xnnpack_cpu,xnnpack,xnnpack,,2,1,9,measured,88,308.028000,11.809000,150.6943359375,6.4334869384765625,46.0,charging,false,0,,,43.5,FLAG_KEEP_SCREEN_ON,no_load_injected_background_apps_unverified,
2026-08-22T08:35:56.339629Z,1.0.0,realme_RMX3760_api35,1.0.0+1,release,mobilenet_v3_small_float16,201167c633c4c8714d7c84905e88fe159d76e9eff38c91b70708b1ced5a8bb00,mobilenet_v3_small,float16,float32,float32,1x224x224x3,xnnpack_cpu,xnnpack,xnnpack,,2,1,9,measured,89,300.021000,11.809000,150.6044921875,6.4337310791015625,46.0,charging,false,0,,,43.6,FLAG_KEEP_SCREEN_ON,no_load_injected_background_apps_unverified,
2026-08-22T08:35:56.700118Z,1.0.0,realme_RMX3760_api35,1.0.0+1,release,mobilenet_v3_small_float16,201167c633c4c8714d7c84905e88fe159d76e9eff38c91b70708b1ced5a8bb00,mobilenet_v3_small,float16,float32,float32,1x224x224x3,xnnpack_cpu,xnnpack,xnnpack,,2,1,9,measured,90,310.165000,11.809000,150.1396484375,6.4339752197265625,46.0,charging,false,0,,,43.6,FLAG_KEEP_SCREEN_ON,no_load_injected_background_apps_unverified,
2026-08-22T08:35:57.053943Z,1.0.0,realme_RMX3760_api35,1.0.0+1,release,mobilenet_v3_small_float16,201167c633c4c8714d7c84905e88fe159d76e9eff38c91b70708b1ced5a8bb00,mobilenet_v3_small,float16,float32,float32,1x224x224x3,xnnpack_cpu,xnnpack,xnnpack,,2,1,9,measured,91,302.054000,11.809000,150.1474609375,6.4654693603515625,46.0,charging,false,0,,,43.6,FLAG_KEEP_SCREEN_ON,no_load_injected_background_apps_unverified,
2026-08-22T08:35:57.391077Z,1.0.0,realme_RMX3760_api35,1.0.0+1,release,mobilenet_v3_small_float16,201167c633c4c8714d7c84905e88fe159d76e9eff38c91b70708b1ced5a8bb00,mobilenet_v3_small,float16,float32,float32,1x224x224x3,xnnpack_cpu,xnnpack,xnnpack,,2,1,9,measured,92,285.381000,11.809000,150.6357421875,6.4657135009765625,46.0,charging,false,0,,,43.6,FLAG_KEEP_SCREEN_ON,no_load_injected_background_apps_unverified,
2026-08-22T08:35:57.730736Z,1.0.0,realme_RMX3760_api35,1.0.0+1,release,mobilenet_v3_small_float16,201167c633c4c8714d7c84905e88fe159d76e9eff38c91b70708b1ced5a8bb00,mobilenet_v3_small,float16,float32,float32,1x224x224x3,xnnpack_cpu,xnnpack,xnnpack,,2,1,9,measured,93,286.153000,11.809000,150.6787109375,6.4659576416015625,46.0,charging,false,0,,,43.6,FLAG_KEEP_SCREEN_ON,no_load_injected_background_apps_unverified,
2026-08-22T08:35:58.075316Z,1.0.0,realme_RMX3760_api35,1.0.0+1,release,mobilenet_v3_small_float16,201167c633c4c8714d7c84905e88fe159d76e9eff38c91b70708b1ced5a8bb00,mobilenet_v3_small,float16,float32,float32,1x224x224x3,xnnpack_cpu,xnnpack,xnnpack,,2,1,9,measured,94,292.739000,11.809000,150.6826171875,6.4662017822265625,46.0,charging,false,0,,,43.6,FLAG_KEEP_SCREEN_ON,no_load_injected_background_apps_unverified,
2026-08-22T08:35:58.422920Z,1.0.0,realme_RMX3760_api35,1.0.0+1,release,mobilenet_v3_small_float16,201167c633c4c8714d7c84905e88fe159d76e9eff38c91b70708b1ced5a8bb00,mobilenet_v3_small,float16,float32,float32,1x224x224x3,xnnpack_cpu,xnnpack,xnnpack,,2,1,9,measured,95,297.480000,11.809000,150.7021484375,6.4664459228515625,46.0,charging,false,0,,,43.6,FLAG_KEEP_SCREEN_ON,no_load_injected_background_apps_unverified,
2026-08-22T08:35:58.778944Z,1.0.0,realme_RMX3760_api35,1.0.0+1,release,mobilenet_v3_small_float16,201167c633c4c8714d7c84905e88fe159d76e9eff38c91b70708b1ced5a8bb00,mobilenet_v3_small,float16,float32,float32,1x224x224x3,xnnpack_cpu,xnnpack,xnnpack,,2,1,9,measured,96,302.582000,11.809000,150.6982421875,6.4666900634765625,46.0,charging,false,0,,,43.6,FLAG_KEEP_SCREEN_ON,no_load_injected_background_apps_unverified,
2026-08-22T08:35:59.127739Z,1.0.0,realme_RMX3760_api35,1.0.0+1,release,mobilenet_v3_small_float16,201167c633c4c8714d7c84905e88fe159d76e9eff38c91b70708b1ced5a8bb00,mobilenet_v3_small,float16,float32,float32,1x224x224x3,xnnpack_cpu,xnnpack,xnnpack,,2,1,9,measured,97,293.504000,11.809000,150.7060546875,6.4981842041015625,46.0,charging,false,0,,,43.6,FLAG_KEEP_SCREEN_ON,no_load_injected_background_apps_unverified,
2026-08-22T08:35:59.474765Z,1.0.0,realme_RMX3760_api35,1.0.0+1,release,mobilenet_v3_small_float16,201167c633c4c8714d7c84905e88fe159d76e9eff38c91b70708b1ced5a8bb00,mobilenet_v3_small,float16,float32,float32,1x224x224x3,xnnpack_cpu,xnnpack,xnnpack,,2,1,9,measured,98,294.971000,11.809000,150.1904296875,6.4984283447265625,46.0,charging,false,0,,,43.6,FLAG_KEEP_SCREEN_ON,no_load_injected_background_apps_unverified,
2026-08-22T08:35:59.811462Z,1.0.0,realme_RMX3760_api35,1.0.0+1,release,mobilenet_v3_small_float16,201167c633c4c8714d7c84905e88fe159d76e9eff38c91b70708b1ced5a8bb00,mobilenet_v3_small,float16,float32,float32,1x224x224x3,xnnpack_cpu,xnnpack,xnnpack,,2,1,9,measured,99,284.967000,11.809000,150.6787109375,6.4986724853515625,46.0,charging,false,0,,,43.6,FLAG_KEEP_SCREEN_ON,no_load_injected_background_apps_unverified,
2026-08-22T08:36:05.823766Z,1.0.0,realme_RMX3760_api35,1.0.0+1,release,mobilenet_v3_small_float16,201167c633c4c8714d7c84905e88fe159d76e9eff38c91b70708b1ced5a8bb00,mobilenet_v3_small,float16,float32,float32,1x224x224x3,xnnpack_cpu,xnnpack,xnnpack,,4,1,10,measured,0,294.537000,11.767000,153.5771484375,6.4989166259765625,46.0,charging,false,0,,,43.6,FLAG_KEEP_SCREEN_ON,no_load_injected_background_apps_unverified,
2026-08-22T08:36:06.171984Z,1.0.0,realme_RMX3760_api35,1.0.0+1,release,mobilenet_v3_small_float16,201167c633c4c8714d7c84905e88fe159d76e9eff38c91b70708b1ced5a8bb00,mobilenet_v3_small,float16,float32,float32,1x224x224x3,xnnpack_cpu,xnnpack,xnnpack,,4,1,10,measured,1,294.328000,11.767000,151.7294921875,6.4991607666015625,46.0,charging,false,0,,,43.6,FLAG_KEEP_SCREEN_ON,no_load_injected_background_apps_unverified,
2026-08-22T08:36:06.514137Z,1.0.0,realme_RMX3760_api35,1.0.0+1,release,mobilenet_v3_small_float16,201167c633c4c8714d7c84905e88fe159d76e9eff38c91b70708b1ced5a8bb00,mobilenet_v3_small,float16,float32,float32,1x224x224x3,xnnpack_cpu,xnnpack,xnnpack,,4,1,10,measured,2,290.971000,11.767000,151.8115234375,6.4994049072265625,46.0,charging,false,0,,,43.6,FLAG_KEEP_SCREEN_ON,no_load_injected_background_apps_unverified,
2026-08-22T08:36:06.865821Z,1.0.0,realme_RMX3760_api35,1.0.0+1,release,mobilenet_v3_small_float16,201167c633c4c8714d7c84905e88fe159d76e9eff38c91b70708b1ced5a8bb00,mobilenet_v3_small,float16,float32,float32,1x224x224x3,xnnpack_cpu,xnnpack,xnnpack,,4,1,10,measured,3,292.498000,11.767000,151.8896484375,6.5308990478515625,46.0,charging,false,0,,,43.6,FLAG_KEEP_SCREEN_ON,no_load_injected_background_apps_unverified,
2026-08-22T08:36:07.222315Z,1.0.0,realme_RMX3760_api35,1.0.0+1,release,mobilenet_v3_small_float16,201167c633c4c8714d7c84905e88fe159d76e9eff38c91b70708b1ced5a8bb00,mobilenet_v3_small,float16,float32,float32,1x224x224x3,xnnpack_cpu,xnnpack,xnnpack,,4,1,10,measured,4,304.349000,11.767000,151.8662109375,6.5311431884765625,46.0,charging,false,0,,,43.6,FLAG_KEEP_SCREEN_ON,no_load_injected_background_apps_unverified,
2026-08-22T08:36:07.560265Z,1.0.0,realme_RMX3760_api35,1.0.0+1,release,mobilenet_v3_small_float16,201167c633c4c8714d7c84905e88fe159d76e9eff38c91b70708b1ced5a8bb00,mobilenet_v3_small,float16,float32,float32,1x224x224x3,xnnpack_cpu,xnnpack,xnnpack,,4,1,10,measured,5,286.732000,11.767000,151.8974609375,6.5313873291015625,46.0,charging,false,0,,,43.6,FLAG_KEEP_SCREEN_ON,no_load_injected_background_apps_unverified,
2026-08-22T08:36:07.904941Z,1.0.0,realme_RMX3760_api35,1.0.0+1,release,mobilenet_v3_small_float16,201167c633c4c8714d7c84905e88fe159d76e9eff38c91b70708b1ced5a8bb00,mobilenet_v3_small,float16,float32,float32,1x224x224x3,xnnpack_cpu,xnnpack,xnnpack,,4,1,10,measured,6,293.570000,11.767000,151.9013671875,6.5316314697265625,46.0,charging,false,0,,,43.6,FLAG_KEEP_SCREEN_ON,no_load_injected_background_apps_unverified,
2026-08-22T08:36:08.249365Z,1.0.0,realme_RMX3760_api35,1.0.0+1,release,mobilenet_v3_small_float16,201167c633c4c8714d7c84905e88fe159d76e9eff38c91b70708b1ced5a8bb00,mobilenet_v3_small,float16,float32,float32,1x224x224x3,xnnpack_cpu,xnnpack,xnnpack,,4,1,10,measured,7,293.571000,11.767000,151.9248046875,6.5318756103515625,46.0,charging,false,0,,,43.6,FLAG_KEEP_SCREEN_ON,no_load_injected_background_apps_unverified,
2026-08-22T08:36:08.594251Z,1.0.0,realme_RMX3760_api35,1.0.0+1,release,mobilenet_v3_small_float16,201167c633c4c8714d7c84905e88fe159d76e9eff38c91b70708b1ced5a8bb00,mobilenet_v3_small,float16,float32,float32,1x224x224x3,xnnpack_cpu,xnnpack,xnnpack,,4,1,10,measured,8,293.796000,11.767000,151.9794921875,6.5321197509765625,46.0,charging,false,0,,,43.6,FLAG_KEEP_SCREEN_ON,no_load_injected_background_apps_unverified,
2026-08-22T08:36:08.933249Z,1.0.0,realme_RMX3760_api35,1.0.0+1,release,mobilenet_v3_small_float16,201167c633c4c8714d7c84905e88fe159d76e9eff38c91b70708b1ced5a8bb00,mobilenet_v3_small,float16,float32,float32,1x224x224x3,xnnpack_cpu,xnnpack,xnnpack,,4,1,10,measured,9,288.014000,11.767000,151.9873046875,6.5636138916015625,46.0,charging,false,0,,,43.6,FLAG_KEEP_SCREEN_ON,no_load_injected_background_apps_unverified,
2026-08-22T08:36:09.295261Z,1.0.0,realme_RMX3760_api35,1.0.0+1,release,mobilenet_v3_small_float16,201167c633c4c8714d7c84905e88fe159d76e9eff38c91b70708b1ced5a8bb00,mobilenet_v3_small,float16,float32,float32,1x224x224x3,xnnpack_cpu,xnnpack,xnnpack,,4,1,10,measured,10,311.167000,11.767000,152.0107421875,6.5638580322265625,46.0,charging,false,0,,,43.6,FLAG_KEEP_SCREEN_ON,no_load_injected_background_apps_unverified,
2026-08-22T08:36:09.656049Z,1.0.0,realme_RMX3760_api35,1.0.0+1,release,mobilenet_v3_small_float16,201167c633c4c8714d7c84905e88fe159d76e9eff38c91b70708b1ced5a8bb00,mobilenet_v3_small,float16,float32,float32,1x224x224x3,xnnpack_cpu,xnnpack,xnnpack,,4,1,10,measured,11,310.746000,11.767000,152.0185546875,6.5641021728515625,46.0,charging,false,0,,,43.6,FLAG_KEEP_SCREEN_ON,no_load_injected_background_apps_unverified,
2026-08-22T08:36:09.995385Z,1.0.0,realme_RMX3760_api35,1.0.0+1,release,mobilenet_v3_small_float16,201167c633c4c8714d7c84905e88fe159d76e9eff38c91b70708b1ced5a8bb00,mobilenet_v3_small,float16,float32,float32,1x224x224x3,xnnpack_cpu,xnnpack,xnnpack,,4,1,10,measured,12,286.114000,11.767000,152.0107421875,6.5643463134765625,46.0,charging,false,0,,,43.6,FLAG_KEEP_SCREEN_ON,no_load_injected_background_apps_unverified,
2026-08-22T08:36:10.335372Z,1.0.0,realme_RMX3760_api35,1.0.0+1,release,mobilenet_v3_small_float16,201167c633c4c8714d7c84905e88fe159d76e9eff38c91b70708b1ced5a8bb00,mobilenet_v3_small,float16,float32,float32,1x224x224x3,xnnpack_cpu,xnnpack,xnnpack,,4,1,10,measured,13,285.618000,11.767000,151.9091796875,6.5645904541015625,46.0,charging,false,0,,,43.6,FLAG_KEEP_SCREEN_ON,no_load_injected_background_apps_unverified,
2026-08-22T08:36:10.687154Z,1.0.0,realme_RMX3760_api35,1.0.0+1,release,mobilenet_v3_small_float16,201167c633c4c8714d7c84905e88fe159d76e9eff38c91b70708b1ced5a8bb00,mobilenet_v3_small,float16,float32,float32,1x224x224x3,xnnpack_cpu,xnnpack,xnnpack,,4,1,10,measured,14,298.438000,11.767000,151.9287109375,6.5648345947265625,46.0,charging,false,0,,,43.6,FLAG_KEEP_SCREEN_ON,no_load_injected_background_apps_unverified,
2026-08-22T08:36:11.035483Z,1.0.0,realme_RMX3760_api35,1.0.0+1,release,mobilenet_v3_small_float16,201167c633c4c8714d7c84905e88fe159d76e9eff38c91b70708b1ced5a8bb00,mobilenet_v3_small,float16,float32,float32,1x224x224x3,xnnpack_cpu,xnnpack,xnnpack,,4,1,10,measured,15,297.102000,11.767000,151.9482421875,6.5963287353515625,46.0,charging,false,0,,,43.6,FLAG_KEEP_SCREEN_ON,no_load_injected_background_apps_unverified,
2026-08-22T08:36:11.375553Z,1.0.0,realme_RMX3760_api35,1.0.0+1,release,mobilenet_v3_small_float16,201167c633c4c8714d7c84905e88fe159d76e9eff38c91b70708b1ced5a8bb00,mobilenet_v3_small,float16,float32,float32,1x224x224x3,xnnpack_cpu,xnnpack,xnnpack,,4,1,10,measured,16,287.744000,11.767000,151.9912109375,6.5965728759765625,46.0,charging,false,0,,,43.6,FLAG_KEEP_SCREEN_ON,no_load_injected_background_apps_unverified,
2026-08-22T08:36:11.713837Z,1.0.0,realme_RMX3760_api35,1.0.0+1,release,mobilenet_v3_small_float16,201167c633c4c8714d7c84905e88fe159d76e9eff38c91b70708b1ced5a8bb00,mobilenet_v3_small,float16,float32,float32,1x224x224x3,xnnpack_cpu,xnnpack,xnnpack,,4,1,10,measured,17,287.100000,11.767000,152.0498046875,6.5968170166015625,46.0,charging,false,0,,,43.6,FLAG_KEEP_SCREEN_ON,no_load_injected_background_apps_unverified,
2026-08-22T08:36:12.063047Z,1.0.0,realme_RMX3760_api35,1.0.0+1,release,mobilenet_v3_small_float16,201167c633c4c8714d7c84905e88fe159d76e9eff38c91b70708b1ced5a8bb00,mobilenet_v3_small,float16,float32,float32,1x224x224x3,xnnpack_cpu,xnnpack,xnnpack,,4,1,10,measured,18,297.992000,11.767000,152.0498046875,6.5970611572265625,46.0,charging,false,0,,,43.6,FLAG_KEEP_SCREEN_ON,no_load_injected_background_apps_unverified,
2026-08-22T08:36:12.411393Z,1.0.0,realme_RMX3760_api35,1.0.0+1,release,mobilenet_v3_small_float16,201167c633c4c8714d7c84905e88fe159d76e9eff38c91b70708b1ced5a8bb00,mobilenet_v3_small,float16,float32,float32,1x224x224x3,xnnpack_cpu,xnnpack,xnnpack,,4,1,10,measured,19,293.410000,11.767000,152.0146484375,6.5973052978515625,46.0,charging,false,0,,,43.6,FLAG_KEEP_SCREEN_ON,no_load_injected_background_apps_unverified,
2026-08-22T08:36:12.750966Z,1.0.0,realme_RMX3760_api35,1.0.0+1,release,mobilenet_v3_small_float16,201167c633c4c8714d7c84905e88fe159d76e9eff38c91b70708b1ced5a8bb00,mobilenet_v3_small,float16,float32,float32,1x224x224x3,xnnpack_cpu,xnnpack,xnnpack,,4,1,10,measured,20,285.961000,11.767000,152.0224609375,6.5975494384765625,46.0,charging,false,0,,,43.6,FLAG_KEEP_SCREEN_ON,no_load_injected_background_apps_unverified,
2026-08-22T08:36:13.095367Z,1.0.0,realme_RMX3760_api35,1.0.0+1,release,mobilenet_v3_small_float16,201167c633c4c8714d7c84905e88fe159d76e9eff38c91b70708b1ced5a8bb00,mobilenet_v3_small,float16,float32,float32,1x224x224x3,xnnpack_cpu,xnnpack,xnnpack,,4,1,10,measured,21,291.191000,11.767000,152.0224609375,6.6290435791015625,46.0,charging,false,0,,,43.6,FLAG_KEEP_SCREEN_ON,no_load_injected_background_apps_unverified,
2026-08-22T08:36:13.449816Z,1.0.0,realme_RMX3760_api35,1.0.0+1,release,mobilenet_v3_small_float16,201167c633c4c8714d7c84905e88fe159d76e9eff38c91b70708b1ced5a8bb00,mobilenet_v3_small,float16,float32,float32,1x224x224x3,xnnpack_cpu,xnnpack,xnnpack,,4,1,10,measured,22,298.535000,11.767000,152.4677734375,6.6292877197265625,46.0,charging,false,0,,,43.6,FLAG_KEEP_SCREEN_ON,no_load_injected_background_apps_unverified,
2026-08-22T08:36:13.788464Z,1.0.0,realme_RMX3760_api35,1.0.0+1,release,mobilenet_v3_small_float16,201167c633c4c8714d7c84905e88fe159d76e9eff38c91b70708b1ced5a8bb00,mobilenet_v3_small,float16,float32,float32,1x224x224x3,xnnpack_cpu,xnnpack,xnnpack,,4,1,10,measured,23,287.746000,11.767000,151.9794921875,6.6295318603515625,46.0,charging,false,0,,,43.6,FLAG_KEEP_SCREEN_ON,no_load_injected_background_apps_unverified,
2026-08-22T08:36:14.166453Z,1.0.0,realme_RMX3760_api35,1.0.0+1,release,mobilenet_v3_small_float16,201167c633c4c8714d7c84905e88fe159d76e9eff38c91b70708b1ced5a8bb00,mobilenet_v3_small,float16,float32,float32,1x224x224x3,xnnpack_cpu,xnnpack,xnnpack,,4,1,10,measured,24,326.689000,11.767000,152.0302734375,6.6297760009765625,46.0,charging,false,0,,,43.6,FLAG_KEEP_SCREEN_ON,no_load_injected_background_apps_unverified,
2026-08-22T08:36:14.524397Z,1.0.0,realme_RMX3760_api35,1.0.0+1,release,mobilenet_v3_small_float16,201167c633c4c8714d7c84905e88fe159d76e9eff38c91b70708b1ced5a8bb00,mobilenet_v3_small,float16,float32,float32,1x224x224x3,xnnpack_cpu,xnnpack,xnnpack,,4,1,10,measured,25,305.875000,11.767000,152.0849609375,6.6300201416015625,46.0,charging,false,0,,,43.6,FLAG_KEEP_SCREEN_ON,no_load_injected_background_apps_unverified,
2026-08-22T08:36:14.899907Z,1.0.0,realme_RMX3760_api35,1.0.0+1,release,mobilenet_v3_small_float16,201167c633c4c8714d7c84905e88fe159d76e9eff38c91b70708b1ced5a8bb00,mobilenet_v3_small,float16,float32,float32,1x224x224x3,xnnpack_cpu,xnnpack,xnnpack,,4,1,10,measured,26,311.837000,11.767000,152.0966796875,6.6302642822265625,46.0,charging,false,0,,,43.6,FLAG_KEEP_SCREEN_ON,no_load_injected_background_apps_unverified,
2026-08-22T08:36:15.248998Z,1.0.0,realme_RMX3760_api35,1.0.0+1,release,mobilenet_v3_small_float16,201167c633c4c8714d7c84905e88fe159d76e9eff38c91b70708b1ced5a8bb00,mobilenet_v3_small,float16,float32,float32,1x224x224x3,xnnpack_cpu,xnnpack,xnnpack,,4,1,10,measured,27,297.882000,11.767000,152.0927734375,6.6617584228515625,46.0,charging,false,0,,,43.6,FLAG_KEEP_SCREEN_ON,no_load_injected_background_apps_unverified,
2026-08-22T08:36:15.595189Z,1.0.0,realme_RMX3760_api35,1.0.0+1,release,mobilenet_v3_small_float16,201167c633c4c8714d7c84905e88fe159d76e9eff38c91b70708b1ced5a8bb00,mobilenet_v3_small,float16,float32,float32,1x224x224x3,xnnpack_cpu,xnnpack,xnnpack,,4,1,10,measured,28,293.840000,11.767000,151.9755859375,6.6620025634765625,46.0,charging,false,0,,,43.6,FLAG_KEEP_SCREEN_ON,no_load_injected_background_apps_unverified,
2026-08-22T08:36:15.941780Z,1.0.0,realme_RMX3760_api35,1.0.0+1,release,mobilenet_v3_small_float16,201167c633c4c8714d7c84905e88fe159d76e9eff38c91b70708b1ced5a8bb00,mobilenet_v3_small,float16,float32,float32,1x224x224x3,xnnpack_cpu,xnnpack,xnnpack,,4,1,10,measured,29,292.976000,11.767000,151.9873046875,6.6622467041015625,46.0,charging,false,0,,,43.6,FLAG_KEEP_SCREEN_ON,no_load_injected_background_apps_unverified,
2026-08-22T08:36:16.284220Z,1.0.0,realme_RMX3760_api35,1.0.0+1,release,mobilenet_v3_small_float16,201167c633c4c8714d7c84905e88fe159d76e9eff38c91b70708b1ced5a8bb00,mobilenet_v3_small,float16,float32,float32,1x224x224x3,xnnpack_cpu,xnnpack,xnnpack,,4,1,10,measured,30,291.229000,11.767000,152.1240234375,6.6624908447265625,46.0,charging,false,0,,,43.6,FLAG_KEEP_SCREEN_ON,no_load_injected_background_apps_unverified,
2026-08-22T08:36:16.628982Z,1.0.0,realme_RMX3760_api35,1.0.0+1,release,mobilenet_v3_small_float16,201167c633c4c8714d7c84905e88fe159d76e9eff38c91b70708b1ced5a8bb00,mobilenet_v3_small,float16,float32,float32,1x224x224x3,xnnpack_cpu,xnnpack,xnnpack,,4,1,10,measured,31,292.416000,11.767000,156.7138671875,6.6627349853515625,46.0,charging,false,0,,,43.6,FLAG_KEEP_SCREEN_ON,no_load_injected_background_apps_unverified,
2026-08-22T08:36:16.994854Z,1.0.0,realme_RMX3760_api35,1.0.0+1,release,mobilenet_v3_small_float16,201167c633c4c8714d7c84905e88fe159d76e9eff38c91b70708b1ced5a8bb00,mobilenet_v3_small,float16,float32,float32,1x224x224x3,xnnpack_cpu,xnnpack,xnnpack,,4,1,10,measured,32,311.514000,11.767000,152.1474609375,6.6629791259765625,46.0,charging,false,0,,,43.6,FLAG_KEEP_SCREEN_ON,no_load_injected_background_apps_unverified,
2026-08-22T08:36:17.335075Z,1.0.0,realme_RMX3760_api35,1.0.0+1,release,mobilenet_v3_small_float16,201167c633c4c8714d7c84905e88fe159d76e9eff38c91b70708b1ced5a8bb00,mobilenet_v3_small,float16,float32,float32,1x224x224x3,xnnpack_cpu,xnnpack,xnnpack,,4,1,10,measured,33,289.223000,11.767000,152.1513671875,6.6944732666015625,46.0,charging,false,0,,,43.6,FLAG_KEEP_SCREEN_ON,no_load_injected_background_apps_unverified,
2026-08-22T08:36:17.683394Z,1.0.0,realme_RMX3760_api35,1.0.0+1,release,mobilenet_v3_small_float16,201167c633c4c8714d7c84905e88fe159d76e9eff38c91b70708b1ced5a8bb00,mobilenet_v3_small,float16,float32,float32,1x224x224x3,xnnpack_cpu,xnnpack,xnnpack,,4,1,10,measured,34,296.187000,11.767000,152.0068359375,6.6947174072265625,46.0,charging,false,0,,,43.6,FLAG_KEEP_SCREEN_ON,no_load_injected_background_apps_unverified,
2026-08-22T08:36:18.033111Z,1.0.0,realme_RMX3760_api35,1.0.0+1,release,mobilenet_v3_small_float16,201167c633c4c8714d7c84905e88fe159d76e9eff38c91b70708b1ced5a8bb00,mobilenet_v3_small,float16,float32,float32,1x224x224x3,xnnpack_cpu,xnnpack,xnnpack,,4,1,10,measured,35,298.231000,11.767000,152.0537109375,6.6949615478515625,46.0,charging,false,0,,,43.7,FLAG_KEEP_SCREEN_ON,no_load_injected_background_apps_unverified,
2026-08-22T08:36:18.386233Z,1.0.0,realme_RMX3760_api35,1.0.0+1,release,mobilenet_v3_small_float16,201167c633c4c8714d7c84905e88fe159d76e9eff38c91b70708b1ced5a8bb00,mobilenet_v3_small,float16,float32,float32,1x224x224x3,xnnpack_cpu,xnnpack,xnnpack,,4,1,10,measured,36,302.982000,11.767000,152.0576171875,6.6952056884765625,46.0,charging,false,0,,,43.7,FLAG_KEEP_SCREEN_ON,no_load_injected_background_apps_unverified,
2026-08-22T08:36:18.739196Z,1.0.0,realme_RMX3760_api35,1.0.0+1,release,mobilenet_v3_small_float16,201167c633c4c8714d7c84905e88fe159d76e9eff38c91b70708b1ced5a8bb00,mobilenet_v3_small,float16,float32,float32,1x224x224x3,xnnpack_cpu,xnnpack,xnnpack,,4,1,10,measured,37,301.075000,11.767000,153.0654296875,6.6954498291015625,46.0,charging,false,0,,,43.7,FLAG_KEEP_SCREEN_ON,no_load_injected_background_apps_unverified,
2026-08-22T08:36:19.094473Z,1.0.0,realme_RMX3760_api35,1.0.0+1,release,mobilenet_v3_small_float16,201167c633c4c8714d7c84905e88fe159d76e9eff38c91b70708b1ced5a8bb00,mobilenet_v3_small,float16,float32,float32,1x224x224x3,xnnpack_cpu,xnnpack,xnnpack,,4,1,10,measured,38,304.208000,11.767000,152.1904296875,6.6956939697265625,46.0,charging,false,0,,,43.7,FLAG_KEEP_SCREEN_ON,no_load_injected_background_apps_unverified,
2026-08-22T08:36:19.441645Z,1.0.0,realme_RMX3760_api35,1.0.0+1,release,mobilenet_v3_small_float16,201167c633c4c8714d7c84905e88fe159d76e9eff38c91b70708b1ced5a8bb00,mobilenet_v3_small,float16,float32,float32,1x224x224x3,xnnpack_cpu,xnnpack,xnnpack,,4,1,10,measured,39,296.175000,11.767000,152.1982421875,6.7271881103515625,46.0,charging,false,0,,,43.7,FLAG_KEEP_SCREEN_ON,no_load_injected_background_apps_unverified,
2026-08-22T08:36:19.791763Z,1.0.0,realme_RMX3760_api35,1.0.0+1,release,mobilenet_v3_small_float16,201167c633c4c8714d7c84905e88fe159d76e9eff38c91b70708b1ced5a8bb00,mobilenet_v3_small,float16,float32,float32,1x224x224x3,xnnpack_cpu,xnnpack,xnnpack,,4,1,10,measured,40,295.231000,11.767000,152.0693359375,6.7274322509765625,46.0,charging,false,0,,,43.7,FLAG_KEEP_SCREEN_ON,no_load_injected_background_apps_unverified,
2026-08-22T08:36:20.146782Z,1.0.0,realme_RMX3760_api35,1.0.0+1,release,mobilenet_v3_small_float16,201167c633c4c8714d7c84905e88fe159d76e9eff38c91b70708b1ced5a8bb00,mobilenet_v3_small,float16,float32,float32,1x224x224x3,xnnpack_cpu,xnnpack,xnnpack,,4,1,10,measured,41,301.033000,11.767000,152.1083984375,6.7276763916015625,46.0,charging,false,0,,,43.7,FLAG_KEEP_SCREEN_ON,no_load_injected_background_apps_unverified,
2026-08-22T08:36:20.493570Z,1.0.0,realme_RMX3760_api35,1.0.0+1,release,mobilenet_v3_small_float16,201167c633c4c8714d7c84905e88fe159d76e9eff38c91b70708b1ced5a8bb00,mobilenet_v3_small,float16,float32,float32,1x224x224x3,xnnpack_cpu,xnnpack,xnnpack,,4,1,10,measured,42,295.999000,11.767000,152.1044921875,6.7279205322265625,46.0,charging,false,0,,,43.7,FLAG_KEEP_SCREEN_ON,no_load_injected_background_apps_unverified,
2026-08-22T08:36:20.843710Z,1.0.0,realme_RMX3760_api35,1.0.0+1,release,mobilenet_v3_small_float16,201167c633c4c8714d7c84905e88fe159d76e9eff38c91b70708b1ced5a8bb00,mobilenet_v3_small,float16,float32,float32,1x224x224x3,xnnpack_cpu,xnnpack,xnnpack,,4,1,10,measured,43,298.403000,11.767000,152.1162109375,6.7281646728515625,46.0,charging,false,0,,,43.7,FLAG_KEEP_SCREEN_ON,no_load_injected_background_apps_unverified,
2026-08-22T08:36:21.185767Z,1.0.0,realme_RMX3760_api35,1.0.0+1,release,mobilenet_v3_small_float16,201167c633c4c8714d7c84905e88fe159d76e9eff38c91b70708b1ced5a8bb00,mobilenet_v3_small,float16,float32,float32,1x224x224x3,xnnpack_cpu,xnnpack,xnnpack,,4,1,10,measured,44,291.024000,11.767000,152.1826171875,6.7284088134765625,46.0,charging,false,0,,,43.7,FLAG_KEEP_SCREEN_ON,no_load_injected_background_apps_unverified,
2026-08-22T08:36:21.529678Z,1.0.0,realme_RMX3760_api35,1.0.0+1,release,mobilenet_v3_small_float16,201167c633c4c8714d7c84905e88fe159d76e9eff38c91b70708b1ced5a8bb00,mobilenet_v3_small,float16,float32,float32,1x224x224x3,xnnpack_cpu,xnnpack,xnnpack,,4,1,10,measured,45,292.877000,11.767000,152.1904296875,6.7599029541015625,46.0,charging,false,0,,,43.7,FLAG_KEEP_SCREEN_ON,no_load_injected_background_apps_unverified,
2026-08-22T08:36:21.873752Z,1.0.0,realme_RMX3760_api35,1.0.0+1,release,mobilenet_v3_small_float16,201167c633c4c8714d7c84905e88fe159d76e9eff38c91b70708b1ced5a8bb00,mobilenet_v3_small,float16,float32,float32,1x224x224x3,xnnpack_cpu,xnnpack,xnnpack,,4,1,10,measured,46,292.447000,11.767000,152.1396484375,6.7601470947265625,46.0,charging,false,0,,,43.7,FLAG_KEEP_SCREEN_ON,no_load_injected_background_apps_unverified,
2026-08-22T08:36:22.231414Z,1.0.0,realme_RMX3760_api35,1.0.0+1,release,mobilenet_v3_small_float16,201167c633c4c8714d7c84905e88fe159d76e9eff38c91b70708b1ced5a8bb00,mobilenet_v3_small,float16,float32,float32,1x224x224x3,xnnpack_cpu,xnnpack,xnnpack,,4,1,10,measured,47,303.175000,11.767000,152.1435546875,6.7603912353515625,46.0,charging,false,0,,,43.7,FLAG_KEEP_SCREEN_ON,no_load_injected_background_apps_unverified,
2026-08-22T08:36:22.575297Z,1.0.0,realme_RMX3760_api35,1.0.0+1,release,mobilenet_v3_small_float16,201167c633c4c8714d7c84905e88fe159d76e9eff38c91b70708b1ced5a8bb00,mobilenet_v3_small,float16,float32,float32,1x224x224x3,xnnpack_cpu,xnnpack,xnnpack,,4,1,10,measured,48,290.761000,11.767000,152.1435546875,6.7606353759765625,46.0,charging,false,0,,,43.7,FLAG_KEEP_SCREEN_ON,no_load_injected_background_apps_unverified,
2026-08-22T08:36:22.926935Z,1.0.0,realme_RMX3760_api35,1.0.0+1,release,mobilenet_v3_small_float16,201167c633c4c8714d7c84905e88fe159d76e9eff38c91b70708b1ced5a8bb00,mobilenet_v3_small,float16,float32,float32,1x224x224x3,xnnpack_cpu,xnnpack,xnnpack,,4,1,10,measured,49,296.184000,11.767000,152.1240234375,6.7608795166015625,46.0,charging,false,0,,,43.7,FLAG_KEEP_SCREEN_ON,no_load_injected_background_apps_unverified,
2026-08-22T08:36:23.274591Z,1.0.0,realme_RMX3760_api35,1.0.0+1,release,mobilenet_v3_small_float16,201167c633c4c8714d7c84905e88fe159d76e9eff38c91b70708b1ced5a8bb00,mobilenet_v3_small,float16,float32,float32,1x224x224x3,xnnpack_cpu,xnnpack,xnnpack,,4,1,10,measured,50,297.505000,11.767000,152.1318359375,6.7611236572265625,46.0,charging,false,0,,,43.7,FLAG_KEEP_SCREEN_ON,no_load_injected_background_apps_unverified,
2026-08-22T08:36:23.613749Z,1.0.0,realme_RMX3760_api35,1.0.0+1,release,mobilenet_v3_small_float16,201167c633c4c8714d7c84905e88fe159d76e9eff38c91b70708b1ced5a8bb00,mobilenet_v3_small,float16,float32,float32,1x224x224x3,xnnpack_cpu,xnnpack,xnnpack,,4,1,10,measured,51,288.465000,11.767000,152.1474609375,6.7613677978515625,46.0,charging,false,0,,,43.7,FLAG_KEEP_SCREEN_ON,no_load_injected_background_apps_unverified,
2026-08-22T08:36:23.963189Z,1.0.0,realme_RMX3760_api35,1.0.0+1,release,mobilenet_v3_small_float16,201167c633c4c8714d7c84905e88fe159d76e9eff38c91b70708b1ced5a8bb00,mobilenet_v3_small,float16,float32,float32,1x224x224x3,xnnpack_cpu,xnnpack,xnnpack,,4,1,10,measured,52,294.522000,11.767000,152.1591796875,6.7928619384765625,46.0,charging,false,0,,,43.7,FLAG_KEEP_SCREEN_ON,no_load_injected_background_apps_unverified,
2026-08-22T08:36:24.306487Z,1.0.0,realme_RMX3760_api35,1.0.0+1,release,mobilenet_v3_small_float16,201167c633c4c8714d7c84905e88fe159d76e9eff38c91b70708b1ced5a8bb00,mobilenet_v3_small,float16,float32,float32,1x224x224x3,xnnpack_cpu,xnnpack,xnnpack,,4,1,10,measured,53,289.366000,11.767000,152.1669921875,6.7931060791015625,46.0,charging,false,0,,,43.7,FLAG_KEEP_SCREEN_ON,no_load_injected_background_apps_unverified,
2026-08-22T08:36:24.646266Z,1.0.0,realme_RMX3760_api35,1.0.0+1,release,mobilenet_v3_small_float16,201167c633c4c8714d7c84905e88fe159d76e9eff38c91b70708b1ced5a8bb00,mobilenet_v3_small,float16,float32,float32,1x224x224x3,xnnpack_cpu,xnnpack,xnnpack,,4,1,10,measured,54,288.265000,11.767000,152.1748046875,6.7933502197265625,46.0,charging,false,0,,,43.7,FLAG_KEEP_SCREEN_ON,no_load_injected_background_apps_unverified,
2026-08-22T08:36:24.994364Z,1.0.0,realme_RMX3760_api35,1.0.0+1,release,mobilenet_v3_small_float16,201167c633c4c8714d7c84905e88fe159d76e9eff38c91b70708b1ced5a8bb00,mobilenet_v3_small,float16,float32,float32,1x224x224x3,xnnpack_cpu,xnnpack,xnnpack,,4,1,10,measured,55,295.897000,11.767000,152.1787109375,6.7935943603515625,46.0,charging,false,0,,,43.7,FLAG_KEEP_SCREEN_ON,no_load_injected_background_apps_unverified,
2026-08-22T08:36:25.346263Z,1.0.0,realme_RMX3760_api35,1.0.0+1,release,mobilenet_v3_small_float16,201167c633c4c8714d7c84905e88fe159d76e9eff38c91b70708b1ced5a8bb00,mobilenet_v3_small,float16,float32,float32,1x224x224x3,xnnpack_cpu,xnnpack,xnnpack,,4,1,10,measured,56,300.809000,11.767000,152.1865234375,6.7938385009765625,46.0,charging,false,0,,,43.7,FLAG_KEEP_SCREEN_ON,no_load_injected_background_apps_unverified,
2026-08-22T08:36:25.694142Z,1.0.0,realme_RMX3760_api35,1.0.0+1,release,mobilenet_v3_small_float16,201167c633c4c8714d7c84905e88fe159d76e9eff38c91b70708b1ced5a8bb00,mobilenet_v3_small,float16,float32,float32,1x224x224x3,xnnpack_cpu,xnnpack,xnnpack,,4,1,10,measured,57,296.840000,11.767000,152.1865234375,6.7940826416015625,46.0,charging,false,0,,,43.7,FLAG_KEEP_SCREEN_ON,no_load_injected_background_apps_unverified,
2026-08-22T08:36:26.044101Z,1.0.0,realme_RMX3760_api35,1.0.0+1,release,mobilenet_v3_small_float16,201167c633c4c8714d7c84905e88fe159d76e9eff38c91b70708b1ced5a8bb00,mobilenet_v3_small,float16,float32,float32,1x224x224x3,xnnpack_cpu,xnnpack,xnnpack,,4,1,10,measured,58,295.730000,11.767000,152.1982421875,6.8255767822265625,46.0,charging,false,0,,,43.7,FLAG_KEEP_SCREEN_ON,no_load_injected_background_apps_unverified,
2026-08-22T08:36:26.384738Z,1.0.0,realme_RMX3760_api35,1.0.0+1,release,mobilenet_v3_small_float16,201167c633c4c8714d7c84905e88fe159d76e9eff38c91b70708b1ced5a8bb00,mobilenet_v3_small,float16,float32,float32,1x224x224x3,xnnpack_cpu,xnnpack,xnnpack,,4,1,10,measured,59,289.576000,11.767000,152.2060546875,6.8258209228515625,46.0,charging,false,0,,,43.7,FLAG_KEEP_SCREEN_ON,no_load_injected_background_apps_unverified,
2026-08-22T08:36:26.728244Z,1.0.0,realme_RMX3760_api35,1.0.0+1,release,mobilenet_v3_small_float16,201167c633c4c8714d7c84905e88fe159d76e9eff38c91b70708b1ced5a8bb00,mobilenet_v3_small,float16,float32,float32,1x224x224x3,xnnpack_cpu,xnnpack,xnnpack,,4,1,10,measured,60,289.529000,11.767000,152.7060546875,6.8260650634765625,46.0,charging,false,0,,,43.7,FLAG_KEEP_SCREEN_ON,no_load_injected_background_apps_unverified,
2026-08-22T08:36:27.074223Z,1.0.0,realme_RMX3760_api35,1.0.0+1,release,mobilenet_v3_small_float16,201167c633c4c8714d7c84905e88fe159d76e9eff38c91b70708b1ced5a8bb00,mobilenet_v3_small,float16,float32,float32,1x224x224x3,xnnpack_cpu,xnnpack,xnnpack,,4,1,10,measured,61,293.677000,11.767000,156.8076171875,6.8263092041015625,46.0,charging,false,0,,,43.7,FLAG_KEEP_SCREEN_ON,no_load_injected_background_apps_unverified,
2026-08-22T08:36:27.418541Z,1.0.0,realme_RMX3760_api35,1.0.0+1,release,mobilenet_v3_small_float16,201167c633c4c8714d7c84905e88fe159d76e9eff38c91b70708b1ced5a8bb00,mobilenet_v3_small,float16,float32,float32,1x224x224x3,xnnpack_cpu,xnnpack,xnnpack,,4,1,10,measured,62,293.902000,11.767000,152.2763671875,6.8265533447265625,46.0,charging,false,0,,,43.7,FLAG_KEEP_SCREEN_ON,no_load_injected_background_apps_unverified,
2026-08-22T08:36:27.761286Z,1.0.0,realme_RMX3760_api35,1.0.0+1,release,mobilenet_v3_small_float16,201167c633c4c8714d7c84905e88fe159d76e9eff38c91b70708b1ced5a8bb00,mobilenet_v3_small,float16,float32,float32,1x224x224x3,xnnpack_cpu,xnnpack,xnnpack,,4,1,10,measured,63,291.949000,11.767000,152.2724609375,6.8267974853515625,46.0,charging,false,0,,,43.7,FLAG_KEEP_SCREEN_ON,no_load_injected_background_apps_unverified,
2026-08-22T08:36:28.102352Z,1.0.0,realme_RMX3760_api35,1.0.0+1,release,mobilenet_v3_small_float16,201167c633c4c8714d7c84905e88fe159d76e9eff38c91b70708b1ced5a8bb00,mobilenet_v3_small,float16,float32,float32,1x224x224x3,xnnpack_cpu,xnnpack,xnnpack,,4,1,10,measured,64,289.664000,11.767000,152.2373046875,6.8582916259765625,46.0,charging,false,0,,,43.7,FLAG_KEEP_SCREEN_ON,no_load_injected_background_apps_unverified,
2026-08-22T08:36:28.447417Z,1.0.0,realme_RMX3760_api35,1.0.0+1,release,mobilenet_v3_small_float16,201167c633c4c8714d7c84905e88fe159d76e9eff38c91b70708b1ced5a8bb00,mobilenet_v3_small,float16,float32,float32,1x224x224x3,xnnpack_cpu,xnnpack,xnnpack,,4,1,10,measured,65,290.794000,11.767000,152.2490234375,6.8585357666015625,46.0,charging,false,0,,,43.7,FLAG_KEEP_SCREEN_ON,no_load_injected_background_apps_unverified,
2026-08-22T08:36:28.796990Z,1.0.0,realme_RMX3760_api35,1.0.0+1,release,mobilenet_v3_small_float16,201167c633c4c8714d7c84905e88fe159d76e9eff38c91b70708b1ced5a8bb00,mobilenet_v3_small,float16,float32,float32,1x224x224x3,xnnpack_cpu,xnnpack,xnnpack,,4,1,10,measured,66,298.455000,11.767000,152.2490234375,6.8587799072265625,46.0,charging,false,0,,,43.7,FLAG_KEEP_SCREEN_ON,no_load_injected_background_apps_unverified,
2026-08-22T08:36:29.138319Z,1.0.0,realme_RMX3760_api35,1.0.0+1,release,mobilenet_v3_small_float16,201167c633c4c8714d7c84905e88fe159d76e9eff38c91b70708b1ced5a8bb00,mobilenet_v3_small,float16,float32,float32,1x224x224x3,xnnpack_cpu,xnnpack,xnnpack,,4,1,10,measured,67,289.840000,11.767000,152.2490234375,6.8590240478515625,46.0,charging,false,0,,,43.7,FLAG_KEEP_SCREEN_ON,no_load_injected_background_apps_unverified,
2026-08-22T08:36:29.487294Z,1.0.0,realme_RMX3760_api35,1.0.0+1,release,mobilenet_v3_small_float16,201167c633c4c8714d7c84905e88fe159d76e9eff38c91b70708b1ced5a8bb00,mobilenet_v3_small,float16,float32,float32,1x224x224x3,xnnpack_cpu,xnnpack,xnnpack,,4,1,10,measured,68,294.701000,11.767000,152.2568359375,6.8592681884765625,46.0,charging,false,0,,,43.7,FLAG_KEEP_SCREEN_ON,no_load_injected_background_apps_unverified,
2026-08-22T08:36:29.830849Z,1.0.0,realme_RMX3760_api35,1.0.0+1,release,mobilenet_v3_small_float16,201167c633c4c8714d7c84905e88fe159d76e9eff38c91b70708b1ced5a8bb00,mobilenet_v3_small,float16,float32,float32,1x224x224x3,xnnpack_cpu,xnnpack,xnnpack,,4,1,10,measured,69,292.758000,11.767000,152.7568359375,6.8595123291015625,46.0,charging,false,0,,,43.7,FLAG_KEEP_SCREEN_ON,no_load_injected_background_apps_unverified,
2026-08-22T08:36:30.177402Z,1.0.0,realme_RMX3760_api35,1.0.0+1,release,mobilenet_v3_small_float16,201167c633c4c8714d7c84905e88fe159d76e9eff38c91b70708b1ced5a8bb00,mobilenet_v3_small,float16,float32,float32,1x224x224x3,xnnpack_cpu,xnnpack,xnnpack,,4,1,10,measured,70,294.157000,11.767000,156.8505859375,6.8910064697265625,46.0,charging,false,0,,,43.7,FLAG_KEEP_SCREEN_ON,no_load_injected_background_apps_unverified,
2026-08-22T08:36:30.537149Z,1.0.0,realme_RMX3760_api35,1.0.0+1,release,mobilenet_v3_small_float16,201167c633c4c8714d7c84905e88fe159d76e9eff38c91b70708b1ced5a8bb00,mobilenet_v3_small,float16,float32,float32,1x224x224x3,xnnpack_cpu,xnnpack,xnnpack,,4,1,10,measured,71,309.324000,11.767000,152.2607421875,6.8912506103515625,46.0,charging,false,0,,,43.7,FLAG_KEEP_SCREEN_ON,no_load_injected_background_apps_unverified,
2026-08-22T08:36:30.891355Z,1.0.0,realme_RMX3760_api35,1.0.0+1,release,mobilenet_v3_small_float16,201167c633c4c8714d7c84905e88fe159d76e9eff38c91b70708b1ced5a8bb00,mobilenet_v3_small,float16,float32,float32,1x224x224x3,xnnpack_cpu,xnnpack,xnnpack,,4,1,10,measured,72,299.760000,11.767000,152.2646484375,6.8914947509765625,46.0,charging,false,0,,,43.7,FLAG_KEEP_SCREEN_ON,no_load_injected_background_apps_unverified,
2026-08-22T08:36:31.231401Z,1.0.0,realme_RMX3760_api35,1.0.0+1,release,mobilenet_v3_small_float16,201167c633c4c8714d7c84905e88fe159d76e9eff38c91b70708b1ced5a8bb00,mobilenet_v3_small,float16,float32,float32,1x224x224x3,xnnpack_cpu,xnnpack,xnnpack,,4,1,10,measured,73,288.536000,11.767000,152.2841796875,6.8917388916015625,46.0,charging,false,0,,,43.7,FLAG_KEEP_SCREEN_ON,no_load_injected_background_apps_unverified,
2026-08-22T08:36:31.578240Z,1.0.0,realme_RMX3760_api35,1.0.0+1,release,mobilenet_v3_small_float16,201167c633c4c8714d7c84905e88fe159d76e9eff38c91b70708b1ced5a8bb00,mobilenet_v3_small,float16,float32,float32,1x224x224x3,xnnpack_cpu,xnnpack,xnnpack,,4,1,10,measured,74,295.849000,11.767000,152.2998046875,6.8919830322265625,46.0,charging,false,0,,,43.7,FLAG_KEEP_SCREEN_ON,no_load_injected_background_apps_unverified,
2026-08-22T08:36:31.930234Z,1.0.0,realme_RMX3760_api35,1.0.0+1,release,mobilenet_v3_small_float16,201167c633c4c8714d7c84905e88fe159d76e9eff38c91b70708b1ced5a8bb00,mobilenet_v3_small,float16,float32,float32,1x224x224x3,xnnpack_cpu,xnnpack,xnnpack,,4,1,10,measured,75,300.609000,11.767000,152.3037109375,6.8922271728515625,46.0,charging,false,0,,,43.7,FLAG_KEEP_SCREEN_ON,no_load_injected_background_apps_unverified,
2026-08-22T08:36:32.282849Z,1.0.0,realme_RMX3760_api35,1.0.0+1,release,mobilenet_v3_small_float16,201167c633c4c8714d7c84905e88fe159d76e9eff38c91b70708b1ced5a8bb00,mobilenet_v3_small,float16,float32,float32,1x224x224x3,xnnpack_cpu,xnnpack,xnnpack,,4,1,10,measured,76,299.077000,11.767000,152.2333984375,6.8924713134765625,46.0,charging,false,0,,,43.7,FLAG_KEEP_SCREEN_ON,no_load_injected_background_apps_unverified,
2026-08-22T08:36:32.634791Z,1.0.0,realme_RMX3760_api35,1.0.0+1,release,mobilenet_v3_small_float16,201167c633c4c8714d7c84905e88fe159d76e9eff38c91b70708b1ced5a8bb00,mobilenet_v3_small,float16,float32,float32,1x224x224x3,xnnpack_cpu,xnnpack,xnnpack,,4,1,10,measured,77,298.090000,11.767000,152.3857421875,6.9239654541015625,46.0,charging,false,0,,,43.7,FLAG_KEEP_SCREEN_ON,no_load_injected_background_apps_unverified,
2026-08-22T08:36:32.986213Z,1.0.0,realme_RMX3760_api35,1.0.0+1,release,mobilenet_v3_small_float16,201167c633c4c8714d7c84905e88fe159d76e9eff38c91b70708b1ced5a8bb00,mobilenet_v3_small,float16,float32,float32,1x224x224x3,xnnpack_cpu,xnnpack,xnnpack,,4,1,10,measured,78,296.971000,11.767000,152.3935546875,6.9242095947265625,46.0,charging,false,0,,,43.7,FLAG_KEEP_SCREEN_ON,no_load_injected_background_apps_unverified,
2026-08-22T08:36:33.331968Z,1.0.0,realme_RMX3760_api35,1.0.0+1,release,mobilenet_v3_small_float16,201167c633c4c8714d7c84905e88fe159d76e9eff38c91b70708b1ced5a8bb00,mobilenet_v3_small,float16,float32,float32,1x224x224x3,xnnpack_cpu,xnnpack,xnnpack,,4,1,10,measured,79,290.811000,11.767000,152.3623046875,6.9244537353515625,46.0,charging,false,0,,,43.7,FLAG_KEEP_SCREEN_ON,no_load_injected_background_apps_unverified,
2026-08-22T08:36:33.677514Z,1.0.0,realme_RMX3760_api35,1.0.0+1,release,mobilenet_v3_small_float16,201167c633c4c8714d7c84905e88fe159d76e9eff38c91b70708b1ced5a8bb00,mobilenet_v3_small,float16,float32,float32,1x224x224x3,xnnpack_cpu,xnnpack,xnnpack,,4,1,10,measured,80,294.341000,11.767000,152.3740234375,6.9246978759765625,46.0,charging,false,0,,,43.7,FLAG_KEEP_SCREEN_ON,no_load_injected_background_apps_unverified,
2026-08-22T08:36:34.028339Z,1.0.0,realme_RMX3760_api35,1.0.0+1,release,mobilenet_v3_small_float16,201167c633c4c8714d7c84905e88fe159d76e9eff38c91b70708b1ced5a8bb00,mobilenet_v3_small,float16,float32,float32,1x224x224x3,xnnpack_cpu,xnnpack,xnnpack,,4,1,10,measured,81,296.927000,11.767000,152.3857421875,6.9249420166015625,46.0,charging,false,0,,,43.8,FLAG_KEEP_SCREEN_ON,no_load_injected_background_apps_unverified,
2026-08-22T08:36:34.369446Z,1.0.0,realme_RMX3760_api35,1.0.0+1,release,mobilenet_v3_small_float16,201167c633c4c8714d7c84905e88fe159d76e9eff38c91b70708b1ced5a8bb00,mobilenet_v3_small,float16,float32,float32,1x224x224x3,xnnpack_cpu,xnnpack,xnnpack,,4,1,10,measured,82,289.755000,11.767000,152.2841796875,6.9251861572265625,46.0,charging,false,0,,,43.8,FLAG_KEEP_SCREEN_ON,no_load_injected_background_apps_unverified,
2026-08-22T08:36:34.707597Z,1.0.0,realme_RMX3760_api35,1.0.0+1,release,mobilenet_v3_small_float16,201167c633c4c8714d7c84905e88fe159d76e9eff38c91b70708b1ced5a8bb00,mobilenet_v3_small,float16,float32,float32,1x224x224x3,xnnpack_cpu,xnnpack,xnnpack,,4,1,10,measured,83,287.210000,11.767000,152.2998046875,6.9566802978515625,46.0,charging,false,0,,,43.8,FLAG_KEEP_SCREEN_ON,no_load_injected_background_apps_unverified,
2026-08-22T08:36:35.061395Z,1.0.0,realme_RMX3760_api35,1.0.0+1,release,mobilenet_v3_small_float16,201167c633c4c8714d7c84905e88fe159d76e9eff38c91b70708b1ced5a8bb00,mobilenet_v3_small,float16,float32,float32,1x224x224x3,xnnpack_cpu,xnnpack,xnnpack,,4,1,10,measured,84,303.771000,11.767000,153.2998046875,6.9569244384765625,46.0,charging,false,0,,,43.8,FLAG_KEEP_SCREEN_ON,no_load_injected_background_apps_unverified,
2026-08-22T08:36:35.406600Z,1.0.0,realme_RMX3760_api35,1.0.0+1,release,mobilenet_v3_small_float16,201167c633c4c8714d7c84905e88fe159d76e9eff38c91b70708b1ced5a8bb00,mobilenet_v3_small,float16,float32,float32,1x224x224x3,xnnpack_cpu,xnnpack,xnnpack,,4,1,10,measured,85,293.164000,11.767000,152.3037109375,6.9571685791015625,46.0,charging,false,0,,,43.8,FLAG_KEEP_SCREEN_ON,no_load_injected_background_apps_unverified,
2026-08-22T08:36:35.748139Z,1.0.0,realme_RMX3760_api35,1.0.0+1,release,mobilenet_v3_small_float16,201167c633c4c8714d7c84905e88fe159d76e9eff38c91b70708b1ced5a8bb00,mobilenet_v3_small,float16,float32,float32,1x224x224x3,xnnpack_cpu,xnnpack,xnnpack,,4,1,10,measured,86,290.097000,11.767000,152.3193359375,6.9574127197265625,46.0,charging,false,0,,,43.8,FLAG_KEEP_SCREEN_ON,no_load_injected_background_apps_unverified,
2026-08-22T08:36:36.097951Z,1.0.0,realme_RMX3760_api35,1.0.0+1,release,mobilenet_v3_small_float16,201167c633c4c8714d7c84905e88fe159d76e9eff38c91b70708b1ced5a8bb00,mobilenet_v3_small,float16,float32,float32,1x224x224x3,xnnpack_cpu,xnnpack,xnnpack,,4,1,10,measured,87,297.172000,11.767000,152.3232421875,6.9576568603515625,46.0,charging,false,0,,,43.8,FLAG_KEEP_SCREEN_ON,no_load_injected_background_apps_unverified,
2026-08-22T08:36:36.440041Z,1.0.0,realme_RMX3760_api35,1.0.0+1,release,mobilenet_v3_small_float16,201167c633c4c8714d7c84905e88fe159d76e9eff38c91b70708b1ced5a8bb00,mobilenet_v3_small,float16,float32,float32,1x224x224x3,xnnpack_cpu,xnnpack,xnnpack,,4,1,10,measured,88,290.382000,11.767000,152.3076171875,6.9579010009765625,46.0,charging,false,0,,,43.8,FLAG_KEEP_SCREEN_ON,no_load_injected_background_apps_unverified,
2026-08-22T08:36:36.785426Z,1.0.0,realme_RMX3760_api35,1.0.0+1,release,mobilenet_v3_small_float16,201167c633c4c8714d7c84905e88fe159d76e9eff38c91b70708b1ced5a8bb00,mobilenet_v3_small,float16,float32,float32,1x224x224x3,xnnpack_cpu,xnnpack,xnnpack,,4,1,10,measured,89,295.344000,11.767000,152.3193359375,6.9893951416015625,46.0,charging,false,0,,,43.8,FLAG_KEEP_SCREEN_ON,no_load_injected_background_apps_unverified,
2026-08-22T08:36:37.139302Z,1.0.0,realme_RMX3760_api35,1.0.0+1,release,mobilenet_v3_small_float16,201167c633c4c8714d7c84905e88fe159d76e9eff38c91b70708b1ced5a8bb00,mobilenet_v3_small,float16,float32,float32,1x224x224x3,xnnpack_cpu,xnnpack,xnnpack,,4,1,10,measured,90,300.044000,11.767000,152.8076171875,6.9896392822265625,46.0,charging,false,0,,,43.8,FLAG_KEEP_SCREEN_ON,no_load_injected_background_apps_unverified,
2026-08-22T08:36:37.493403Z,1.0.0,realme_RMX3760_api35,1.0.0+1,release,mobilenet_v3_small_float16,201167c633c4c8714d7c84905e88fe159d76e9eff38c91b70708b1ced5a8bb00,mobilenet_v3_small,float16,float32,float32,1x224x224x3,xnnpack_cpu,xnnpack,xnnpack,,4,1,10,measured,91,302.629000,11.767000,152.3115234375,6.9898834228515625,46.0,charging,false,0,,,43.8,FLAG_KEEP_SCREEN_ON,no_load_injected_background_apps_unverified,
2026-08-22T08:36:37.837960Z,1.0.0,realme_RMX3760_api35,1.0.0+1,release,mobilenet_v3_small_float16,201167c633c4c8714d7c84905e88fe159d76e9eff38c91b70708b1ced5a8bb00,mobilenet_v3_small,float16,float32,float32,1x224x224x3,xnnpack_cpu,xnnpack,xnnpack,,4,1,10,measured,92,291.444000,11.767000,152.8779296875,6.9901275634765625,46.0,charging,false,0,,,43.8,FLAG_KEEP_SCREEN_ON,no_load_injected_background_apps_unverified,
2026-08-22T08:36:38.174620Z,1.0.0,realme_RMX3760_api35,1.0.0+1,release,mobilenet_v3_small_float16,201167c633c4c8714d7c84905e88fe159d76e9eff38c91b70708b1ced5a8bb00,mobilenet_v3_small,float16,float32,float32,1x224x224x3,xnnpack_cpu,xnnpack,xnnpack,,4,1,10,measured,93,285.033000,11.767000,152.3779296875,6.9903717041015625,46.0,charging,false,0,,,43.8,FLAG_KEEP_SCREEN_ON,no_load_injected_background_apps_unverified,
2026-08-22T08:36:38.518490Z,1.0.0,realme_RMX3760_api35,1.0.0+1,release,mobilenet_v3_small_float16,201167c633c4c8714d7c84905e88fe159d76e9eff38c91b70708b1ced5a8bb00,mobilenet_v3_small,float16,float32,float32,1x224x224x3,xnnpack_cpu,xnnpack,xnnpack,,4,1,10,measured,94,293.123000,11.767000,152.3818359375,6.9906158447265625,46.0,charging,false,0,,,43.8,FLAG_KEEP_SCREEN_ON,no_load_injected_background_apps_unverified,
2026-08-22T08:36:38.862726Z,1.0.0,realme_RMX3760_api35,1.0.0+1,release,mobilenet_v3_small_float16,201167c633c4c8714d7c84905e88fe159d76e9eff38c91b70708b1ced5a8bb00,mobilenet_v3_small,float16,float32,float32,1x224x224x3,xnnpack_cpu,xnnpack,xnnpack,,4,1,10,measured,95,290.024000,11.767000,152.4169921875,7.0221099853515625,46.0,charging,false,0,,,43.8,FLAG_KEEP_SCREEN_ON,no_load_injected_background_apps_unverified,
2026-08-22T08:36:39.217795Z,1.0.0,realme_RMX3760_api35,1.0.0+1,release,mobilenet_v3_small_float16,201167c633c4c8714d7c84905e88fe159d76e9eff38c91b70708b1ced5a8bb00,mobilenet_v3_small,float16,float32,float32,1x224x224x3,xnnpack_cpu,xnnpack,xnnpack,,4,1,10,measured,96,305.270000,11.767000,152.4208984375,7.0223541259765625,46.0,charging,false,0,,,43.8,FLAG_KEEP_SCREEN_ON,no_load_injected_background_apps_unverified,
2026-08-22T08:36:39.563489Z,1.0.0,realme_RMX3760_api35,1.0.0+1,release,mobilenet_v3_small_float16,201167c633c4c8714d7c84905e88fe159d76e9eff38c91b70708b1ced5a8bb00,mobilenet_v3_small,float16,float32,float32,1x224x224x3,xnnpack_cpu,xnnpack,xnnpack,,4,1,10,measured,97,290.501000,11.767000,152.3505859375,7.0225982666015625,46.0,charging,false,0,,,43.8,FLAG_KEEP_SCREEN_ON,no_load_injected_background_apps_unverified,
2026-08-22T08:36:39.908456Z,1.0.0,realme_RMX3760_api35,1.0.0+1,release,mobilenet_v3_small_float16,201167c633c4c8714d7c84905e88fe159d76e9eff38c91b70708b1ced5a8bb00,mobilenet_v3_small,float16,float32,float32,1x224x224x3,xnnpack_cpu,xnnpack,xnnpack,,4,1,10,measured,98,294.050000,11.767000,152.3935546875,7.0228424072265625,46.0,charging,false,0,,,43.8,FLAG_KEEP_SCREEN_ON,no_load_injected_background_apps_unverified,
2026-08-22T08:36:40.254906Z,1.0.0,realme_RMX3760_api35,1.0.0+1,release,mobilenet_v3_small_float16,201167c633c4c8714d7c84905e88fe159d76e9eff38c91b70708b1ced5a8bb00,mobilenet_v3_small,float16,float32,float32,1x224x224x3,xnnpack_cpu,xnnpack,xnnpack,,4,1,10,measured,99,295.444000,11.767000,152.3974609375,7.0230865478515625,46.0,charging,false,0,,,43.8,FLAG_KEEP_SCREEN_ON,no_load_injected_background_apps_unverified,
2026-08-22T08:36:46.328632Z,1.0.0,realme_RMX3760_api35,1.0.0+1,release,mobilenet_v3_small_float32,cf6183dcd31c9ec34724e8f68d15423dc09b0cf71b1e91ba37800321b7526ba4,mobilenet_v3_small,float32,float32,float32,1x224x224x3,xnnpack_cpu,xnnpack,xnnpack,,1,1,11,measured,0,279.882000,9.916000,159.80078125,7.0233306884765625,46.0,charging,false,0,,,43.8,FLAG_KEEP_SCREEN_ON,no_load_injected_background_apps_unverified,
2026-08-22T08:36:46.663525Z,1.0.0,realme_RMX3760_api35,1.0.0+1,release,mobilenet_v3_small_float32,cf6183dcd31c9ec34724e8f68d15423dc09b0cf71b1e91ba37800321b7526ba4,mobilenet_v3_small,float32,float32,float32,1x224x224x3,xnnpack_cpu,xnnpack,xnnpack,,1,1,11,measured,1,280.884000,9.916000,156.19140625,7.0235748291015625,46.0,charging,false,0,,,43.8,FLAG_KEEP_SCREEN_ON,no_load_injected_background_apps_unverified,
2026-08-22T08:36:47.003545Z,1.0.0,realme_RMX3760_api35,1.0.0+1,release,mobilenet_v3_small_float32,cf6183dcd31c9ec34724e8f68d15423dc09b0cf71b1e91ba37800321b7526ba4,mobilenet_v3_small,float32,float32,float32,1x224x224x3,xnnpack_cpu,xnnpack,xnnpack,,1,1,11,measured,2,288.260000,9.916000,155.77734375,7.0550689697265625,46.0,charging,false,0,,,43.8,FLAG_KEEP_SCREEN_ON,no_load_injected_background_apps_unverified,
2026-08-22T08:36:47.349835Z,1.0.0,realme_RMX3760_api35,1.0.0+1,release,mobilenet_v3_small_float32,cf6183dcd31c9ec34724e8f68d15423dc09b0cf71b1e91ba37800321b7526ba4,mobilenet_v3_small,float32,float32,float32,1x224x224x3,xnnpack_cpu,xnnpack,xnnpack,,1,1,11,measured,3,295.208000,9.916000,156.28125,7.0553131103515625,46.0,charging,false,0,,,43.8,FLAG_KEEP_SCREEN_ON,no_load_injected_background_apps_unverified,
2026-08-22T08:36:47.703328Z,1.0.0,realme_RMX3760_api35,1.0.0+1,release,mobilenet_v3_small_float32,cf6183dcd31c9ec34724e8f68d15423dc09b0cf71b1e91ba37800321b7526ba4,mobilenet_v3_small,float32,float32,float32,1x224x224x3,xnnpack_cpu,xnnpack,xnnpack,,1,1,11,measured,4,299.074000,9.916000,156.23828125,7.0555572509765625,46.0,charging,false,0,,,43.8,FLAG_KEEP_SCREEN_ON,no_load_injected_background_apps_unverified,
2026-08-22T08:36:48.058891Z,1.0.0,realme_RMX3760_api35,1.0.0+1,release,mobilenet_v3_small_float32,cf6183dcd31c9ec34724e8f68d15423dc09b0cf71b1e91ba37800321b7526ba4,mobilenet_v3_small,float32,float32,float32,1x224x224x3,xnnpack_cpu,xnnpack,xnnpack,,1,1,11,measured,5,301.944000,9.916000,156.3447265625,7.0558013916015625,46.0,charging,false,0,,,43.8,FLAG_KEEP_SCREEN_ON,no_load_injected_background_apps_unverified,
2026-08-22T08:36:48.402598Z,1.0.0,realme_RMX3760_api35,1.0.0+1,release,mobilenet_v3_small_float32,cf6183dcd31c9ec34724e8f68d15423dc09b0cf71b1e91ba37800321b7526ba4,mobilenet_v3_small,float32,float32,float32,1x224x224x3,xnnpack_cpu,xnnpack,xnnpack,,1,1,11,measured,6,292.651000,9.916000,156.3525390625,7.0560455322265625,46.0,charging,false,0,,,43.8,FLAG_KEEP_SCREEN_ON,no_load_injected_background_apps_unverified,
2026-08-22T08:36:48.746635Z,1.0.0,realme_RMX3760_api35,1.0.0+1,release,mobilenet_v3_small_float32,cf6183dcd31c9ec34724e8f68d15423dc09b0cf71b1e91ba37800321b7526ba4,mobilenet_v3_small,float32,float32,float32,1x224x224x3,xnnpack_cpu,xnnpack,xnnpack,,1,1,11,measured,7,292.492000,9.916000,156.1416015625,7.0562896728515625,46.0,charging,false,0,,,43.8,FLAG_KEEP_SCREEN_ON,no_load_injected_background_apps_unverified,
2026-08-22T08:36:49.096977Z,1.0.0,realme_RMX3760_api35,1.0.0+1,release,mobilenet_v3_small_float32,cf6183dcd31c9ec34724e8f68d15423dc09b0cf71b1e91ba37800321b7526ba4,mobilenet_v3_small,float32,float32,float32,1x224x224x3,xnnpack_cpu,xnnpack,xnnpack,,1,1,11,measured,8,298.955000,9.916000,155.8759765625,7.0877838134765625,46.0,charging,false,0,,,43.8,FLAG_KEEP_SCREEN_ON,no_load_injected_background_apps_unverified,
2026-08-22T08:36:49.440305Z,1.0.0,realme_RMX3760_api35,1.0.0+1,release,mobilenet_v3_small_float32,cf6183dcd31c9ec34724e8f68d15423dc09b0cf71b1e91ba37800321b7526ba4,mobilenet_v3_small,float32,float32,float32,1x224x224x3,xnnpack_cpu,xnnpack,xnnpack,,1,1,11,measured,9,292.563000,9.916000,155.8759765625,7.0880279541015625,46.0,charging,false,0,,,43.8,FLAG_KEEP_SCREEN_ON,no_load_injected_background_apps_unverified,
2026-08-22T08:36:49.779060Z,1.0.0,realme_RMX3760_api35,1.0.0+1,release,mobilenet_v3_small_float32,cf6183dcd31c9ec34724e8f68d15423dc09b0cf71b1e91ba37800321b7526ba4,mobilenet_v3_small,float32,float32,float32,1x224x224x3,xnnpack_cpu,xnnpack,xnnpack,,1,1,11,measured,10,287.094000,9.916000,156.1376953125,7.0882720947265625,46.0,charging,false,0,,,43.8,FLAG_KEEP_SCREEN_ON,no_load_injected_background_apps_unverified,
2026-08-22T08:36:50.117182Z,1.0.0,realme_RMX3760_api35,1.0.0+1,release,mobilenet_v3_small_float32,cf6183dcd31c9ec34724e8f68d15423dc09b0cf71b1e91ba37800321b7526ba4,mobilenet_v3_small,float32,float32,float32,1x224x224x3,xnnpack_cpu,xnnpack,xnnpack,,1,1,11,measured,11,285.663000,9.916000,160.8408203125,7.0885162353515625,46.0,charging,false,0,,,43.8,FLAG_KEEP_SCREEN_ON,no_load_injected_background_apps_unverified,
2026-08-22T08:36:50.464426Z,1.0.0,realme_RMX3760_api35,1.0.0+1,release,mobilenet_v3_small_float32,cf6183dcd31c9ec34724e8f68d15423dc09b0cf71b1e91ba37800321b7526ba4,mobilenet_v3_small,float32,float32,float32,1x224x224x3,xnnpack_cpu,xnnpack,xnnpack,,1,1,11,measured,12,296.262000,9.916000,156.2509765625,7.0887603759765625,46.0,charging,false,0,,,43.8,FLAG_KEEP_SCREEN_ON,no_load_injected_background_apps_unverified,
2026-08-22T08:36:50.815099Z,1.0.0,realme_RMX3760_api35,1.0.0+1,release,mobilenet_v3_small_float32,cf6183dcd31c9ec34724e8f68d15423dc09b0cf71b1e91ba37800321b7526ba4,mobilenet_v3_small,float32,float32,float32,1x224x224x3,xnnpack_cpu,xnnpack,xnnpack,,1,1,11,measured,13,299.128000,9.916000,156.1142578125,7.0890045166015625,46.0,charging,false,0,,,43.8,FLAG_KEEP_SCREEN_ON,no_load_injected_background_apps_unverified,
2026-08-22T08:36:51.156285Z,1.0.0,realme_RMX3760_api35,1.0.0+1,release,mobilenet_v3_small_float32,cf6183dcd31c9ec34724e8f68d15423dc09b0cf71b1e91ba37800321b7526ba4,mobilenet_v3_small,float32,float32,float32,1x224x224x3,xnnpack_cpu,xnnpack,xnnpack,,1,1,11,measured,14,289.948000,9.916000,156.3486328125,7.1204986572265625,46.0,charging,false,0,,,43.8,FLAG_KEEP_SCREEN_ON,no_load_injected_background_apps_unverified,
2026-08-22T08:36:51.502622Z,1.0.0,realme_RMX3760_api35,1.0.0+1,release,mobilenet_v3_small_float32,cf6183dcd31c9ec34724e8f68d15423dc09b0cf71b1e91ba37800321b7526ba4,mobilenet_v3_small,float32,float32,float32,1x224x224x3,xnnpack_cpu,xnnpack,xnnpack,,1,1,11,measured,15,293.046000,9.916000,160.9306640625,7.1207427978515625,46.0,charging,false,0,,,43.8,FLAG_KEEP_SCREEN_ON,no_load_injected_background_apps_unverified,
2026-08-22T08:36:51.855143Z,1.0.0,realme_RMX3760_api35,1.0.0+1,release,mobilenet_v3_small_float32,cf6183dcd31c9ec34724e8f68d15423dc09b0cf71b1e91ba37800321b7526ba4,mobilenet_v3_small,float32,float32,float32,1x224x224x3,xnnpack_cpu,xnnpack,xnnpack,,1,1,11,measured,16,298.814000,9.916000,155.7939453125,7.1209869384765625,46.0,charging,false,0,,,43.8,FLAG_KEEP_SCREEN_ON,no_load_injected_background_apps_unverified,
2026-08-22T08:36:52.209339Z,1.0.0,realme_RMX3760_api35,1.0.0+1,release,mobilenet_v3_small_float32,cf6183dcd31c9ec34724e8f68d15423dc09b0cf71b1e91ba37800321b7526ba4,mobilenet_v3_small,float32,float32,float32,1x224x224x3,xnnpack_cpu,xnnpack,xnnpack,,1,1,11,measured,17,303.133000,9.916000,156.3330078125,7.1212310791015625,46.0,charging,false,0,,,43.8,FLAG_KEEP_SCREEN_ON,no_load_injected_background_apps_unverified,
2026-08-22T08:36:52.558445Z,1.0.0,realme_RMX3760_api35,1.0.0+1,release,mobilenet_v3_small_float32,cf6183dcd31c9ec34724e8f68d15423dc09b0cf71b1e91ba37800321b7526ba4,mobilenet_v3_small,float32,float32,float32,1x224x224x3,xnnpack_cpu,xnnpack,xnnpack,,1,1,11,measured,18,297.434000,9.916000,155.8369140625,7.1214752197265625,46.0,charging,false,0,,,43.8,FLAG_KEEP_SCREEN_ON,no_load_injected_background_apps_unverified,
2026-08-22T08:36:52.914156Z,1.0.0,realme_RMX3760_api35,1.0.0+1,release,mobilenet_v3_small_float32,cf6183dcd31c9ec34724e8f68d15423dc09b0cf71b1e91ba37800321b7526ba4,mobilenet_v3_small,float32,float32,float32,1x224x224x3,xnnpack_cpu,xnnpack,xnnpack,,1,1,11,measured,19,303.836000,9.916000,155.7939453125,7.1217193603515625,46.0,charging,false,0,,,43.8,FLAG_KEEP_SCREEN_ON,no_load_injected_background_apps_unverified,
2026-08-22T08:36:53.251690Z,1.0.0,realme_RMX3760_api35,1.0.0+1,release,mobilenet_v3_small_float32,cf6183dcd31c9ec34724e8f68d15423dc09b0cf71b1e91ba37800321b7526ba4,mobilenet_v3_small,float32,float32,float32,1x224x224x3,xnnpack_cpu,xnnpack,xnnpack,,1,1,11,measured,20,284.651000,9.916000,155.8095703125,7.1532135009765625,46.0,charging,false,0,,,43.8,FLAG_KEEP_SCREEN_ON,no_load_injected_background_apps_unverified,
2026-08-22T08:36:53.589785Z,1.0.0,realme_RMX3760_api35,1.0.0+1,release,mobilenet_v3_small_float32,cf6183dcd31c9ec34724e8f68d15423dc09b0cf71b1e91ba37800321b7526ba4,mobilenet_v3_small,float32,float32,float32,1x224x224x3,xnnpack_cpu,xnnpack,xnnpack,,1,1,11,measured,21,287.050000,9.916000,155.8486328125,7.1534576416015625,46.0,charging,false,0,,,43.8,FLAG_KEEP_SCREEN_ON,no_load_injected_background_apps_unverified,
2026-08-22T08:36:53.931013Z,1.0.0,realme_RMX3760_api35,1.0.0+1,release,mobilenet_v3_small_float32,cf6183dcd31c9ec34724e8f68d15423dc09b0cf71b1e91ba37800321b7526ba4,mobilenet_v3_small,float32,float32,float32,1x224x224x3,xnnpack_cpu,xnnpack,xnnpack,,1,1,11,measured,22,288.436000,9.916000,160.4580078125,7.1537017822265625,46.0,charging,false,0,,,43.8,FLAG_KEEP_SCREEN_ON,no_load_injected_background_apps_unverified,
2026-08-22T08:36:54.280665Z,1.0.0,realme_RMX3760_api35,1.0.0+1,release,mobilenet_v3_small_float32,cf6183dcd31c9ec34724e8f68d15423dc09b0cf71b1e91ba37800321b7526ba4,mobilenet_v3_small,float32,float32,float32,1x224x224x3,xnnpack_cpu,xnnpack,xnnpack,,1,1,11,measured,23,298.271000,9.916000,156.4072265625,7.1539459228515625,46.0,charging,false,0,,,43.8,FLAG_KEEP_SCREEN_ON,no_load_injected_background_apps_unverified,
2026-08-22T08:36:54.626844Z,1.0.0,realme_RMX3760_api35,1.0.0+1,release,mobilenet_v3_small_float32,cf6183dcd31c9ec34724e8f68d15423dc09b0cf71b1e91ba37800321b7526ba4,mobilenet_v3_small,float32,float32,float32,1x224x224x3,xnnpack_cpu,xnnpack,xnnpack,,1,1,11,measured,24,292.721000,9.916000,155.9501953125,7.1541900634765625,46.0,charging,false,0,,,43.8,FLAG_KEEP_SCREEN_ON,no_load_injected_background_apps_unverified,
2026-08-22T08:36:54.968499Z,1.0.0,realme_RMX3760_api35,1.0.0+1,release,mobilenet_v3_small_float32,cf6183dcd31c9ec34724e8f68d15423dc09b0cf71b1e91ba37800321b7526ba4,mobilenet_v3_small,float32,float32,float32,1x224x224x3,xnnpack_cpu,xnnpack,xnnpack,,1,1,11,measured,25,287.655000,9.916000,155.7900390625,7.1544342041015625,46.0,charging,false,0,,,43.8,FLAG_KEEP_SCREEN_ON,no_load_injected_background_apps_unverified,
2026-08-22T08:36:55.309785Z,1.0.0,realme_RMX3760_api35,1.0.0+1,release,mobilenet_v3_small_float32,cf6183dcd31c9ec34724e8f68d15423dc09b0cf71b1e91ba37800321b7526ba4,mobilenet_v3_small,float32,float32,float32,1x224x224x3,xnnpack_cpu,xnnpack,xnnpack,,1,1,11,measured,26,289.930000,9.916000,155.9072265625,7.1546783447265625,46.0,charging,false,0,,,43.9,FLAG_KEEP_SCREEN_ON,no_load_injected_background_apps_unverified,
2026-08-22T08:36:55.666041Z,1.0.0,realme_RMX3760_api35,1.0.0+1,release,mobilenet_v3_small_float32,cf6183dcd31c9ec34724e8f68d15423dc09b0cf71b1e91ba37800321b7526ba4,mobilenet_v3_small,float32,float32,float32,1x224x224x3,xnnpack_cpu,xnnpack,xnnpack,,1,1,11,measured,27,305.296000,9.916000,155.9072265625,7.1861724853515625,46.0,charging,false,0,,,43.9,FLAG_KEEP_SCREEN_ON,no_load_injected_background_apps_unverified,
2026-08-22T08:36:56.012216Z,1.0.0,realme_RMX3760_api35,1.0.0+1,release,mobilenet_v3_small_float32,cf6183dcd31c9ec34724e8f68d15423dc09b0cf71b1e91ba37800321b7526ba4,mobilenet_v3_small,float32,float32,float32,1x224x224x3,xnnpack_cpu,xnnpack,xnnpack,,1,1,11,measured,28,292.272000,9.916000,156.4189453125,7.1864166259765625,46.0,charging,false,0,,,43.9,FLAG_KEEP_SCREEN_ON,no_load_injected_background_apps_unverified,
2026-08-22T08:36:56.359789Z,1.0.0,realme_RMX3760_api35,1.0.0+1,release,mobilenet_v3_small_float32,cf6183dcd31c9ec34724e8f68d15423dc09b0cf71b1e91ba37800321b7526ba4,mobilenet_v3_small,float32,float32,float32,1x224x224x3,xnnpack_cpu,xnnpack,xnnpack,,1,1,11,measured,29,294.682000,9.916000,155.9853515625,7.1866607666015625,46.0,charging,false,0,,,43.9,FLAG_KEEP_SCREEN_ON,no_load_injected_background_apps_unverified,
2026-08-22T08:36:56.710470Z,1.0.0,realme_RMX3760_api35,1.0.0+1,release,mobilenet_v3_small_float32,cf6183dcd31c9ec34724e8f68d15423dc09b0cf71b1e91ba37800321b7526ba4,mobilenet_v3_small,float32,float32,float32,1x224x224x3,xnnpack_cpu,xnnpack,xnnpack,,1,1,11,measured,30,299.835000,9.916000,155.9814453125,7.1869049072265625,46.0,charging,false,0,,,43.9,FLAG_KEEP_SCREEN_ON,no_load_injected_background_apps_unverified,
2026-08-22T08:36:57.055405Z,1.0.0,realme_RMX3760_api35,1.0.0+1,release,mobilenet_v3_small_float32,cf6183dcd31c9ec34724e8f68d15423dc09b0cf71b1e91ba37800321b7526ba4,mobilenet_v3_small,float32,float32,float32,1x224x224x3,xnnpack_cpu,xnnpack,xnnpack,,1,1,11,measured,31,292.584000,9.916000,160.4619140625,7.1871490478515625,46.0,charging,false,0,,,43.9,FLAG_KEEP_SCREEN_ON,no_load_injected_background_apps_unverified,
2026-08-22T08:36:57.414898Z,1.0.0,realme_RMX3760_api35,1.0.0+1,release,mobilenet_v3_small_float32,cf6183dcd31c9ec34724e8f68d15423dc09b0cf71b1e91ba37800321b7526ba4,mobilenet_v3_small,float32,float32,float32,1x224x224x3,xnnpack_cpu,xnnpack,xnnpack,,1,1,11,measured,32,305.550000,9.916000,155.9072265625,7.1873931884765625,46.0,charging,false,0,,,43.9,FLAG_KEEP_SCREEN_ON,no_load_injected_background_apps_unverified,
2026-08-22T08:36:57.756501Z,1.0.0,realme_RMX3760_api35,1.0.0+1,release,mobilenet_v3_small_float32,cf6183dcd31c9ec34724e8f68d15423dc09b0cf71b1e91ba37800321b7526ba4,mobilenet_v3_small,float32,float32,float32,1x224x224x3,xnnpack_cpu,xnnpack,xnnpack,,1,1,11,measured,33,290.627000,9.916000,155.9384765625,7.2188873291015625,46.0,charging,false,0,,,43.9,FLAG_KEEP_SCREEN_ON,no_load_injected_background_apps_unverified,
2026-08-22T08:36:58.094694Z,1.0.0,realme_RMX3760_api35,1.0.0+1,release,mobilenet_v3_small_float32,cf6183dcd31c9ec34724e8f68d15423dc09b0cf71b1e91ba37800321b7526ba4,mobilenet_v3_small,float32,float32,float32,1x224x224x3,xnnpack_cpu,xnnpack,xnnpack,,1,1,11,measured,34,286.547000,9.916000,155.8798828125,7.2191314697265625,46.0,charging,false,0,,,43.9,FLAG_KEEP_SCREEN_ON,no_load_injected_background_apps_unverified,
2026-08-22T08:36:58.450181Z,1.0.0,realme_RMX3760_api35,1.0.0+1,release,mobilenet_v3_small_float32,cf6183dcd31c9ec34724e8f68d15423dc09b0cf71b1e91ba37800321b7526ba4,mobilenet_v3_small,float32,float32,float32,1x224x224x3,xnnpack_cpu,xnnpack,xnnpack,,1,1,11,measured,35,302.510000,9.916000,156.4423828125,7.2193756103515625,46.0,charging,false,0,,,43.9,FLAG_KEEP_SCREEN_ON,no_load_injected_background_apps_unverified,
2026-08-22T08:36:58.795139Z,1.0.0,realme_RMX3760_api35,1.0.0+1,release,mobilenet_v3_small_float32,cf6183dcd31c9ec34724e8f68d15423dc09b0cf71b1e91ba37800321b7526ba4,mobilenet_v3_small,float32,float32,float32,1x224x224x3,xnnpack_cpu,xnnpack,xnnpack,,1,1,11,measured,36,290.686000,9.916000,156.4501953125,7.2196197509765625,46.0,charging,false,0,,,43.9,FLAG_KEEP_SCREEN_ON,no_load_injected_background_apps_unverified,
2026-08-22T08:36:59.148472Z,1.0.0,realme_RMX3760_api35,1.0.0+1,release,mobilenet_v3_small_float32,cf6183dcd31c9ec34724e8f68d15423dc09b0cf71b1e91ba37800321b7526ba4,mobilenet_v3_small,float32,float32,float32,1x224x224x3,xnnpack_cpu,xnnpack,xnnpack,,1,1,11,measured,37,297.531000,9.916000,156.4970703125,7.2198638916015625,46.0,charging,false,0,,,43.9,FLAG_KEEP_SCREEN_ON,no_load_injected_background_apps_unverified,
2026-08-22T08:36:59.495485Z,1.0.0,realme_RMX3760_api35,1.0.0+1,release,mobilenet_v3_small_float32,cf6183dcd31c9ec34724e8f68d15423dc09b0cf71b1e91ba37800321b7526ba4,mobilenet_v3_small,float32,float32,float32,1x224x224x3,xnnpack_cpu,xnnpack,xnnpack,,1,1,11,measured,38,293.536000,9.916000,156.5009765625,7.2201080322265625,46.0,charging,false,0,,,43.9,FLAG_KEEP_SCREEN_ON,no_load_injected_background_apps_unverified,
2026-08-22T08:36:59.842901Z,1.0.0,realme_RMX3760_api35,1.0.0+1,release,mobilenet_v3_small_float32,cf6183dcd31c9ec34724e8f68d15423dc09b0cf71b1e91ba37800321b7526ba4,mobilenet_v3_small,float32,float32,float32,1x224x224x3,xnnpack_cpu,xnnpack,xnnpack,,1,1,11,measured,39,293.942000,9.916000,156.0009765625,7.2516021728515625,46.0,charging,false,0,,,43.9,FLAG_KEEP_SCREEN_ON,no_load_injected_background_apps_unverified,
2026-08-22T08:37:00.195693Z,1.0.0,realme_RMX3760_api35,1.0.0+1,release,mobilenet_v3_small_float32,cf6183dcd31c9ec34724e8f68d15423dc09b0cf71b1e91ba37800321b7526ba4,mobilenet_v3_small,float32,float32,float32,1x224x224x3,xnnpack_cpu,xnnpack,xnnpack,,1,1,11,measured,40,300.445000,9.916000,155.9541015625,7.2518463134765625,46.0,charging,false,0,,,43.9,FLAG_KEEP_SCREEN_ON,no_load_injected_background_apps_unverified,
2026-08-22T08:37:00.544461Z,1.0.0,realme_RMX3760_api35,1.0.0+1,release,mobilenet_v3_small_float32,cf6183dcd31c9ec34724e8f68d15423dc09b0cf71b1e91ba37800321b7526ba4,mobilenet_v3_small,float32,float32,float32,1x224x224x3,xnnpack_cpu,xnnpack,xnnpack,,1,1,11,measured,41,298.035000,9.916000,156.4736328125,7.2520904541015625,46.0,charging,false,0,,,43.9,FLAG_KEEP_SCREEN_ON,no_load_injected_background_apps_unverified,
2026-08-22T08:37:00.895564Z,1.0.0,realme_RMX3760_api35,1.0.0+1,release,mobilenet_v3_small_float32,cf6183dcd31c9ec34724e8f68d15423dc09b0cf71b1e91ba37800321b7526ba4,mobilenet_v3_small,float32,float32,float32,1x224x224x3,xnnpack_cpu,xnnpack,xnnpack,,1,1,11,measured,42,299.982000,9.916000,156.0361328125,7.2523345947265625,46.0,charging,false,0,,,43.9,FLAG_KEEP_SCREEN_ON,no_load_injected_background_apps_unverified,
2026-08-22T08:37:01.243995Z,1.0.0,realme_RMX3760_api35,1.0.0+1,release,mobilenet_v3_small_float32,cf6183dcd31c9ec34724e8f68d15423dc09b0cf71b1e91ba37800321b7526ba4,mobilenet_v3_small,float32,float32,float32,1x224x224x3,xnnpack_cpu,xnnpack,xnnpack,,1,1,11,measured,43,293.374000,9.916000,156.0283203125,7.2525787353515625,46.0,charging,false,0,,,43.9,FLAG_KEEP_SCREEN_ON,no_load_injected_background_apps_unverified,
2026-08-22T08:37:01.586828Z,1.0.0,realme_RMX3760_api35,1.0.0+1,release,mobilenet_v3_small_float32,cf6183dcd31c9ec34724e8f68d15423dc09b0cf71b1e91ba37800321b7526ba4,mobilenet_v3_small,float32,float32,float32,1x224x224x3,xnnpack_cpu,xnnpack,xnnpack,,1,1,11,measured,44,288.745000,9.916000,156.0595703125,7.2528228759765625,46.0,charging,false,0,,,43.9,FLAG_KEEP_SCREEN_ON,no_load_injected_background_apps_unverified,
2026-08-22T08:37:01.937980Z,1.0.0,realme_RMX3760_api35,1.0.0+1,release,mobilenet_v3_small_float32,cf6183dcd31c9ec34724e8f68d15423dc09b0cf71b1e91ba37800321b7526ba4,mobilenet_v3_small,float32,float32,float32,1x224x224x3,xnnpack_cpu,xnnpack,xnnpack,,1,1,11,measured,45,300.277000,9.916000,156.0673828125,7.2843170166015625,46.0,charging,false,0,,,43.9,FLAG_KEEP_SCREEN_ON,no_load_injected_background_apps_unverified,
2026-08-22T08:37:02.287649Z,1.0.0,realme_RMX3760_api35,1.0.0+1,release,mobilenet_v3_small_float32,cf6183dcd31c9ec34724e8f68d15423dc09b0cf71b1e91ba37800321b7526ba4,mobilenet_v3_small,float32,float32,float32,1x224x224x3,xnnpack_cpu,xnnpack,xnnpack,,1,1,11,measured,46,297.941000,9.916000,156.1259765625,7.2845611572265625,46.0,charging,false,0,,,43.9,FLAG_KEEP_SCREEN_ON,no_load_injected_background_apps_unverified,
2026-08-22T08:37:02.635577Z,1.0.0,realme_RMX3760_api35,1.0.0+1,release,mobilenet_v3_small_float32,cf6183dcd31c9ec34724e8f68d15423dc09b0cf71b1e91ba37800321b7526ba4,mobilenet_v3_small,float32,float32,float32,1x224x224x3,xnnpack_cpu,xnnpack,xnnpack,,1,1,11,measured,47,293.789000,9.916000,156.1416015625,7.2848052978515625,46.0,charging,false,0,,,43.9,FLAG_KEEP_SCREEN_ON,no_load_injected_background_apps_unverified,
2026-08-22T08:37:02.991180Z,1.0.0,realme_RMX3760_api35,1.0.0+1,release,mobilenet_v3_small_float32,cf6183dcd31c9ec34724e8f68d15423dc09b0cf71b1e91ba37800321b7526ba4,mobilenet_v3_small,float32,float32,float32,1x224x224x3,xnnpack_cpu,xnnpack,xnnpack,,1,1,11,measured,48,301.814000,9.916000,156.1376953125,7.2850494384765625,46.0,charging,false,0,,,43.9,FLAG_KEEP_SCREEN_ON,no_load_injected_background_apps_unverified,
2026-08-22T08:37:03.334852Z,1.0.0,realme_RMX3760_api35,1.0.0+1,release,mobilenet_v3_small_float32,cf6183dcd31c9ec34724e8f68d15423dc09b0cf71b1e91ba37800321b7526ba4,mobilenet_v3_small,float32,float32,float32,1x224x224x3,xnnpack_cpu,xnnpack,xnnpack,,1,1,11,measured,49,292.025000,9.916000,156.4853515625,7.2852935791015625,46.0,charging,false,0,,,43.9,FLAG_KEEP_SCREEN_ON,no_load_injected_background_apps_unverified,
2026-08-22T08:37:03.683407Z,1.0.0,realme_RMX3760_api35,1.0.0+1,release,mobilenet_v3_small_float32,cf6183dcd31c9ec34724e8f68d15423dc09b0cf71b1e91ba37800321b7526ba4,mobilenet_v3_small,float32,float32,float32,1x224x224x3,xnnpack_cpu,xnnpack,xnnpack,,1,1,11,measured,50,297.014000,9.916000,156.0634765625,7.2855377197265625,46.0,charging,false,0,,,43.9,FLAG_KEEP_SCREEN_ON,no_load_injected_background_apps_unverified,
2026-08-22T08:37:04.024354Z,1.0.0,realme_RMX3760_api35,1.0.0+1,release,mobilenet_v3_small_float32,cf6183dcd31c9ec34724e8f68d15423dc09b0cf71b1e91ba37800321b7526ba4,mobilenet_v3_small,float32,float32,float32,1x224x224x3,xnnpack_cpu,xnnpack,xnnpack,,1,1,11,measured,51,290.090000,9.916000,156.5595703125,7.2857818603515625,46.0,charging,false,0,,,43.9,FLAG_KEEP_SCREEN_ON,no_load_injected_background_apps_unverified,
2026-08-22T08:37:04.371648Z,1.0.0,realme_RMX3760_api35,1.0.0+1,release,mobilenet_v3_small_float32,cf6183dcd31c9ec34724e8f68d15423dc09b0cf71b1e91ba37800321b7526ba4,mobilenet_v3_small,float32,float32,float32,1x224x224x3,xnnpack_cpu,xnnpack,xnnpack,,1,1,11,measured,52,292.307000,9.916000,156.5673828125,7.3172760009765625,46.0,charging,false,0,,,43.9,FLAG_KEEP_SCREEN_ON,no_load_injected_background_apps_unverified,
2026-08-22T08:37:04.719882Z,1.0.0,realme_RMX3760_api35,1.0.0+1,release,mobilenet_v3_small_float32,cf6183dcd31c9ec34724e8f68d15423dc09b0cf71b1e91ba37800321b7526ba4,mobilenet_v3_small,float32,float32,float32,1x224x224x3,xnnpack_cpu,xnnpack,xnnpack,,1,1,11,measured,53,294.847000,9.916000,156.6064453125,7.3175201416015625,46.0,charging,false,0,,,43.9,FLAG_KEEP_SCREEN_ON,no_load_injected_background_apps_unverified,
2026-08-22T08:37:05.066287Z,1.0.0,realme_RMX3760_api35,1.0.0+1,release,mobilenet_v3_small_float32,cf6183dcd31c9ec34724e8f68d15423dc09b0cf71b1e91ba37800321b7526ba4,mobilenet_v3_small,float32,float32,float32,1x224x224x3,xnnpack_cpu,xnnpack,xnnpack,,1,1,11,measured,54,295.088000,9.916000,156.5986328125,7.3177642822265625,46.0,charging,false,0,,,43.9,FLAG_KEEP_SCREEN_ON,no_load_injected_background_apps_unverified,
2026-08-22T08:37:05.415668Z,1.0.0,realme_RMX3760_api35,1.0.0+1,release,mobilenet_v3_small_float32,cf6183dcd31c9ec34724e8f68d15423dc09b0cf71b1e91ba37800321b7526ba4,mobilenet_v3_small,float32,float32,float32,1x224x224x3,xnnpack_cpu,xnnpack,xnnpack,,1,1,11,measured,55,294.985000,9.916000,156.0947265625,7.3180084228515625,46.0,charging,false,0,,,43.9,FLAG_KEEP_SCREEN_ON,no_load_injected_background_apps_unverified,
2026-08-22T08:37:05.765757Z,1.0.0,realme_RMX3760_api35,1.0.0+1,release,mobilenet_v3_small_float32,cf6183dcd31c9ec34724e8f68d15423dc09b0cf71b1e91ba37800321b7526ba4,mobilenet_v3_small,float32,float32,float32,1x224x224x3,xnnpack_cpu,xnnpack,xnnpack,,1,1,11,measured,56,298.600000,9.916000,160.6962890625,7.3182525634765625,46.0,charging,false,0,,,43.9,FLAG_KEEP_SCREEN_ON,no_load_injected_background_apps_unverified,
2026-08-22T08:37:06.116612Z,1.0.0,realme_RMX3760_api35,1.0.0+1,release,mobilenet_v3_small_float32,cf6183dcd31c9ec34724e8f68d15423dc09b0cf71b1e91ba37800321b7526ba4,mobilenet_v3_small,float32,float32,float32,1x224x224x3,xnnpack_cpu,xnnpack,xnnpack,,1,1,11,measured,57,300.598000,9.916000,156.6142578125,7.3184967041015625,46.0,charging,false,0,,,43.9,FLAG_KEEP_SCREEN_ON,no_load_injected_background_apps_unverified,
2026-08-22T08:37:06.462050Z,1.0.0,realme_RMX3760_api35,1.0.0+1,release,mobilenet_v3_small_float32,cf6183dcd31c9ec34724e8f68d15423dc09b0cf71b1e91ba37800321b7526ba4,mobilenet_v3_small,float32,float32,float32,1x224x224x3,xnnpack_cpu,xnnpack,xnnpack,,1,1,11,measured,58,293.740000,9.916000,156.3134765625,7.3499908447265625,46.0,charging,false,0,,,43.9,FLAG_KEEP_SCREEN_ON,no_load_injected_background_apps_unverified,
2026-08-22T08:37:06.810011Z,1.0.0,realme_RMX3760_api35,1.0.0+1,release,mobilenet_v3_small_float32,cf6183dcd31c9ec34724e8f68d15423dc09b0cf71b1e91ba37800321b7526ba4,mobilenet_v3_small,float32,float32,float32,1x224x224x3,xnnpack_cpu,xnnpack,xnnpack,,1,1,11,measured,59,296.951000,9.916000,156.1298828125,7.3502349853515625,46.0,charging,false,0,,,43.9,FLAG_KEEP_SCREEN_ON,no_load_injected_background_apps_unverified,
2026-08-22T08:37:07.161471Z,1.0.0,realme_RMX3760_api35,1.0.0+1,release,mobilenet_v3_small_float32,cf6183dcd31c9ec34724e8f68d15423dc09b0cf71b1e91ba37800321b7526ba4,mobilenet_v3_small,float32,float32,float32,1x224x224x3,xnnpack_cpu,xnnpack,xnnpack,,1,1,11,measured,60,294.577000,9.916000,156.1259765625,7.3504791259765625,46.0,charging,false,0,,,43.9,FLAG_KEEP_SCREEN_ON,no_load_injected_background_apps_unverified,
2026-08-22T08:37:07.512037Z,1.0.0,realme_RMX3760_api35,1.0.0+1,release,mobilenet_v3_small_float32,cf6183dcd31c9ec34724e8f68d15423dc09b0cf71b1e91ba37800321b7526ba4,mobilenet_v3_small,float32,float32,float32,1x224x224x3,xnnpack_cpu,xnnpack,xnnpack,,1,1,11,measured,61,297.979000,9.916000,156.1376953125,7.3507232666015625,46.0,charging,false,0,,,43.9,FLAG_KEEP_SCREEN_ON,no_load_injected_background_apps_unverified,
2026-08-22T08:37:07.859947Z,1.0.0,realme_RMX3760_api35,1.0.0+1,release,mobilenet_v3_small_float32,cf6183dcd31c9ec34724e8f68d15423dc09b0cf71b1e91ba37800321b7526ba4,mobilenet_v3_small,float32,float32,float32,1x224x224x3,xnnpack_cpu,xnnpack,xnnpack,,1,1,11,measured,62,296.337000,9.916000,156.1611328125,7.3509674072265625,46.0,charging,false,0,,,43.9,FLAG_KEEP_SCREEN_ON,no_load_injected_background_apps_unverified,
2026-08-22T08:37:08.198409Z,1.0.0,realme_RMX3760_api35,1.0.0+1,release,mobilenet_v3_small_float32,cf6183dcd31c9ec34724e8f68d15423dc09b0cf71b1e91ba37800321b7526ba4,mobilenet_v3_small,float32,float32,float32,1x224x224x3,xnnpack_cpu,xnnpack,xnnpack,,1,1,11,measured,63,286.748000,9.916000,156.1923828125,7.3512115478515625,46.0,charging,false,0,,,43.9,FLAG_KEEP_SCREEN_ON,no_load_injected_background_apps_unverified,
2026-08-22T08:37:08.543754Z,1.0.0,realme_RMX3760_api35,1.0.0+1,release,mobilenet_v3_small_float32,cf6183dcd31c9ec34724e8f68d15423dc09b0cf71b1e91ba37800321b7526ba4,mobilenet_v3_small,float32,float32,float32,1x224x224x3,xnnpack_cpu,xnnpack,xnnpack,,1,1,11,measured,64,290.908000,9.916000,156.5947265625,7.3827056884765625,46.0,charging,false,0,,,43.9,FLAG_KEEP_SCREEN_ON,no_load_injected_background_apps_unverified,
2026-08-22T08:37:08.886371Z,1.0.0,realme_RMX3760_api35,1.0.0+1,release,mobilenet_v3_small_float32,cf6183dcd31c9ec34724e8f68d15423dc09b0cf71b1e91ba37800321b7526ba4,mobilenet_v3_small,float32,float32,float32,1x224x224x3,xnnpack_cpu,xnnpack,xnnpack,,1,1,11,measured,65,288.276000,9.916000,156.1259765625,7.3829498291015625,46.0,charging,false,0,,,43.9,FLAG_KEEP_SCREEN_ON,no_load_injected_background_apps_unverified,
2026-08-22T08:37:09.225124Z,1.0.0,realme_RMX3760_api35,1.0.0+1,release,mobilenet_v3_small_float32,cf6183dcd31c9ec34724e8f68d15423dc09b0cf71b1e91ba37800321b7526ba4,mobilenet_v3_small,float32,float32,float32,1x224x224x3,xnnpack_cpu,xnnpack,xnnpack,,1,1,11,measured,66,287.380000,9.916000,157.1220703125,7.3831939697265625,46.0,charging,false,0,,,43.9,FLAG_KEEP_SCREEN_ON,no_load_injected_background_apps_unverified,
2026-08-22T08:37:09.568008Z,1.0.0,realme_RMX3760_api35,1.0.0+1,release,mobilenet_v3_small_float32,cf6183dcd31c9ec34724e8f68d15423dc09b0cf71b1e91ba37800321b7526ba4,mobilenet_v3_small,float32,float32,float32,1x224x224x3,xnnpack_cpu,xnnpack,xnnpack,,1,1,11,measured,67,291.112000,9.916000,156.1298828125,7.3834381103515625,46.0,charging,false,0,,,43.9,FLAG_KEEP_SCREEN_ON,no_load_injected_background_apps_unverified,
2026-08-22T08:37:09.919063Z,1.0.0,realme_RMX3760_api35,1.0.0+1,release,mobilenet_v3_small_float32,cf6183dcd31c9ec34724e8f68d15423dc09b0cf71b1e91ba37800321b7526ba4,mobilenet_v3_small,float32,float32,float32,1x224x224x3,xnnpack_cpu,xnnpack,xnnpack,,1,1,11,measured,68,298.525000,9.916000,156.6650390625,7.3836822509765625,46.0,charging,false,0,,,43.9,FLAG_KEEP_SCREEN_ON,no_load_injected_background_apps_unverified,
2026-08-22T08:37:10.276777Z,1.0.0,realme_RMX3760_api35,1.0.0+1,release,mobilenet_v3_small_float32,cf6183dcd31c9ec34724e8f68d15423dc09b0cf71b1e91ba37800321b7526ba4,mobilenet_v3_small,float32,float32,float32,1x224x224x3,xnnpack_cpu,xnnpack,xnnpack,,1,1,11,measured,69,307.454000,9.916000,156.7548828125,7.3839263916015625,46.0,charging,false,0,,,43.9,FLAG_KEEP_SCREEN_ON,no_load_injected_background_apps_unverified,
2026-08-22T08:37:10.624029Z,1.0.0,realme_RMX3760_api35,1.0.0+1,release,mobilenet_v3_small_float32,cf6183dcd31c9ec34724e8f68d15423dc09b0cf71b1e91ba37800321b7526ba4,mobilenet_v3_small,float32,float32,float32,1x224x224x3,xnnpack_cpu,xnnpack,xnnpack,,1,1,11,measured,70,292.984000,9.916000,156.6416015625,7.4154205322265625,46.0,charging,false,0,,,43.9,FLAG_KEEP_SCREEN_ON,no_load_injected_background_apps_unverified,
2026-08-22T08:37:10.978351Z,1.0.0,realme_RMX3760_api35,1.0.0+1,release,mobilenet_v3_small_float32,cf6183dcd31c9ec34724e8f68d15423dc09b0cf71b1e91ba37800321b7526ba4,mobilenet_v3_small,float32,float32,float32,1x224x224x3,xnnpack_cpu,xnnpack,xnnpack,,1,1,11,measured,71,304.003000,9.916000,156.2392578125,7.4156646728515625,46.0,charging,false,0,,,43.9,FLAG_KEEP_SCREEN_ON,no_load_injected_background_apps_unverified,
2026-08-22T08:37:11.325873Z,1.0.0,realme_RMX3760_api35,1.0.0+1,release,mobilenet_v3_small_float32,cf6183dcd31c9ec34724e8f68d15423dc09b0cf71b1e91ba37800321b7526ba4,mobilenet_v3_small,float32,float32,float32,1x224x224x3,xnnpack_cpu,xnnpack,xnnpack,,1,1,11,measured,72,293.425000,9.916000,156.7353515625,7.4159088134765625,46.0,charging,false,0,,,43.9,FLAG_KEEP_SCREEN_ON,no_load_injected_background_apps_unverified,
2026-08-22T08:37:11.683706Z,1.0.0,realme_RMX3760_api35,1.0.0+1,release,mobilenet_v3_small_float32,cf6183dcd31c9ec34724e8f68d15423dc09b0cf71b1e91ba37800321b7526ba4,mobilenet_v3_small,float32,float32,float32,1x224x224x3,xnnpack_cpu,xnnpack,xnnpack,,1,1,11,measured,73,302.706000,9.916000,156.1767578125,7.4161529541015625,46.0,charging,false,0,,,43.9,FLAG_KEEP_SCREEN_ON,no_load_injected_background_apps_unverified,
2026-08-22T08:37:12.026390Z,1.0.0,realme_RMX3760_api35,1.0.0+1,release,mobilenet_v3_small_float32,cf6183dcd31c9ec34724e8f68d15423dc09b0cf71b1e91ba37800321b7526ba4,mobilenet_v3_small,float32,float32,float32,1x224x224x3,xnnpack_cpu,xnnpack,xnnpack,,1,1,11,measured,74,289.335000,9.916000,157.2197265625,7.4163970947265625,46.0,charging,false,0,,,43.9,FLAG_KEEP_SCREEN_ON,no_load_injected_background_apps_unverified,
2026-08-22T08:37:12.366900Z,1.0.0,realme_RMX3760_api35,1.0.0+1,release,mobilenet_v3_small_float32,cf6183dcd31c9ec34724e8f68d15423dc09b0cf71b1e91ba37800321b7526ba4,mobilenet_v3_small,float32,float32,float32,1x224x224x3,xnnpack_cpu,xnnpack,xnnpack,,1,1,11,measured,75,287.207000,9.916000,156.2197265625,7.4166412353515625,46.0,charging,false,0,,,43.9,FLAG_KEEP_SCREEN_ON,no_load_injected_background_apps_unverified,
2026-08-22T08:37:12.712227Z,1.0.0,realme_RMX3760_api35,1.0.0+1,release,mobilenet_v3_small_float32,cf6183dcd31c9ec34724e8f68d15423dc09b0cf71b1e91ba37800321b7526ba4,mobilenet_v3_small,float32,float32,float32,1x224x224x3,xnnpack_cpu,xnnpack,xnnpack,,1,1,11,measured,76,291.474000,9.916000,156.7236328125,7.4168853759765625,46.0,charging,false,0,,,43.9,FLAG_KEEP_SCREEN_ON,no_load_injected_background_apps_unverified,
2026-08-22T08:37:13.063125Z,1.0.0,realme_RMX3760_api35,1.0.0+1,release,mobilenet_v3_small_float32,cf6183dcd31c9ec34724e8f68d15423dc09b0cf71b1e91ba37800321b7526ba4,mobilenet_v3_small,float32,float32,float32,1x224x224x3,xnnpack_cpu,xnnpack,xnnpack,,1,1,11,measured,77,299.511000,9.916000,156.2314453125,7.4483795166015625,46.0,charging,false,0,,,43.9,FLAG_KEEP_SCREEN_ON,no_load_injected_background_apps_unverified,
2026-08-22T08:37:13.418958Z,1.0.0,realme_RMX3760_api35,1.0.0+1,release,mobilenet_v3_small_float32,cf6183dcd31c9ec34724e8f68d15423dc09b0cf71b1e91ba37800321b7526ba4,mobilenet_v3_small,float32,float32,float32,1x224x224x3,xnnpack_cpu,xnnpack,xnnpack,,1,1,11,measured,78,302.216000,9.916000,156.2353515625,7.4486236572265625,46.0,charging,false,0,,,43.9,FLAG_KEEP_SCREEN_ON,no_load_injected_background_apps_unverified,
2026-08-22T08:37:13.764599Z,1.0.0,realme_RMX3760_api35,1.0.0+1,release,mobilenet_v3_small_float32,cf6183dcd31c9ec34724e8f68d15423dc09b0cf71b1e91ba37800321b7526ba4,mobilenet_v3_small,float32,float32,float32,1x224x224x3,xnnpack_cpu,xnnpack,xnnpack,,1,1,11,measured,79,291.384000,9.916000,156.7353515625,7.4488677978515625,46.0,charging,false,0,,,43.9,FLAG_KEEP_SCREEN_ON,no_load_injected_background_apps_unverified,
2026-08-22T08:37:14.113383Z,1.0.0,realme_RMX3760_api35,1.0.0+1,release,mobilenet_v3_small_float32,cf6183dcd31c9ec34724e8f68d15423dc09b0cf71b1e91ba37800321b7526ba4,mobilenet_v3_small,float32,float32,float32,1x224x224x3,xnnpack_cpu,xnnpack,xnnpack,,1,1,11,measured,80,297.186000,9.916000,156.7470703125,7.4491119384765625,46.0,charging,false,0,,,43.9,FLAG_KEEP_SCREEN_ON,no_load_injected_background_apps_unverified,
2026-08-22T08:37:14.449677Z,1.0.0,realme_RMX3760_api35,1.0.0+1,release,mobilenet_v3_small_float32,cf6183dcd31c9ec34724e8f68d15423dc09b0cf71b1e91ba37800321b7526ba4,mobilenet_v3_small,float32,float32,float32,1x224x224x3,xnnpack_cpu,xnnpack,xnnpack,,1,1,11,measured,81,285.161000,9.916000,156.2470703125,7.4493560791015625,46.0,charging,false,0,,,43.9,FLAG_KEEP_SCREEN_ON,no_load_injected_background_apps_unverified,
2026-08-22T08:37:14.874765Z,1.0.0,realme_RMX3760_api35,1.0.0+1,release,mobilenet_v3_small_float32,cf6183dcd31c9ec34724e8f68d15423dc09b0cf71b1e91ba37800321b7526ba4,mobilenet_v3_small,float32,float32,float32,1x224x224x3,xnnpack_cpu,xnnpack,xnnpack,,1,1,11,measured,82,353.385000,9.916000,156.6650390625,7.4496002197265625,46.0,charging,false,0,,,43.9,FLAG_KEEP_SCREEN_ON,no_load_injected_background_apps_unverified,
2026-08-22T08:37:15.229457Z,1.0.0,realme_RMX3760_api35,1.0.0+1,release,mobilenet_v3_small_float32,cf6183dcd31c9ec34724e8f68d15423dc09b0cf71b1e91ba37800321b7526ba4,mobilenet_v3_small,float32,float32,float32,1x224x224x3,xnnpack_cpu,xnnpack,xnnpack,,1,1,11,measured,83,302.546000,9.916000,156.8251953125,7.4810943603515625,46.0,charging,false,0,,,43.9,FLAG_KEEP_SCREEN_ON,no_load_injected_background_apps_unverified,
2026-08-22T08:37:15.574701Z,1.0.0,realme_RMX3760_api35,1.0.0+1,release,mobilenet_v3_small_float32,cf6183dcd31c9ec34724e8f68d15423dc09b0cf71b1e91ba37800321b7526ba4,mobilenet_v3_small,float32,float32,float32,1x224x224x3,xnnpack_cpu,xnnpack,xnnpack,,1,1,11,measured,84,291.775000,9.916000,156.3212890625,7.4813385009765625,46.0,charging,false,0,,,43.9,FLAG_KEEP_SCREEN_ON,no_load_injected_background_apps_unverified,
2026-08-22T08:37:15.920013Z,1.0.0,realme_RMX3760_api35,1.0.0+1,release,mobilenet_v3_small_float32,cf6183dcd31c9ec34724e8f68d15423dc09b0cf71b1e91ba37800321b7526ba4,mobilenet_v3_small,float32,float32,float32,1x224x224x3,xnnpack_cpu,xnnpack,xnnpack,,1,1,11,measured,85,293.293000,9.916000,156.2080078125,7.4815826416015625,46.0,charging,false,0,,,43.9,FLAG_KEEP_SCREEN_ON,no_load_injected_background_apps_unverified,
2026-08-22T08:37:16.263097Z,1.0.0,realme_RMX3760_api35,1.0.0+1,release,mobilenet_v3_small_float32,cf6183dcd31c9ec34724e8f68d15423dc09b0cf71b1e91ba37800321b7526ba4,mobilenet_v3_small,float32,float32,float32,1x224x224x3,xnnpack_cpu,xnnpack,xnnpack,,1,1,11,measured,86,291.504000,9.916000,156.2353515625,7.4818267822265625,46.0,charging,false,0,,,43.9,FLAG_KEEP_SCREEN_ON,no_load_injected_background_apps_unverified,
2026-08-22T08:37:16.606872Z,1.0.0,realme_RMX3760_api35,1.0.0+1,release,mobilenet_v3_small_float32,cf6183dcd31c9ec34724e8f68d15423dc09b0cf71b1e91ba37800321b7526ba4,mobilenet_v3_small,float32,float32,float32,1x224x224x3,xnnpack_cpu,xnnpack,xnnpack,,1,1,11,measured,87,289.849000,9.916000,156.8330078125,7.4820709228515625,46.0,charging,false,0,,,43.9,FLAG_KEEP_SCREEN_ON,no_load_injected_background_apps_unverified,
2026-08-22T08:37:16.949337Z,1.0.0,realme_RMX3760_api35,1.0.0+1,release,mobilenet_v3_small_float32,cf6183dcd31c9ec34724e8f68d15423dc09b0cf71b1e91ba37800321b7526ba4,mobilenet_v3_small,float32,float32,float32,1x224x224x3,xnnpack_cpu,xnnpack,xnnpack,,1,1,11,measured,88,289.112000,9.916000,156.8369140625,7.4823150634765625,46.0,charging,false,0,,,43.9,FLAG_KEEP_SCREEN_ON,no_load_injected_background_apps_unverified,
2026-08-22T08:37:17.305418Z,1.0.0,realme_RMX3760_api35,1.0.0+1,release,mobilenet_v3_small_float32,cf6183dcd31c9ec34724e8f68d15423dc09b0cf71b1e91ba37800321b7526ba4,mobilenet_v3_small,float32,float32,float32,1x224x224x3,xnnpack_cpu,xnnpack,xnnpack,,1,1,11,measured,89,305.670000,9.916000,156.3486328125,7.5138092041015625,46.0,charging,false,0,,,44.0,FLAG_KEEP_SCREEN_ON,no_load_injected_background_apps_unverified,
2026-08-22T08:37:17.654874Z,1.0.0,realme_RMX3760_api35,1.0.0+1,release,mobilenet_v3_small_float32,cf6183dcd31c9ec34724e8f68d15423dc09b0cf71b1e91ba37800321b7526ba4,mobilenet_v3_small,float32,float32,float32,1x224x224x3,xnnpack_cpu,xnnpack,xnnpack,,1,1,11,measured,90,294.577000,9.916000,156.3486328125,7.5140533447265625,46.0,charging,false,0,,,44.0,FLAG_KEEP_SCREEN_ON,no_load_injected_background_apps_unverified,
2026-08-22T08:37:18.002327Z,1.0.0,realme_RMX3760_api35,1.0.0+1,release,mobilenet_v3_small_float32,cf6183dcd31c9ec34724e8f68d15423dc09b0cf71b1e91ba37800321b7526ba4,mobilenet_v3_small,float32,float32,float32,1x224x224x3,xnnpack_cpu,xnnpack,xnnpack,,1,1,11,measured,91,292.992000,9.916000,156.8564453125,7.5142974853515625,46.0,charging,false,0,,,44.0,FLAG_KEEP_SCREEN_ON,no_load_injected_background_apps_unverified,
2026-08-22T08:37:18.348814Z,1.0.0,realme_RMX3760_api35,1.0.0+1,release,mobilenet_v3_small_float32,cf6183dcd31c9ec34724e8f68d15423dc09b0cf71b1e91ba37800321b7526ba4,mobilenet_v3_small,float32,float32,float32,1x224x224x3,xnnpack_cpu,xnnpack,xnnpack,,1,1,11,measured,92,295.149000,9.916000,156.3681640625,7.5145416259765625,46.0,charging,false,0,,,44.0,FLAG_KEEP_SCREEN_ON,no_load_injected_background_apps_unverified,
2026-08-22T08:37:18.691071Z,1.0.0,realme_RMX3760_api35,1.0.0+1,release,mobilenet_v3_small_float32,cf6183dcd31c9ec34724e8f68d15423dc09b0cf71b1e91ba37800321b7526ba4,mobilenet_v3_small,float32,float32,float32,1x224x224x3,xnnpack_cpu,xnnpack,xnnpack,,1,1,11,measured,93,289.950000,9.916000,156.8720703125,7.5147857666015625,46.0,charging,false,0,,,44.0,FLAG_KEEP_SCREEN_ON,no_load_injected_background_apps_unverified,
2026-08-22T08:37:19.040331Z,1.0.0,realme_RMX3760_api35,1.0.0+1,release,mobilenet_v3_small_float32,cf6183dcd31c9ec34724e8f68d15423dc09b0cf71b1e91ba37800321b7526ba4,mobilenet_v3_small,float32,float32,float32,1x224x224x3,xnnpack_cpu,xnnpack,xnnpack,,1,1,11,measured,94,295.052000,9.916000,156.9033203125,7.5150299072265625,46.0,charging,false,0,,,44.0,FLAG_KEEP_SCREEN_ON,no_load_injected_background_apps_unverified,
2026-08-22T08:37:19.377758Z,1.0.0,realme_RMX3760_api35,1.0.0+1,release,mobilenet_v3_small_float32,cf6183dcd31c9ec34724e8f68d15423dc09b0cf71b1e91ba37800321b7526ba4,mobilenet_v3_small,float32,float32,float32,1x224x224x3,xnnpack_cpu,xnnpack,xnnpack,,1,1,11,measured,95,285.689000,9.916000,156.4111328125,7.5465240478515625,46.0,charging,false,0,,,44.0,FLAG_KEEP_SCREEN_ON,no_load_injected_background_apps_unverified,
2026-08-22T08:37:19.717393Z,1.0.0,realme_RMX3760_api35,1.0.0+1,release,mobilenet_v3_small_float32,cf6183dcd31c9ec34724e8f68d15423dc09b0cf71b1e91ba37800321b7526ba4,mobilenet_v3_small,float32,float32,float32,1x224x224x3,xnnpack_cpu,xnnpack,xnnpack,,1,1,11,measured,96,287.844000,9.916000,156.9072265625,7.5467681884765625,46.0,charging,false,0,,,44.0,FLAG_KEEP_SCREEN_ON,no_load_injected_background_apps_unverified,
2026-08-22T08:37:20.064023Z,1.0.0,realme_RMX3760_api35,1.0.0+1,release,mobilenet_v3_small_float32,cf6183dcd31c9ec34724e8f68d15423dc09b0cf71b1e91ba37800321b7526ba4,mobilenet_v3_small,float32,float32,float32,1x224x224x3,xnnpack_cpu,xnnpack,xnnpack,,1,1,11,measured,97,295.407000,9.916000,156.3759765625,7.5470123291015625,46.0,charging,false,0,,,44.0,FLAG_KEEP_SCREEN_ON,no_load_injected_background_apps_unverified,
2026-08-22T08:37:20.408396Z,1.0.0,realme_RMX3760_api35,1.0.0+1,release,mobilenet_v3_small_float32,cf6183dcd31c9ec34724e8f68d15423dc09b0cf71b1e91ba37800321b7526ba4,mobilenet_v3_small,float32,float32,float32,1x224x224x3,xnnpack_cpu,xnnpack,xnnpack,,1,1,11,measured,98,294.196000,9.916000,156.8916015625,7.5472564697265625,46.0,charging,false,0,,,44.0,FLAG_KEEP_SCREEN_ON,no_load_injected_background_apps_unverified,
2026-08-22T08:37:20.753084Z,1.0.0,realme_RMX3760_api35,1.0.0+1,release,mobilenet_v3_small_float32,cf6183dcd31c9ec34724e8f68d15423dc09b0cf71b1e91ba37800321b7526ba4,mobilenet_v3_small,float32,float32,float32,1x224x224x3,xnnpack_cpu,xnnpack,xnnpack,,1,1,11,measured,99,292.384000,9.916000,161.4814453125,7.5475006103515625,46.0,charging,false,0,,,44.0,FLAG_KEEP_SCREEN_ON,no_load_injected_background_apps_unverified,
2026-08-22T08:37:23.726815Z,1.0.0,realme_RMX3760_api35,1.0.0+1,release,mobilenet_v3_small_full_int8,7eb4e5feb3ad6a7ffe9c7d81f9f7b78d520a334323c091aaddccb8859c84991b,mobilenet_v3_small,full_int8,int8,int8,1x224x224x3,builtin_cpu,none,none_builtin,,1,1,12,measured,0,134.963000,5.516000,149.5869140625,7.5477447509765625,46.0,charging,false,0,,,44.0,FLAG_KEEP_SCREEN_ON,no_load_injected_background_apps_unverified,
2026-08-22T08:37:23.912423Z,1.0.0,realme_RMX3760_api35,1.0.0+1,release,mobilenet_v3_small_full_int8,7eb4e5feb3ad6a7ffe9c7d81f9f7b78d520a334323c091aaddccb8859c84991b,mobilenet_v3_small,full_int8,int8,int8,1x224x224x3,builtin_cpu,none,none_builtin,,1,1,12,measured,1,133.193000,5.516000,147.1298828125,7.5479888916015625,46.0,charging,false,0,,,44.0,FLAG_KEEP_SCREEN_ON,no_load_injected_background_apps_unverified,
2026-08-22T08:37:24.093570Z,1.0.0,realme_RMX3760_api35,1.0.0+1,release,mobilenet_v3_small_full_int8,7eb4e5feb3ad6a7ffe9c7d81f9f7b78d520a334323c091aaddccb8859c84991b,mobilenet_v3_small,full_int8,int8,int8,1x224x224x3,builtin_cpu,none,none_builtin,,1,1,12,measured,2,127.859000,5.516000,149.1494140625,7.5794830322265625,46.0,charging,false,0,,,44.0,FLAG_KEEP_SCREEN_ON,no_load_injected_background_apps_unverified,
2026-08-22T08:37:24.275931Z,1.0.0,realme_RMX3760_api35,1.0.0+1,release,mobilenet_v3_small_full_int8,7eb4e5feb3ad6a7ffe9c7d81f9f7b78d520a334323c091aaddccb8859c84991b,mobilenet_v3_small,full_int8,int8,int8,1x224x224x3,builtin_cpu,none,none_builtin,,1,1,12,measured,3,128.940000,5.516000,148.8486328125,7.5797271728515625,46.0,charging,false,0,,,44.0,FLAG_KEEP_SCREEN_ON,no_load_injected_background_apps_unverified,
2026-08-22T08:37:24.461374Z,1.0.0,realme_RMX3760_api35,1.0.0+1,release,mobilenet_v3_small_full_int8,7eb4e5feb3ad6a7ffe9c7d81f9f7b78d520a334323c091aaddccb8859c84991b,mobilenet_v3_small,full_int8,int8,int8,1x224x224x3,builtin_cpu,none,none_builtin,,1,1,12,measured,4,134.228000,5.516000,147.0947265625,7.5799713134765625,46.0,charging,false,0,,,44.0,FLAG_KEEP_SCREEN_ON,no_load_injected_background_apps_unverified,
2026-08-22T08:37:24.639872Z,1.0.0,realme_RMX3760_api35,1.0.0+1,release,mobilenet_v3_small_full_int8,7eb4e5feb3ad6a7ffe9c7d81f9f7b78d520a334323c091aaddccb8859c84991b,mobilenet_v3_small,full_int8,int8,int8,1x224x224x3,builtin_cpu,none,none_builtin,,1,1,12,measured,5,126.084000,5.516000,149.3876953125,7.5802154541015625,46.0,charging,false,0,,,44.0,FLAG_KEEP_SCREEN_ON,no_load_injected_background_apps_unverified,
2026-08-22T08:37:24.821976Z,1.0.0,realme_RMX3760_api35,1.0.0+1,release,mobilenet_v3_small_full_int8,7eb4e5feb3ad6a7ffe9c7d81f9f7b78d520a334323c091aaddccb8859c84991b,mobilenet_v3_small,full_int8,int8,int8,1x224x224x3,builtin_cpu,none,none_builtin,,1,1,12,measured,6,131.624000,5.516000,147.1611328125,7.5804595947265625,46.0,charging,false,0,,,44.0,FLAG_KEEP_SCREEN_ON,no_load_injected_background_apps_unverified,
2026-08-22T08:37:25.002512Z,1.0.0,realme_RMX3760_api35,1.0.0+1,release,mobilenet_v3_small_full_int8,7eb4e5feb3ad6a7ffe9c7d81f9f7b78d520a334323c091aaddccb8859c84991b,mobilenet_v3_small,full_int8,int8,int8,1x224x224x3,builtin_cpu,none,none_builtin,,1,1,12,measured,7,128.989000,5.516000,146.6650390625,7.5807037353515625,46.0,charging,false,0,,,44.0,FLAG_KEEP_SCREEN_ON,no_load_injected_background_apps_unverified,
2026-08-22T08:37:25.181008Z,1.0.0,realme_RMX3760_api35,1.0.0+1,release,mobilenet_v3_small_full_int8,7eb4e5feb3ad6a7ffe9c7d81f9f7b78d520a334323c091aaddccb8859c84991b,mobilenet_v3_small,full_int8,int8,int8,1x224x224x3,builtin_cpu,none,none_builtin,,1,1,12,measured,8,125.630000,5.516000,149.4306640625,7.6121978759765625,46.0,charging,false,0,,,44.0,FLAG_KEEP_SCREEN_ON,no_load_injected_background_apps_unverified,
2026-08-22T08:37:25.365431Z,1.0.0,realme_RMX3760_api35,1.0.0+1,release,mobilenet_v3_small_full_int8,7eb4e5feb3ad6a7ffe9c7d81f9f7b78d520a334323c091aaddccb8859c84991b,mobilenet_v3_small,full_int8,int8,int8,1x224x224x3,builtin_cpu,none,none_builtin,,1,1,12,measured,9,127.166000,5.516000,148.9306640625,7.6124420166015625,46.0,charging,false,0,,,44.0,FLAG_KEEP_SCREEN_ON,no_load_injected_background_apps_unverified,
2026-08-22T08:37:25.545812Z,1.0.0,realme_RMX3760_api35,1.0.0+1,release,mobilenet_v3_small_full_int8,7eb4e5feb3ad6a7ffe9c7d81f9f7b78d520a334323c091aaddccb8859c84991b,mobilenet_v3_small,full_int8,int8,int8,1x224x224x3,builtin_cpu,none,none_builtin,,1,1,12,measured,10,126.458000,5.516000,148.9384765625,7.6126861572265625,46.0,charging,false,0,,,44.0,FLAG_KEEP_SCREEN_ON,no_load_injected_background_apps_unverified,
2026-08-22T08:37:25.726089Z,1.0.0,realme_RMX3760_api35,1.0.0+1,release,mobilenet_v3_small_full_int8,7eb4e5feb3ad6a7ffe9c7d81f9f7b78d520a334323c091aaddccb8859c84991b,mobilenet_v3_small,full_int8,int8,int8,1x224x224x3,builtin_cpu,none,none_builtin,,1,1,12,measured,11,125.599000,5.516000,148.9462890625,7.6129302978515625,46.0,charging,false,0,,,44.0,FLAG_KEEP_SCREEN_ON,no_load_injected_background_apps_unverified,
2026-08-22T08:37:25.910462Z,1.0.0,realme_RMX3760_api35,1.0.0+1,release,mobilenet_v3_small_full_int8,7eb4e5feb3ad6a7ffe9c7d81f9f7b78d520a334323c091aaddccb8859c84991b,mobilenet_v3_small,full_int8,int8,int8,1x224x224x3,builtin_cpu,none,none_builtin,,1,1,12,measured,12,126.342000,5.516000,148.9501953125,7.6131744384765625,46.0,charging,false,0,,,44.0,FLAG_KEEP_SCREEN_ON,no_load_injected_background_apps_unverified,
2026-08-22T08:37:26.096063Z,1.0.0,realme_RMX3760_api35,1.0.0+1,release,mobilenet_v3_small_full_int8,7eb4e5feb3ad6a7ffe9c7d81f9f7b78d520a334323c091aaddccb8859c84991b,mobilenet_v3_small,full_int8,int8,int8,1x224x224x3,builtin_cpu,none,none_builtin,,1,1,12,measured,13,125.728000,5.516000,148.9541015625,7.6134185791015625,46.0,charging,false,0,,,44.0,FLAG_KEEP_SCREEN_ON,no_load_injected_background_apps_unverified,
2026-08-22T08:37:26.275518Z,1.0.0,realme_RMX3760_api35,1.0.0+1,release,mobilenet_v3_small_full_int8,7eb4e5feb3ad6a7ffe9c7d81f9f7b78d520a334323c091aaddccb8859c84991b,mobilenet_v3_small,full_int8,int8,int8,1x224x224x3,builtin_cpu,none,none_builtin,,1,1,12,measured,14,126.398000,5.516000,148.9658203125,7.6449127197265625,46.0,charging,false,0,,,44.0,FLAG_KEEP_SCREEN_ON,no_load_injected_background_apps_unverified,
2026-08-22T08:37:26.455736Z,1.0.0,realme_RMX3760_api35,1.0.0+1,release,mobilenet_v3_small_full_int8,7eb4e5feb3ad6a7ffe9c7d81f9f7b78d520a334323c091aaddccb8859c84991b,mobilenet_v3_small,full_int8,int8,int8,1x224x224x3,builtin_cpu,none,none_builtin,,1,1,12,measured,15,129.717000,5.516000,147.2080078125,7.6451568603515625,46.0,charging,false,0,,,44.0,FLAG_KEEP_SCREEN_ON,no_load_injected_background_apps_unverified,
2026-08-22T08:37:26.637048Z,1.0.0,realme_RMX3760_api35,1.0.0+1,release,mobilenet_v3_small_full_int8,7eb4e5feb3ad6a7ffe9c7d81f9f7b78d520a334323c091aaddccb8859c84991b,mobilenet_v3_small,full_int8,int8,int8,1x224x224x3,builtin_cpu,none,none_builtin,,1,1,12,measured,16,126.300000,5.516000,149.4775390625,7.6454010009765625,46.0,charging,false,0,,,44.0,FLAG_KEEP_SCREEN_ON,no_load_injected_background_apps_unverified,
2026-08-22T08:37:26.819546Z,1.0.0,realme_RMX3760_api35,1.0.0+1,release,mobilenet_v3_small_full_int8,7eb4e5feb3ad6a7ffe9c7d81f9f7b78d520a334323c091aaddccb8859c84991b,mobilenet_v3_small,full_int8,int8,int8,1x224x224x3,builtin_cpu,none,none_builtin,,1,1,12,measured,17,127.614000,5.516000,148.9814453125,7.6456451416015625,46.0,charging,false,0,,,44.0,FLAG_KEEP_SCREEN_ON,no_load_injected_background_apps_unverified,
2026-08-22T08:37:26.999263Z,1.0.0,realme_RMX3760_api35,1.0.0+1,release,mobilenet_v3_small_full_int8,7eb4e5feb3ad6a7ffe9c7d81f9f7b78d520a334323c091aaddccb8859c84991b,mobilenet_v3_small,full_int8,int8,int8,1x224x224x3,builtin_cpu,none,none_builtin,,1,1,12,measured,18,128.702000,5.516000,147.2236328125,7.6458892822265625,46.0,charging,false,0,,,44.0,FLAG_KEEP_SCREEN_ON,no_load_injected_background_apps_unverified,
2026-08-22T08:37:27.184061Z,1.0.0,realme_RMX3760_api35,1.0.0+1,release,mobilenet_v3_small_full_int8,7eb4e5feb3ad6a7ffe9c7d81f9f7b78d520a334323c091aaddccb8859c84991b,mobilenet_v3_small,full_int8,int8,int8,1x224x224x3,builtin_cpu,none,none_builtin,,1,1,12,measured,19,125.315000,5.516000,149.4853515625,7.6461334228515625,46.0,charging,false,0,,,44.0,FLAG_KEEP_SCREEN_ON,no_load_injected_background_apps_unverified,
2026-08-22T08:37:27.363132Z,1.0.0,realme_RMX3760_api35,1.0.0+1,release,mobilenet_v3_small_full_int8,7eb4e5feb3ad6a7ffe9c7d81f9f7b78d520a334323c091aaddccb8859c84991b,mobilenet_v3_small,full_int8,int8,int8,1x224x224x3,builtin_cpu,none,none_builtin,,1,1,12,measured,20,126.609000,5.516000,148.9072265625,7.6776275634765625,46.0,charging,false,0,,,44.0,FLAG_KEEP_SCREEN_ON,no_load_injected_background_apps_unverified,
2026-08-22T08:37:27.542285Z,1.0.0,realme_RMX3760_api35,1.0.0+1,release,mobilenet_v3_small_full_int8,7eb4e5feb3ad6a7ffe9c7d81f9f7b78d520a334323c091aaddccb8859c84991b,mobilenet_v3_small,full_int8,int8,int8,1x224x224x3,builtin_cpu,none,none_builtin,,1,1,12,measured,21,125.833000,5.516000,148.9111328125,7.6778717041015625,46.0,charging,false,0,,,44.0,FLAG_KEEP_SCREEN_ON,no_load_injected_background_apps_unverified,
2026-08-22T08:37:27.723720Z,1.0.0,realme_RMX3760_api35,1.0.0+1,release,mobilenet_v3_small_full_int8,7eb4e5feb3ad6a7ffe9c7d81f9f7b78d520a334323c091aaddccb8859c84991b,mobilenet_v3_small,full_int8,int8,int8,1x224x224x3,builtin_cpu,none,none_builtin,,1,1,12,measured,22,128.554000,5.516000,148.9306640625,7.6781158447265625,46.0,charging,false,0,,,44.0,FLAG_KEEP_SCREEN_ON,no_load_injected_background_apps_unverified,
2026-08-22T08:37:27.903139Z,1.0.0,realme_RMX3760_api35,1.0.0+1,release,mobilenet_v3_small_full_int8,7eb4e5feb3ad6a7ffe9c7d81f9f7b78d520a334323c091aaddccb8859c84991b,mobilenet_v3_small,full_int8,int8,int8,1x224x224x3,builtin_cpu,none,none_builtin,,1,1,12,measured,23,126.107000,5.516000,148.9345703125,7.6783599853515625,46.0,charging,false,0,,,44.0,FLAG_KEEP_SCREEN_ON,no_load_injected_background_apps_unverified,
2026-08-22T08:37:28.085084Z,1.0.0,realme_RMX3760_api35,1.0.0+1,release,mobilenet_v3_small_full_int8,7eb4e5feb3ad6a7ffe9c7d81f9f7b78d520a334323c091aaddccb8859c84991b,mobilenet_v3_small,full_int8,int8,int8,1x224x224x3,builtin_cpu,none,none_builtin,,1,1,12,measured,24,130.051000,5.516000,147.1845703125,7.6786041259765625,46.0,charging,false,0,,,44.0,FLAG_KEEP_SCREEN_ON,no_load_injected_background_apps_unverified,
2026-08-22T08:37:28.275716Z,1.0.0,realme_RMX3760_api35,1.0.0+1,release,mobilenet_v3_small_full_int8,7eb4e5feb3ad6a7ffe9c7d81f9f7b78d520a334323c091aaddccb8859c84991b,mobilenet_v3_small,full_int8,int8,int8,1x224x224x3,builtin_cpu,none,none_builtin,,1,1,12,measured,25,128.308000,5.516000,149.4501953125,7.6788482666015625,46.0,charging,false,0,,,44.0,FLAG_KEEP_SCREEN_ON,no_load_injected_background_apps_unverified,
2026-08-22T08:37:28.455362Z,1.0.0,realme_RMX3760_api35,1.0.0+1,release,mobilenet_v3_small_full_int8,7eb4e5feb3ad6a7ffe9c7d81f9f7b78d520a334323c091aaddccb8859c84991b,mobilenet_v3_small,full_int8,int8,int8,1x224x224x3,builtin_cpu,none,none_builtin,,1,1,12,measured,26,125.688000,5.516000,148.9541015625,7.6790924072265625,46.0,charging,false,0,,,44.0,FLAG_KEEP_SCREEN_ON,no_load_injected_background_apps_unverified,
2026-08-22T08:37:28.634486Z,1.0.0,realme_RMX3760_api35,1.0.0+1,release,mobilenet_v3_small_full_int8,7eb4e5feb3ad6a7ffe9c7d81f9f7b78d520a334323c091aaddccb8859c84991b,mobilenet_v3_small,full_int8,int8,int8,1x224x224x3,builtin_cpu,none,none_builtin,,1,1,12,measured,27,126.269000,5.516000,148.9697265625,7.7105865478515625,46.0,charging,false,0,,,44.0,FLAG_KEEP_SCREEN_ON,no_load_injected_background_apps_unverified,
2026-08-22T08:37:28.820256Z,1.0.0,realme_RMX3760_api35,1.0.0+1,release,mobilenet_v3_small_full_int8,7eb4e5feb3ad6a7ffe9c7d81f9f7b78d520a334323c091aaddccb8859c84991b,mobilenet_v3_small,full_int8,int8,int8,1x224x224x3,builtin_cpu,none,none_builtin,,1,1,12,measured,28,125.907000,5.516000,148.9775390625,7.7108306884765625,46.0,charging,false,0,,,44.0,FLAG_KEEP_SCREEN_ON,no_load_injected_background_apps_unverified,
2026-08-22T08:37:29.001436Z,1.0.0,realme_RMX3760_api35,1.0.0+1,release,mobilenet_v3_small_full_int8,7eb4e5feb3ad6a7ffe9c7d81f9f7b78d520a334323c091aaddccb8859c84991b,mobilenet_v3_small,full_int8,int8,int8,1x224x224x3,builtin_cpu,none,none_builtin,,1,1,12,measured,29,128.938000,5.516000,147.2236328125,7.7110748291015625,46.0,charging,false,0,,,44.0,FLAG_KEEP_SCREEN_ON,no_load_injected_background_apps_unverified,
2026-08-22T08:37:29.180524Z,1.0.0,realme_RMX3760_api35,1.0.0+1,release,mobilenet_v3_small_full_int8,7eb4e5feb3ad6a7ffe9c7d81f9f7b78d520a334323c091aaddccb8859c84991b,mobilenet_v3_small,full_int8,int8,int8,1x224x224x3,builtin_cpu,none,none_builtin,,1,1,12,measured,30,125.293000,5.516000,149.4970703125,7.7113189697265625,46.0,charging,false,0,,,44.0,FLAG_KEEP_SCREEN_ON,no_load_injected_background_apps_unverified,
2026-08-22T08:37:29.362696Z,1.0.0,realme_RMX3760_api35,1.0.0+1,release,mobilenet_v3_small_full_int8,7eb4e5feb3ad6a7ffe9c7d81f9f7b78d520a334323c091aaddccb8859c84991b,mobilenet_v3_small,full_int8,int8,int8,1x224x224x3,builtin_cpu,none,none_builtin,,1,1,12,measured,31,127.367000,5.516000,148.59375,7.7115631103515625,46.0,charging,false,0,,,44.0,FLAG_KEEP_SCREEN_ON,no_load_injected_background_apps_unverified,
2026-08-22T08:37:29.549620Z,1.0.0,realme_RMX3760_api35,1.0.0+1,release,mobilenet_v3_small_full_int8,7eb4e5feb3ad6a7ffe9c7d81f9f7b78d520a334323c091aaddccb8859c84991b,mobilenet_v3_small,full_int8,int8,int8,1x224x224x3,builtin_cpu,none,none_builtin,,1,1,12,measured,32,136.021000,5.516000,147.3515625,7.7118072509765625,46.0,charging,false,0,,,44.0,FLAG_KEEP_SCREEN_ON,no_load_injected_background_apps_unverified,
2026-08-22T08:37:29.734102Z,1.0.0,realme_RMX3760_api35,1.0.0+1,release,mobilenet_v3_small_full_int8,7eb4e5feb3ad6a7ffe9c7d81f9f7b78d520a334323c091aaddccb8859c84991b,mobilenet_v3_small,full_int8,int8,int8,1x224x224x3,builtin_cpu,none,none_builtin,,1,1,12,measured,33,126.871000,5.516000,149.6240234375,7.7433013916015625,46.0,charging,false,0,,,44.0,FLAG_KEEP_SCREEN_ON,no_load_injected_background_apps_unverified,
2026-08-22T08:37:29.915307Z,1.0.0,realme_RMX3760_api35,1.0.0+1,release,mobilenet_v3_small_full_int8,7eb4e5feb3ad6a7ffe9c7d81f9f7b78d520a334323c091aaddccb8859c84991b,mobilenet_v3_small,full_int8,int8,int8,1x224x224x3,builtin_cpu,none,none_builtin,,1,1,12,measured,34,125.850000,5.516000,149.1240234375,7.7435455322265625,46.0,charging,false,0,,,44.0,FLAG_KEEP_SCREEN_ON,no_load_injected_background_apps_unverified,
2026-08-22T08:37:30.097700Z,1.0.0,realme_RMX3760_api35,1.0.0+1,release,mobilenet_v3_small_full_int8,7eb4e5feb3ad6a7ffe9c7d81f9f7b78d520a334323c091aaddccb8859c84991b,mobilenet_v3_small,full_int8,int8,int8,1x224x224x3,builtin_cpu,none,none_builtin,,1,1,12,measured,35,126.744000,5.516000,149.1357421875,7.7437896728515625,46.0,charging,false,0,,,44.0,FLAG_KEEP_SCREEN_ON,no_load_injected_background_apps_unverified,
2026-08-22T08:37:30.299938Z,1.0.0,realme_RMX3760_api35,1.0.0+1,release,mobilenet_v3_small_full_int8,7eb4e5feb3ad6a7ffe9c7d81f9f7b78d520a334323c091aaddccb8859c84991b,mobilenet_v3_small,full_int8,int8,int8,1x224x224x3,builtin_cpu,none,none_builtin,,1,1,12,measured,36,133.870000,5.516000,149.1318359375,7.7440338134765625,46.0,charging,false,0,,,44.0,FLAG_KEEP_SCREEN_ON,no_load_injected_background_apps_unverified,
2026-08-22T08:37:30.494499Z,1.0.0,realme_RMX3760_api35,1.0.0+1,release,mobilenet_v3_small_full_int8,7eb4e5feb3ad6a7ffe9c7d81f9f7b78d520a334323c091aaddccb8859c84991b,mobilenet_v3_small,full_int8,int8,int8,1x224x224x3,builtin_cpu,none,none_builtin,,1,1,12,measured,37,136.289000,5.516000,148.9453125,7.7442779541015625,46.0,charging,false,0,,,44.0,FLAG_KEEP_SCREEN_ON,no_load_injected_background_apps_unverified,
2026-08-22T08:37:30.683567Z,1.0.0,realme_RMX3760_api35,1.0.0+1,release,mobilenet_v3_small_full_int8,7eb4e5feb3ad6a7ffe9c7d81f9f7b78d520a334323c091aaddccb8859c84991b,mobilenet_v3_small,full_int8,int8,int8,1x224x224x3,builtin_cpu,none,none_builtin,,1,1,12,measured,38,133.634000,5.516000,147.369140625,7.7445220947265625,46.0,charging,false,0,,,44.0,FLAG_KEEP_SCREEN_ON,no_load_injected_background_apps_unverified,
2026-08-22T08:37:30.863566Z,1.0.0,realme_RMX3760_api35,1.0.0+1,release,mobilenet_v3_small_full_int8,7eb4e5feb3ad6a7ffe9c7d81f9f7b78d520a334323c091aaddccb8859c84991b,mobilenet_v3_small,full_int8,int8,int8,1x224x224x3,builtin_cpu,none,none_builtin,,1,1,12,measured,39,125.942000,5.516000,149.65234375,7.7760162353515625,46.0,charging,false,0,,,44.0,FLAG_KEEP_SCREEN_ON,no_load_injected_background_apps_unverified,
2026-08-22T08:37:31.044538Z,1.0.0,realme_RMX3760_api35,1.0.0+1,release,mobilenet_v3_small_full_int8,7eb4e5feb3ad6a7ffe9c7d81f9f7b78d520a334323c091aaddccb8859c84991b,mobilenet_v3_small,full_int8,int8,int8,1x224x224x3,builtin_cpu,none,none_builtin,,1,1,12,measured,40,126.373000,5.516000,149.150390625,7.7762603759765625,46.0,charging,false,0,,,44.0,FLAG_KEEP_SCREEN_ON,no_load_injected_background_apps_unverified,
2026-08-22T08:37:31.224297Z,1.0.0,realme_RMX3760_api35,1.0.0+1,release,mobilenet_v3_small_full_int8,7eb4e5feb3ad6a7ffe9c7d81f9f7b78d520a334323c091aaddccb8859c84991b,mobilenet_v3_small,full_int8,int8,int8,1x224x224x3,builtin_cpu,none,none_builtin,,1,1,12,measured,41,125.650000,5.516000,149.162109375,7.7765045166015625,46.0,charging,false,0,,,44.0,FLAG_KEEP_SCREEN_ON,no_load_injected_background_apps_unverified,
2026-08-22T08:37:31.403615Z,1.0.0,realme_RMX3760_api35,1.0.0+1,release,mobilenet_v3_small_full_int8,7eb4e5feb3ad6a7ffe9c7d81f9f7b78d520a334323c091aaddccb8859c84991b,mobilenet_v3_small,full_int8,int8,int8,1x224x224x3,builtin_cpu,none,none_builtin,,1,1,12,measured,42,126.396000,5.516000,149.16796875,7.7767486572265625,46.0,charging,false,0,,,44.0,FLAG_KEEP_SCREEN_ON,no_load_injected_background_apps_unverified,
2026-08-22T08:37:31.583481Z,1.0.0,realme_RMX3760_api35,1.0.0+1,release,mobilenet_v3_small_full_int8,7eb4e5feb3ad6a7ffe9c7d81f9f7b78d520a334323c091aaddccb8859c84991b,mobilenet_v3_small,full_int8,int8,int8,1x224x224x3,builtin_cpu,none,none_builtin,,1,1,12,measured,43,125.611000,5.516000,149.171875,7.7769927978515625,46.0,charging,false,0,,,44.0,FLAG_KEEP_SCREEN_ON,no_load_injected_background_apps_unverified,
2026-08-22T08:37:31.763827Z,1.0.0,realme_RMX3760_api35,1.0.0+1,release,mobilenet_v3_small_full_int8,7eb4e5feb3ad6a7ffe9c7d81f9f7b78d520a334323c091aaddccb8859c84991b,mobilenet_v3_small,full_int8,int8,int8,1x224x224x3,builtin_cpu,none,none_builtin,,1,1,12,measured,44,128.481000,5.516000,147.4140625,7.7772369384765625,46.0,charging,false,0,,,44.0,FLAG_KEEP_SCREEN_ON,no_load_injected_background_apps_unverified,
2026-08-22T08:37:31.943621Z,1.0.0,realme_RMX3760_api35,1.0.0+1,release,mobilenet_v3_small_full_int8,7eb4e5feb3ad6a7ffe9c7d81f9f7b78d520a334323c091aaddccb8859c84991b,mobilenet_v3_small,full_int8,int8,int8,1x224x224x3,builtin_cpu,none,none_builtin,,1,1,12,measured,45,126.282000,5.516000,149.69921875,7.8087310791015625,46.0,charging,false,0,,,44.0,FLAG_KEEP_SCREEN_ON,no_load_injected_background_apps_unverified,
2026-08-22T08:37:32.124130Z,1.0.0,realme_RMX3760_api35,1.0.0+1,release,mobilenet_v3_small_full_int8,7eb4e5feb3ad6a7ffe9c7d81f9f7b78d520a334323c091aaddccb8859c84991b,mobilenet_v3_small,full_int8,int8,int8,1x224x224x3,builtin_cpu,none,none_builtin,,1,1,12,measured,46,126.462000,5.516000,148.703125,7.8089752197265625,46.0,charging,false,0,,,44.1,FLAG_KEEP_SCREEN_ON,no_load_injected_background_apps_unverified,
2026-08-22T08:37:32.306917Z,1.0.0,realme_RMX3760_api35,1.0.0+1,release,mobilenet_v3_small_full_int8,7eb4e5feb3ad6a7ffe9c7d81f9f7b78d520a334323c091aaddccb8859c84991b,mobilenet_v3_small,full_int8,int8,int8,1x224x224x3,builtin_cpu,none,none_builtin,,1,1,12,measured,47,131.690000,5.516000,147.4453125,7.8092193603515625,46.0,charging,false,0,,,44.1,FLAG_KEEP_SCREEN_ON,no_load_injected_background_apps_unverified,
2026-08-22T08:37:32.486138Z,1.0.0,realme_RMX3760_api35,1.0.0+1,release,mobilenet_v3_small_full_int8,7eb4e5feb3ad6a7ffe9c7d81f9f7b78d520a334323c091aaddccb8859c84991b,mobilenet_v3_small,full_int8,int8,int8,1x224x224x3,builtin_cpu,none,none_builtin,,1,1,12,measured,48,125.316000,5.516000,149.71484375,7.8094635009765625,46.0,charging,false,0,,,44.1,FLAG_KEEP_SCREEN_ON,no_load_injected_background_apps_unverified,
2026-08-22T08:37:32.671474Z,1.0.0,realme_RMX3760_api35,1.0.0+1,release,mobilenet_v3_small_full_int8,7eb4e5feb3ad6a7ffe9c7d81f9f7b78d520a334323c091aaddccb8859c84991b,mobilenet_v3_small,full_int8,int8,int8,1x224x224x3,builtin_cpu,none,none_builtin,,1,1,12,measured,49,126.215000,5.516000,149.21875,7.8097076416015625,46.0,charging,false,0,,,44.1,FLAG_KEEP_SCREEN_ON,no_load_injected_background_apps_unverified,
2026-08-22T08:37:32.856975Z,1.0.0,realme_RMX3760_api35,1.0.0+1,release,mobilenet_v3_small_full_int8,7eb4e5feb3ad6a7ffe9c7d81f9f7b78d520a334323c091aaddccb8859c84991b,mobilenet_v3_small,full_int8,int8,int8,1x224x224x3,builtin_cpu,none,none_builtin,,1,1,12,measured,50,134.828000,5.516000,147.47265625,7.8099517822265625,46.0,charging,false,0,,,44.1,FLAG_KEEP_SCREEN_ON,no_load_injected_background_apps_unverified,
2026-08-22T08:37:33.035203Z,1.0.0,realme_RMX3760_api35,1.0.0+1,release,mobilenet_v3_small_full_int8,7eb4e5feb3ad6a7ffe9c7d81f9f7b78d520a334323c091aaddccb8859c84991b,mobilenet_v3_small,full_int8,int8,int8,1x224x224x3,builtin_cpu,none,none_builtin,,1,1,12,measured,51,126.005000,5.516000,149.7421875,7.8101959228515625,46.0,charging,false,0,,,44.1,FLAG_KEEP_SCREEN_ON,no_load_injected_background_apps_unverified,
2026-08-22T08:37:33.216297Z,1.0.0,realme_RMX3760_api35,1.0.0+1,release,mobilenet_v3_small_full_int8,7eb4e5feb3ad6a7ffe9c7d81f9f7b78d520a334323c091aaddccb8859c84991b,mobilenet_v3_small,full_int8,int8,int8,1x224x224x3,builtin_cpu,none,none_builtin,,1,1,12,measured,52,125.537000,5.516000,149.2421875,7.8416900634765625,46.0,charging,false,0,,,44.1,FLAG_KEEP_SCREEN_ON,no_load_injected_background_apps_unverified,
2026-08-22T08:37:33.396268Z,1.0.0,realme_RMX3760_api35,1.0.0+1,release,mobilenet_v3_small_full_int8,7eb4e5feb3ad6a7ffe9c7d81f9f7b78d520a334323c091aaddccb8859c84991b,mobilenet_v3_small,full_int8,int8,int8,1x224x224x3,builtin_cpu,none,none_builtin,,1,1,12,measured,53,128.822000,5.516000,147.49609375,7.8419342041015625,46.0,charging,false,0,,,44.1,FLAG_KEEP_SCREEN_ON,no_load_injected_background_apps_unverified,
2026-08-22T08:37:33.574588Z,1.0.0,realme_RMX3760_api35,1.0.0+1,release,mobilenet_v3_small_full_int8,7eb4e5feb3ad6a7ffe9c7d81f9f7b78d520a334323c091aaddccb8859c84991b,mobilenet_v3_small,full_int8,int8,int8,1x224x224x3,builtin_cpu,none,none_builtin,,1,1,12,measured,54,125.030000,5.516000,149.765625,7.8421783447265625,46.0,charging,false,0,,,44.1,FLAG_KEEP_SCREEN_ON,no_load_injected_background_apps_unverified,
2026-08-22T08:37:33.754155Z,1.0.0,realme_RMX3760_api35,1.0.0+1,release,mobilenet_v3_small_full_int8,7eb4e5feb3ad6a7ffe9c7d81f9f7b78d520a334323c091aaddccb8859c84991b,mobilenet_v3_small,full_int8,int8,int8,1x224x224x3,builtin_cpu,none,none_builtin,,1,1,12,measured,55,125.965000,5.516000,149.09765625,7.8424224853515625,46.0,charging,false,0,,,44.1,FLAG_KEEP_SCREEN_ON,no_load_injected_background_apps_unverified,
2026-08-22T08:37:33.932882Z,1.0.0,realme_RMX3760_api35,1.0.0+1,release,mobilenet_v3_small_full_int8,7eb4e5feb3ad6a7ffe9c7d81f9f7b78d520a334323c091aaddccb8859c84991b,mobilenet_v3_small,full_int8,int8,int8,1x224x224x3,builtin_cpu,none,none_builtin,,1,1,12,measured,56,125.196000,5.516000,148.75390625,7.8426666259765625,46.0,charging,false,0,,,44.1,FLAG_KEEP_SCREEN_ON,no_load_injected_background_apps_unverified,
2026-08-22T08:37:34.111550Z,1.0.0,realme_RMX3760_api35,1.0.0+1,release,mobilenet_v3_small_full_int8,7eb4e5feb3ad6a7ffe9c7d81f9f7b78d520a334323c091aaddccb8859c84991b,mobilenet_v3_small,full_int8,int8,int8,1x224x224x3,builtin_cpu,none,none_builtin,,1,1,12,measured,57,126.021000,5.516000,149.26171875,7.8429107666015625,46.0,charging,false,0,,,44.1,FLAG_KEEP_SCREEN_ON,no_load_injected_background_apps_unverified,
2026-08-22T08:37:34.291428Z,1.0.0,realme_RMX3760_api35,1.0.0+1,release,mobilenet_v3_small_full_int8,7eb4e5feb3ad6a7ffe9c7d81f9f7b78d520a334323c091aaddccb8859c84991b,mobilenet_v3_small,full_int8,int8,int8,1x224x224x3,builtin_cpu,none,none_builtin,,1,1,12,measured,58,125.619000,5.516000,149.265625,7.8744049072265625,46.0,charging,false,0,,,44.1,FLAG_KEEP_SCREEN_ON,no_load_injected_background_apps_unverified,
2026-08-22T08:37:34.476841Z,1.0.0,realme_RMX3760_api35,1.0.0+1,release,mobilenet_v3_small_full_int8,7eb4e5feb3ad6a7ffe9c7d81f9f7b78d520a334323c091aaddccb8859c84991b,mobilenet_v3_small,full_int8,int8,int8,1x224x224x3,builtin_cpu,none,none_builtin,,1,1,12,measured,59,135.093000,5.516000,147.5078125,7.8746490478515625,46.0,charging,false,0,,,44.1,FLAG_KEEP_SCREEN_ON,no_load_injected_background_apps_unverified,
2026-08-22T08:37:34.655056Z,1.0.0,realme_RMX3760_api35,1.0.0+1,release,mobilenet_v3_small_full_int8,7eb4e5feb3ad6a7ffe9c7d81f9f7b78d520a334323c091aaddccb8859c84991b,mobilenet_v3_small,full_int8,int8,int8,1x224x224x3,builtin_cpu,none,none_builtin,,1,1,12,measured,60,125.828000,5.516000,149.78125,7.8748931884765625,46.0,charging,false,0,,,44.1,FLAG_KEEP_SCREEN_ON,no_load_injected_background_apps_unverified,
2026-08-22T08:37:34.840091Z,1.0.0,realme_RMX3760_api35,1.0.0+1,release,mobilenet_v3_small_full_int8,7eb4e5feb3ad6a7ffe9c7d81f9f7b78d520a334323c091aaddccb8859c84991b,mobilenet_v3_small,full_int8,int8,int8,1x224x224x3,builtin_cpu,none,none_builtin,,1,1,12,measured,61,132.420000,5.516000,147.50390625,7.8751373291015625,46.0,charging,false,0,,,44.1,FLAG_KEEP_SCREEN_ON,no_load_injected_background_apps_unverified,
2026-08-22T08:37:35.018313Z,1.0.0,realme_RMX3760_api35,1.0.0+1,release,mobilenet_v3_small_full_int8,7eb4e5feb3ad6a7ffe9c7d81f9f7b78d520a334323c091aaddccb8859c84991b,mobilenet_v3_small,full_int8,int8,int8,1x224x224x3,builtin_cpu,none,none_builtin,,1,1,12,measured,62,126.011000,5.516000,149.78125,7.8753814697265625,46.0,charging,false,0,,,44.1,FLAG_KEEP_SCREEN_ON,no_load_injected_background_apps_unverified,
2026-08-22T08:37:35.199702Z,1.0.0,realme_RMX3760_api35,1.0.0+1,release,mobilenet_v3_small_full_int8,7eb4e5feb3ad6a7ffe9c7d81f9f7b78d520a334323c091aaddccb8859c84991b,mobilenet_v3_small,full_int8,int8,int8,1x224x224x3,builtin_cpu,none,none_builtin,,1,1,12,measured,63,126.033000,5.516000,149.28125,7.8756256103515625,46.0,charging,false,0,,,44.1,FLAG_KEEP_SCREEN_ON,no_load_injected_background_apps_unverified,
2026-08-22T08:37:35.379723Z,1.0.0,realme_RMX3760_api35,1.0.0+1,release,mobilenet_v3_small_full_int8,7eb4e5feb3ad6a7ffe9c7d81f9f7b78d520a334323c091aaddccb8859c84991b,mobilenet_v3_small,full_int8,int8,int8,1x224x224x3,builtin_cpu,none,none_builtin,,1,1,12,measured,64,128.942000,5.516000,147.52734375,7.9071197509765625,46.0,charging,false,0,,,44.1,FLAG_KEEP_SCREEN_ON,no_load_injected_background_apps_unverified,
2026-08-22T08:37:35.557867Z,1.0.0,realme_RMX3760_api35,1.0.0+1,release,mobilenet_v3_small_full_int8,7eb4e5feb3ad6a7ffe9c7d81f9f7b78d520a334323c091aaddccb8859c84991b,mobilenet_v3_small,full_int8,int8,int8,1x224x224x3,builtin_cpu,none,none_builtin,,1,1,12,measured,65,125.295000,5.516000,149.7998046875,7.9073638916015625,46.0,charging,false,0,,,44.1,FLAG_KEEP_SCREEN_ON,no_load_injected_background_apps_unverified,
2026-08-22T08:37:35.736932Z,1.0.0,realme_RMX3760_api35,1.0.0+1,release,mobilenet_v3_small_full_int8,7eb4e5feb3ad6a7ffe9c7d81f9f7b78d520a334323c091aaddccb8859c84991b,mobilenet_v3_small,full_int8,int8,int8,1x224x224x3,builtin_cpu,none,none_builtin,,1,1,12,measured,66,126.758000,5.516000,149.3115234375,7.9076080322265625,46.0,charging,false,0,,,44.1,FLAG_KEEP_SCREEN_ON,no_load_injected_background_apps_unverified,
2026-08-22T08:37:35.916425Z,1.0.0,realme_RMX3760_api35,1.0.0+1,release,mobilenet_v3_small_full_int8,7eb4e5feb3ad6a7ffe9c7d81f9f7b78d520a334323c091aaddccb8859c84991b,mobilenet_v3_small,full_int8,int8,int8,1x224x224x3,builtin_cpu,none,none_builtin,,1,1,12,measured,67,128.629000,5.516000,147.3623046875,7.9078521728515625,46.0,charging,false,0,,,44.1,FLAG_KEEP_SCREEN_ON,no_load_injected_background_apps_unverified,
2026-08-22T08:37:36.094234Z,1.0.0,realme_RMX3760_api35,1.0.0+1,release,mobilenet_v3_small_full_int8,7eb4e5feb3ad6a7ffe9c7d81f9f7b78d520a334323c091aaddccb8859c84991b,mobilenet_v3_small,full_int8,int8,int8,1x224x224x3,builtin_cpu,none,none_builtin,,1,1,12,measured,68,125.986000,5.516000,149.7841796875,7.9080963134765625,46.0,charging,false,0,,,44.1,FLAG_KEEP_SCREEN_ON,no_load_injected_background_apps_unverified,
2026-08-22T08:37:36.275370Z,1.0.0,realme_RMX3760_api35,1.0.0+1,release,mobilenet_v3_small_full_int8,7eb4e5feb3ad6a7ffe9c7d81f9f7b78d520a334323c091aaddccb8859c84991b,mobilenet_v3_small,full_int8,int8,int8,1x224x224x3,builtin_cpu,none,none_builtin,,1,1,12,measured,69,125.874000,5.516000,149.2880859375,7.9083404541015625,46.0,charging,false,0,,,44.1,FLAG_KEEP_SCREEN_ON,no_load_injected_background_apps_unverified,
2026-08-22T08:37:36.465414Z,1.0.0,realme_RMX3760_api35,1.0.0+1,release,mobilenet_v3_small_full_int8,7eb4e5feb3ad6a7ffe9c7d81f9f7b78d520a334323c091aaddccb8859c84991b,mobilenet_v3_small,full_int8,int8,int8,1x224x224x3,builtin_cpu,none,none_builtin,,1,1,12,measured,70,138.666000,5.516000,146.5498046875,7.9398345947265625,46.0,charging,false,0,,,44.1,FLAG_KEEP_SCREEN_ON,no_load_injected_background_apps_unverified,
2026-08-22T08:37:36.643010Z,1.0.0,realme_RMX3760_api35,1.0.0+1,release,mobilenet_v3_small_full_int8,7eb4e5feb3ad6a7ffe9c7d81f9f7b78d520a334323c091aaddccb8859c84991b,mobilenet_v3_small,full_int8,int8,int8,1x224x224x3,builtin_cpu,none,none_builtin,,1,1,12,measured,71,125.307000,5.516000,149.8193359375,7.9400787353515625,46.0,charging,false,0,,,44.1,FLAG_KEEP_SCREEN_ON,no_load_injected_background_apps_unverified,
2026-08-22T08:37:36.822820Z,1.0.0,realme_RMX3760_api35,1.0.0+1,release,mobilenet_v3_small_full_int8,7eb4e5feb3ad6a7ffe9c7d81f9f7b78d520a334323c091aaddccb8859c84991b,mobilenet_v3_small,full_int8,int8,int8,1x224x224x3,builtin_cpu,none,none_builtin,,1,1,12,measured,72,125.709000,5.516000,149.3193359375,7.9403228759765625,46.0,charging,false,0,,,44.1,FLAG_KEEP_SCREEN_ON,no_load_injected_background_apps_unverified,
2026-08-22T08:37:37.004600Z,1.0.0,realme_RMX3760_api35,1.0.0+1,release,mobilenet_v3_small_full_int8,7eb4e5feb3ad6a7ffe9c7d81f9f7b78d520a334323c091aaddccb8859c84991b,mobilenet_v3_small,full_int8,int8,int8,1x224x224x3,builtin_cpu,none,none_builtin,,1,1,12,measured,73,130.918000,5.516000,147.5927734375,7.9405670166015625,46.0,charging,false,0,,,44.1,FLAG_KEEP_SCREEN_ON,no_load_injected_background_apps_unverified,
2026-08-22T08:37:37.182887Z,1.0.0,realme_RMX3760_api35,1.0.0+1,release,mobilenet_v3_small_full_int8,7eb4e5feb3ad6a7ffe9c7d81f9f7b78d520a334323c091aaddccb8859c84991b,mobilenet_v3_small,full_int8,int8,int8,1x224x224x3,builtin_cpu,none,none_builtin,,1,1,12,measured,74,125.393000,5.516000,149.8662109375,7.9408111572265625,46.0,charging,false,0,,,44.1,FLAG_KEEP_SCREEN_ON,no_load_injected_background_apps_unverified,
2026-08-22T08:37:37.362113Z,1.0.0,realme_RMX3760_api35,1.0.0+1,release,mobilenet_v3_small_full_int8,7eb4e5feb3ad6a7ffe9c7d81f9f7b78d520a334323c091aaddccb8859c84991b,mobilenet_v3_small,full_int8,int8,int8,1x224x224x3,builtin_cpu,none,none_builtin,,1,1,12,measured,75,126.595000,5.516000,149.3662109375,7.9410552978515625,46.0,charging,false,0,,,44.1,FLAG_KEEP_SCREEN_ON,no_load_injected_background_apps_unverified,
2026-08-22T08:37:37.543466Z,1.0.0,realme_RMX3760_api35,1.0.0+1,release,mobilenet_v3_small_full_int8,7eb4e5feb3ad6a7ffe9c7d81f9f7b78d520a334323c091aaddccb8859c84991b,mobilenet_v3_small,full_int8,int8,int8,1x224x224x3,builtin_cpu,none,none_builtin,,1,1,12,measured,76,130.314000,5.516000,147.6083984375,7.9412994384765625,46.0,charging,false,0,,,44.1,FLAG_KEEP_SCREEN_ON,no_load_injected_background_apps_unverified,
2026-08-22T08:37:37.721415Z,1.0.0,realme_RMX3760_api35,1.0.0+1,release,mobilenet_v3_small_full_int8,7eb4e5feb3ad6a7ffe9c7d81f9f7b78d520a334323c091aaddccb8859c84991b,mobilenet_v3_small,full_int8,int8,int8,1x224x224x3,builtin_cpu,none,none_builtin,,1,1,12,measured,77,125.900000,5.516000,149.8779296875,7.9727935791015625,46.0,charging,false,0,,,44.1,FLAG_KEEP_SCREEN_ON,no_load_injected_background_apps_unverified,
2026-08-22T08:37:37.900594Z,1.0.0,realme_RMX3760_api35,1.0.0+1,release,mobilenet_v3_small_full_int8,7eb4e5feb3ad6a7ffe9c7d81f9f7b78d520a334323c091aaddccb8859c84991b,mobilenet_v3_small,full_int8,int8,int8,1x224x224x3,builtin_cpu,none,none_builtin,,1,1,12,measured,78,125.788000,5.516000,149.3857421875,7.9730377197265625,46.0,charging,false,0,,,44.1,FLAG_KEEP_SCREEN_ON,no_load_injected_background_apps_unverified,
2026-08-22T08:37:38.079867Z,1.0.0,realme_RMX3760_api35,1.0.0+1,release,mobilenet_v3_small_full_int8,7eb4e5feb3ad6a7ffe9c7d81f9f7b78d520a334323c091aaddccb8859c84991b,mobilenet_v3_small,full_int8,int8,int8,1x224x224x3,builtin_cpu,none,none_builtin,,1,1,12,measured,79,126.951000,5.516000,148.9794921875,7.9732818603515625,46.0,charging,false,0,,,44.1,FLAG_KEEP_SCREEN_ON,no_load_injected_background_apps_unverified,
2026-08-22T08:37:38.259552Z,1.0.0,realme_RMX3760_api35,1.0.0+1,release,mobilenet_v3_small_full_int8,7eb4e5feb3ad6a7ffe9c7d81f9f7b78d520a334323c091aaddccb8859c84991b,mobilenet_v3_small,full_int8,int8,int8,1x224x224x3,builtin_cpu,none,none_builtin,,1,1,12,measured,80,124.918000,5.516000,149.9873046875,7.9735260009765625,46.0,charging,false,0,,,44.1,FLAG_KEEP_SCREEN_ON,no_load_injected_background_apps_unverified,
2026-08-22T08:37:38.437301Z,1.0.0,realme_RMX3760_api35,1.0.0+1,release,mobilenet_v3_small_full_int8,7eb4e5feb3ad6a7ffe9c7d81f9f7b78d520a334323c091aaddccb8859c84991b,mobilenet_v3_small,full_int8,int8,int8,1x224x224x3,builtin_cpu,none,none_builtin,,1,1,12,measured,81,125.793000,5.516000,149.1201171875,7.9737701416015625,46.0,charging,false,0,,,44.1,FLAG_KEEP_SCREEN_ON,no_load_injected_background_apps_unverified,
2026-08-22T08:37:38.618672Z,1.0.0,realme_RMX3760_api35,1.0.0+1,release,mobilenet_v3_small_full_int8,7eb4e5feb3ad6a7ffe9c7d81f9f7b78d520a334323c091aaddccb8859c84991b,mobilenet_v3_small,full_int8,int8,int8,1x224x224x3,builtin_cpu,none,none_builtin,,1,1,12,measured,82,130.262000,5.516000,147.7216796875,7.9740142822265625,46.0,charging,false,0,,,44.1,FLAG_KEEP_SCREEN_ON,no_load_injected_background_apps_unverified,
2026-08-22T08:37:38.797043Z,1.0.0,realme_RMX3760_api35,1.0.0+1,release,mobilenet_v3_small_full_int8,7eb4e5feb3ad6a7ffe9c7d81f9f7b78d520a334323c091aaddccb8859c84991b,mobilenet_v3_small,full_int8,int8,int8,1x224x224x3,builtin_cpu,none,none_builtin,,1,1,12,measured,83,125.269000,5.516000,149.9912109375,8.005508422851562,46.0,charging,false,0,,,44.1,FLAG_KEEP_SCREEN_ON,no_load_injected_background_apps_unverified,
2026-08-22T08:37:38.975984Z,1.0.0,realme_RMX3760_api35,1.0.0+1,release,mobilenet_v3_small_full_int8,7eb4e5feb3ad6a7ffe9c7d81f9f7b78d520a334323c091aaddccb8859c84991b,mobilenet_v3_small,full_int8,int8,int8,1x224x224x3,builtin_cpu,none,none_builtin,,1,1,12,measured,84,126.232000,5.516000,149.4912109375,8.005752563476562,46.0,charging,false,0,,,44.1,FLAG_KEEP_SCREEN_ON,no_load_injected_background_apps_unverified,
2026-08-22T08:37:39.156111Z,1.0.0,realme_RMX3760_api35,1.0.0+1,release,mobilenet_v3_small_full_int8,7eb4e5feb3ad6a7ffe9c7d81f9f7b78d520a334323c091aaddccb8859c84991b,mobilenet_v3_small,full_int8,int8,int8,1x224x224x3,builtin_cpu,none,none_builtin,,1,1,12,measured,85,125.174000,5.516000,148.9990234375,8.005996704101562,46.0,charging,false,0,,,44.1,FLAG_KEEP_SCREEN_ON,no_load_injected_background_apps_unverified,
2026-08-22T08:37:39.335568Z,1.0.0,realme_RMX3760_api35,1.0.0+1,release,mobilenet_v3_small_full_int8,7eb4e5feb3ad6a7ffe9c7d81f9f7b78d520a334323c091aaddccb8859c84991b,mobilenet_v3_small,full_int8,int8,int8,1x224x224x3,builtin_cpu,none,none_builtin,,1,1,12,measured,86,125.956000,5.516000,149.5068359375,8.006240844726562,46.0,charging,false,0,,,44.1,FLAG_KEEP_SCREEN_ON,no_load_injected_background_apps_unverified,
2026-08-22T08:37:39.515373Z,1.0.0,realme_RMX3760_api35,1.0.0+1,release,mobilenet_v3_small_full_int8,7eb4e5feb3ad6a7ffe9c7d81f9f7b78d520a334323c091aaddccb8859c84991b,mobilenet_v3_small,full_int8,int8,int8,1x224x224x3,builtin_cpu,none,none_builtin,,1,1,12,measured,87,129.200000,5.516000,147.7490234375,8.006484985351562,46.0,charging,false,0,,,44.1,FLAG_KEEP_SCREEN_ON,no_load_injected_background_apps_unverified,
2026-08-22T08:37:39.694968Z,1.0.0,realme_RMX3760_api35,1.0.0+1,release,mobilenet_v3_small_full_int8,7eb4e5feb3ad6a7ffe9c7d81f9f7b78d520a334323c091aaddccb8859c84991b,mobilenet_v3_small,full_int8,int8,int8,1x224x224x3,builtin_cpu,none,none_builtin,,1,1,12,measured,88,126.248000,5.516000,150.0185546875,8.006729125976562,46.0,charging,false,0,,,44.1,FLAG_KEEP_SCREEN_ON,no_load_injected_background_apps_unverified,
2026-08-22T08:37:39.875737Z,1.0.0,realme_RMX3760_api35,1.0.0+1,release,mobilenet_v3_small_full_int8,7eb4e5feb3ad6a7ffe9c7d81f9f7b78d520a334323c091aaddccb8859c84991b,mobilenet_v3_small,full_int8,int8,int8,1x224x224x3,builtin_cpu,none,none_builtin,,1,1,12,measured,89,126.400000,5.516000,149.5224609375,8.038223266601562,46.0,charging,false,0,,,44.1,FLAG_KEEP_SCREEN_ON,no_load_injected_background_apps_unverified,
2026-08-22T08:37:40.055799Z,1.0.0,realme_RMX3760_api35,1.0.0+1,release,mobilenet_v3_small_full_int8,7eb4e5feb3ad6a7ffe9c7d81f9f7b78d520a334323c091aaddccb8859c84991b,mobilenet_v3_small,full_int8,int8,int8,1x224x224x3,builtin_cpu,none,none_builtin,,1,1,12,measured,90,129.342000,5.516000,147.7646484375,8.038467407226562,46.0,charging,false,0,,,44.1,FLAG_KEEP_SCREEN_ON,no_load_injected_background_apps_unverified,
2026-08-22T08:37:40.237646Z,1.0.0,realme_RMX3760_api35,1.0.0+1,release,mobilenet_v3_small_full_int8,7eb4e5feb3ad6a7ffe9c7d81f9f7b78d520a334323c091aaddccb8859c84991b,mobilenet_v3_small,full_int8,int8,int8,1x224x224x3,builtin_cpu,none,none_builtin,,1,1,12,measured,91,127.848000,5.516000,149.9091796875,8.038711547851562,46.0,charging,false,0,,,44.1,FLAG_KEEP_SCREEN_ON,no_load_injected_background_apps_unverified,
2026-08-22T08:37:40.420008Z,1.0.0,realme_RMX3760_api35,1.0.0+1,release,mobilenet_v3_small_full_int8,7eb4e5feb3ad6a7ffe9c7d81f9f7b78d520a334323c091aaddccb8859c84991b,mobilenet_v3_small,full_int8,int8,int8,1x224x224x3,builtin_cpu,none,none_builtin,,1,1,12,measured,92,129.396000,5.516000,149.4208984375,8.038955688476562,46.0,charging,false,0,,,44.1,FLAG_KEEP_SCREEN_ON,no_load_injected_background_apps_unverified,
2026-08-22T08:37:40.600909Z,1.0.0,realme_RMX3760_api35,1.0.0+1,release,mobilenet_v3_small_full_int8,7eb4e5feb3ad6a7ffe9c7d81f9f7b78d520a334323c091aaddccb8859c84991b,mobilenet_v3_small,full_int8,int8,int8,1x224x224x3,builtin_cpu,none,none_builtin,,1,1,12,measured,93,129.561000,5.516000,147.7763671875,8.039199829101562,46.0,charging,false,0,,,44.1,FLAG_KEEP_SCREEN_ON,no_load_injected_background_apps_unverified,
2026-08-22T08:37:40.783926Z,1.0.0,realme_RMX3760_api35,1.0.0+1,release,mobilenet_v3_small_full_int8,7eb4e5feb3ad6a7ffe9c7d81f9f7b78d520a334323c091aaddccb8859c84991b,mobilenet_v3_small,full_int8,int8,int8,1x224x224x3,builtin_cpu,none,none_builtin,,1,1,12,measured,94,125.885000,5.516000,150.0498046875,8.039443969726562,46.0,charging,false,0,,,44.1,FLAG_KEEP_SCREEN_ON,no_load_injected_background_apps_unverified,
2026-08-22T08:37:40.964352Z,1.0.0,realme_RMX3760_api35,1.0.0+1,release,mobilenet_v3_small_full_int8,7eb4e5feb3ad6a7ffe9c7d81f9f7b78d520a334323c091aaddccb8859c84991b,mobilenet_v3_small,full_int8,int8,int8,1x224x224x3,builtin_cpu,none,none_builtin,,1,1,12,measured,95,126.221000,5.516000,149.5537109375,8.070938110351562,46.0,charging,false,0,,,44.1,FLAG_KEEP_SCREEN_ON,no_load_injected_background_apps_unverified,
2026-08-22T08:37:41.145683Z,1.0.0,realme_RMX3760_api35,1.0.0+1,release,mobilenet_v3_small_full_int8,7eb4e5feb3ad6a7ffe9c7d81f9f7b78d520a334323c091aaddccb8859c84991b,mobilenet_v3_small,full_int8,int8,int8,1x224x224x3,builtin_cpu,none,none_builtin,,1,1,12,measured,96,130.268000,5.516000,147.7958984375,8.071182250976562,46.0,charging,false,0,,,44.1,FLAG_KEEP_SCREEN_ON,no_load_injected_background_apps_unverified,
2026-08-22T08:37:41.328967Z,1.0.0,realme_RMX3760_api35,1.0.0+1,release,mobilenet_v3_small_full_int8,7eb4e5feb3ad6a7ffe9c7d81f9f7b78d520a334323c091aaddccb8859c84991b,mobilenet_v3_small,full_int8,int8,int8,1x224x224x3,builtin_cpu,none,none_builtin,,1,1,12,measured,97,126.246000,5.516000,150.0576171875,8.071426391601562,46.0,charging,false,0,,,44.1,FLAG_KEEP_SCREEN_ON,no_load_injected_background_apps_unverified,
2026-08-22T08:37:41.512491Z,1.0.0,realme_RMX3760_api35,1.0.0+1,release,mobilenet_v3_small_full_int8,7eb4e5feb3ad6a7ffe9c7d81f9f7b78d520a334323c091aaddccb8859c84991b,mobilenet_v3_small,full_int8,int8,int8,1x224x224x3,builtin_cpu,none,none_builtin,,1,1,12,measured,98,132.076000,5.516000,147.7841796875,8.071670532226562,46.0,charging,false,0,,,44.1,FLAG_KEEP_SCREEN_ON,no_load_injected_background_apps_unverified,
2026-08-22T08:37:41.693728Z,1.0.0,realme_RMX3760_api35,1.0.0+1,release,mobilenet_v3_small_full_int8,7eb4e5feb3ad6a7ffe9c7d81f9f7b78d520a334323c091aaddccb8859c84991b,mobilenet_v3_small,full_int8,int8,int8,1x224x224x3,builtin_cpu,none,none_builtin,,1,1,12,measured,99,126.406000,5.516000,150.0576171875,8.071914672851562,46.0,charging,false,0,,,44.1,FLAG_KEEP_SCREEN_ON,no_load_injected_background_apps_unverified,
2026-08-22T08:37:47.959202Z,1.0.0,realme_RMX3760_api35,1.0.0+1,release,mobilenet_v3_small_float32,cf6183dcd31c9ec34724e8f68d15423dc09b0cf71b1e91ba37800321b7526ba4,mobilenet_v3_small,float32,float32,float32,1x224x224x3,builtin_cpu,none,none_builtin,,2,1,13,measured,0,291.342000,5.181000,167.2958984375,8.072158813476562,46.0,charging,false,0,,,44.1,FLAG_KEEP_SCREEN_ON,no_load_injected_background_apps_unverified,
2026-08-22T08:37:48.306116Z,1.0.0,realme_RMX3760_api35,1.0.0+1,release,mobilenet_v3_small_float32,cf6183dcd31c9ec34724e8f68d15423dc09b0cf71b1e91ba37800321b7526ba4,mobilenet_v3_small,float32,float32,float32,1x224x224x3,builtin_cpu,none,none_builtin,,2,1,13,measured,1,289.783000,5.181000,163.7060546875,8.072402954101562,46.0,charging,false,0,,,44.1,FLAG_KEEP_SCREEN_ON,no_load_injected_background_apps_unverified,
2026-08-22T08:37:48.676131Z,1.0.0,realme_RMX3760_api35,1.0.0+1,release,mobilenet_v3_small_float32,cf6183dcd31c9ec34724e8f68d15423dc09b0cf71b1e91ba37800321b7526ba4,mobilenet_v3_small,float32,float32,float32,1x224x224x3,builtin_cpu,none,none_builtin,,2,1,13,measured,2,315.933000,5.181000,163.8896484375,8.103897094726562,46.0,charging,false,0,,,44.1,FLAG_KEEP_SCREEN_ON,no_load_injected_background_apps_unverified,
2026-08-22T08:37:49.031784Z,1.0.0,realme_RMX3760_api35,1.0.0+1,release,mobilenet_v3_small_float32,cf6183dcd31c9ec34724e8f68d15423dc09b0cf71b1e91ba37800321b7526ba4,mobilenet_v3_small,float32,float32,float32,1x224x224x3,builtin_cpu,none,none_builtin,,2,1,13,measured,3,303.547000,5.181000,163.9091796875,8.104141235351562,46.0,charging,false,0,,,44.1,FLAG_KEEP_SCREEN_ON,no_load_injected_background_apps_unverified,
2026-08-22T08:37:49.395260Z,1.0.0,realme_RMX3760_api35,1.0.0+1,release,mobilenet_v3_small_float32,cf6183dcd31c9ec34724e8f68d15423dc09b0cf71b1e91ba37800321b7526ba4,mobilenet_v3_small,float32,float32,float32,1x224x224x3,builtin_cpu,none,none_builtin,,2,1,13,measured,4,310.310000,5.181000,163.9130859375,8.104385375976562,46.0,charging,false,0,,,44.1,FLAG_KEEP_SCREEN_ON,no_load_injected_background_apps_unverified,
2026-08-22T08:37:49.750701Z,1.0.0,realme_RMX3760_api35,1.0.0+1,release,mobilenet_v3_small_float32,cf6183dcd31c9ec34724e8f68d15423dc09b0cf71b1e91ba37800321b7526ba4,mobilenet_v3_small,float32,float32,float32,1x224x224x3,builtin_cpu,none,none_builtin,,2,1,13,measured,5,303.013000,5.181000,163.9248046875,8.104629516601562,46.0,charging,false,0,,,44.1,FLAG_KEEP_SCREEN_ON,no_load_injected_background_apps_unverified,
2026-08-22T08:37:50.116018Z,1.0.0,realme_RMX3760_api35,1.0.0+1,release,mobilenet_v3_small_float32,cf6183dcd31c9ec34724e8f68d15423dc09b0cf71b1e91ba37800321b7526ba4,mobilenet_v3_small,float32,float32,float32,1x224x224x3,builtin_cpu,none,none_builtin,,2,1,13,measured,6,314.475000,5.181000,164.9365234375,8.104873657226562,46.0,charging,false,0,,,44.1,FLAG_KEEP_SCREEN_ON,no_load_injected_background_apps_unverified,
2026-08-22T08:37:50.471374Z,1.0.0,realme_RMX3760_api35,1.0.0+1,release,mobilenet_v3_small_float32,cf6183dcd31c9ec34724e8f68d15423dc09b0cf71b1e91ba37800321b7526ba4,mobilenet_v3_small,float32,float32,float32,1x224x224x3,builtin_cpu,none,none_builtin,,2,1,13,measured,7,302.467000,5.181000,163.9404296875,8.105117797851562,46.0,charging,false,0,,,44.1,FLAG_KEEP_SCREEN_ON,no_load_injected_background_apps_unverified,
2026-08-22T08:37:50.838088Z,1.0.0,realme_RMX3760_api35,1.0.0+1,release,mobilenet_v3_small_float32,cf6183dcd31c9ec34724e8f68d15423dc09b0cf71b1e91ba37800321b7526ba4,mobilenet_v3_small,float32,float32,float32,1x224x224x3,builtin_cpu,none,none_builtin,,2,1,13,measured,8,315.969000,5.181000,163.9716796875,8.136611938476562,46.0,charging,false,0,,,44.1,FLAG_KEEP_SCREEN_ON,no_load_injected_background_apps_unverified,
2026-08-22T08:37:51.191224Z,1.0.0,realme_RMX3760_api35,1.0.0+1,release,mobilenet_v3_small_float32,cf6183dcd31c9ec34724e8f68d15423dc09b0cf71b1e91ba37800321b7526ba4,mobilenet_v3_small,float32,float32,float32,1x224x224x3,builtin_cpu,none,none_builtin,,2,1,13,measured,9,298.432000,5.181000,163.9638671875,8.136856079101562,46.0,charging,false,0,,,44.1,FLAG_KEEP_SCREEN_ON,no_load_injected_background_apps_unverified,
2026-08-22T08:37:51.548194Z,1.0.0,realme_RMX3760_api35,1.0.0+1,release,mobilenet_v3_small_float32,cf6183dcd31c9ec34724e8f68d15423dc09b0cf71b1e91ba37800321b7526ba4,mobilenet_v3_small,float32,float32,float32,1x224x224x3,builtin_cpu,none,none_builtin,,2,1,13,measured,10,304.124000,5.181000,163.9755859375,8.137100219726562,46.0,charging,false,0,,,44.1,FLAG_KEEP_SCREEN_ON,no_load_injected_background_apps_unverified,
2026-08-22T08:37:51.907581Z,1.0.0,realme_RMX3760_api35,1.0.0+1,release,mobilenet_v3_small_float32,cf6183dcd31c9ec34724e8f68d15423dc09b0cf71b1e91ba37800321b7526ba4,mobilenet_v3_small,float32,float32,float32,1x224x224x3,builtin_cpu,none,none_builtin,,2,1,13,measured,11,308.979000,5.181000,163.8818359375,8.137344360351562,46.0,charging,false,0,,,44.1,FLAG_KEEP_SCREEN_ON,no_load_injected_background_apps_unverified,
2026-08-22T08:37:52.262472Z,1.0.0,realme_RMX3760_api35,1.0.0+1,release,mobilenet_v3_small_float32,cf6183dcd31c9ec34724e8f68d15423dc09b0cf71b1e91ba37800321b7526ba4,mobilenet_v3_small,float32,float32,float32,1x224x224x3,builtin_cpu,none,none_builtin,,2,1,13,measured,12,304.084000,5.181000,163.8857421875,8.137588500976562,46.0,charging,false,0,,,44.1,FLAG_KEEP_SCREEN_ON,no_load_injected_background_apps_unverified,
2026-08-22T08:37:52.618699Z,1.0.0,realme_RMX3760_api35,1.0.0+1,release,mobilenet_v3_small_float32,cf6183dcd31c9ec34724e8f68d15423dc09b0cf71b1e91ba37800321b7526ba4,mobilenet_v3_small,float32,float32,float32,1x224x224x3,builtin_cpu,none,none_builtin,,2,1,13,measured,13,303.602000,5.181000,163.9482421875,8.137832641601562,46.0,charging,false,0,,,44.1,FLAG_KEEP_SCREEN_ON,no_load_injected_background_apps_unverified,
2026-08-22T08:37:52.977597Z,1.0.0,realme_RMX3760_api35,1.0.0+1,release,mobilenet_v3_small_float32,cf6183dcd31c9ec34724e8f68d15423dc09b0cf71b1e91ba37800321b7526ba4,mobilenet_v3_small,float32,float32,float32,1x224x224x3,builtin_cpu,none,none_builtin,,2,1,13,measured,14,307.171000,5.181000,164.8857421875,8.169326782226562,46.0,charging,false,0,,,44.1,FLAG_KEEP_SCREEN_ON,no_load_injected_background_apps_unverified,
2026-08-22T08:37:53.339701Z,1.0.0,realme_RMX3760_api35,1.0.0+1,release,mobilenet_v3_small_float32,cf6183dcd31c9ec34724e8f68d15423dc09b0cf71b1e91ba37800321b7526ba4,mobilenet_v3_small,float32,float32,float32,1x224x224x3,builtin_cpu,none,none_builtin,,2,1,13,measured,15,306.916000,5.181000,163.9677734375,8.169570922851562,46.0,charging,false,0,,,44.1,FLAG_KEEP_SCREEN_ON,no_load_injected_background_apps_unverified,
2026-08-22T08:37:53.699571Z,1.0.0,realme_RMX3760_api35,1.0.0+1,release,mobilenet_v3_small_float32,cf6183dcd31c9ec34724e8f68d15423dc09b0cf71b1e91ba37800321b7526ba4,mobilenet_v3_small,float32,float32,float32,1x224x224x3,builtin_cpu,none,none_builtin,,2,1,13,measured,16,306.863000,5.181000,164.0302734375,8.169815063476562,46.0,charging,false,0,,,44.1,FLAG_KEEP_SCREEN_ON,no_load_injected_background_apps_unverified,
2026-08-22T08:37:54.059099Z,1.0.0,realme_RMX3760_api35,1.0.0+1,release,mobilenet_v3_small_float32,cf6183dcd31c9ec34724e8f68d15423dc09b0cf71b1e91ba37800321b7526ba4,mobilenet_v3_small,float32,float32,float32,1x224x224x3,builtin_cpu,none,none_builtin,,2,1,13,measured,17,307.776000,5.181000,163.9912109375,8.170059204101562,46.0,charging,false,0,,,44.1,FLAG_KEEP_SCREEN_ON,no_load_injected_background_apps_unverified,
2026-08-22T08:37:54.436562Z,1.0.0,realme_RMX3760_api35,1.0.0+1,release,mobilenet_v3_small_float32,cf6183dcd31c9ec34724e8f68d15423dc09b0cf71b1e91ba37800321b7526ba4,mobilenet_v3_small,float32,float32,float32,1x224x224x3,builtin_cpu,none,none_builtin,,2,1,13,measured,18,326.721000,5.181000,163.5224609375,8.170303344726562,46.0,charging,false,0,,,44.1,FLAG_KEEP_SCREEN_ON,no_load_injected_background_apps_unverified,
2026-08-22T08:37:54.796619Z,1.0.0,realme_RMX3760_api35,1.0.0+1,release,mobilenet_v3_small_float32,cf6183dcd31c9ec34724e8f68d15423dc09b0cf71b1e91ba37800321b7526ba4,mobilenet_v3_small,float32,float32,float32,1x224x224x3,builtin_cpu,none,none_builtin,,2,1,13,measured,19,307.618000,5.181000,164.0263671875,8.170547485351562,46.0,charging,false,0,,,44.1,FLAG_KEEP_SCREEN_ON,no_load_injected_background_apps_unverified,
2026-08-22T08:37:55.155415Z,1.0.0,realme_RMX3760_api35,1.0.0+1,release,mobilenet_v3_small_float32,cf6183dcd31c9ec34724e8f68d15423dc09b0cf71b1e91ba37800321b7526ba4,mobilenet_v3_small,float32,float32,float32,1x224x224x3,builtin_cpu,none,none_builtin,,2,1,13,measured,20,307.806000,5.181000,163.9755859375,8.202041625976562,46.0,charging,false,0,,,44.1,FLAG_KEEP_SCREEN_ON,no_load_injected_background_apps_unverified,
2026-08-22T08:37:55.505389Z,1.0.0,realme_RMX3760_api35,1.0.0+1,release,mobilenet_v3_small_float32,cf6183dcd31c9ec34724e8f68d15423dc09b0cf71b1e91ba37800321b7526ba4,mobilenet_v3_small,float32,float32,float32,1x224x224x3,builtin_cpu,none,none_builtin,,2,1,13,measured,21,298.299000,5.181000,163.9755859375,8.202285766601562,46.0,charging,false,0,,,44.1,FLAG_KEEP_SCREEN_ON,no_load_injected_background_apps_unverified,
2026-08-22T08:37:55.857245Z,1.0.0,realme_RMX3760_api35,1.0.0+1,release,mobilenet_v3_small_float32,cf6183dcd31c9ec34724e8f68d15423dc09b0cf71b1e91ba37800321b7526ba4,mobilenet_v3_small,float32,float32,float32,1x224x224x3,builtin_cpu,none,none_builtin,,2,1,13,measured,22,298.358000,5.181000,164.0146484375,8.202529907226562,46.0,charging,false,0,,,44.1,FLAG_KEEP_SCREEN_ON,no_load_injected_background_apps_unverified,
2026-08-22T08:37:56.211725Z,1.0.0,realme_RMX3760_api35,1.0.0+1,release,mobilenet_v3_small_float32,cf6183dcd31c9ec34724e8f68d15423dc09b0cf71b1e91ba37800321b7526ba4,mobilenet_v3_small,float32,float32,float32,1x224x224x3,builtin_cpu,none,none_builtin,,2,1,13,measured,23,302.883000,5.181000,164.0146484375,8.202774047851562,46.0,charging,false,0,,,44.1,FLAG_KEEP_SCREEN_ON,no_load_injected_background_apps_unverified,
2026-08-22T08:37:56.566637Z,1.0.0,realme_RMX3760_api35,1.0.0+1,release,mobilenet_v3_small_float32,cf6183dcd31c9ec34724e8f68d15423dc09b0cf71b1e91ba37800321b7526ba4,mobilenet_v3_small,float32,float32,float32,1x224x224x3,builtin_cpu,none,none_builtin,,2,1,13,measured,24,302.903000,5.181000,164.5419921875,8.203018188476562,46.0,charging,false,0,,,44.1,FLAG_KEEP_SCREEN_ON,no_load_injected_background_apps_unverified,
2026-08-22T08:37:56.924898Z,1.0.0,realme_RMX3760_api35,1.0.0+1,release,mobilenet_v3_small_float32,cf6183dcd31c9ec34724e8f68d15423dc09b0cf71b1e91ba37800321b7526ba4,mobilenet_v3_small,float32,float32,float32,1x224x224x3,builtin_cpu,none,none_builtin,,2,1,13,measured,25,304.991000,5.181000,164.0458984375,8.203262329101562,46.0,charging,false,0,,,44.1,FLAG_KEEP_SCREEN_ON,no_load_injected_background_apps_unverified,
2026-08-22T08:37:57.279158Z,1.0.0,realme_RMX3760_api35,1.0.0+1,release,mobilenet_v3_small_float32,cf6183dcd31c9ec34724e8f68d15423dc09b0cf71b1e91ba37800321b7526ba4,mobilenet_v3_small,float32,float32,float32,1x224x224x3,builtin_cpu,none,none_builtin,,2,1,13,measured,26,299.941000,5.181000,163.5263671875,8.203506469726562,46.0,charging,false,0,,,44.1,FLAG_KEEP_SCREEN_ON,no_load_injected_background_apps_unverified,
2026-08-22T08:37:57.626409Z,1.0.0,realme_RMX3760_api35,1.0.0+1,release,mobilenet_v3_small_float32,cf6183dcd31c9ec34724e8f68d15423dc09b0cf71b1e91ba37800321b7526ba4,mobilenet_v3_small,float32,float32,float32,1x224x224x3,builtin_cpu,none,none_builtin,,2,1,13,measured,27,295.076000,5.181000,164.0263671875,8.235000610351562,46.0,charging,false,0,,,44.1,FLAG_KEEP_SCREEN_ON,no_load_injected_background_apps_unverified,
2026-08-22T08:37:57.978496Z,1.0.0,realme_RMX3760_api35,1.0.0+1,release,mobilenet_v3_small_float32,cf6183dcd31c9ec34724e8f68d15423dc09b0cf71b1e91ba37800321b7526ba4,mobilenet_v3_small,float32,float32,float32,1x224x224x3,builtin_cpu,none,none_builtin,,2,1,13,measured,28,299.794000,5.181000,164.0341796875,8.235244750976562,46.0,charging,false,0,,,44.1,FLAG_KEEP_SCREEN_ON,no_load_injected_background_apps_unverified,
2026-08-22T08:37:58.339524Z,1.0.0,realme_RMX3760_api35,1.0.0+1,release,mobilenet_v3_small_float32,cf6183dcd31c9ec34724e8f68d15423dc09b0cf71b1e91ba37800321b7526ba4,mobilenet_v3_small,float32,float32,float32,1x224x224x3,builtin_cpu,none,none_builtin,,2,1,13,measured,29,305.782000,5.181000,165.0458984375,8.235488891601562,46.0,charging,false,0,,,44.1,FLAG_KEEP_SCREEN_ON,no_load_injected_background_apps_unverified,
2026-08-22T08:37:58.697845Z,1.0.0,realme_RMX3760_api35,1.0.0+1,release,mobilenet_v3_small_float32,cf6183dcd31c9ec34724e8f68d15423dc09b0cf71b1e91ba37800321b7526ba4,mobilenet_v3_small,float32,float32,float32,1x224x224x3,builtin_cpu,none,none_builtin,,2,1,13,measured,30,301.804000,5.181000,164.5458984375,8.235733032226562,46.0,charging,false,0,,,44.1,FLAG_KEEP_SCREEN_ON,no_load_injected_background_apps_unverified,
2026-08-22T08:37:59.051245Z,1.0.0,realme_RMX3760_api35,1.0.0+1,release,mobilenet_v3_small_float32,cf6183dcd31c9ec34724e8f68d15423dc09b0cf71b1e91ba37800321b7526ba4,mobilenet_v3_small,float32,float32,float32,1x224x224x3,builtin_cpu,none,none_builtin,,2,1,13,measured,31,300.679000,5.181000,164.0537109375,8.235977172851562,46.0,charging,false,0,,,44.1,FLAG_KEEP_SCREEN_ON,no_load_injected_background_apps_unverified,
2026-08-22T08:37:59.404462Z,1.0.0,realme_RMX3760_api35,1.0.0+1,release,mobilenet_v3_small_float32,cf6183dcd31c9ec34724e8f68d15423dc09b0cf71b1e91ba37800321b7526ba4,mobilenet_v3_small,float32,float32,float32,1x224x224x3,builtin_cpu,none,none_builtin,,2,1,13,measured,32,300.502000,5.181000,164.0576171875,8.236221313476562,46.0,charging,false,0,,,44.1,FLAG_KEEP_SCREEN_ON,no_load_injected_background_apps_unverified,
2026-08-22T08:37:59.772879Z,1.0.0,realme_RMX3760_api35,1.0.0+1,release,mobilenet_v3_small_float32,cf6183dcd31c9ec34724e8f68d15423dc09b0cf71b1e91ba37800321b7526ba4,mobilenet_v3_small,float32,float32,float32,1x224x224x3,builtin_cpu,none,none_builtin,,2,1,13,measured,33,317.509000,5.181000,163.6005859375,8.267715454101562,46.0,charging,false,0,,,44.1,FLAG_KEEP_SCREEN_ON,no_load_injected_background_apps_unverified,
2026-08-22T08:38:00.126697Z,1.0.0,realme_RMX3760_api35,1.0.0+1,release,mobilenet_v3_small_float32,cf6183dcd31c9ec34724e8f68d15423dc09b0cf71b1e91ba37800321b7526ba4,mobilenet_v3_small,float32,float32,float32,1x224x224x3,builtin_cpu,none,none_builtin,,2,1,13,measured,34,301.525000,5.181000,164.1435546875,8.267959594726562,46.0,charging,false,0,,,44.1,FLAG_KEEP_SCREEN_ON,no_load_injected_background_apps_unverified,
2026-08-22T08:38:00.481857Z,1.0.0,realme_RMX3760_api35,1.0.0+1,release,mobilenet_v3_small_float32,cf6183dcd31c9ec34724e8f68d15423dc09b0cf71b1e91ba37800321b7526ba4,mobilenet_v3_small,float32,float32,float32,1x224x224x3,builtin_cpu,none,none_builtin,,2,1,13,measured,35,302.906000,5.181000,164.5615234375,8.268203735351562,46.0,charging,false,0,,,44.1,FLAG_KEEP_SCREEN_ON,no_load_injected_background_apps_unverified,
2026-08-22T08:38:00.835662Z,1.0.0,realme_RMX3760_api35,1.0.0+1,release,mobilenet_v3_small_float32,cf6183dcd31c9ec34724e8f68d15423dc09b0cf71b1e91ba37800321b7526ba4,mobilenet_v3_small,float32,float32,float32,1x224x224x3,builtin_cpu,none,none_builtin,,2,1,13,measured,36,298.720000,5.181000,164.5615234375,8.268447875976562,46.0,charging,false,0,,,44.1,FLAG_KEEP_SCREEN_ON,no_load_injected_background_apps_unverified,
2026-08-22T08:38:01.187462Z,1.0.0,realme_RMX3760_api35,1.0.0+1,release,mobilenet_v3_small_float32,cf6183dcd31c9ec34724e8f68d15423dc09b0cf71b1e91ba37800321b7526ba4,mobilenet_v3_small,float32,float32,float32,1x224x224x3,builtin_cpu,none,none_builtin,,2,1,13,measured,37,299.067000,5.181000,164.0654296875,8.268692016601562,46.0,charging,false,0,,,44.1,FLAG_KEEP_SCREEN_ON,no_load_injected_background_apps_unverified,
2026-08-22T08:38:01.547363Z,1.0.0,realme_RMX3760_api35,1.0.0+1,release,mobilenet_v3_small_float32,cf6183dcd31c9ec34724e8f68d15423dc09b0cf71b1e91ba37800321b7526ba4,mobilenet_v3_small,float32,float32,float32,1x224x224x3,builtin_cpu,none,none_builtin,,2,1,13,measured,38,308.457000,5.181000,164.2138671875,8.268936157226562,46.0,charging,false,0,,,44.1,FLAG_KEEP_SCREEN_ON,no_load_injected_background_apps_unverified,
2026-08-22T08:38:01.907841Z,1.0.0,realme_RMX3760_api35,1.0.0+1,release,mobilenet_v3_small_float32,cf6183dcd31c9ec34724e8f68d15423dc09b0cf71b1e91ba37800321b7526ba4,mobilenet_v3_small,float32,float32,float32,1x224x224x3,builtin_cpu,none,none_builtin,,2,1,13,measured,39,309.848000,5.181000,164.2333984375,8.300430297851562,46.0,charging,false,0,,,44.1,FLAG_KEEP_SCREEN_ON,no_load_injected_background_apps_unverified,
2026-08-22T08:38:02.261229Z,1.0.0,realme_RMX3760_api35,1.0.0+1,release,mobilenet_v3_small_float32,cf6183dcd31c9ec34724e8f68d15423dc09b0cf71b1e91ba37800321b7526ba4,mobilenet_v3_small,float32,float32,float32,1x224x224x3,builtin_cpu,none,none_builtin,,2,1,13,measured,40,298.498000,5.181000,164.2373046875,8.300674438476562,46.0,charging,false,0,,,44.1,FLAG_KEEP_SCREEN_ON,no_load_injected_background_apps_unverified,
2026-08-22T08:38:02.621619Z,1.0.0,realme_RMX3760_api35,1.0.0+1,release,mobilenet_v3_small_float32,cf6183dcd31c9ec34724e8f68d15423dc09b0cf71b1e91ba37800321b7526ba4,mobilenet_v3_small,float32,float32,float32,1x224x224x3,builtin_cpu,none,none_builtin,,2,1,13,measured,41,309.743000,5.181000,163.7412109375,8.300918579101562,46.0,charging,false,0,,,44.1,FLAG_KEEP_SCREEN_ON,no_load_injected_background_apps_unverified,
2026-08-22T08:38:02.975269Z,1.0.0,realme_RMX3760_api35,1.0.0+1,release,mobilenet_v3_small_float32,cf6183dcd31c9ec34724e8f68d15423dc09b0cf71b1e91ba37800321b7526ba4,mobilenet_v3_small,float32,float32,float32,1x224x224x3,builtin_cpu,none,none_builtin,,2,1,13,measured,42,299.676000,5.181000,164.2529296875,8.301162719726562,46.0,charging,false,0,,,44.1,FLAG_KEEP_SCREEN_ON,no_load_injected_background_apps_unverified,
2026-08-22T08:38:03.320353Z,1.0.0,realme_RMX3760_api35,1.0.0+1,release,mobilenet_v3_small_float32,cf6183dcd31c9ec34724e8f68d15423dc09b0cf71b1e91ba37800321b7526ba4,mobilenet_v3_small,float32,float32,float32,1x224x224x3,builtin_cpu,none,none_builtin,,2,1,13,measured,43,292.065000,5.181000,164.2568359375,8.301406860351562,46.0,charging,false,0,,,44.1,FLAG_KEEP_SCREEN_ON,no_load_injected_background_apps_unverified,
2026-08-22T08:38:03.681089Z,1.0.0,realme_RMX3760_api35,1.0.0+1,release,mobilenet_v3_small_float32,cf6183dcd31c9ec34724e8f68d15423dc09b0cf71b1e91ba37800321b7526ba4,mobilenet_v3_small,float32,float32,float32,1x224x224x3,builtin_cpu,none,none_builtin,,2,1,13,measured,44,309.927000,5.181000,164.2177734375,8.301651000976562,46.0,charging,false,0,,,44.1,FLAG_KEEP_SCREEN_ON,no_load_injected_background_apps_unverified,
2026-08-22T08:38:04.037996Z,1.0.0,realme_RMX3760_api35,1.0.0+1,release,mobilenet_v3_small_float32,cf6183dcd31c9ec34724e8f68d15423dc09b0cf71b1e91ba37800321b7526ba4,mobilenet_v3_small,float32,float32,float32,1x224x224x3,builtin_cpu,none,none_builtin,,2,1,13,measured,45,305.331000,5.181000,164.2138671875,8.333145141601562,46.0,charging,false,0,,,44.1,FLAG_KEEP_SCREEN_ON,no_load_injected_background_apps_unverified,
2026-08-22T08:38:04.389206Z,1.0.0,realme_RMX3760_api35,1.0.0+1,release,mobilenet_v3_small_float32,cf6183dcd31c9ec34724e8f68d15423dc09b0cf71b1e91ba37800321b7526ba4,mobilenet_v3_small,float32,float32,float32,1x224x224x3,builtin_cpu,none,none_builtin,,2,1,13,measured,46,297.833000,5.181000,164.2177734375,8.333389282226562,46.0,charging,false,0,,,44.1,FLAG_KEEP_SCREEN_ON,no_load_injected_background_apps_unverified,
2026-08-22T08:38:04.739719Z,1.0.0,realme_RMX3760_api35,1.0.0+1,release,mobilenet_v3_small_float32,cf6183dcd31c9ec34724e8f68d15423dc09b0cf71b1e91ba37800321b7526ba4,mobilenet_v3_small,float32,float32,float32,1x224x224x3,builtin_cpu,none,none_builtin,,2,1,13,measured,47,295.050000,5.181000,164.2333984375,8.333633422851562,46.0,charging,false,0,,,44.1,FLAG_KEEP_SCREEN_ON,no_load_injected_background_apps_unverified,
2026-08-22T08:38:05.090338Z,1.0.0,realme_RMX3760_api35,1.0.0+1,release,mobilenet_v3_small_float32,cf6183dcd31c9ec34724e8f68d15423dc09b0cf71b1e91ba37800321b7526ba4,mobilenet_v3_small,float32,float32,float32,1x224x224x3,builtin_cpu,none,none_builtin,,2,1,13,measured,48,299.067000,5.181000,164.2294921875,8.333877563476562,46.0,charging,false,0,,,44.1,FLAG_KEEP_SCREEN_ON,no_load_injected_background_apps_unverified,
2026-08-22T08:38:05.451833Z,1.0.0,realme_RMX3760_api35,1.0.0+1,release,mobilenet_v3_small_float32,cf6183dcd31c9ec34724e8f68d15423dc09b0cf71b1e91ba37800321b7526ba4,mobilenet_v3_small,float32,float32,float32,1x224x224x3,builtin_cpu,none,none_builtin,,2,1,13,measured,49,306.859000,5.181000,164.2373046875,8.334121704101562,46.0,charging,false,0,,,44.1,FLAG_KEEP_SCREEN_ON,no_load_injected_background_apps_unverified,
2026-08-22T08:38:05.802883Z,1.0.0,realme_RMX3760_api35,1.0.0+1,release,mobilenet_v3_small_float32,cf6183dcd31c9ec34724e8f68d15423dc09b0cf71b1e91ba37800321b7526ba4,mobilenet_v3_small,float32,float32,float32,1x224x224x3,builtin_cpu,none,none_builtin,,2,1,13,measured,50,298.367000,5.181000,164.2529296875,8.334365844726562,46.0,charging,false,0,,,44.1,FLAG_KEEP_SCREEN_ON,no_load_injected_background_apps_unverified,
2026-08-22T08:38:06.151555Z,1.0.0,realme_RMX3760_api35,1.0.0+1,release,mobilenet_v3_small_float32,cf6183dcd31c9ec34724e8f68d15423dc09b0cf71b1e91ba37800321b7526ba4,mobilenet_v3_small,float32,float32,float32,1x224x224x3,builtin_cpu,none,none_builtin,,2,1,13,measured,51,296.644000,5.181000,164.2412109375,8.334609985351562,46.0,charging,false,0,,,44.1,FLAG_KEEP_SCREEN_ON,no_load_injected_background_apps_unverified,
2026-08-22T08:38:06.519881Z,1.0.0,realme_RMX3760_api35,1.0.0+1,release,mobilenet_v3_small_float32,cf6183dcd31c9ec34724e8f68d15423dc09b0cf71b1e91ba37800321b7526ba4,mobilenet_v3_small,float32,float32,float32,1x224x224x3,builtin_cpu,none,none_builtin,,2,1,13,measured,52,313.658000,5.181000,164.7451171875,8.366104125976562,46.0,charging,false,0,,,44.1,FLAG_KEEP_SCREEN_ON,no_load_injected_background_apps_unverified,
2026-08-22T08:38:06.877770Z,1.0.0,realme_RMX3760_api35,1.0.0+1,release,mobilenet_v3_small_float32,cf6183dcd31c9ec34724e8f68d15423dc09b0cf71b1e91ba37800321b7526ba4,mobilenet_v3_small,float32,float32,float32,1x224x224x3,builtin_cpu,none,none_builtin,,2,1,13,measured,53,306.160000,5.181000,164.1318359375,8.366348266601562,46.0,charging,false,0,,,44.1,FLAG_KEEP_SCREEN_ON,no_load_injected_background_apps_unverified,
2026-08-22T08:38:07.235050Z,1.0.0,realme_RMX3760_api35,1.0.0+1,release,mobilenet_v3_small_float32,cf6183dcd31c9ec34724e8f68d15423dc09b0cf71b1e91ba37800321b7526ba4,mobilenet_v3_small,float32,float32,float32,1x224x224x3,builtin_cpu,none,none_builtin,,2,1,13,measured,54,304.891000,5.181000,164.1982421875,8.366592407226562,46.0,charging,false,0,,,44.1,FLAG_KEEP_SCREEN_ON,no_load_injected_background_apps_unverified,
2026-08-22T08:38:07.590001Z,1.0.0,realme_RMX3760_api35,1.0.0+1,release,mobilenet_v3_small_float32,cf6183dcd31c9ec34724e8f68d15423dc09b0cf71b1e91ba37800321b7526ba4,mobilenet_v3_small,float32,float32,float32,1x224x224x3,builtin_cpu,none,none_builtin,,2,1,13,measured,55,302.557000,5.181000,164.2685546875,8.366836547851562,46.0,charging,false,0,,,44.1,FLAG_KEEP_SCREEN_ON,no_load_injected_background_apps_unverified,
2026-08-22T08:38:07.945813Z,1.0.0,realme_RMX3760_api35,1.0.0+1,release,mobilenet_v3_small_float32,cf6183dcd31c9ec34724e8f68d15423dc09b0cf71b1e91ba37800321b7526ba4,mobilenet_v3_small,float32,float32,float32,1x224x224x3,builtin_cpu,none,none_builtin,,2,1,13,measured,56,303.735000,5.181000,164.3154296875,8.367080688476562,46.0,charging,false,0,,,44.1,FLAG_KEEP_SCREEN_ON,no_load_injected_background_apps_unverified,
2026-08-22T08:38:08.310792Z,1.0.0,realme_RMX3760_api35,1.0.0+1,release,mobilenet_v3_small_float32,cf6183dcd31c9ec34724e8f68d15423dc09b0cf71b1e91ba37800321b7526ba4,mobilenet_v3_small,float32,float32,float32,1x224x224x3,builtin_cpu,none,none_builtin,,2,1,13,measured,57,312.730000,5.181000,164.3037109375,8.367324829101562,46.0,charging,false,0,,,44.1,FLAG_KEEP_SCREEN_ON,no_load_injected_background_apps_unverified,
2026-08-22T08:38:08.664941Z,1.0.0,realme_RMX3760_api35,1.0.0+1,release,mobilenet_v3_small_float32,cf6183dcd31c9ec34724e8f68d15423dc09b0cf71b1e91ba37800321b7526ba4,mobilenet_v3_small,float32,float32,float32,1x224x224x3,builtin_cpu,none,none_builtin,,2,1,13,measured,58,299.419000,5.181000,164.3115234375,8.398818969726562,46.0,charging,false,0,,,44.1,FLAG_KEEP_SCREEN_ON,no_load_injected_background_apps_unverified,
2026-08-22T08:38:09.029939Z,1.0.0,realme_RMX3760_api35,1.0.0+1,release,mobilenet_v3_small_float32,cf6183dcd31c9ec34724e8f68d15423dc09b0cf71b1e91ba37800321b7526ba4,mobilenet_v3_small,float32,float32,float32,1x224x224x3,builtin_cpu,none,none_builtin,,2,1,13,measured,59,314.281000,5.181000,164.1826171875,8.399063110351562,46.0,charging,false,0,,,44.1,FLAG_KEEP_SCREEN_ON,no_load_injected_background_apps_unverified,
2026-08-22T08:38:09.383227Z,1.0.0,realme_RMX3760_api35,1.0.0+1,release,mobilenet_v3_small_float32,cf6183dcd31c9ec34724e8f68d15423dc09b0cf71b1e91ba37800321b7526ba4,mobilenet_v3_small,float32,float32,float32,1x224x224x3,builtin_cpu,none,none_builtin,,2,1,13,measured,60,300.981000,5.181000,165.1826171875,8.399307250976562,46.0,charging,false,0,,,44.1,FLAG_KEEP_SCREEN_ON,no_load_injected_background_apps_unverified,
2026-08-22T08:38:09.736612Z,1.0.0,realme_RMX3760_api35,1.0.0+1,release,mobilenet_v3_small_float32,cf6183dcd31c9ec34724e8f68d15423dc09b0cf71b1e91ba37800321b7526ba4,mobilenet_v3_small,float32,float32,float32,1x224x224x3,builtin_cpu,none,none_builtin,,2,1,13,measured,61,297.312000,5.181000,164.1865234375,8.399551391601562,46.0,charging,false,0,,,44.1,FLAG_KEEP_SCREEN_ON,no_load_injected_background_apps_unverified,
2026-08-22T08:38:10.090708Z,1.0.0,realme_RMX3760_api35,1.0.0+1,release,mobilenet_v3_small_float32,cf6183dcd31c9ec34724e8f68d15423dc09b0cf71b1e91ba37800321b7526ba4,mobilenet_v3_small,float32,float32,float32,1x224x224x3,builtin_cpu,none,none_builtin,,2,1,13,measured,62,298.881000,5.181000,164.2216796875,8.399795532226562,46.0,charging,false,0,,,44.1,FLAG_KEEP_SCREEN_ON,no_load_injected_background_apps_unverified,
2026-08-22T08:38:10.456570Z,1.0.0,realme_RMX3760_api35,1.0.0+1,release,mobilenet_v3_small_float32,cf6183dcd31c9ec34724e8f68d15423dc09b0cf71b1e91ba37800321b7526ba4,mobilenet_v3_small,float32,float32,float32,1x224x224x3,builtin_cpu,none,none_builtin,,2,1,13,measured,63,315.190000,5.181000,164.2138671875,8.400039672851562,46.0,charging,false,0,,,44.1,FLAG_KEEP_SCREEN_ON,no_load_injected_background_apps_unverified,
2026-08-22T08:38:10.809085Z,1.0.0,realme_RMX3760_api35,1.0.0+1,release,mobilenet_v3_small_float32,cf6183dcd31c9ec34724e8f68d15423dc09b0cf71b1e91ba37800321b7526ba4,mobilenet_v3_small,float32,float32,float32,1x224x224x3,builtin_cpu,none,none_builtin,,2,1,13,measured,64,297.804000,5.181000,164.2998046875,8.431533813476562,46.0,charging,false,0,,,44.1,FLAG_KEEP_SCREEN_ON,no_load_injected_background_apps_unverified,
2026-08-22T08:38:11.163967Z,1.0.0,realme_RMX3760_api35,1.0.0+1,release,mobilenet_v3_small_float32,cf6183dcd31c9ec34724e8f68d15423dc09b0cf71b1e91ba37800321b7526ba4,mobilenet_v3_small,float32,float32,float32,1x224x224x3,builtin_cpu,none,none_builtin,,2,1,13,measured,65,302.063000,5.181000,163.8349609375,8.431777954101562,46.0,charging,false,0,,,44.1,FLAG_KEEP_SCREEN_ON,no_load_injected_background_apps_unverified,
2026-08-22T08:38:11.524599Z,1.0.0,realme_RMX3760_api35,1.0.0+1,release,mobilenet_v3_small_float32,cf6183dcd31c9ec34724e8f68d15423dc09b0cf71b1e91ba37800321b7526ba4,mobilenet_v3_small,float32,float32,float32,1x224x224x3,builtin_cpu,none,none_builtin,,2,1,13,measured,66,303.500000,5.181000,164.3310546875,8.432022094726562,46.0,charging,false,0,,,44.1,FLAG_KEEP_SCREEN_ON,no_load_injected_background_apps_unverified,
2026-08-22T08:38:11.880778Z,1.0.0,realme_RMX3760_api35,1.0.0+1,release,mobilenet_v3_small_float32,cf6183dcd31c9ec34724e8f68d15423dc09b0cf71b1e91ba37800321b7526ba4,mobilenet_v3_small,float32,float32,float32,1x224x224x3,builtin_cpu,none,none_builtin,,2,1,13,measured,67,301.769000,5.181000,164.3388671875,8.432266235351562,46.0,charging,false,0,,,44.1,FLAG_KEEP_SCREEN_ON,no_load_injected_background_apps_unverified,
2026-08-22T08:38:12.232369Z,1.0.0,realme_RMX3760_api35,1.0.0+1,release,mobilenet_v3_small_float32,cf6183dcd31c9ec34724e8f68d15423dc09b0cf71b1e91ba37800321b7526ba4,mobilenet_v3_small,float32,float32,float32,1x224x224x3,builtin_cpu,none,none_builtin,,2,1,13,measured,68,297.505000,5.181000,164.3583984375,8.432510375976562,46.0,charging,false,0,,,44.1,FLAG_KEEP_SCREEN_ON,no_load_injected_background_apps_unverified,
2026-08-22T08:38:12.586106Z,1.0.0,realme_RMX3760_api35,1.0.0+1,release,mobilenet_v3_small_float32,cf6183dcd31c9ec34724e8f68d15423dc09b0cf71b1e91ba37800321b7526ba4,mobilenet_v3_small,float32,float32,float32,1x224x224x3,builtin_cpu,none,none_builtin,,2,1,13,measured,69,301.726000,5.181000,164.3623046875,8.432754516601562,46.0,charging,false,0,,,44.1,FLAG_KEEP_SCREEN_ON,no_load_injected_background_apps_unverified,
2026-08-22T08:38:12.949526Z,1.0.0,realme_RMX3760_api35,1.0.0+1,release,mobilenet_v3_small_float32,cf6183dcd31c9ec34724e8f68d15423dc09b0cf71b1e91ba37800321b7526ba4,mobilenet_v3_small,float32,float32,float32,1x224x224x3,builtin_cpu,none,none_builtin,,2,1,13,measured,70,312.176000,5.181000,164.3701171875,8.464248657226562,46.0,charging,false,0,,,44.1,FLAG_KEEP_SCREEN_ON,no_load_injected_background_apps_unverified,
2026-08-22T08:38:13.307732Z,1.0.0,realme_RMX3760_api35,1.0.0+1,release,mobilenet_v3_small_float32,cf6183dcd31c9ec34724e8f68d15423dc09b0cf71b1e91ba37800321b7526ba4,mobilenet_v3_small,float32,float32,float32,1x224x224x3,builtin_cpu,none,none_builtin,,2,1,13,measured,71,304.387000,5.181000,164.2451171875,8.464492797851562,46.0,charging,false,0,,,44.1,FLAG_KEEP_SCREEN_ON,no_load_injected_background_apps_unverified,
2026-08-22T08:38:13.671260Z,1.0.0,realme_RMX3760_api35,1.0.0+1,release,mobilenet_v3_small_float32,cf6183dcd31c9ec34724e8f68d15423dc09b0cf71b1e91ba37800321b7526ba4,mobilenet_v3_small,float32,float32,float32,1x224x224x3,builtin_cpu,none,none_builtin,,2,1,13,measured,72,312.733000,5.181000,164.3740234375,8.464736938476562,46.0,charging,false,0,,,44.1,FLAG_KEEP_SCREEN_ON,no_load_injected_background_apps_unverified,
2026-08-22T08:38:14.035185Z,1.0.0,realme_RMX3760_api35,1.0.0+1,release,mobilenet_v3_small_float32,cf6183dcd31c9ec34724e8f68d15423dc09b0cf71b1e91ba37800321b7526ba4,mobilenet_v3_small,float32,float32,float32,1x224x224x3,builtin_cpu,none,none_builtin,,2,1,13,measured,73,311.212000,5.181000,164.4013671875,8.464981079101562,46.0,charging,false,0,,,44.1,FLAG_KEEP_SCREEN_ON,no_load_injected_background_apps_unverified,
2026-08-22T08:38:14.386114Z,1.0.0,realme_RMX3760_api35,1.0.0+1,release,mobilenet_v3_small_float32,cf6183dcd31c9ec34724e8f68d15423dc09b0cf71b1e91ba37800321b7526ba4,mobilenet_v3_small,float32,float32,float32,1x224x224x3,builtin_cpu,none,none_builtin,,2,1,13,measured,74,298.862000,5.181000,164.4208984375,8.465225219726562,46.0,charging,false,0,,,44.1,FLAG_KEEP_SCREEN_ON,no_load_injected_background_apps_unverified,
2026-08-22T08:38:14.738958Z,1.0.0,realme_RMX3760_api35,1.0.0+1,release,mobilenet_v3_small_float32,cf6183dcd31c9ec34724e8f68d15423dc09b0cf71b1e91ba37800321b7526ba4,mobilenet_v3_small,float32,float32,float32,1x224x224x3,builtin_cpu,none,none_builtin,,2,1,13,measured,75,300.073000,5.181000,164.4169921875,8.465469360351562,46.0,charging,false,0,,,44.1,FLAG_KEEP_SCREEN_ON,no_load_injected_background_apps_unverified,
2026-08-22T08:38:15.089783Z,1.0.0,realme_RMX3760_api35,1.0.0+1,release,mobilenet_v3_small_float32,cf6183dcd31c9ec34724e8f68d15423dc09b0cf71b1e91ba37800321b7526ba4,mobilenet_v3_small,float32,float32,float32,1x224x224x3,builtin_cpu,none,none_builtin,,2,1,13,measured,76,298.428000,5.181000,164.4208984375,8.465713500976562,46.0,charging,false,0,,,44.1,FLAG_KEEP_SCREEN_ON,no_load_injected_background_apps_unverified,
2026-08-22T08:38:15.446471Z,1.0.0,realme_RMX3760_api35,1.0.0+1,release,mobilenet_v3_small_float32,cf6183dcd31c9ec34724e8f68d15423dc09b0cf71b1e91ba37800321b7526ba4,mobilenet_v3_small,float32,float32,float32,1x224x224x3,builtin_cpu,none,none_builtin,,2,1,13,measured,77,304.353000,5.181000,164.3935546875,8.497207641601562,46.0,charging,false,0,,,44.1,FLAG_KEEP_SCREEN_ON,no_load_injected_background_apps_unverified,
2026-08-22T08:38:15.798640Z,1.0.0,realme_RMX3760_api35,1.0.0+1,release,mobilenet_v3_small_float32,cf6183dcd31c9ec34724e8f68d15423dc09b0cf71b1e91ba37800321b7526ba4,mobilenet_v3_small,float32,float32,float32,1x224x224x3,builtin_cpu,none,none_builtin,,2,1,13,measured,78,299.895000,5.181000,164.3974609375,8.497451782226562,46.0,charging,false,0,,,44.1,FLAG_KEEP_SCREEN_ON,no_load_injected_background_apps_unverified,
2026-08-22T08:38:16.159379Z,1.0.0,realme_RMX3760_api35,1.0.0+1,release,mobilenet_v3_small_float32,cf6183dcd31c9ec34724e8f68d15423dc09b0cf71b1e91ba37800321b7526ba4,mobilenet_v3_small,float32,float32,float32,1x224x224x3,builtin_cpu,none,none_builtin,,2,1,13,measured,79,307.894000,5.181000,164.4013671875,8.497695922851562,46.0,charging,false,0,,,44.1,FLAG_KEEP_SCREEN_ON,no_load_injected_background_apps_unverified,
2026-08-22T08:38:16.522166Z,1.0.0,realme_RMX3760_api35,1.0.0+1,release,mobilenet_v3_small_float32,cf6183dcd31c9ec34724e8f68d15423dc09b0cf71b1e91ba37800321b7526ba4,mobilenet_v3_small,float32,float32,float32,1x224x224x3,builtin_cpu,none,none_builtin,,2,1,13,measured,80,303.551000,5.181000,163.8310546875,8.497940063476562,46.0,charging,false,0,,,44.1,FLAG_KEEP_SCREEN_ON,no_load_injected_background_apps_unverified,
2026-08-22T08:38:16.889835Z,1.0.0,realme_RMX3760_api35,1.0.0+1,release,mobilenet_v3_small_float32,cf6183dcd31c9ec34724e8f68d15423dc09b0cf71b1e91ba37800321b7526ba4,mobilenet_v3_small,float32,float32,float32,1x224x224x3,builtin_cpu,none,none_builtin,,2,1,13,measured,81,316.890000,5.181000,164.3310546875,8.498184204101562,46.0,charging,false,0,,,44.1,FLAG_KEEP_SCREEN_ON,no_load_injected_background_apps_unverified,
2026-08-22T08:38:17.252024Z,1.0.0,realme_RMX3760_api35,1.0.0+1,release,mobilenet_v3_small_float32,cf6183dcd31c9ec34724e8f68d15423dc09b0cf71b1e91ba37800321b7526ba4,mobilenet_v3_small,float32,float32,float32,1x224x224x3,builtin_cpu,none,none_builtin,,2,1,13,measured,82,307.087000,5.181000,164.9013671875,8.498428344726562,46.0,charging,false,0,,,44.1,FLAG_KEEP_SCREEN_ON,no_load_injected_background_apps_unverified,
2026-08-22T08:38:17.608115Z,1.0.0,realme_RMX3760_api35,1.0.0+1,release,mobilenet_v3_small_float32,cf6183dcd31c9ec34724e8f68d15423dc09b0cf71b1e91ba37800321b7526ba4,mobilenet_v3_small,float32,float32,float32,1x224x224x3,builtin_cpu,none,none_builtin,,2,1,13,measured,83,302.237000,5.181000,164.9130859375,8.529922485351562,46.0,charging,false,0,,,44.1,FLAG_KEEP_SCREEN_ON,no_load_injected_background_apps_unverified,
2026-08-22T08:38:17.959118Z,1.0.0,realme_RMX3760_api35,1.0.0+1,release,mobilenet_v3_small_float32,cf6183dcd31c9ec34724e8f68d15423dc09b0cf71b1e91ba37800321b7526ba4,mobilenet_v3_small,float32,float32,float32,1x224x224x3,builtin_cpu,none,none_builtin,,2,1,13,measured,84,299.146000,5.181000,164.9091796875,8.530166625976562,46.0,charging,false,0,,,44.1,FLAG_KEEP_SCREEN_ON,no_load_injected_background_apps_unverified,
2026-08-22T08:38:18.319817Z,1.0.0,realme_RMX3760_api35,1.0.0+1,release,mobilenet_v3_small_float32,cf6183dcd31c9ec34724e8f68d15423dc09b0cf71b1e91ba37800321b7526ba4,mobilenet_v3_small,float32,float32,float32,1x224x224x3,builtin_cpu,none,none_builtin,,2,1,13,measured,85,305.659000,5.181000,164.4169921875,8.530410766601562,46.0,charging,false,0,,,44.1,FLAG_KEEP_SCREEN_ON,no_load_injected_background_apps_unverified,
2026-08-22T08:38:18.682476Z,1.0.0,realme_RMX3760_api35,1.0.0+1,release,mobilenet_v3_small_float32,cf6183dcd31c9ec34724e8f68d15423dc09b0cf71b1e91ba37800321b7526ba4,mobilenet_v3_small,float32,float32,float32,1x224x224x3,builtin_cpu,none,none_builtin,,2,1,13,measured,86,311.812000,5.181000,164.4755859375,8.530654907226562,46.0,charging,false,0,,,44.1,FLAG_KEEP_SCREEN_ON,no_load_injected_background_apps_unverified,
2026-08-22T08:38:19.045168Z,1.0.0,realme_RMX3760_api35,1.0.0+1,release,mobilenet_v3_small_float32,cf6183dcd31c9ec34724e8f68d15423dc09b0cf71b1e91ba37800321b7526ba4,mobilenet_v3_small,float32,float32,float32,1x224x224x3,builtin_cpu,none,none_builtin,,2,1,13,measured,87,311.203000,5.181000,164.4755859375,8.530899047851562,46.0,charging,false,0,,,44.1,FLAG_KEEP_SCREEN_ON,no_load_injected_background_apps_unverified,
2026-08-22T08:38:19.407466Z,1.0.0,realme_RMX3760_api35,1.0.0+1,release,mobilenet_v3_small_float32,cf6183dcd31c9ec34724e8f68d15423dc09b0cf71b1e91ba37800321b7526ba4,mobilenet_v3_small,float32,float32,float32,1x224x224x3,builtin_cpu,none,none_builtin,,2,1,13,measured,88,309.725000,5.181000,163.9794921875,8.531143188476562,46.0,charging,false,0,,,44.1,FLAG_KEEP_SCREEN_ON,no_load_injected_background_apps_unverified,
2026-08-22T08:38:19.761813Z,1.0.0,realme_RMX3760_api35,1.0.0+1,release,mobilenet_v3_small_float32,cf6183dcd31c9ec34724e8f68d15423dc09b0cf71b1e91ba37800321b7526ba4,mobilenet_v3_small,float32,float32,float32,1x224x224x3,builtin_cpu,none,none_builtin,,2,1,13,measured,89,302.249000,5.181000,164.4052734375,8.562637329101562,46.0,charging,false,0,,,44.1,FLAG_KEEP_SCREEN_ON,no_load_injected_background_apps_unverified,
2026-08-22T08:38:20.115694Z,1.0.0,realme_RMX3760_api35,1.0.0+1,release,mobilenet_v3_small_float32,cf6183dcd31c9ec34724e8f68d15423dc09b0cf71b1e91ba37800321b7526ba4,mobilenet_v3_small,float32,float32,float32,1x224x224x3,builtin_cpu,none,none_builtin,,2,1,13,measured,90,299.259000,5.181000,164.4052734375,8.562881469726562,46.0,charging,false,0,,,44.1,FLAG_KEEP_SCREEN_ON,no_load_injected_background_apps_unverified,
2026-08-22T08:38:20.475900Z,1.0.0,realme_RMX3760_api35,1.0.0+1,release,mobilenet_v3_small_float32,cf6183dcd31c9ec34724e8f68d15423dc09b0cf71b1e91ba37800321b7526ba4,mobilenet_v3_small,float32,float32,float32,1x224x224x3,builtin_cpu,none,none_builtin,,2,1,13,measured,91,304.921000,5.181000,164.4833984375,8.563125610351562,46.0,charging,false,0,,,44.1,FLAG_KEEP_SCREEN_ON,no_load_injected_background_apps_unverified,
2026-08-22T08:38:20.831313Z,1.0.0,realme_RMX3760_api35,1.0.0+1,release,mobilenet_v3_small_float32,cf6183dcd31c9ec34724e8f68d15423dc09b0cf71b1e91ba37800321b7526ba4,mobilenet_v3_small,float32,float32,float32,1x224x224x3,builtin_cpu,none,none_builtin,,2,1,13,measured,92,302.962000,5.181000,164.9990234375,8.563369750976562,46.0,charging,false,0,,,44.1,FLAG_KEEP_SCREEN_ON,no_load_injected_background_apps_unverified,
2026-08-22T08:38:21.187847Z,1.0.0,realme_RMX3760_api35,1.0.0+1,release,mobilenet_v3_small_float32,cf6183dcd31c9ec34724e8f68d15423dc09b0cf71b1e91ba37800321b7526ba4,mobilenet_v3_small,float32,float32,float32,1x224x224x3,builtin_cpu,none,none_builtin,,2,1,13,measured,93,302.225000,5.181000,164.4990234375,8.563613891601562,46.0,charging,false,0,,,44.1,FLAG_KEEP_SCREEN_ON,no_load_injected_background_apps_unverified,
2026-08-22T08:38:21.551224Z,1.0.0,realme_RMX3760_api35,1.0.0+1,release,mobilenet_v3_small_float32,cf6183dcd31c9ec34724e8f68d15423dc09b0cf71b1e91ba37800321b7526ba4,mobilenet_v3_small,float32,float32,float32,1x224x224x3,builtin_cpu,none,none_builtin,,2,1,13,measured,94,310.152000,5.181000,164.5185546875,8.563858032226562,46.0,charging,false,0,,,44.1,FLAG_KEEP_SCREEN_ON,no_load_injected_background_apps_unverified,
2026-08-22T08:38:21.902912Z,1.0.0,realme_RMX3760_api35,1.0.0+1,release,mobilenet_v3_small_float32,cf6183dcd31c9ec34724e8f68d15423dc09b0cf71b1e91ba37800321b7526ba4,mobilenet_v3_small,float32,float32,float32,1x224x224x3,builtin_cpu,none,none_builtin,,2,1,13,measured,95,299.472000,5.181000,164.5302734375,8.595352172851562,46.0,charging,false,0,,,44.1,FLAG_KEEP_SCREEN_ON,no_load_injected_background_apps_unverified,
2026-08-22T08:38:22.263133Z,1.0.0,realme_RMX3760_api35,1.0.0+1,release,mobilenet_v3_small_float32,cf6183dcd31c9ec34724e8f68d15423dc09b0cf71b1e91ba37800321b7526ba4,mobilenet_v3_small,float32,float32,float32,1x224x224x3,builtin_cpu,none,none_builtin,,2,1,13,measured,96,308.568000,5.181000,164.5263671875,8.595596313476562,46.0,charging,false,0,,,44.1,FLAG_KEEP_SCREEN_ON,no_load_injected_background_apps_unverified,
2026-08-22T08:38:22.616708Z,1.0.0,realme_RMX3760_api35,1.0.0+1,release,mobilenet_v3_small_float32,cf6183dcd31c9ec34724e8f68d15423dc09b0cf71b1e91ba37800321b7526ba4,mobilenet_v3_small,float32,float32,float32,1x224x224x3,builtin_cpu,none,none_builtin,,2,1,13,measured,97,298.465000,5.181000,164.5302734375,8.595840454101562,46.0,charging,false,0,,,44.1,FLAG_KEEP_SCREEN_ON,no_load_injected_background_apps_unverified,
2026-08-22T08:38:22.967527Z,1.0.0,realme_RMX3760_api35,1.0.0+1,release,mobilenet_v3_small_float32,cf6183dcd31c9ec34724e8f68d15423dc09b0cf71b1e91ba37800321b7526ba4,mobilenet_v3_small,float32,float32,float32,1x224x224x3,builtin_cpu,none,none_builtin,,2,1,13,measured,98,296.185000,5.181000,164.8466796875,8.596084594726562,46.0,charging,false,0,,,44.1,FLAG_KEEP_SCREEN_ON,no_load_injected_background_apps_unverified,
2026-08-22T08:38:23.322064Z,1.0.0,realme_RMX3760_api35,1.0.0+1,release,mobilenet_v3_small_float32,cf6183dcd31c9ec34724e8f68d15423dc09b0cf71b1e91ba37800321b7526ba4,mobilenet_v3_small,float32,float32,float32,1x224x224x3,builtin_cpu,none,none_builtin,,2,1,13,measured,99,302.603000,5.181000,164.8544921875,8.596328735351562,46.0,charging,false,0,,,44.1,FLAG_KEEP_SCREEN_ON,no_load_injected_background_apps_unverified,
2026-08-22T08:38:29.641533Z,1.0.0,realme_RMX3760_api35,1.0.0+1,release,mobilenet_v3_small_dynamic_int8,1c3ca9e08ab14de0d8e7ca58f127b9955ae2cf3e9ffaad5033952bcbb51dd82f,mobilenet_v3_small,dynamic_int8,float32,float32,1x224x224x3,xnnpack_cpu,xnnpack,xnnpack,,2,1,14,measured,0,304.593000,10.357000,162.9248046875,8.596572875976562,46.0,charging,false,0,,,44.2,FLAG_KEEP_SCREEN_ON,no_load_injected_background_apps_unverified,
2026-08-22T08:38:29.993488Z,1.0.0,realme_RMX3760_api35,1.0.0+1,release,mobilenet_v3_small_dynamic_int8,1c3ca9e08ab14de0d8e7ca58f127b9955ae2cf3e9ffaad5033952bcbb51dd82f,mobilenet_v3_small,dynamic_int8,float32,float32,1x224x224x3,xnnpack_cpu,xnnpack,xnnpack,,2,1,14,measured,1,296.605000,10.357000,161.8466796875,8.596817016601562,46.0,charging,false,0,,,44.2,FLAG_KEEP_SCREEN_ON,no_load_injected_background_apps_unverified,
2026-08-22T08:38:30.350747Z,1.0.0,realme_RMX3760_api35,1.0.0+1,release,mobilenet_v3_small_dynamic_int8,1c3ca9e08ab14de0d8e7ca58f127b9955ae2cf3e9ffaad5033952bcbb51dd82f,mobilenet_v3_small,dynamic_int8,float32,float32,1x224x224x3,xnnpack_cpu,xnnpack,xnnpack,,2,1,14,measured,2,302.547000,10.357000,161.3388671875,8.628311157226562,46.0,charging,false,0,,,44.2,FLAG_KEEP_SCREEN_ON,no_load_injected_background_apps_unverified,
2026-08-22T08:38:30.695011Z,1.0.0,realme_RMX3760_api35,1.0.0+1,release,mobilenet_v3_small_dynamic_int8,1c3ca9e08ab14de0d8e7ca58f127b9955ae2cf3e9ffaad5033952bcbb51dd82f,mobilenet_v3_small,dynamic_int8,float32,float32,1x224x224x3,xnnpack_cpu,xnnpack,xnnpack,,2,1,14,measured,3,290.187000,10.357000,161.4443359375,8.628555297851562,46.0,charging,false,0,,,44.2,FLAG_KEEP_SCREEN_ON,no_load_injected_background_apps_unverified,
2026-08-22T08:38:31.040730Z,1.0.0,realme_RMX3760_api35,1.0.0+1,release,mobilenet_v3_small_dynamic_int8,1c3ca9e08ab14de0d8e7ca58f127b9955ae2cf3e9ffaad5033952bcbb51dd82f,mobilenet_v3_small,dynamic_int8,float32,float32,1x224x224x3,xnnpack_cpu,xnnpack,xnnpack,,2,1,14,measured,4,292.503000,10.357000,161.4130859375,8.628799438476562,46.0,charging,false,0,,,44.1,FLAG_KEEP_SCREEN_ON,no_load_injected_background_apps_unverified,
2026-08-22T08:38:31.383390Z,1.0.0,realme_RMX3760_api35,1.0.0+1,release,mobilenet_v3_small_dynamic_int8,1c3ca9e08ab14de0d8e7ca58f127b9955ae2cf3e9ffaad5033952bcbb51dd82f,mobilenet_v3_small,dynamic_int8,float32,float32,1x224x224x3,xnnpack_cpu,xnnpack,xnnpack,,2,1,14,measured,5,288.128000,10.357000,161.73828125,8.629043579101562,46.0,charging,false,0,,,44.1,FLAG_KEEP_SCREEN_ON,no_load_injected_background_apps_unverified,
2026-08-22T08:38:31.737746Z,1.0.0,realme_RMX3760_api35,1.0.0+1,release,mobilenet_v3_small_dynamic_int8,1c3ca9e08ab14de0d8e7ca58f127b9955ae2cf3e9ffaad5033952bcbb51dd82f,mobilenet_v3_small,dynamic_int8,float32,float32,1x224x224x3,xnnpack_cpu,xnnpack,xnnpack,,2,1,14,measured,6,303.707000,10.357000,161.7724609375,8.629287719726562,46.0,charging,false,0,,,44.1,FLAG_KEEP_SCREEN_ON,no_load_injected_background_apps_unverified,
2026-08-22T08:38:32.080698Z,1.0.0,realme_RMX3760_api35,1.0.0+1,release,mobilenet_v3_small_dynamic_int8,1c3ca9e08ab14de0d8e7ca58f127b9955ae2cf3e9ffaad5033952bcbb51dd82f,mobilenet_v3_small,dynamic_int8,float32,float32,1x224x224x3,xnnpack_cpu,xnnpack,xnnpack,,2,1,14,measured,7,290.038000,10.357000,161.7685546875,8.629531860351562,46.0,charging,false,0,,,44.1,FLAG_KEEP_SCREEN_ON,no_load_injected_background_apps_unverified,
2026-08-22T08:38:32.437015Z,1.0.0,realme_RMX3760_api35,1.0.0+1,release,mobilenet_v3_small_dynamic_int8,1c3ca9e08ab14de0d8e7ca58f127b9955ae2cf3e9ffaad5033952bcbb51dd82f,mobilenet_v3_small,dynamic_int8,float32,float32,1x224x224x3,xnnpack_cpu,xnnpack,xnnpack,,2,1,14,measured,8,305.757000,10.357000,161.7373046875,8.661026000976562,46.0,charging,false,0,,,44.1,FLAG_KEEP_SCREEN_ON,no_load_injected_background_apps_unverified,
2026-08-22T08:38:32.781860Z,1.0.0,realme_RMX3760_api35,1.0.0+1,release,mobilenet_v3_small_dynamic_int8,1c3ca9e08ab14de0d8e7ca58f127b9955ae2cf3e9ffaad5033952bcbb51dd82f,mobilenet_v3_small,dynamic_int8,float32,float32,1x224x224x3,xnnpack_cpu,xnnpack,xnnpack,,2,1,14,measured,9,293.121000,10.357000,161.7802734375,8.661270141601562,46.0,charging,false,0,,,44.1,FLAG_KEEP_SCREEN_ON,no_load_injected_background_apps_unverified,
2026-08-22T08:38:33.128856Z,1.0.0,realme_RMX3760_api35,1.0.0+1,release,mobilenet_v3_small_dynamic_int8,1c3ca9e08ab14de0d8e7ca58f127b9955ae2cf3e9ffaad5033952bcbb51dd82f,mobilenet_v3_small,dynamic_int8,float32,float32,1x224x224x3,xnnpack_cpu,xnnpack,xnnpack,,2,1,14,measured,10,292.738000,10.357000,161.7880859375,8.661514282226562,46.0,charging,false,0,,,44.1,FLAG_KEEP_SCREEN_ON,no_load_injected_background_apps_unverified,
2026-08-22T08:38:33.475772Z,1.0.0,realme_RMX3760_api35,1.0.0+1,release,mobilenet_v3_small_dynamic_int8,1c3ca9e08ab14de0d8e7ca58f127b9955ae2cf3e9ffaad5033952bcbb51dd82f,mobilenet_v3_small,dynamic_int8,float32,float32,1x224x224x3,xnnpack_cpu,xnnpack,xnnpack,,2,1,14,measured,11,294.595000,10.357000,161.6474609375,8.661758422851562,46.0,charging,false,0,,,44.1,FLAG_KEEP_SCREEN_ON,no_load_injected_background_apps_unverified,
2026-08-22T08:38:33.822424Z,1.0.0,realme_RMX3760_api35,1.0.0+1,release,mobilenet_v3_small_dynamic_int8,1c3ca9e08ab14de0d8e7ca58f127b9955ae2cf3e9ffaad5033952bcbb51dd82f,mobilenet_v3_small,dynamic_int8,float32,float32,1x224x224x3,xnnpack_cpu,xnnpack,xnnpack,,2,1,14,measured,12,294.288000,10.357000,162.1982421875,8.662002563476562,46.0,charging,false,0,,,44.1,FLAG_KEEP_SCREEN_ON,no_load_injected_background_apps_unverified,
2026-08-22T08:38:34.170952Z,1.0.0,realme_RMX3760_api35,1.0.0+1,release,mobilenet_v3_small_dynamic_int8,1c3ca9e08ab14de0d8e7ca58f127b9955ae2cf3e9ffaad5033952bcbb51dd82f,mobilenet_v3_small,dynamic_int8,float32,float32,1x224x224x3,xnnpack_cpu,xnnpack,xnnpack,,2,1,14,measured,13,296.184000,10.357000,161.7099609375,8.662246704101562,46.0,charging,false,0,,,44.1,FLAG_KEEP_SCREEN_ON,no_load_injected_background_apps_unverified,
2026-08-22T08:38:34.519382Z,1.0.0,realme_RMX3760_api35,1.0.0+1,release,mobilenet_v3_small_dynamic_int8,1c3ca9e08ab14de0d8e7ca58f127b9955ae2cf3e9ffaad5033952bcbb51dd82f,mobilenet_v3_small,dynamic_int8,float32,float32,1x224x224x3,xnnpack_cpu,xnnpack,xnnpack,,2,1,14,measured,14,294.454000,10.357000,161.8193359375,8.693740844726562,46.0,charging,false,0,,,44.1,FLAG_KEEP_SCREEN_ON,no_load_injected_background_apps_unverified,
2026-08-22T08:38:34.874644Z,1.0.0,realme_RMX3760_api35,1.0.0+1,release,mobilenet_v3_small_dynamic_int8,1c3ca9e08ab14de0d8e7ca58f127b9955ae2cf3e9ffaad5033952bcbb51dd82f,mobilenet_v3_small,dynamic_int8,float32,float32,1x224x224x3,xnnpack_cpu,xnnpack,xnnpack,,2,1,14,measured,15,304.500000,10.357000,161.8193359375,8.693984985351562,46.0,charging,false,0,,,44.1,FLAG_KEEP_SCREEN_ON,no_load_injected_background_apps_unverified,
2026-08-22T08:38:35.220083Z,1.0.0,realme_RMX3760_api35,1.0.0+1,release,mobilenet_v3_small_dynamic_int8,1c3ca9e08ab14de0d8e7ca58f127b9955ae2cf3e9ffaad5033952bcbb51dd82f,mobilenet_v3_small,dynamic_int8,float32,float32,1x224x224x3,xnnpack_cpu,xnnpack,xnnpack,,2,1,14,measured,16,289.628000,10.357000,161.8173828125,8.694229125976562,46.0,charging,false,0,,,44.1,FLAG_KEEP_SCREEN_ON,no_load_injected_background_apps_unverified,
2026-08-22T08:38:35.561956Z,1.0.0,realme_RMX3760_api35,1.0.0+1,release,mobilenet_v3_small_dynamic_int8,1c3ca9e08ab14de0d8e7ca58f127b9955ae2cf3e9ffaad5033952bcbb51dd82f,mobilenet_v3_small,dynamic_int8,float32,float32,1x224x224x3,xnnpack_cpu,xnnpack,xnnpack,,2,1,14,measured,17,289.575000,10.357000,161.7490234375,8.694473266601562,46.0,charging,false,0,,,44.1,FLAG_KEEP_SCREEN_ON,no_load_injected_background_apps_unverified,
2026-08-22T08:38:35.913344Z,1.0.0,realme_RMX3760_api35,1.0.0+1,release,mobilenet_v3_small_dynamic_int8,1c3ca9e08ab14de0d8e7ca58f127b9955ae2cf3e9ffaad5033952bcbb51dd82f,mobilenet_v3_small,dynamic_int8,float32,float32,1x224x224x3,xnnpack_cpu,xnnpack,xnnpack,,2,1,14,measured,18,300.747000,10.357000,162.2646484375,8.694717407226562,46.0,charging,false,0,,,44.1,FLAG_KEEP_SCREEN_ON,no_load_injected_background_apps_unverified,
2026-08-22T08:38:36.255002Z,1.0.0,realme_RMX3760_api35,1.0.0+1,release,mobilenet_v3_small_dynamic_int8,1c3ca9e08ab14de0d8e7ca58f127b9955ae2cf3e9ffaad5033952bcbb51dd82f,mobilenet_v3_small,dynamic_int8,float32,float32,1x224x224x3,xnnpack_cpu,xnnpack,xnnpack,,2,1,14,measured,19,288.958000,10.357000,162.2666015625,8.694961547851562,46.0,charging,false,0,,,44.1,FLAG_KEEP_SCREEN_ON,no_load_injected_background_apps_unverified,
2026-08-22T08:38:36.597641Z,1.0.0,realme_RMX3760_api35,1.0.0+1,release,mobilenet_v3_small_dynamic_int8,1c3ca9e08ab14de0d8e7ca58f127b9955ae2cf3e9ffaad5033952bcbb51dd82f,mobilenet_v3_small,dynamic_int8,float32,float32,1x224x224x3,xnnpack_cpu,xnnpack,xnnpack,,2,1,14,measured,20,291.044000,10.357000,161.7666015625,8.726455688476562,46.0,charging,false,0,,,44.1,FLAG_KEEP_SCREEN_ON,no_load_injected_background_apps_unverified,
2026-08-22T08:38:36.948271Z,1.0.0,realme_RMX3760_api35,1.0.0+1,release,mobilenet_v3_small_dynamic_int8,1c3ca9e08ab14de0d8e7ca58f127b9955ae2cf3e9ffaad5033952bcbb51dd82f,mobilenet_v3_small,dynamic_int8,float32,float32,1x224x224x3,xnnpack_cpu,xnnpack,xnnpack,,2,1,14,measured,21,298.355000,10.357000,162.2978515625,8.726699829101562,46.0,charging,false,0,,,44.1,FLAG_KEEP_SCREEN_ON,no_load_injected_background_apps_unverified,
2026-08-22T08:38:37.289162Z,1.0.0,realme_RMX3760_api35,1.0.0+1,release,mobilenet_v3_small_dynamic_int8,1c3ca9e08ab14de0d8e7ca58f127b9955ae2cf3e9ffaad5033952bcbb51dd82f,mobilenet_v3_small,dynamic_int8,float32,float32,1x224x224x3,xnnpack_cpu,xnnpack,xnnpack,,2,1,14,measured,22,287.423000,10.357000,161.8681640625,8.726943969726562,46.0,charging,false,0,,,44.1,FLAG_KEEP_SCREEN_ON,no_load_injected_background_apps_unverified,
2026-08-22T08:38:37.650763Z,1.0.0,realme_RMX3760_api35,1.0.0+1,release,mobilenet_v3_small_dynamic_int8,1c3ca9e08ab14de0d8e7ca58f127b9955ae2cf3e9ffaad5033952bcbb51dd82f,mobilenet_v3_small,dynamic_int8,float32,float32,1x224x224x3,xnnpack_cpu,xnnpack,xnnpack,,2,1,14,measured,23,310.759000,10.357000,162.3017578125,8.727188110351562,46.0,charging,false,0,,,44.1,FLAG_KEEP_SCREEN_ON,no_load_injected_background_apps_unverified,
2026-08-22T08:38:37.990293Z,1.0.0,realme_RMX3760_api35,1.0.0+1,release,mobilenet_v3_small_dynamic_int8,1c3ca9e08ab14de0d8e7ca58f127b9955ae2cf3e9ffaad5033952bcbb51dd82f,mobilenet_v3_small,dynamic_int8,float32,float32,1x224x224x3,xnnpack_cpu,xnnpack,xnnpack,,2,1,14,measured,24,287.534000,10.357000,161.8056640625,8.727432250976562,46.0,charging,false,0,,,44.1,FLAG_KEEP_SCREEN_ON,no_load_injected_background_apps_unverified,
2026-08-22T08:38:38.339036Z,1.0.0,realme_RMX3760_api35,1.0.0+1,release,mobilenet_v3_small_dynamic_int8,1c3ca9e08ab14de0d8e7ca58f127b9955ae2cf3e9ffaad5033952bcbb51dd82f,mobilenet_v3_small,dynamic_int8,float32,float32,1x224x224x3,xnnpack_cpu,xnnpack,xnnpack,,2,1,14,measured,25,295.812000,10.357000,162.3095703125,8.727676391601562,46.0,charging,false,0,,,44.1,FLAG_KEEP_SCREEN_ON,no_load_injected_background_apps_unverified,
2026-08-22T08:38:38.687439Z,1.0.0,realme_RMX3760_api35,1.0.0+1,release,mobilenet_v3_small_dynamic_int8,1c3ca9e08ab14de0d8e7ca58f127b9955ae2cf3e9ffaad5033952bcbb51dd82f,mobilenet_v3_small,dynamic_int8,float32,float32,1x224x224x3,xnnpack_cpu,xnnpack,xnnpack,,2,1,14,measured,26,294.616000,10.357000,162.2978515625,8.727920532226562,46.0,charging,false,0,,,44.1,FLAG_KEEP_SCREEN_ON,no_load_injected_background_apps_unverified,
2026-08-22T08:38:39.029205Z,1.0.0,realme_RMX3760_api35,1.0.0+1,release,mobilenet_v3_small_dynamic_int8,1c3ca9e08ab14de0d8e7ca58f127b9955ae2cf3e9ffaad5033952bcbb51dd82f,mobilenet_v3_small,dynamic_int8,float32,float32,1x224x224x3,xnnpack_cpu,xnnpack,xnnpack,,2,1,14,measured,27,288.294000,10.357000,162.3759765625,8.759414672851562,46.0,charging,false,0,,,44.1,FLAG_KEEP_SCREEN_ON,no_load_injected_background_apps_unverified,
2026-08-22T08:38:39.384629Z,1.0.0,realme_RMX3760_api35,1.0.0+1,release,mobilenet_v3_small_dynamic_int8,1c3ca9e08ab14de0d8e7ca58f127b9955ae2cf3e9ffaad5033952bcbb51dd82f,mobilenet_v3_small,dynamic_int8,float32,float32,1x224x224x3,xnnpack_cpu,xnnpack,xnnpack,,2,1,14,measured,28,302.851000,10.357000,162.3837890625,8.759658813476562,46.0,charging,false,0,,,44.1,FLAG_KEEP_SCREEN_ON,no_load_injected_background_apps_unverified,
2026-08-22T08:38:39.730610Z,1.0.0,realme_RMX3760_api35,1.0.0+1,release,mobilenet_v3_small_dynamic_int8,1c3ca9e08ab14de0d8e7ca58f127b9955ae2cf3e9ffaad5033952bcbb51dd82f,mobilenet_v3_small,dynamic_int8,float32,float32,1x224x224x3,xnnpack_cpu,xnnpack,xnnpack,,2,1,14,measured,29,293.663000,10.357000,162.3994140625,8.759902954101562,46.0,charging,false,0,,,44.1,FLAG_KEEP_SCREEN_ON,no_load_injected_background_apps_unverified,
2026-08-22T08:38:40.073941Z,1.0.0,realme_RMX3760_api35,1.0.0+1,release,mobilenet_v3_small_dynamic_int8,1c3ca9e08ab14de0d8e7ca58f127b9955ae2cf3e9ffaad5033952bcbb51dd82f,mobilenet_v3_small,dynamic_int8,float32,float32,1x224x224x3,xnnpack_cpu,xnnpack,xnnpack,,2,1,14,measured,30,291.682000,10.357000,162.3994140625,8.760147094726562,46.0,charging,false,0,,,44.1,FLAG_KEEP_SCREEN_ON,no_load_injected_background_apps_unverified,
2026-08-22T08:38:40.419913Z,1.0.0,realme_RMX3760_api35,1.0.0+1,release,mobilenet_v3_small_dynamic_int8,1c3ca9e08ab14de0d8e7ca58f127b9955ae2cf3e9ffaad5033952bcbb51dd82f,mobilenet_v3_small,dynamic_int8,float32,float32,1x224x224x3,xnnpack_cpu,xnnpack,xnnpack,,2,1,14,measured,31,291.150000,10.357000,162.4072265625,8.760391235351562,46.0,charging,false,0,,,44.1,FLAG_KEEP_SCREEN_ON,no_load_injected_background_apps_unverified,
2026-08-22T08:38:40.766013Z,1.0.0,realme_RMX3760_api35,1.0.0+1,release,mobilenet_v3_small_dynamic_int8,1c3ca9e08ab14de0d8e7ca58f127b9955ae2cf3e9ffaad5033952bcbb51dd82f,mobilenet_v3_small,dynamic_int8,float32,float32,1x224x224x3,xnnpack_cpu,xnnpack,xnnpack,,2,1,14,measured,32,294.556000,10.357000,161.9189453125,8.760635375976562,46.0,charging,false,0,,,44.1,FLAG_KEEP_SCREEN_ON,no_load_injected_background_apps_unverified,
2026-08-22T08:38:41.109798Z,1.0.0,realme_RMX3760_api35,1.0.0+1,release,mobilenet_v3_small_dynamic_int8,1c3ca9e08ab14de0d8e7ca58f127b9955ae2cf3e9ffaad5033952bcbb51dd82f,mobilenet_v3_small,dynamic_int8,float32,float32,1x224x224x3,xnnpack_cpu,xnnpack,xnnpack,,2,1,14,measured,33,291.661000,10.357000,166.5009765625,8.792129516601562,46.0,charging,false,0,,,44.1,FLAG_KEEP_SCREEN_ON,no_load_injected_background_apps_unverified,
2026-08-22T08:38:41.456898Z,1.0.0,realme_RMX3760_api35,1.0.0+1,release,mobilenet_v3_small_dynamic_int8,1c3ca9e08ab14de0d8e7ca58f127b9955ae2cf3e9ffaad5033952bcbb51dd82f,mobilenet_v3_small,dynamic_int8,float32,float32,1x224x224x3,xnnpack_cpu,xnnpack,xnnpack,,2,1,14,measured,34,286.257000,10.357000,162.4228515625,8.792373657226562,46.0,charging,false,0,,,44.1,FLAG_KEEP_SCREEN_ON,no_load_injected_background_apps_unverified,
2026-08-22T08:38:41.807670Z,1.0.0,realme_RMX3760_api35,1.0.0+1,release,mobilenet_v3_small_dynamic_int8,1c3ca9e08ab14de0d8e7ca58f127b9955ae2cf3e9ffaad5033952bcbb51dd82f,mobilenet_v3_small,dynamic_int8,float32,float32,1x224x224x3,xnnpack_cpu,xnnpack,xnnpack,,2,1,14,measured,35,296.173000,10.357000,162.3408203125,8.792617797851562,46.0,charging,false,0,,,44.1,FLAG_KEEP_SCREEN_ON,no_load_injected_background_apps_unverified,
2026-08-22T08:38:42.150220Z,1.0.0,realme_RMX3760_api35,1.0.0+1,release,mobilenet_v3_small_dynamic_int8,1c3ca9e08ab14de0d8e7ca58f127b9955ae2cf3e9ffaad5033952bcbb51dd82f,mobilenet_v3_small,dynamic_int8,float32,float32,1x224x224x3,xnnpack_cpu,xnnpack,xnnpack,,2,1,14,measured,36,286.755000,10.357000,161.8955078125,8.792861938476562,46.0,charging,false,0,,,44.1,FLAG_KEEP_SCREEN_ON,no_load_injected_background_apps_unverified,
2026-08-22T08:38:42.503637Z,1.0.0,realme_RMX3760_api35,1.0.0+1,release,mobilenet_v3_small_dynamic_int8,1c3ca9e08ab14de0d8e7ca58f127b9955ae2cf3e9ffaad5033952bcbb51dd82f,mobilenet_v3_small,dynamic_int8,float32,float32,1x224x224x3,xnnpack_cpu,xnnpack,xnnpack,,2,1,14,measured,37,296.089000,10.357000,161.8994140625,8.793106079101562,46.0,charging,false,0,,,44.1,FLAG_KEEP_SCREEN_ON,no_load_injected_background_apps_unverified,
2026-08-22T08:38:42.859129Z,1.0.0,realme_RMX3760_api35,1.0.0+1,release,mobilenet_v3_small_dynamic_int8,1c3ca9e08ab14de0d8e7ca58f127b9955ae2cf3e9ffaad5033952bcbb51dd82f,mobilenet_v3_small,dynamic_int8,float32,float32,1x224x224x3,xnnpack_cpu,xnnpack,xnnpack,,2,1,14,measured,38,303.696000,10.357000,161.8642578125,8.793350219726562,46.0,charging,false,0,,,44.1,FLAG_KEEP_SCREEN_ON,no_load_injected_background_apps_unverified,
2026-08-22T08:38:43.206084Z,1.0.0,realme_RMX3760_api35,1.0.0+1,release,mobilenet_v3_small_dynamic_int8,1c3ca9e08ab14de0d8e7ca58f127b9955ae2cf3e9ffaad5033952bcbb51dd82f,mobilenet_v3_small,dynamic_int8,float32,float32,1x224x224x3,xnnpack_cpu,xnnpack,xnnpack,,2,1,14,measured,39,294.971000,10.357000,161.8642578125,8.824844360351562,46.0,charging,false,0,,,44.1,FLAG_KEEP_SCREEN_ON,no_load_injected_background_apps_unverified,
2026-08-22T08:38:43.554981Z,1.0.0,realme_RMX3760_api35,1.0.0+1,release,mobilenet_v3_small_dynamic_int8,1c3ca9e08ab14de0d8e7ca58f127b9955ae2cf3e9ffaad5033952bcbb51dd82f,mobilenet_v3_small,dynamic_int8,float32,float32,1x224x224x3,xnnpack_cpu,xnnpack,xnnpack,,2,1,14,measured,40,295.999000,10.357000,161.8681640625,8.825088500976562,46.0,charging,false,0,,,44.1,FLAG_KEEP_SCREEN_ON,no_load_injected_background_apps_unverified,
2026-08-22T08:38:43.909140Z,1.0.0,realme_RMX3760_api35,1.0.0+1,release,mobilenet_v3_small_dynamic_int8,1c3ca9e08ab14de0d8e7ca58f127b9955ae2cf3e9ffaad5033952bcbb51dd82f,mobilenet_v3_small,dynamic_int8,float32,float32,1x224x224x3,xnnpack_cpu,xnnpack,xnnpack,,2,1,14,measured,41,303.423000,10.357000,161.8798828125,8.825332641601562,46.0,charging,false,0,,,44.1,FLAG_KEEP_SCREEN_ON,no_load_injected_background_apps_unverified,
2026-08-22T08:38:44.259911Z,1.0.0,realme_RMX3760_api35,1.0.0+1,release,mobilenet_v3_small_dynamic_int8,1c3ca9e08ab14de0d8e7ca58f127b9955ae2cf3e9ffaad5033952bcbb51dd82f,mobilenet_v3_small,dynamic_int8,float32,float32,1x224x224x3,xnnpack_cpu,xnnpack,xnnpack,,2,1,14,measured,42,300.122000,10.357000,161.9658203125,8.825576782226562,46.0,charging,false,0,,,44.1,FLAG_KEEP_SCREEN_ON,no_load_injected_background_apps_unverified,
2026-08-22T08:38:44.613200Z,1.0.0,realme_RMX3760_api35,1.0.0+1,release,mobilenet_v3_small_dynamic_int8,1c3ca9e08ab14de0d8e7ca58f127b9955ae2cf3e9ffaad5033952bcbb51dd82f,mobilenet_v3_small,dynamic_int8,float32,float32,1x224x224x3,xnnpack_cpu,xnnpack,xnnpack,,2,1,14,measured,43,298.776000,10.357000,161.9697265625,8.825820922851562,46.0,charging,false,0,,,44.1,FLAG_KEEP_SCREEN_ON,no_load_injected_background_apps_unverified,
2026-08-22T08:38:44.964056Z,1.0.0,realme_RMX3760_api35,1.0.0+1,release,mobilenet_v3_small_dynamic_int8,1c3ca9e08ab14de0d8e7ca58f127b9955ae2cf3e9ffaad5033952bcbb51dd82f,mobilenet_v3_small,dynamic_int8,float32,float32,1x224x224x3,xnnpack_cpu,xnnpack,xnnpack,,2,1,14,measured,44,298.433000,10.357000,162.4033203125,8.826065063476562,46.0,charging,false,0,,,44.1,FLAG_KEEP_SCREEN_ON,no_load_injected_background_apps_unverified,
2026-08-22T08:38:45.304312Z,1.0.0,realme_RMX3760_api35,1.0.0+1,release,mobilenet_v3_small_dynamic_int8,1c3ca9e08ab14de0d8e7ca58f127b9955ae2cf3e9ffaad5033952bcbb51dd82f,mobilenet_v3_small,dynamic_int8,float32,float32,1x224x224x3,xnnpack_cpu,xnnpack,xnnpack,,2,1,14,measured,45,287.045000,10.357000,166.9853515625,8.857559204101562,46.0,charging,false,0,,,44.1,FLAG_KEEP_SCREEN_ON,no_load_injected_background_apps_unverified,
2026-08-22T08:38:45.653384Z,1.0.0,realme_RMX3760_api35,1.0.0+1,release,mobilenet_v3_small_dynamic_int8,1c3ca9e08ab14de0d8e7ca58f127b9955ae2cf3e9ffaad5033952bcbb51dd82f,mobilenet_v3_small,dynamic_int8,float32,float32,1x224x224x3,xnnpack_cpu,xnnpack,xnnpack,,2,1,14,measured,46,295.520000,10.357000,166.4892578125,8.857803344726562,46.0,charging,false,0,,,44.1,FLAG_KEEP_SCREEN_ON,no_load_injected_background_apps_unverified,
2026-08-22T08:38:45.995577Z,1.0.0,realme_RMX3760_api35,1.0.0+1,release,mobilenet_v3_small_dynamic_int8,1c3ca9e08ab14de0d8e7ca58f127b9955ae2cf3e9ffaad5033952bcbb51dd82f,mobilenet_v3_small,dynamic_int8,float32,float32,1x224x224x3,xnnpack_cpu,xnnpack,xnnpack,,2,1,14,measured,47,289.667000,10.357000,162.4306640625,8.858047485351562,46.0,charging,false,0,,,44.1,FLAG_KEEP_SCREEN_ON,no_load_injected_background_apps_unverified,
2026-08-22T08:38:46.347248Z,1.0.0,realme_RMX3760_api35,1.0.0+1,release,mobilenet_v3_small_dynamic_int8,1c3ca9e08ab14de0d8e7ca58f127b9955ae2cf3e9ffaad5033952bcbb51dd82f,mobilenet_v3_small,dynamic_int8,float32,float32,1x224x224x3,xnnpack_cpu,xnnpack,xnnpack,,2,1,14,measured,48,296.824000,10.357000,161.9775390625,8.858291625976562,46.0,charging,false,0,,,44.1,FLAG_KEEP_SCREEN_ON,no_load_injected_background_apps_unverified,
2026-08-22T08:38:46.696418Z,1.0.0,realme_RMX3760_api35,1.0.0+1,release,mobilenet_v3_small_dynamic_int8,1c3ca9e08ab14de0d8e7ca58f127b9955ae2cf3e9ffaad5033952bcbb51dd82f,mobilenet_v3_small,dynamic_int8,float32,float32,1x224x224x3,xnnpack_cpu,xnnpack,xnnpack,,2,1,14,measured,49,296.868000,10.357000,161.9853515625,8.858535766601562,46.0,charging,false,0,,,44.1,FLAG_KEEP_SCREEN_ON,no_load_injected_background_apps_unverified,
2026-08-22T08:38:47.047173Z,1.0.0,realme_RMX3760_api35,1.0.0+1,release,mobilenet_v3_small_dynamic_int8,1c3ca9e08ab14de0d8e7ca58f127b9955ae2cf3e9ffaad5033952bcbb51dd82f,mobilenet_v3_small,dynamic_int8,float32,float32,1x224x224x3,xnnpack_cpu,xnnpack,xnnpack,,2,1,14,measured,50,295.536000,10.357000,161.8994140625,8.858779907226562,46.0,charging,false,0,,,44.1,FLAG_KEEP_SCREEN_ON,no_load_injected_background_apps_unverified,
2026-08-22T08:38:47.386411Z,1.0.0,realme_RMX3760_api35,1.0.0+1,release,mobilenet_v3_small_dynamic_int8,1c3ca9e08ab14de0d8e7ca58f127b9955ae2cf3e9ffaad5033952bcbb51dd82f,mobilenet_v3_small,dynamic_int8,float32,float32,1x224x224x3,xnnpack_cpu,xnnpack,xnnpack,,2,1,14,measured,51,285.927000,10.357000,161.9267578125,8.859024047851562,46.0,charging,false,0,,,44.2,FLAG_KEEP_SCREEN_ON,no_load_injected_background_apps_unverified,
2026-08-22T08:38:47.731725Z,1.0.0,realme_RMX3760_api35,1.0.0+1,release,mobilenet_v3_small_dynamic_int8,1c3ca9e08ab14de0d8e7ca58f127b9955ae2cf3e9ffaad5033952bcbb51dd82f,mobilenet_v3_small,dynamic_int8,float32,float32,1x224x224x3,xnnpack_cpu,xnnpack,xnnpack,,2,1,14,measured,52,290.426000,10.357000,162.9853515625,8.890518188476562,46.0,charging,false,0,,,44.2,FLAG_KEEP_SCREEN_ON,no_load_injected_background_apps_unverified,
2026-08-22T08:38:48.086640Z,1.0.0,realme_RMX3760_api35,1.0.0+1,release,mobilenet_v3_small_dynamic_int8,1c3ca9e08ab14de0d8e7ca58f127b9955ae2cf3e9ffaad5033952bcbb51dd82f,mobilenet_v3_small,dynamic_int8,float32,float32,1x224x224x3,xnnpack_cpu,xnnpack,xnnpack,,2,1,14,measured,53,303.020000,10.357000,162.4306640625,8.890762329101562,46.0,charging,false,0,,,44.2,FLAG_KEEP_SCREEN_ON,no_load_injected_background_apps_unverified,
2026-08-22T08:38:48.445310Z,1.0.0,realme_RMX3760_api35,1.0.0+1,release,mobilenet_v3_small_dynamic_int8,1c3ca9e08ab14de0d8e7ca58f127b9955ae2cf3e9ffaad5033952bcbb51dd82f,mobilenet_v3_small,dynamic_int8,float32,float32,1x224x224x3,xnnpack_cpu,xnnpack,xnnpack,,2,1,14,measured,54,308.114000,10.357000,162.4345703125,8.891006469726562,46.0,charging,false,0,,,44.2,FLAG_KEEP_SCREEN_ON,no_load_injected_background_apps_unverified,
2026-08-22T08:38:48.796223Z,1.0.0,realme_RMX3760_api35,1.0.0+1,release,mobilenet_v3_small_dynamic_int8,1c3ca9e08ab14de0d8e7ca58f127b9955ae2cf3e9ffaad5033952bcbb51dd82f,mobilenet_v3_small,dynamic_int8,float32,float32,1x224x224x3,xnnpack_cpu,xnnpack,xnnpack,,2,1,14,measured,55,296.565000,10.357000,161.9619140625,8.891250610351562,46.0,charging,false,0,,,44.2,FLAG_KEEP_SCREEN_ON,no_load_injected_background_apps_unverified,
2026-08-22T08:38:49.139318Z,1.0.0,realme_RMX3760_api35,1.0.0+1,release,mobilenet_v3_small_dynamic_int8,1c3ca9e08ab14de0d8e7ca58f127b9955ae2cf3e9ffaad5033952bcbb51dd82f,mobilenet_v3_small,dynamic_int8,float32,float32,1x224x224x3,xnnpack_cpu,xnnpack,xnnpack,,2,1,14,measured,56,288.968000,10.357000,161.9931640625,8.891494750976562,46.0,charging,false,0,,,44.2,FLAG_KEEP_SCREEN_ON,no_load_injected_background_apps_unverified,
2026-08-22T08:38:49.487629Z,1.0.0,realme_RMX3760_api35,1.0.0+1,release,mobilenet_v3_small_dynamic_int8,1c3ca9e08ab14de0d8e7ca58f127b9955ae2cf3e9ffaad5033952bcbb51dd82f,mobilenet_v3_small,dynamic_int8,float32,float32,1x224x224x3,xnnpack_cpu,xnnpack,xnnpack,,2,1,14,measured,57,294.812000,10.357000,161.9970703125,8.891738891601562,46.0,charging,false,0,,,44.2,FLAG_KEEP_SCREEN_ON,no_load_injected_background_apps_unverified,
2026-08-22T08:38:49.828406Z,1.0.0,realme_RMX3760_api35,1.0.0+1,release,mobilenet_v3_small_dynamic_int8,1c3ca9e08ab14de0d8e7ca58f127b9955ae2cf3e9ffaad5033952bcbb51dd82f,mobilenet_v3_small,dynamic_int8,float32,float32,1x224x224x3,xnnpack_cpu,xnnpack,xnnpack,,2,1,14,measured,58,286.240000,10.357000,162.0009765625,8.923233032226562,46.0,charging,false,0,,,44.2,FLAG_KEEP_SCREEN_ON,no_load_injected_background_apps_unverified,
2026-08-22T08:38:50.173282Z,1.0.0,realme_RMX3760_api35,1.0.0+1,release,mobilenet_v3_small_dynamic_int8,1c3ca9e08ab14de0d8e7ca58f127b9955ae2cf3e9ffaad5033952bcbb51dd82f,mobilenet_v3_small,dynamic_int8,float32,float32,1x224x224x3,xnnpack_cpu,xnnpack,xnnpack,,2,1,14,measured,59,293.257000,10.357000,163.0087890625,8.923477172851562,46.0,charging,false,0,,,44.2,FLAG_KEEP_SCREEN_ON,no_load_injected_background_apps_unverified,
2026-08-22T08:38:50.523229Z,1.0.0,realme_RMX3760_api35,1.0.0+1,release,mobilenet_v3_small_dynamic_int8,1c3ca9e08ab14de0d8e7ca58f127b9955ae2cf3e9ffaad5033952bcbb51dd82f,mobilenet_v3_small,dynamic_int8,float32,float32,1x224x224x3,xnnpack_cpu,xnnpack,xnnpack,,2,1,14,measured,60,299.307000,10.357000,162.5166015625,8.923721313476562,46.0,charging,false,0,,,44.2,FLAG_KEEP_SCREEN_ON,no_load_injected_background_apps_unverified,
2026-08-22T08:38:50.864380Z,1.0.0,realme_RMX3760_api35,1.0.0+1,release,mobilenet_v3_small_dynamic_int8,1c3ca9e08ab14de0d8e7ca58f127b9955ae2cf3e9ffaad5033952bcbb51dd82f,mobilenet_v3_small,dynamic_int8,float32,float32,1x224x224x3,xnnpack_cpu,xnnpack,xnnpack,,2,1,14,measured,61,288.087000,10.357000,162.5205078125,8.923965454101562,46.0,charging,false,0,,,44.2,FLAG_KEEP_SCREEN_ON,no_load_injected_background_apps_unverified,
2026-08-22T08:38:51.214216Z,1.0.0,realme_RMX3760_api35,1.0.0+1,release,mobilenet_v3_small_dynamic_int8,1c3ca9e08ab14de0d8e7ca58f127b9955ae2cf3e9ffaad5033952bcbb51dd82f,mobilenet_v3_small,dynamic_int8,float32,float32,1x224x224x3,xnnpack_cpu,xnnpack,xnnpack,,2,1,14,measured,62,299.095000,10.357000,162.0283203125,8.924209594726562,46.0,charging,false,0,,,44.2,FLAG_KEEP_SCREEN_ON,no_load_injected_background_apps_unverified,
2026-08-22T08:38:51.558533Z,1.0.0,realme_RMX3760_api35,1.0.0+1,release,mobilenet_v3_small_dynamic_int8,1c3ca9e08ab14de0d8e7ca58f127b9955ae2cf3e9ffaad5033952bcbb51dd82f,mobilenet_v3_small,dynamic_int8,float32,float32,1x224x224x3,xnnpack_cpu,xnnpack,xnnpack,,2,1,14,measured,63,290.320000,10.357000,162.0556640625,8.924453735351562,46.0,charging,false,0,,,44.2,FLAG_KEEP_SCREEN_ON,no_load_injected_background_apps_unverified,
2026-08-22T08:38:51.911148Z,1.0.0,realme_RMX3760_api35,1.0.0+1,release,mobilenet_v3_small_dynamic_int8,1c3ca9e08ab14de0d8e7ca58f127b9955ae2cf3e9ffaad5033952bcbb51dd82f,mobilenet_v3_small,dynamic_int8,float32,float32,1x224x224x3,xnnpack_cpu,xnnpack,xnnpack,,2,1,14,measured,64,298.626000,10.357000,162.0634765625,8.955947875976562,46.0,charging,false,0,,,44.2,FLAG_KEEP_SCREEN_ON,no_load_injected_background_apps_unverified,
2026-08-22T08:38:52.263301Z,1.0.0,realme_RMX3760_api35,1.0.0+1,release,mobilenet_v3_small_dynamic_int8,1c3ca9e08ab14de0d8e7ca58f127b9955ae2cf3e9ffaad5033952bcbb51dd82f,mobilenet_v3_small,dynamic_int8,float32,float32,1x224x224x3,xnnpack_cpu,xnnpack,xnnpack,,2,1,14,measured,65,299.962000,10.357000,162.0322265625,8.956192016601562,46.0,charging,false,0,,,44.2,FLAG_KEEP_SCREEN_ON,no_load_injected_background_apps_unverified,
2026-08-22T08:38:52.607609Z,1.0.0,realme_RMX3760_api35,1.0.0+1,release,mobilenet_v3_small_dynamic_int8,1c3ca9e08ab14de0d8e7ca58f127b9955ae2cf3e9ffaad5033952bcbb51dd82f,mobilenet_v3_small,dynamic_int8,float32,float32,1x224x224x3,xnnpack_cpu,xnnpack,xnnpack,,2,1,14,measured,66,292.074000,10.357000,162.0283203125,8.956436157226562,46.0,charging,false,0,,,44.2,FLAG_KEEP_SCREEN_ON,no_load_injected_background_apps_unverified,
2026-08-22T08:38:52.948500Z,1.0.0,realme_RMX3760_api35,1.0.0+1,release,mobilenet_v3_small_dynamic_int8,1c3ca9e08ab14de0d8e7ca58f127b9955ae2cf3e9ffaad5033952bcbb51dd82f,mobilenet_v3_small,dynamic_int8,float32,float32,1x224x224x3,xnnpack_cpu,xnnpack,xnnpack,,2,1,14,measured,67,286.908000,10.357000,162.5361328125,8.956680297851562,46.0,charging,false,0,,,44.2,FLAG_KEEP_SCREEN_ON,no_load_injected_background_apps_unverified,
2026-08-22T08:38:53.343829Z,1.0.0,realme_RMX3760_api35,1.0.0+1,release,mobilenet_v3_small_dynamic_int8,1c3ca9e08ab14de0d8e7ca58f127b9955ae2cf3e9ffaad5033952bcbb51dd82f,mobilenet_v3_small,dynamic_int8,float32,float32,1x224x224x3,xnnpack_cpu,xnnpack,xnnpack,,2,1,14,measured,68,340.529000,10.357000,162.5009765625,8.956924438476562,46.0,charging,false,0,,,44.2,FLAG_KEEP_SCREEN_ON,no_load_injected_background_apps_unverified,
2026-08-22T08:38:53.686748Z,1.0.0,realme_RMX3760_api35,1.0.0+1,release,mobilenet_v3_small_dynamic_int8,1c3ca9e08ab14de0d8e7ca58f127b9955ae2cf3e9ffaad5033952bcbb51dd82f,mobilenet_v3_small,dynamic_int8,float32,float32,1x224x224x3,xnnpack_cpu,xnnpack,xnnpack,,2,1,14,measured,69,290.510000,10.357000,162.4970703125,8.957168579101562,46.0,charging,false,0,,,44.2,FLAG_KEEP_SCREEN_ON,no_load_injected_background_apps_unverified,
2026-08-22T08:38:54.036098Z,1.0.0,realme_RMX3760_api35,1.0.0+1,release,mobilenet_v3_small_dynamic_int8,1c3ca9e08ab14de0d8e7ca58f127b9955ae2cf3e9ffaad5033952bcbb51dd82f,mobilenet_v3_small,dynamic_int8,float32,float32,1x224x224x3,xnnpack_cpu,xnnpack,xnnpack,,2,1,14,measured,70,296.732000,10.357000,162.5830078125,8.988662719726562,46.0,charging,false,0,,,44.2,FLAG_KEEP_SCREEN_ON,no_load_injected_background_apps_unverified,
2026-08-22T08:38:54.376620Z,1.0.0,realme_RMX3760_api35,1.0.0+1,release,mobilenet_v3_small_dynamic_int8,1c3ca9e08ab14de0d8e7ca58f127b9955ae2cf3e9ffaad5033952bcbb51dd82f,mobilenet_v3_small,dynamic_int8,float32,float32,1x224x224x3,xnnpack_cpu,xnnpack,xnnpack,,2,1,14,measured,71,288.569000,10.357000,166.6181640625,8.988906860351562,46.0,charging,false,0,,,44.2,FLAG_KEEP_SCREEN_ON,no_load_injected_background_apps_unverified,
2026-08-22T08:38:54.733356Z,1.0.0,realme_RMX3760_api35,1.0.0+1,release,mobilenet_v3_small_dynamic_int8,1c3ca9e08ab14de0d8e7ca58f127b9955ae2cf3e9ffaad5033952bcbb51dd82f,mobilenet_v3_small,dynamic_int8,float32,float32,1x224x224x3,xnnpack_cpu,xnnpack,xnnpack,,2,1,14,measured,72,305.933000,10.357000,162.0986328125,8.989151000976562,46.0,charging,false,0,,,44.2,FLAG_KEEP_SCREEN_ON,no_load_injected_background_apps_unverified,
2026-08-22T08:38:55.076490Z,1.0.0,realme_RMX3760_api35,1.0.0+1,release,mobilenet_v3_small_dynamic_int8,1c3ca9e08ab14de0d8e7ca58f127b9955ae2cf3e9ffaad5033952bcbb51dd82f,mobilenet_v3_small,dynamic_int8,float32,float32,1x224x224x3,xnnpack_cpu,xnnpack,xnnpack,,2,1,14,measured,73,291.141000,10.357000,162.1025390625,8.989395141601562,46.0,charging,false,0,,,44.2,FLAG_KEEP_SCREEN_ON,no_load_injected_background_apps_unverified,
2026-08-22T08:38:55.419077Z,1.0.0,realme_RMX3760_api35,1.0.0+1,release,mobilenet_v3_small_dynamic_int8,1c3ca9e08ab14de0d8e7ca58f127b9955ae2cf3e9ffaad5033952bcbb51dd82f,mobilenet_v3_small,dynamic_int8,float32,float32,1x224x224x3,xnnpack_cpu,xnnpack,xnnpack,,2,1,14,measured,74,287.771000,10.357000,162.1259765625,8.989639282226562,46.0,charging,false,0,,,44.2,FLAG_KEEP_SCREEN_ON,no_load_injected_background_apps_unverified,
2026-08-22T08:38:55.758729Z,1.0.0,realme_RMX3760_api35,1.0.0+1,release,mobilenet_v3_small_dynamic_int8,1c3ca9e08ab14de0d8e7ca58f127b9955ae2cf3e9ffaad5033952bcbb51dd82f,mobilenet_v3_small,dynamic_int8,float32,float32,1x224x224x3,xnnpack_cpu,xnnpack,xnnpack,,2,1,14,measured,75,285.134000,10.357000,162.1650390625,8.989883422851562,46.0,charging,false,0,,,44.2,FLAG_KEEP_SCREEN_ON,no_load_injected_background_apps_unverified,
2026-08-22T08:38:56.100004Z,1.0.0,realme_RMX3760_api35,1.0.0+1,release,mobilenet_v3_small_dynamic_int8,1c3ca9e08ab14de0d8e7ca58f127b9955ae2cf3e9ffaad5033952bcbb51dd82f,mobilenet_v3_small,dynamic_int8,float32,float32,1x224x224x3,xnnpack_cpu,xnnpack,xnnpack,,2,1,14,measured,76,288.526000,10.357000,162.1689453125,8.990127563476562,46.0,charging,false,0,,,44.2,FLAG_KEEP_SCREEN_ON,no_load_injected_background_apps_unverified,
2026-08-22T08:38:56.451374Z,1.0.0,realme_RMX3760_api35,1.0.0+1,release,mobilenet_v3_small_dynamic_int8,1c3ca9e08ab14de0d8e7ca58f127b9955ae2cf3e9ffaad5033952bcbb51dd82f,mobilenet_v3_small,dynamic_int8,float32,float32,1x224x224x3,xnnpack_cpu,xnnpack,xnnpack,,2,1,14,measured,77,299.580000,10.357000,162.0751953125,9.021621704101562,46.0,charging,false,0,,,44.2,FLAG_KEEP_SCREEN_ON,no_load_injected_background_apps_unverified,
2026-08-22T08:38:56.802795Z,1.0.0,realme_RMX3760_api35,1.0.0+1,release,mobilenet_v3_small_dynamic_int8,1c3ca9e08ab14de0d8e7ca58f127b9955ae2cf3e9ffaad5033952bcbb51dd82f,mobilenet_v3_small,dynamic_int8,float32,float32,1x224x224x3,xnnpack_cpu,xnnpack,xnnpack,,2,1,14,measured,78,299.859000,10.357000,162.0791015625,9.021865844726562,46.0,charging,false,0,,,44.2,FLAG_KEEP_SCREEN_ON,no_load_injected_background_apps_unverified,
2026-08-22T08:38:57.151911Z,1.0.0,realme_RMX3760_api35,1.0.0+1,release,mobilenet_v3_small_dynamic_int8,1c3ca9e08ab14de0d8e7ca58f127b9955ae2cf3e9ffaad5033952bcbb51dd82f,mobilenet_v3_small,dynamic_int8,float32,float32,1x224x224x3,xnnpack_cpu,xnnpack,xnnpack,,2,1,14,measured,79,296.040000,10.357000,162.0830078125,9.022109985351562,46.0,charging,false,0,,,44.2,FLAG_KEEP_SCREEN_ON,no_load_injected_background_apps_unverified,
2026-08-22T08:38:57.494937Z,1.0.0,realme_RMX3760_api35,1.0.0+1,release,mobilenet_v3_small_dynamic_int8,1c3ca9e08ab14de0d8e7ca58f127b9955ae2cf3e9ffaad5033952bcbb51dd82f,mobilenet_v3_small,dynamic_int8,float32,float32,1x224x224x3,xnnpack_cpu,xnnpack,xnnpack,,2,1,14,measured,80,289.426000,10.357000,166.7158203125,9.022354125976562,46.0,charging,false,0,,,44.2,FLAG_KEEP_SCREEN_ON,no_load_injected_background_apps_unverified,
2026-08-22T08:38:57.837291Z,1.0.0,realme_RMX3760_api35,1.0.0+1,release,mobilenet_v3_small_dynamic_int8,1c3ca9e08ab14de0d8e7ca58f127b9955ae2cf3e9ffaad5033952bcbb51dd82f,mobilenet_v3_small,dynamic_int8,float32,float32,1x224x224x3,xnnpack_cpu,xnnpack,xnnpack,,2,1,14,measured,81,290.461000,10.357000,162.6376953125,9.022598266601562,46.0,charging,false,0,,,44.2,FLAG_KEEP_SCREEN_ON,no_load_injected_background_apps_unverified,
2026-08-22T08:38:58.179242Z,1.0.0,realme_RMX3760_api35,1.0.0+1,release,mobilenet_v3_small_dynamic_int8,1c3ca9e08ab14de0d8e7ca58f127b9955ae2cf3e9ffaad5033952bcbb51dd82f,mobilenet_v3_small,dynamic_int8,float32,float32,1x224x224x3,xnnpack_cpu,xnnpack,xnnpack,,2,1,14,measured,82,289.123000,10.357000,162.1455078125,9.022842407226562,46.0,charging,false,0,,,44.2,FLAG_KEEP_SCREEN_ON,no_load_injected_background_apps_unverified,
2026-08-22T08:38:58.517979Z,1.0.0,realme_RMX3760_api35,1.0.0+1,release,mobilenet_v3_small_dynamic_int8,1c3ca9e08ab14de0d8e7ca58f127b9955ae2cf3e9ffaad5033952bcbb51dd82f,mobilenet_v3_small,dynamic_int8,float32,float32,1x224x224x3,xnnpack_cpu,xnnpack,xnnpack,,2,1,14,measured,83,286.875000,10.357000,162.6494140625,9.054336547851562,46.0,charging,false,0,,,44.2,FLAG_KEEP_SCREEN_ON,no_load_injected_background_apps_unverified,
2026-08-22T08:38:58.868452Z,1.0.0,realme_RMX3760_api35,1.0.0+1,release,mobilenet_v3_small_dynamic_int8,1c3ca9e08ab14de0d8e7ca58f127b9955ae2cf3e9ffaad5033952bcbb51dd82f,mobilenet_v3_small,dynamic_int8,float32,float32,1x224x224x3,xnnpack_cpu,xnnpack,xnnpack,,2,1,14,measured,84,299.869000,10.357000,162.6533203125,9.054580688476562,46.0,charging,false,0,,,44.2,FLAG_KEEP_SCREEN_ON,no_load_injected_background_apps_unverified,
2026-08-22T08:38:59.214799Z,1.0.0,realme_RMX3760_api35,1.0.0+1,release,mobilenet_v3_small_dynamic_int8,1c3ca9e08ab14de0d8e7ca58f127b9955ae2cf3e9ffaad5033952bcbb51dd82f,mobilenet_v3_small,dynamic_int8,float32,float32,1x224x224x3,xnnpack_cpu,xnnpack,xnnpack,,2,1,14,measured,85,293.855000,10.357000,162.6611328125,9.054824829101562,46.0,charging,false,0,,,44.2,FLAG_KEEP_SCREEN_ON,no_load_injected_background_apps_unverified,
2026-08-22T08:38:59.568336Z,1.0.0,realme_RMX3760_api35,1.0.0+1,release,mobilenet_v3_small_dynamic_int8,1c3ca9e08ab14de0d8e7ca58f127b9955ae2cf3e9ffaad5033952bcbb51dd82f,mobilenet_v3_small,dynamic_int8,float32,float32,1x224x224x3,xnnpack_cpu,xnnpack,xnnpack,,2,1,14,measured,86,302.794000,10.357000,162.7001953125,9.055068969726562,46.0,charging,false,0,,,44.2,FLAG_KEEP_SCREEN_ON,no_load_injected_background_apps_unverified,
2026-08-22T08:38:59.918709Z,1.0.0,realme_RMX3760_api35,1.0.0+1,release,mobilenet_v3_small_dynamic_int8,1c3ca9e08ab14de0d8e7ca58f127b9955ae2cf3e9ffaad5033952bcbb51dd82f,mobilenet_v3_small,dynamic_int8,float32,float32,1x224x224x3,xnnpack_cpu,xnnpack,xnnpack,,2,1,14,measured,87,298.565000,10.357000,162.2041015625,9.055313110351562,46.0,charging,false,0,,,44.2,FLAG_KEEP_SCREEN_ON,no_load_injected_background_apps_unverified,
2026-08-22T08:39:00.272017Z,1.0.0,realme_RMX3760_api35,1.0.0+1,release,mobilenet_v3_small_dynamic_int8,1c3ca9e08ab14de0d8e7ca58f127b9955ae2cf3e9ffaad5033952bcbb51dd82f,mobilenet_v3_small,dynamic_int8,float32,float32,1x224x224x3,xnnpack_cpu,xnnpack,xnnpack,,2,1,14,measured,88,301.945000,10.357000,162.2080078125,9.055557250976562,46.0,charging,false,0,,,44.2,FLAG_KEEP_SCREEN_ON,no_load_injected_background_apps_unverified,
2026-08-22T08:39:00.620025Z,1.0.0,realme_RMX3760_api35,1.0.0+1,release,mobilenet_v3_small_dynamic_int8,1c3ca9e08ab14de0d8e7ca58f127b9955ae2cf3e9ffaad5033952bcbb51dd82f,mobilenet_v3_small,dynamic_int8,float32,float32,1x224x224x3,xnnpack_cpu,xnnpack,xnnpack,,2,1,14,measured,89,297.566000,10.357000,162.1103515625,9.087051391601562,46.0,charging,false,0,,,44.2,FLAG_KEEP_SCREEN_ON,no_load_injected_background_apps_unverified,
2026-08-22T08:39:00.968649Z,1.0.0,realme_RMX3760_api35,1.0.0+1,release,mobilenet_v3_small_dynamic_int8,1c3ca9e08ab14de0d8e7ca58f127b9955ae2cf3e9ffaad5033952bcbb51dd82f,mobilenet_v3_small,dynamic_int8,float32,float32,1x224x224x3,xnnpack_cpu,xnnpack,xnnpack,,2,1,14,measured,90,296.423000,10.357000,162.7197265625,9.087295532226562,46.0,charging,false,0,,,44.2,FLAG_KEEP_SCREEN_ON,no_load_injected_background_apps_unverified,
2026-08-22T08:39:01.315207Z,1.0.0,realme_RMX3760_api35,1.0.0+1,release,mobilenet_v3_small_dynamic_int8,1c3ca9e08ab14de0d8e7ca58f127b9955ae2cf3e9ffaad5033952bcbb51dd82f,mobilenet_v3_small,dynamic_int8,float32,float32,1x224x224x3,xnnpack_cpu,xnnpack,xnnpack,,2,1,14,measured,91,294.217000,10.357000,162.7236328125,9.087539672851562,46.0,charging,false,0,,,44.2,FLAG_KEEP_SCREEN_ON,no_load_injected_background_apps_unverified,
2026-08-22T08:39:01.667353Z,1.0.0,realme_RMX3760_api35,1.0.0+1,release,mobilenet_v3_small_dynamic_int8,1c3ca9e08ab14de0d8e7ca58f127b9955ae2cf3e9ffaad5033952bcbb51dd82f,mobilenet_v3_small,dynamic_int8,float32,float32,1x224x224x3,xnnpack_cpu,xnnpack,xnnpack,,2,1,14,measured,92,301.539000,10.357000,162.2392578125,9.087783813476562,46.0,charging,false,0,,,44.2,FLAG_KEEP_SCREEN_ON,no_load_injected_background_apps_unverified,
2026-08-22T08:39:02.011814Z,1.0.0,realme_RMX3760_api35,1.0.0+1,release,mobilenet_v3_small_dynamic_int8,1c3ca9e08ab14de0d8e7ca58f127b9955ae2cf3e9ffaad5033952bcbb51dd82f,mobilenet_v3_small,dynamic_int8,float32,float32,1x224x224x3,xnnpack_cpu,xnnpack,xnnpack,,2,1,14,measured,93,289.802000,10.357000,162.2392578125,9.088027954101562,46.0,charging,false,0,,,44.2,FLAG_KEEP_SCREEN_ON,no_load_injected_background_apps_unverified,
2026-08-22T08:39:02.368227Z,1.0.0,realme_RMX3760_api35,1.0.0+1,release,mobilenet_v3_small_dynamic_int8,1c3ca9e08ab14de0d8e7ca58f127b9955ae2cf3e9ffaad5033952bcbb51dd82f,mobilenet_v3_small,dynamic_int8,float32,float32,1x224x224x3,xnnpack_cpu,xnnpack,xnnpack,,2,1,14,measured,94,304.951000,10.357000,162.2431640625,9.088272094726562,46.0,charging,false,0,,,44.2,FLAG_KEEP_SCREEN_ON,no_load_injected_background_apps_unverified,
2026-08-22T08:39:02.719348Z,1.0.0,realme_RMX3760_api35,1.0.0+1,release,mobilenet_v3_small_dynamic_int8,1c3ca9e08ab14de0d8e7ca58f127b9955ae2cf3e9ffaad5033952bcbb51dd82f,mobilenet_v3_small,dynamic_int8,float32,float32,1x224x224x3,xnnpack_cpu,xnnpack,xnnpack,,2,1,14,measured,95,298.441000,10.357000,162.1728515625,9.119766235351562,46.0,charging,false,0,,,44.2,FLAG_KEEP_SCREEN_ON,no_load_injected_background_apps_unverified,
2026-08-22T08:39:03.063225Z,1.0.0,realme_RMX3760_api35,1.0.0+1,release,mobilenet_v3_small_dynamic_int8,1c3ca9e08ab14de0d8e7ca58f127b9955ae2cf3e9ffaad5033952bcbb51dd82f,mobilenet_v3_small,dynamic_int8,float32,float32,1x224x224x3,xnnpack_cpu,xnnpack,xnnpack,,2,1,14,measured,96,289.522000,10.357000,162.2275390625,9.120010375976562,46.0,charging,false,0,,,44.3,FLAG_KEEP_SCREEN_ON,no_load_injected_background_apps_unverified,
2026-08-22T08:39:03.411752Z,1.0.0,realme_RMX3760_api35,1.0.0+1,release,mobilenet_v3_small_dynamic_int8,1c3ca9e08ab14de0d8e7ca58f127b9955ae2cf3e9ffaad5033952bcbb51dd82f,mobilenet_v3_small,dynamic_int8,float32,float32,1x224x224x3,xnnpack_cpu,xnnpack,xnnpack,,2,1,14,measured,97,292.549000,10.357000,162.2314453125,9.120254516601562,46.0,charging,false,0,,,44.3,FLAG_KEEP_SCREEN_ON,no_load_injected_background_apps_unverified,
2026-08-22T08:39:03.763016Z,1.0.0,realme_RMX3760_api35,1.0.0+1,release,mobilenet_v3_small_dynamic_int8,1c3ca9e08ab14de0d8e7ca58f127b9955ae2cf3e9ffaad5033952bcbb51dd82f,mobilenet_v3_small,dynamic_int8,float32,float32,1x224x224x3,xnnpack_cpu,xnnpack,xnnpack,,2,1,14,measured,98,300.449000,10.357000,163.2509765625,9.120498657226562,46.0,charging,false,0,,,44.3,FLAG_KEEP_SCREEN_ON,no_load_injected_background_apps_unverified,
2026-08-22T08:39:04.110698Z,1.0.0,realme_RMX3760_api35,1.0.0+1,release,mobilenet_v3_small_dynamic_int8,1c3ca9e08ab14de0d8e7ca58f127b9955ae2cf3e9ffaad5033952bcbb51dd82f,mobilenet_v3_small,dynamic_int8,float32,float32,1x224x224x3,xnnpack_cpu,xnnpack,xnnpack,,2,1,14,measured,99,293.864000,10.357000,162.7509765625,9.120742797851562,46.0,charging,false,0,,,44.3,FLAG_KEEP_SCREEN_ON,no_load_injected_background_apps_unverified,
2026-08-22T08:39:04.173169Z,1.0.0,realme_RMX3760_api35,1.0.0+1,release,mobilenet_v3_small_full_int8,7eb4e5feb3ad6a7ffe9c7d81f9f7b78d520a334323c091aaddccb8859c84991b,mobilenet_v3_small,full_int8,int8,int8,1x224x224x3,xnnpack_cpu,xnnpack,xnnpack,Bad state: failed precondition,2,1,15,configuration_error,-1,,0.000000,165.6962890625,9.120986938476562,46.0,charging,false,0,,,44.3,FLAG_KEEP_SCREEN_ON,no_load_injected_background_apps_unverified,Bad state: failed precondition
2026-08-22T08:39:10.658109Z,1.0.0,realme_RMX3760_api35,1.0.0+1,release,mobilenet_v3_small_dynamic_int8,1c3ca9e08ab14de0d8e7ca58f127b9955ae2cf3e9ffaad5033952bcbb51dd82f,mobilenet_v3_small,dynamic_int8,float32,float32,1x224x224x3,builtin_cpu,none,none_builtin,,2,1,16,measured,0,300.033000,2.872000,168.662109375,9.121231079101562,46.0,charging,false,0,,,44.3,FLAG_KEEP_SCREEN_ON,no_load_injected_background_apps_unverified,
2026-08-22T08:39:11.020582Z,1.0.0,realme_RMX3760_api35,1.0.0+1,release,mobilenet_v3_small_dynamic_int8,1c3ca9e08ab14de0d8e7ca58f127b9955ae2cf3e9ffaad5033952bcbb51dd82f,mobilenet_v3_small,dynamic_int8,float32,float32,1x224x224x3,builtin_cpu,none,none_builtin,,2,1,16,measured,1,307.345000,2.872000,167.591796875,9.152725219726562,46.0,charging,false,0,,,44.3,FLAG_KEEP_SCREEN_ON,no_load_injected_background_apps_unverified,
2026-08-22T08:39:11.380649Z,1.0.0,realme_RMX3760_api35,1.0.0+1,release,mobilenet_v3_small_dynamic_int8,1c3ca9e08ab14de0d8e7ca58f127b9955ae2cf3e9ffaad5033952bcbb51dd82f,mobilenet_v3_small,dynamic_int8,float32,float32,1x224x224x3,builtin_cpu,none,none_builtin,,2,1,16,measured,2,309.021000,2.872000,167.173828125,9.152969360351562,46.0,charging,false,0,,,44.3,FLAG_KEEP_SCREEN_ON,no_load_injected_background_apps_unverified,
2026-08-22T08:39:11.743110Z,1.0.0,realme_RMX3760_api35,1.0.0+1,release,mobilenet_v3_small_dynamic_int8,1c3ca9e08ab14de0d8e7ca58f127b9955ae2cf3e9ffaad5033952bcbb51dd82f,mobilenet_v3_small,dynamic_int8,float32,float32,1x224x224x3,builtin_cpu,none,none_builtin,,2,1,16,measured,3,309.335000,2.872000,168.423828125,9.153213500976562,46.0,charging,false,0,,,44.3,FLAG_KEEP_SCREEN_ON,no_load_injected_background_apps_unverified,
2026-08-22T08:39:12.089678Z,1.0.0,realme_RMX3760_api35,1.0.0+1,release,mobilenet_v3_small_dynamic_int8,1c3ca9e08ab14de0d8e7ca58f127b9955ae2cf3e9ffaad5033952bcbb51dd82f,mobilenet_v3_small,dynamic_int8,float32,float32,1x224x224x3,builtin_cpu,none,none_builtin,,2,1,16,measured,4,293.562000,2.872000,168.427734375,9.153457641601562,46.0,charging,false,0,,,44.3,FLAG_KEEP_SCREEN_ON,no_load_injected_background_apps_unverified,
2026-08-22T08:39:12.440640Z,1.0.0,realme_RMX3760_api35,1.0.0+1,release,mobilenet_v3_small_dynamic_int8,1c3ca9e08ab14de0d8e7ca58f127b9955ae2cf3e9ffaad5033952bcbb51dd82f,mobilenet_v3_small,dynamic_int8,float32,float32,1x224x224x3,builtin_cpu,none,none_builtin,,2,1,16,measured,5,296.927000,2.872000,167.150390625,9.153701782226562,46.0,charging,false,0,,,44.3,FLAG_KEEP_SCREEN_ON,no_load_injected_background_apps_unverified,
2026-08-22T08:39:12.787127Z,1.0.0,realme_RMX3760_api35,1.0.0+1,release,mobilenet_v3_small_dynamic_int8,1c3ca9e08ab14de0d8e7ca58f127b9955ae2cf3e9ffaad5033952bcbb51dd82f,mobilenet_v3_small,dynamic_int8,float32,float32,1x224x224x3,builtin_cpu,none,none_builtin,,2,1,16,measured,6,293.919000,2.872000,167.095703125,9.153945922851562,46.0,charging,false,0,,,44.3,FLAG_KEEP_SCREEN_ON,no_load_injected_background_apps_unverified,
2026-08-22T08:39:13.138940Z,1.0.0,realme_RMX3760_api35,1.0.0+1,release,mobilenet_v3_small_dynamic_int8,1c3ca9e08ab14de0d8e7ca58f127b9955ae2cf3e9ffaad5033952bcbb51dd82f,mobilenet_v3_small,dynamic_int8,float32,float32,1x224x224x3,builtin_cpu,none,none_builtin,,2,1,16,measured,7,298.900000,2.872000,167.099609375,9.185440063476562,46.0,charging,false,0,,,44.3,FLAG_KEEP_SCREEN_ON,no_load_injected_background_apps_unverified,
2026-08-22T08:39:13.500714Z,1.0.0,realme_RMX3760_api35,1.0.0+1,release,mobilenet_v3_small_dynamic_int8,1c3ca9e08ab14de0d8e7ca58f127b9955ae2cf3e9ffaad5033952bcbb51dd82f,mobilenet_v3_small,dynamic_int8,float32,float32,1x224x224x3,builtin_cpu,none,none_builtin,,2,1,16,measured,8,310.574000,2.872000,167.732421875,9.185684204101562,46.0,charging,false,0,,,44.3,FLAG_KEEP_SCREEN_ON,no_load_injected_background_apps_unverified,
2026-08-22T08:39:13.851149Z,1.0.0,realme_RMX3760_api35,1.0.0+1,release,mobilenet_v3_small_dynamic_int8,1c3ca9e08ab14de0d8e7ca58f127b9955ae2cf3e9ffaad5033952bcbb51dd82f,mobilenet_v3_small,dynamic_int8,float32,float32,1x224x224x3,builtin_cpu,none,none_builtin,,2,1,16,measured,9,298.602000,2.872000,167.087890625,9.185928344726562,46.0,charging,false,0,,,44.3,FLAG_KEEP_SCREEN_ON,no_load_injected_background_apps_unverified,
2026-08-22T08:39:14.205592Z,1.0.0,realme_RMX3760_api35,1.0.0+1,release,mobilenet_v3_small_dynamic_int8,1c3ca9e08ab14de0d8e7ca58f127b9955ae2cf3e9ffaad5033952bcbb51dd82f,mobilenet_v3_small,dynamic_int8,float32,float32,1x224x224x3,builtin_cpu,none,none_builtin,,2,1,16,measured,10,301.115000,2.872000,167.150390625,9.186172485351562,46.0,charging,false,0,,,44.2,FLAG_KEEP_SCREEN_ON,no_load_injected_background_apps_unverified,
2026-08-22T08:39:14.557878Z,1.0.0,realme_RMX3760_api35,1.0.0+1,release,mobilenet_v3_small_dynamic_int8,1c3ca9e08ab14de0d8e7ca58f127b9955ae2cf3e9ffaad5033952bcbb51dd82f,mobilenet_v3_small,dynamic_int8,float32,float32,1x224x224x3,builtin_cpu,none,none_builtin,,2,1,16,measured,11,299.698000,2.872000,167.208984375,9.186416625976562,46.0,charging,false,0,,,44.2,FLAG_KEEP_SCREEN_ON,no_load_injected_background_apps_unverified,
2026-08-22T08:39:14.908990Z,1.0.0,realme_RMX3760_api35,1.0.0+1,release,mobilenet_v3_small_dynamic_int8,1c3ca9e08ab14de0d8e7ca58f127b9955ae2cf3e9ffaad5033952bcbb51dd82f,mobilenet_v3_small,dynamic_int8,float32,float32,1x224x224x3,builtin_cpu,none,none_builtin,,2,1,16,measured,12,297.241000,2.872000,167.208984375,9.186660766601562,46.0,charging,false,0,,,44.2,FLAG_KEEP_SCREEN_ON,no_load_injected_background_apps_unverified,
2026-08-22T08:39:15.260832Z,1.0.0,realme_RMX3760_api35,1.0.0+1,release,mobilenet_v3_small_dynamic_int8,1c3ca9e08ab14de0d8e7ca58f127b9955ae2cf3e9ffaad5033952bcbb51dd82f,mobilenet_v3_small,dynamic_int8,float32,float32,1x224x224x3,builtin_cpu,none,none_builtin,,2,1,16,measured,13,296.632000,2.872000,167.220703125,9.218154907226562,46.0,charging,false,0,,,44.2,FLAG_KEEP_SCREEN_ON,no_load_injected_background_apps_unverified,
2026-08-22T08:39:15.609384Z,1.0.0,realme_RMX3760_api35,1.0.0+1,release,mobilenet_v3_small_dynamic_int8,1c3ca9e08ab14de0d8e7ca58f127b9955ae2cf3e9ffaad5033952bcbb51dd82f,mobilenet_v3_small,dynamic_int8,float32,float32,1x224x224x3,builtin_cpu,none,none_builtin,,2,1,16,measured,14,294.544000,2.872000,167.732421875,9.218399047851562,46.0,charging,false,0,,,44.2,FLAG_KEEP_SCREEN_ON,no_load_injected_background_apps_unverified,
2026-08-22T08:39:15.967475Z,1.0.0,realme_RMX3760_api35,1.0.0+1,release,mobilenet_v3_small_dynamic_int8,1c3ca9e08ab14de0d8e7ca58f127b9955ae2cf3e9ffaad5033952bcbb51dd82f,mobilenet_v3_small,dynamic_int8,float32,float32,1x224x224x3,builtin_cpu,none,none_builtin,,2,1,16,measured,15,303.296000,2.872000,167.150390625,9.218643188476562,46.0,charging,false,0,,,44.2,FLAG_KEEP_SCREEN_ON,no_load_injected_background_apps_unverified,
2026-08-22T08:39:16.315517Z,1.0.0,realme_RMX3760_api35,1.0.0+1,release,mobilenet_v3_small_dynamic_int8,1c3ca9e08ab14de0d8e7ca58f127b9955ae2cf3e9ffaad5033952bcbb51dd82f,mobilenet_v3_small,dynamic_int8,float32,float32,1x224x224x3,builtin_cpu,none,none_builtin,,2,1,16,measured,16,295.390000,2.872000,167.185546875,9.218887329101562,46.0,charging,false,0,,,44.2,FLAG_KEEP_SCREEN_ON,no_load_injected_background_apps_unverified,
2026-08-22T08:39:16.668082Z,1.0.0,realme_RMX3760_api35,1.0.0+1,release,mobilenet_v3_small_dynamic_int8,1c3ca9e08ab14de0d8e7ca58f127b9955ae2cf3e9ffaad5033952bcbb51dd82f,mobilenet_v3_small,dynamic_int8,float32,float32,1x224x224x3,builtin_cpu,none,none_builtin,,2,1,16,measured,17,297.068000,2.872000,167.705078125,9.219131469726562,46.0,charging,false,0,,,44.2,FLAG_KEEP_SCREEN_ON,no_load_injected_background_apps_unverified,
2026-08-22T08:39:17.023875Z,1.0.0,realme_RMX3760_api35,1.0.0+1,release,mobilenet_v3_small_dynamic_int8,1c3ca9e08ab14de0d8e7ca58f127b9955ae2cf3e9ffaad5033952bcbb51dd82f,mobilenet_v3_small,dynamic_int8,float32,float32,1x224x224x3,builtin_cpu,none,none_builtin,,2,1,16,measured,18,301.500000,2.872000,167.701171875,9.219375610351562,46.0,charging,false,0,,,44.2,FLAG_KEEP_SCREEN_ON,no_load_injected_background_apps_unverified,
2026-08-22T08:39:17.386372Z,1.0.0,realme_RMX3760_api35,1.0.0+1,release,mobilenet_v3_small_dynamic_int8,1c3ca9e08ab14de0d8e7ca58f127b9955ae2cf3e9ffaad5033952bcbb51dd82f,mobilenet_v3_small,dynamic_int8,float32,float32,1x224x224x3,builtin_cpu,none,none_builtin,,2,1,16,measured,19,308.969000,2.872000,167.208984375,9.250869750976562,46.0,charging,false,0,,,44.2,FLAG_KEEP_SCREEN_ON,no_load_injected_background_apps_unverified,
2026-08-22T08:39:17.733425Z,1.0.0,realme_RMX3760_api35,1.0.0+1,release,mobilenet_v3_small_dynamic_int8,1c3ca9e08ab14de0d8e7ca58f127b9955ae2cf3e9ffaad5033952bcbb51dd82f,mobilenet_v3_small,dynamic_int8,float32,float32,1x224x224x3,builtin_cpu,none,none_builtin,,2,1,16,measured,20,292.160000,2.872000,167.306640625,9.251113891601562,46.0,charging,false,0,,,44.2,FLAG_KEEP_SCREEN_ON,no_load_injected_background_apps_unverified,
2026-08-22T08:39:18.090879Z,1.0.0,realme_RMX3760_api35,1.0.0+1,release,mobilenet_v3_small_dynamic_int8,1c3ca9e08ab14de0d8e7ca58f127b9955ae2cf3e9ffaad5033952bcbb51dd82f,mobilenet_v3_small,dynamic_int8,float32,float32,1x224x224x3,builtin_cpu,none,none_builtin,,2,1,16,measured,21,302.234000,2.872000,167.294921875,9.251358032226562,46.0,charging,false,0,,,44.2,FLAG_KEEP_SCREEN_ON,no_load_injected_background_apps_unverified,
2026-08-22T08:39:18.443148Z,1.0.0,realme_RMX3760_api35,1.0.0+1,release,mobilenet_v3_small_dynamic_int8,1c3ca9e08ab14de0d8e7ca58f127b9955ae2cf3e9ffaad5033952bcbb51dd82f,mobilenet_v3_small,dynamic_int8,float32,float32,1x224x224x3,builtin_cpu,none,none_builtin,,2,1,16,measured,22,299.818000,2.872000,167.314453125,9.251602172851562,46.0,charging,false,0,,,44.2,FLAG_KEEP_SCREEN_ON,no_load_injected_background_apps_unverified,
2026-08-22T08:39:18.808044Z,1.0.0,realme_RMX3760_api35,1.0.0+1,release,mobilenet_v3_small_dynamic_int8,1c3ca9e08ab14de0d8e7ca58f127b9955ae2cf3e9ffaad5033952bcbb51dd82f,mobilenet_v3_small,dynamic_int8,float32,float32,1x224x224x3,builtin_cpu,none,none_builtin,,2,1,16,measured,23,310.125000,2.872000,167.341796875,9.251846313476562,46.0,charging,false,0,,,44.2,FLAG_KEEP_SCREEN_ON,no_load_injected_background_apps_unverified,
2026-08-22T08:39:19.165359Z,1.0.0,realme_RMX3760_api35,1.0.0+1,release,mobilenet_v3_small_dynamic_int8,1c3ca9e08ab14de0d8e7ca58f127b9955ae2cf3e9ffaad5033952bcbb51dd82f,mobilenet_v3_small,dynamic_int8,float32,float32,1x224x224x3,builtin_cpu,none,none_builtin,,2,1,16,measured,24,303.386000,2.872000,167.068359375,9.252090454101562,46.0,charging,false,0,,,44.2,FLAG_KEEP_SCREEN_ON,no_load_injected_background_apps_unverified,
2026-08-22T08:39:19.516819Z,1.0.0,realme_RMX3760_api35,1.0.0+1,release,mobilenet_v3_small_dynamic_int8,1c3ca9e08ab14de0d8e7ca58f127b9955ae2cf3e9ffaad5033952bcbb51dd82f,mobilenet_v3_small,dynamic_int8,float32,float32,1x224x224x3,builtin_cpu,none,none_builtin,,2,1,16,measured,25,297.132000,2.872000,167.298828125,9.252334594726562,46.0,charging,false,0,,,44.2,FLAG_KEEP_SCREEN_ON,no_load_injected_background_apps_unverified,
2026-08-22T08:39:19.880968Z,1.0.0,realme_RMX3760_api35,1.0.0+1,release,mobilenet_v3_small_dynamic_int8,1c3ca9e08ab14de0d8e7ca58f127b9955ae2cf3e9ffaad5033952bcbb51dd82f,mobilenet_v3_small,dynamic_int8,float32,float32,1x224x224x3,builtin_cpu,none,none_builtin,,2,1,16,measured,26,309.706000,2.872000,167.310546875,9.283828735351562,46.0,charging,false,0,,,44.2,FLAG_KEEP_SCREEN_ON,no_load_injected_background_apps_unverified,
2026-08-22T08:39:20.233247Z,1.0.0,realme_RMX3760_api35,1.0.0+1,release,mobilenet_v3_small_dynamic_int8,1c3ca9e08ab14de0d8e7ca58f127b9955ae2cf3e9ffaad5033952bcbb51dd82f,mobilenet_v3_small,dynamic_int8,float32,float32,1x224x224x3,builtin_cpu,none,none_builtin,,2,1,16,measured,27,298.401000,2.872000,167.728515625,9.284072875976562,46.0,charging,false,0,,,44.2,FLAG_KEEP_SCREEN_ON,no_load_injected_background_apps_unverified,
2026-08-22T08:39:20.589017Z,1.0.0,realme_RMX3760_api35,1.0.0+1,release,mobilenet_v3_small_dynamic_int8,1c3ca9e08ab14de0d8e7ca58f127b9955ae2cf3e9ffaad5033952bcbb51dd82f,mobilenet_v3_small,dynamic_int8,float32,float32,1x224x224x3,builtin_cpu,none,none_builtin,,2,1,16,measured,28,299.664000,2.872000,167.751953125,9.284317016601562,46.0,charging,false,0,,,44.2,FLAG_KEEP_SCREEN_ON,no_load_injected_background_apps_unverified,
2026-08-22T08:39:20.947971Z,1.0.0,realme_RMX3760_api35,1.0.0+1,release,mobilenet_v3_small_dynamic_int8,1c3ca9e08ab14de0d8e7ca58f127b9955ae2cf3e9ffaad5033952bcbb51dd82f,mobilenet_v3_small,dynamic_int8,float32,float32,1x224x224x3,builtin_cpu,none,none_builtin,,2,1,16,measured,29,304.440000,2.872000,167.822265625,9.284561157226562,46.0,charging,false,0,,,44.2,FLAG_KEEP_SCREEN_ON,no_load_injected_background_apps_unverified,
2026-08-22T08:39:21.307345Z,1.0.0,realme_RMX3760_api35,1.0.0+1,release,mobilenet_v3_small_dynamic_int8,1c3ca9e08ab14de0d8e7ca58f127b9955ae2cf3e9ffaad5033952bcbb51dd82f,mobilenet_v3_small,dynamic_int8,float32,float32,1x224x224x3,builtin_cpu,none,none_builtin,,2,1,16,measured,30,304.374000,2.872000,167.322265625,9.284805297851562,46.0,charging,false,0,,,44.2,FLAG_KEEP_SCREEN_ON,no_load_injected_background_apps_unverified,
2026-08-22T08:39:21.668219Z,1.0.0,realme_RMX3760_api35,1.0.0+1,release,mobilenet_v3_small_dynamic_int8,1c3ca9e08ab14de0d8e7ca58f127b9955ae2cf3e9ffaad5033952bcbb51dd82f,mobilenet_v3_small,dynamic_int8,float32,float32,1x224x224x3,builtin_cpu,none,none_builtin,,2,1,16,measured,31,305.090000,2.872000,167.326171875,9.285049438476562,46.0,charging,false,0,,,44.2,FLAG_KEEP_SCREEN_ON,no_load_injected_background_apps_unverified,
2026-08-22T08:39:22.020402Z,1.0.0,realme_RMX3760_api35,1.0.0+1,release,mobilenet_v3_small_dynamic_int8,1c3ca9e08ab14de0d8e7ca58f127b9955ae2cf3e9ffaad5033952bcbb51dd82f,mobilenet_v3_small,dynamic_int8,float32,float32,1x224x224x3,builtin_cpu,none,none_builtin,,2,1,16,measured,32,297.959000,2.872000,167.337890625,9.316543579101562,46.0,charging,false,0,,,44.2,FLAG_KEEP_SCREEN_ON,no_load_injected_background_apps_unverified,
2026-08-22T08:39:22.372323Z,1.0.0,realme_RMX3760_api35,1.0.0+1,release,mobilenet_v3_small_dynamic_int8,1c3ca9e08ab14de0d8e7ca58f127b9955ae2cf3e9ffaad5033952bcbb51dd82f,mobilenet_v3_small,dynamic_int8,float32,float32,1x224x224x3,builtin_cpu,none,none_builtin,,2,1,16,measured,33,299.707000,2.872000,167.771484375,9.316787719726562,46.0,charging,false,0,,,44.2,FLAG_KEEP_SCREEN_ON,no_load_injected_background_apps_unverified,
2026-08-22T08:39:22.728254Z,1.0.0,realme_RMX3760_api35,1.0.0+1,release,mobilenet_v3_small_dynamic_int8,1c3ca9e08ab14de0d8e7ca58f127b9955ae2cf3e9ffaad5033952bcbb51dd82f,mobilenet_v3_small,dynamic_int8,float32,float32,1x224x224x3,builtin_cpu,none,none_builtin,,2,1,16,measured,34,301.386000,2.872000,167.779296875,9.317031860351562,46.0,charging,false,0,,,44.2,FLAG_KEEP_SCREEN_ON,no_load_injected_background_apps_unverified,
2026-08-22T08:39:23.087441Z,1.0.0,realme_RMX3760_api35,1.0.0+1,release,mobilenet_v3_small_dynamic_int8,1c3ca9e08ab14de0d8e7ca58f127b9955ae2cf3e9ffaad5033952bcbb51dd82f,mobilenet_v3_small,dynamic_int8,float32,float32,1x224x224x3,builtin_cpu,none,none_builtin,,2,1,16,measured,35,304.026000,2.872000,167.794921875,9.317276000976562,46.0,charging,false,0,,,44.2,FLAG_KEEP_SCREEN_ON,no_load_injected_background_apps_unverified,
2026-08-22T08:39:23.447118Z,1.0.0,realme_RMX3760_api35,1.0.0+1,release,mobilenet_v3_small_dynamic_int8,1c3ca9e08ab14de0d8e7ca58f127b9955ae2cf3e9ffaad5033952bcbb51dd82f,mobilenet_v3_small,dynamic_int8,float32,float32,1x224x224x3,builtin_cpu,none,none_builtin,,2,1,16,measured,36,308.002000,2.872000,167.869140625,9.317520141601562,46.0,charging,false,0,,,44.2,FLAG_KEEP_SCREEN_ON,no_load_injected_background_apps_unverified,
2026-08-22T08:39:23.794991Z,1.0.0,realme_RMX3760_api35,1.0.0+1,release,mobilenet_v3_small_dynamic_int8,1c3ca9e08ab14de0d8e7ca58f127b9955ae2cf3e9ffaad5033952bcbb51dd82f,mobilenet_v3_small,dynamic_int8,float32,float32,1x224x224x3,builtin_cpu,none,none_builtin,,2,1,16,measured,37,292.371000,2.872000,167.873046875,9.317764282226562,46.0,charging,false,0,,,44.2,FLAG_KEEP_SCREEN_ON,no_load_injected_background_apps_unverified,
2026-08-22T08:39:24.151766Z,1.0.0,realme_RMX3760_api35,1.0.0+1,release,mobilenet_v3_small_dynamic_int8,1c3ca9e08ab14de0d8e7ca58f127b9955ae2cf3e9ffaad5033952bcbb51dd82f,mobilenet_v3_small,dynamic_int8,float32,float32,1x224x224x3,builtin_cpu,none,none_builtin,,2,1,16,measured,38,304.202000,2.872000,167.400390625,9.349258422851562,46.0,charging,false,0,,,44.2,FLAG_KEEP_SCREEN_ON,no_load_injected_background_apps_unverified,
2026-08-22T08:39:24.506385Z,1.0.0,realme_RMX3760_api35,1.0.0+1,release,mobilenet_v3_small_dynamic_int8,1c3ca9e08ab14de0d8e7ca58f127b9955ae2cf3e9ffaad5033952bcbb51dd82f,mobilenet_v3_small,dynamic_int8,float32,float32,1x224x224x3,builtin_cpu,none,none_builtin,,2,1,16,measured,39,302.789000,2.872000,167.302734375,9.349502563476562,46.0,charging,false,0,,,44.2,FLAG_KEEP_SCREEN_ON,no_load_injected_background_apps_unverified,
2026-08-22T08:39:24.847743Z,1.0.0,realme_RMX3760_api35,1.0.0+1,release,mobilenet_v3_small_dynamic_int8,1c3ca9e08ab14de0d8e7ca58f127b9955ae2cf3e9ffaad5033952bcbb51dd82f,mobilenet_v3_small,dynamic_int8,float32,float32,1x224x224x3,builtin_cpu,none,none_builtin,,2,1,16,measured,40,288.188000,2.872000,167.341796875,9.349746704101562,46.0,charging,false,0,,,44.2,FLAG_KEEP_SCREEN_ON,no_load_injected_background_apps_unverified,
2026-08-22T08:39:25.199503Z,1.0.0,realme_RMX3760_api35,1.0.0+1,release,mobilenet_v3_small_dynamic_int8,1c3ca9e08ab14de0d8e7ca58f127b9955ae2cf3e9ffaad5033952bcbb51dd82f,mobilenet_v3_small,dynamic_int8,float32,float32,1x224x224x3,builtin_cpu,none,none_builtin,,2,1,16,measured,41,299.520000,2.872000,167.349609375,9.349990844726562,46.0,charging,false,0,,,44.2,FLAG_KEEP_SCREEN_ON,no_load_injected_background_apps_unverified,
2026-08-22T08:39:25.545158Z,1.0.0,realme_RMX3760_api35,1.0.0+1,release,mobilenet_v3_small_dynamic_int8,1c3ca9e08ab14de0d8e7ca58f127b9955ae2cf3e9ffaad5033952bcbb51dd82f,mobilenet_v3_small,dynamic_int8,float32,float32,1x224x224x3,builtin_cpu,none,none_builtin,,2,1,16,measured,42,291.793000,2.872000,167.814453125,9.350234985351562,46.0,charging,false,0,,,44.2,FLAG_KEEP_SCREEN_ON,no_load_injected_background_apps_unverified,
2026-08-22T08:39:25.911200Z,1.0.0,realme_RMX3760_api35,1.0.0+1,release,mobilenet_v3_small_dynamic_int8,1c3ca9e08ab14de0d8e7ca58f127b9955ae2cf3e9ffaad5033952bcbb51dd82f,mobilenet_v3_small,dynamic_int8,float32,float32,1x224x224x3,builtin_cpu,none,none_builtin,,2,1,16,measured,43,314.197000,2.872000,167.880859375,9.350479125976562,46.0,charging,false,0,,,44.2,FLAG_KEEP_SCREEN_ON,no_load_injected_background_apps_unverified,
2026-08-22T08:39:26.265741Z,1.0.0,realme_RMX3760_api35,1.0.0+1,release,mobilenet_v3_small_dynamic_int8,1c3ca9e08ab14de0d8e7ca58f127b9955ae2cf3e9ffaad5033952bcbb51dd82f,mobilenet_v3_small,dynamic_int8,float32,float32,1x224x224x3,builtin_cpu,none,none_builtin,,2,1,16,measured,44,301.853000,2.872000,167.896484375,9.381973266601562,46.0,charging,false,0,,,44.2,FLAG_KEEP_SCREEN_ON,no_load_injected_background_apps_unverified,
2026-08-22T08:39:26.615815Z,1.0.0,realme_RMX3760_api35,1.0.0+1,release,mobilenet_v3_small_dynamic_int8,1c3ca9e08ab14de0d8e7ca58f127b9955ae2cf3e9ffaad5033952bcbb51dd82f,mobilenet_v3_small,dynamic_int8,float32,float32,1x224x224x3,builtin_cpu,none,none_builtin,,2,1,16,measured,45,295.536000,2.872000,167.841796875,9.382217407226562,46.0,charging,false,0,,,44.2,FLAG_KEEP_SCREEN_ON,no_load_injected_background_apps_unverified,
2026-08-22T08:39:26.965744Z,1.0.0,realme_RMX3760_api35,1.0.0+1,release,mobilenet_v3_small_dynamic_int8,1c3ca9e08ab14de0d8e7ca58f127b9955ae2cf3e9ffaad5033952bcbb51dd82f,mobilenet_v3_small,dynamic_int8,float32,float32,1x224x224x3,builtin_cpu,none,none_builtin,,2,1,16,measured,46,295.579000,2.872000,167.865234375,9.382461547851562,46.0,charging,false,0,,,44.2,FLAG_KEEP_SCREEN_ON,no_load_injected_background_apps_unverified,
2026-08-22T08:39:27.328415Z,1.0.0,realme_RMX3760_api35,1.0.0+1,release,mobilenet_v3_small_dynamic_int8,1c3ca9e08ab14de0d8e7ca58f127b9955ae2cf3e9ffaad5033952bcbb51dd82f,mobilenet_v3_small,dynamic_int8,float32,float32,1x224x224x3,builtin_cpu,none,none_builtin,,2,1,16,measured,47,311.260000,2.872000,167.396484375,9.382705688476562,46.0,charging,false,0,,,44.2,FLAG_KEEP_SCREEN_ON,no_load_injected_background_apps_unverified,
2026-08-22T08:39:27.675300Z,1.0.0,realme_RMX3760_api35,1.0.0+1,release,mobilenet_v3_small_dynamic_int8,1c3ca9e08ab14de0d8e7ca58f127b9955ae2cf3e9ffaad5033952bcbb51dd82f,mobilenet_v3_small,dynamic_int8,float32,float32,1x224x224x3,builtin_cpu,none,none_builtin,,2,1,16,measured,48,295.883000,2.872000,167.412109375,9.382949829101562,46.0,charging,false,0,,,44.2,FLAG_KEEP_SCREEN_ON,no_load_injected_background_apps_unverified,
2026-08-22T08:39:28.032501Z,1.0.0,realme_RMX3760_api35,1.0.0+1,release,mobilenet_v3_small_dynamic_int8,1c3ca9e08ab14de0d8e7ca58f127b9955ae2cf3e9ffaad5033952bcbb51dd82f,mobilenet_v3_small,dynamic_int8,float32,float32,1x224x224x3,builtin_cpu,none,none_builtin,,2,1,16,measured,49,300.719000,2.872000,167.919921875,9.383193969726562,46.0,charging,false,0,,,44.2,FLAG_KEEP_SCREEN_ON,no_load_injected_background_apps_unverified,
2026-08-22T08:39:28.387670Z,1.0.0,realme_RMX3760_api35,1.0.0+1,release,mobilenet_v3_small_dynamic_int8,1c3ca9e08ab14de0d8e7ca58f127b9955ae2cf3e9ffaad5033952bcbb51dd82f,mobilenet_v3_small,dynamic_int8,float32,float32,1x224x224x3,builtin_cpu,none,none_builtin,,2,1,16,measured,50,303.700000,2.872000,167.966796875,9.383438110351562,46.0,charging,false,0,,,44.2,FLAG_KEEP_SCREEN_ON,no_load_injected_background_apps_unverified,
2026-08-22T08:39:28.735753Z,1.0.0,realme_RMX3760_api35,1.0.0+1,release,mobilenet_v3_small_dynamic_int8,1c3ca9e08ab14de0d8e7ca58f127b9955ae2cf3e9ffaad5033952bcbb51dd82f,mobilenet_v3_small,dynamic_int8,float32,float32,1x224x224x3,builtin_cpu,none,none_builtin,,2,1,16,measured,51,296.275000,2.872000,167.892578125,9.414932250976562,46.0,charging,false,0,,,44.2,FLAG_KEEP_SCREEN_ON,no_load_injected_background_apps_unverified,
2026-08-22T08:39:29.089208Z,1.0.0,realme_RMX3760_api35,1.0.0+1,release,mobilenet_v3_small_dynamic_int8,1c3ca9e08ab14de0d8e7ca58f127b9955ae2cf3e9ffaad5033952bcbb51dd82f,mobilenet_v3_small,dynamic_int8,float32,float32,1x224x224x3,builtin_cpu,none,none_builtin,,2,1,16,measured,52,298.411000,2.872000,167.966796875,9.415176391601562,46.0,charging,false,0,,,44.2,FLAG_KEEP_SCREEN_ON,no_load_injected_background_apps_unverified,
2026-08-22T08:39:29.437013Z,1.0.0,realme_RMX3760_api35,1.0.0+1,release,mobilenet_v3_small_dynamic_int8,1c3ca9e08ab14de0d8e7ca58f127b9955ae2cf3e9ffaad5033952bcbb51dd82f,mobilenet_v3_small,dynamic_int8,float32,float32,1x224x224x3,builtin_cpu,none,none_builtin,,2,1,16,measured,53,293.865000,2.872000,167.974609375,9.415420532226562,46.0,charging,false,0,,,44.2,FLAG_KEEP_SCREEN_ON,no_load_injected_background_apps_unverified,
2026-08-22T08:39:29.787580Z,1.0.0,realme_RMX3760_api35,1.0.0+1,release,mobilenet_v3_small_dynamic_int8,1c3ca9e08ab14de0d8e7ca58f127b9955ae2cf3e9ffaad5033952bcbb51dd82f,mobilenet_v3_small,dynamic_int8,float32,float32,1x224x224x3,builtin_cpu,none,none_builtin,,2,1,16,measured,54,298.681000,2.872000,167.462890625,9.415664672851562,46.0,charging,false,0,,,44.2,FLAG_KEEP_SCREEN_ON,no_load_injected_background_apps_unverified,
2026-08-22T08:39:30.136339Z,1.0.0,realme_RMX3760_api35,1.0.0+1,release,mobilenet_v3_small_dynamic_int8,1c3ca9e08ab14de0d8e7ca58f127b9955ae2cf3e9ffaad5033952bcbb51dd82f,mobilenet_v3_small,dynamic_int8,float32,float32,1x224x224x3,builtin_cpu,none,none_builtin,,2,1,16,measured,55,293.504000,2.872000,167.470703125,9.415908813476562,46.0,charging,false,0,,,44.3,FLAG_KEEP_SCREEN_ON,no_load_injected_background_apps_unverified,
2026-08-22T08:39:30.483974Z,1.0.0,realme_RMX3760_api35,1.0.0+1,release,mobilenet_v3_small_dynamic_int8,1c3ca9e08ab14de0d8e7ca58f127b9955ae2cf3e9ffaad5033952bcbb51dd82f,mobilenet_v3_small,dynamic_int8,float32,float32,1x224x224x3,builtin_cpu,none,none_builtin,,2,1,16,measured,56,294.019000,2.872000,167.482421875,9.416152954101562,46.0,charging,false,0,,,44.3,FLAG_KEEP_SCREEN_ON,no_load_injected_background_apps_unverified,
2026-08-22T08:39:30.832223Z,1.0.0,realme_RMX3760_api35,1.0.0+1,release,mobilenet_v3_small_dynamic_int8,1c3ca9e08ab14de0d8e7ca58f127b9955ae2cf3e9ffaad5033952bcbb51dd82f,mobilenet_v3_small,dynamic_int8,float32,float32,1x224x224x3,builtin_cpu,none,none_builtin,,2,1,16,measured,57,293.308000,2.872000,167.302734375,9.447647094726562,46.0,charging,false,0,,,44.3,FLAG_KEEP_SCREEN_ON,no_load_injected_background_apps_unverified,
2026-08-22T08:39:31.188934Z,1.0.0,realme_RMX3760_api35,1.0.0+1,release,mobilenet_v3_small_dynamic_int8,1c3ca9e08ab14de0d8e7ca58f127b9955ae2cf3e9ffaad5033952bcbb51dd82f,mobilenet_v3_small,dynamic_int8,float32,float32,1x224x224x3,builtin_cpu,none,none_builtin,,2,1,16,measured,58,301.348000,2.872000,168.494140625,9.447891235351562,46.0,charging,false,0,,,44.3,FLAG_KEEP_SCREEN_ON,no_load_injected_background_apps_unverified,
2026-08-22T08:39:31.540868Z,1.0.0,realme_RMX3760_api35,1.0.0+1,release,mobilenet_v3_small_dynamic_int8,1c3ca9e08ab14de0d8e7ca58f127b9955ae2cf3e9ffaad5033952bcbb51dd82f,mobilenet_v3_small,dynamic_int8,float32,float32,1x224x224x3,builtin_cpu,none,none_builtin,,2,1,16,measured,59,297.976000,2.872000,167.517578125,9.448135375976562,46.0,charging,false,0,,,44.3,FLAG_KEEP_SCREEN_ON,no_load_injected_background_apps_unverified,
2026-08-22T08:39:31.883484Z,1.0.0,realme_RMX3760_api35,1.0.0+1,release,mobilenet_v3_small_dynamic_int8,1c3ca9e08ab14de0d8e7ca58f127b9955ae2cf3e9ffaad5033952bcbb51dd82f,mobilenet_v3_small,dynamic_int8,float32,float32,1x224x224x3,builtin_cpu,none,none_builtin,,2,1,16,measured,60,289.736000,2.872000,167.470703125,9.448379516601562,46.0,charging,false,0,,,44.3,FLAG_KEEP_SCREEN_ON,no_load_injected_background_apps_unverified,
2026-08-22T08:39:32.235179Z,1.0.0,realme_RMX3760_api35,1.0.0+1,release,mobilenet_v3_small_dynamic_int8,1c3ca9e08ab14de0d8e7ca58f127b9955ae2cf3e9ffaad5033952bcbb51dd82f,mobilenet_v3_small,dynamic_int8,float32,float32,1x224x224x3,builtin_cpu,none,none_builtin,,2,1,16,measured,61,297.484000,2.872000,167.474609375,9.448623657226562,46.0,charging,false,0,,,44.3,FLAG_KEEP_SCREEN_ON,no_load_injected_background_apps_unverified,
2026-08-22T08:39:32.590300Z,1.0.0,realme_RMX3760_api35,1.0.0+1,release,mobilenet_v3_small_dynamic_int8,1c3ca9e08ab14de0d8e7ca58f127b9955ae2cf3e9ffaad5033952bcbb51dd82f,mobilenet_v3_small,dynamic_int8,float32,float32,1x224x224x3,builtin_cpu,none,none_builtin,,2,1,16,measured,62,302.881000,2.872000,167.490234375,9.448867797851562,46.0,charging,false,0,,,44.3,FLAG_KEEP_SCREEN_ON,no_load_injected_background_apps_unverified,
2026-08-22T08:39:32.943530Z,1.0.0,realme_RMX3760_api35,1.0.0+1,release,mobilenet_v3_small_dynamic_int8,1c3ca9e08ab14de0d8e7ca58f127b9955ae2cf3e9ffaad5033952bcbb51dd82f,mobilenet_v3_small,dynamic_int8,float32,float32,1x224x224x3,builtin_cpu,none,none_builtin,,2,1,16,measured,63,301.061000,2.872000,167.462890625,9.480361938476562,46.0,charging,false,0,,,44.3,FLAG_KEEP_SCREEN_ON,no_load_injected_background_apps_unverified,
2026-08-22T08:39:33.300339Z,1.0.0,realme_RMX3760_api35,1.0.0+1,release,mobilenet_v3_small_dynamic_int8,1c3ca9e08ab14de0d8e7ca58f127b9955ae2cf3e9ffaad5033952bcbb51dd82f,mobilenet_v3_small,dynamic_int8,float32,float32,1x224x224x3,builtin_cpu,none,none_builtin,,2,1,16,measured,64,300.456000,2.872000,167.466796875,9.480606079101562,46.0,charging,false,0,,,44.3,FLAG_KEEP_SCREEN_ON,no_load_injected_background_apps_unverified,
2026-08-22T08:39:33.650012Z,1.0.0,realme_RMX3760_api35,1.0.0+1,release,mobilenet_v3_small_dynamic_int8,1c3ca9e08ab14de0d8e7ca58f127b9955ae2cf3e9ffaad5033952bcbb51dd82f,mobilenet_v3_small,dynamic_int8,float32,float32,1x224x224x3,builtin_cpu,none,none_builtin,,2,1,16,measured,65,297.675000,2.872000,168.490234375,9.480850219726562,46.0,charging,false,0,,,44.3,FLAG_KEEP_SCREEN_ON,no_load_injected_background_apps_unverified,
2026-08-22T08:39:33.993300Z,1.0.0,realme_RMX3760_api35,1.0.0+1,release,mobilenet_v3_small_dynamic_int8,1c3ca9e08ab14de0d8e7ca58f127b9955ae2cf3e9ffaad5033952bcbb51dd82f,mobilenet_v3_small,dynamic_int8,float32,float32,1x224x224x3,builtin_cpu,none,none_builtin,,2,1,16,measured,66,291.060000,2.872000,167.431640625,9.481094360351562,46.0,charging,false,0,,,44.3,FLAG_KEEP_SCREEN_ON,no_load_injected_background_apps_unverified,
2026-08-22T08:39:34.345922Z,1.0.0,realme_RMX3760_api35,1.0.0+1,release,mobilenet_v3_small_dynamic_int8,1c3ca9e08ab14de0d8e7ca58f127b9955ae2cf3e9ffaad5033952bcbb51dd82f,mobilenet_v3_small,dynamic_int8,float32,float32,1x224x224x3,builtin_cpu,none,none_builtin,,2,1,16,measured,67,298.233000,2.872000,167.466796875,9.481338500976562,46.0,charging,false,0,,,44.3,FLAG_KEEP_SCREEN_ON,no_load_injected_background_apps_unverified,
2026-08-22T08:39:34.696081Z,1.0.0,realme_RMX3760_api35,1.0.0+1,release,mobilenet_v3_small_dynamic_int8,1c3ca9e08ab14de0d8e7ca58f127b9955ae2cf3e9ffaad5033952bcbb51dd82f,mobilenet_v3_small,dynamic_int8,float32,float32,1x224x224x3,builtin_cpu,none,none_builtin,,2,1,16,measured,68,295.719000,2.872000,167.474609375,9.481582641601562,46.0,charging,false,0,,,44.3,FLAG_KEEP_SCREEN_ON,no_load_injected_background_apps_unverified,
2026-08-22T08:39:35.046880Z,1.0.0,realme_RMX3760_api35,1.0.0+1,release,mobilenet_v3_small_dynamic_int8,1c3ca9e08ab14de0d8e7ca58f127b9955ae2cf3e9ffaad5033952bcbb51dd82f,mobilenet_v3_small,dynamic_int8,float32,float32,1x224x224x3,builtin_cpu,none,none_builtin,,2,1,16,measured,69,298.827000,2.872000,167.486328125,9.513076782226562,46.0,charging,false,0,,,44.3,FLAG_KEEP_SCREEN_ON,no_load_injected_background_apps_unverified,
2026-08-22T08:39:35.403764Z,1.0.0,realme_RMX3760_api35,1.0.0+1,release,mobilenet_v3_small_dynamic_int8,1c3ca9e08ab14de0d8e7ca58f127b9955ae2cf3e9ffaad5033952bcbb51dd82f,mobilenet_v3_small,dynamic_int8,float32,float32,1x224x224x3,builtin_cpu,none,none_builtin,,2,1,16,measured,70,304.355000,2.872000,167.490234375,9.513320922851562,46.0,charging,false,0,,,44.3,FLAG_KEEP_SCREEN_ON,no_load_injected_background_apps_unverified,
2026-08-22T08:39:35.756354Z,1.0.0,realme_RMX3760_api35,1.0.0+1,release,mobilenet_v3_small_dynamic_int8,1c3ca9e08ab14de0d8e7ca58f127b9955ae2cf3e9ffaad5033952bcbb51dd82f,mobilenet_v3_small,dynamic_int8,float32,float32,1x224x224x3,builtin_cpu,none,none_builtin,,2,1,16,measured,71,297.943000,2.872000,167.537109375,9.513565063476562,46.0,charging,false,0,,,44.3,FLAG_KEEP_SCREEN_ON,no_load_injected_background_apps_unverified,
2026-08-22T08:39:36.115691Z,1.0.0,realme_RMX3760_api35,1.0.0+1,release,mobilenet_v3_small_dynamic_int8,1c3ca9e08ab14de0d8e7ca58f127b9955ae2cf3e9ffaad5033952bcbb51dd82f,mobilenet_v3_small,dynamic_int8,float32,float32,1x224x224x3,builtin_cpu,none,none_builtin,,2,1,16,measured,72,304.563000,2.872000,167.537109375,9.513809204101562,46.0,charging,false,0,,,44.3,FLAG_KEEP_SCREEN_ON,no_load_injected_background_apps_unverified,
2026-08-22T08:39:36.468012Z,1.0.0,realme_RMX3760_api35,1.0.0+1,release,mobilenet_v3_small_dynamic_int8,1c3ca9e08ab14de0d8e7ca58f127b9955ae2cf3e9ffaad5033952bcbb51dd82f,mobilenet_v3_small,dynamic_int8,float32,float32,1x224x224x3,builtin_cpu,none,none_builtin,,2,1,16,measured,73,299.768000,2.872000,168.544921875,9.514053344726562,46.0,charging,false,0,,,44.3,FLAG_KEEP_SCREEN_ON,no_load_injected_background_apps_unverified,
2026-08-22T08:39:36.816580Z,1.0.0,realme_RMX3760_api35,1.0.0+1,release,mobilenet_v3_small_dynamic_int8,1c3ca9e08ab14de0d8e7ca58f127b9955ae2cf3e9ffaad5033952bcbb51dd82f,mobilenet_v3_small,dynamic_int8,float32,float32,1x224x224x3,builtin_cpu,none,none_builtin,,2,1,16,measured,74,294.548000,2.872000,167.556640625,9.514297485351562,46.0,charging,false,0,,,44.3,FLAG_KEEP_SCREEN_ON,no_load_injected_background_apps_unverified,
2026-08-22T08:39:37.165696Z,1.0.0,realme_RMX3760_api35,1.0.0+1,release,mobilenet_v3_small_dynamic_int8,1c3ca9e08ab14de0d8e7ca58f127b9955ae2cf3e9ffaad5033952bcbb51dd82f,mobilenet_v3_small,dynamic_int8,float32,float32,1x224x224x3,builtin_cpu,none,none_builtin,,2,1,16,measured,75,295.557000,2.872000,167.486328125,9.514541625976562,46.0,charging,false,0,,,44.3,FLAG_KEEP_SCREEN_ON,no_load_injected_background_apps_unverified,
2026-08-22T08:39:37.522699Z,1.0.0,realme_RMX3760_api35,1.0.0+1,release,mobilenet_v3_small_dynamic_int8,1c3ca9e08ab14de0d8e7ca58f127b9955ae2cf3e9ffaad5033952bcbb51dd82f,mobilenet_v3_small,dynamic_int8,float32,float32,1x224x224x3,builtin_cpu,none,none_builtin,,2,1,16,measured,76,303.988000,2.872000,167.525390625,9.546035766601562,46.0,charging,false,0,,,44.3,FLAG_KEEP_SCREEN_ON,no_load_injected_background_apps_unverified,
2026-08-22T08:39:37.880872Z,1.0.0,realme_RMX3760_api35,1.0.0+1,release,mobilenet_v3_small_dynamic_int8,1c3ca9e08ab14de0d8e7ca58f127b9955ae2cf3e9ffaad5033952bcbb51dd82f,mobilenet_v3_small,dynamic_int8,float32,float32,1x224x224x3,builtin_cpu,none,none_builtin,,2,1,16,measured,77,307.009000,2.872000,167.541015625,9.546279907226562,46.0,charging,false,0,,,44.3,FLAG_KEEP_SCREEN_ON,no_load_injected_background_apps_unverified,
2026-08-22T08:39:38.227183Z,1.0.0,realme_RMX3760_api35,1.0.0+1,release,mobilenet_v3_small_dynamic_int8,1c3ca9e08ab14de0d8e7ca58f127b9955ae2cf3e9ffaad5033952bcbb51dd82f,mobilenet_v3_small,dynamic_int8,float32,float32,1x224x224x3,builtin_cpu,none,none_builtin,,2,1,16,measured,78,291.718000,2.872000,167.482421875,9.546524047851562,46.0,charging,false,0,,,44.3,FLAG_KEEP_SCREEN_ON,no_load_injected_background_apps_unverified,
2026-08-22T08:39:38.576880Z,1.0.0,realme_RMX3760_api35,1.0.0+1,release,mobilenet_v3_small_dynamic_int8,1c3ca9e08ab14de0d8e7ca58f127b9955ae2cf3e9ffaad5033952bcbb51dd82f,mobilenet_v3_small,dynamic_int8,float32,float32,1x224x224x3,builtin_cpu,none,none_builtin,,2,1,16,measured,79,296.991000,2.872000,168.044921875,9.546768188476562,46.0,charging,false,0,,,44.3,FLAG_KEEP_SCREEN_ON,no_load_injected_background_apps_unverified,
2026-08-22T08:39:38.940275Z,1.0.0,realme_RMX3760_api35,1.0.0+1,release,mobilenet_v3_small_dynamic_int8,1c3ca9e08ab14de0d8e7ca58f127b9955ae2cf3e9ffaad5033952bcbb51dd82f,mobilenet_v3_small,dynamic_int8,float32,float32,1x224x224x3,builtin_cpu,none,none_builtin,,2,1,16,measured,80,308.457000,2.872000,168.056640625,9.547012329101562,46.0,charging,false,0,,,44.3,FLAG_KEEP_SCREEN_ON,no_load_injected_background_apps_unverified,
2026-08-22T08:39:39.286070Z,1.0.0,realme_RMX3760_api35,1.0.0+1,release,mobilenet_v3_small_dynamic_int8,1c3ca9e08ab14de0d8e7ca58f127b9955ae2cf3e9ffaad5033952bcbb51dd82f,mobilenet_v3_small,dynamic_int8,float32,float32,1x224x224x3,builtin_cpu,none,none_builtin,,2,1,16,measured,81,293.685000,2.872000,168.001953125,9.547256469726562,46.0,charging,false,0,,,44.3,FLAG_KEEP_SCREEN_ON,no_load_injected_background_apps_unverified,
2026-08-22T08:39:39.625969Z,1.0.0,realme_RMX3760_api35,1.0.0+1,release,mobilenet_v3_small_dynamic_int8,1c3ca9e08ab14de0d8e7ca58f127b9955ae2cf3e9ffaad5033952bcbb51dd82f,mobilenet_v3_small,dynamic_int8,float32,float32,1x224x224x3,builtin_cpu,none,none_builtin,,2,1,16,measured,82,287.821000,2.872000,168.005859375,9.578750610351562,46.0,charging,false,0,,,44.3,FLAG_KEEP_SCREEN_ON,no_load_injected_background_apps_unverified,
2026-08-22T08:39:39.979745Z,1.0.0,realme_RMX3760_api35,1.0.0+1,release,mobilenet_v3_small_dynamic_int8,1c3ca9e08ab14de0d8e7ca58f127b9955ae2cf3e9ffaad5033952bcbb51dd82f,mobilenet_v3_small,dynamic_int8,float32,float32,1x224x224x3,builtin_cpu,none,none_builtin,,2,1,16,measured,83,300.057000,2.872000,168.009765625,9.578994750976562,46.0,charging,false,0,,,44.3,FLAG_KEEP_SCREEN_ON,no_load_injected_background_apps_unverified,
2026-08-22T08:39:40.373641Z,1.0.0,realme_RMX3760_api35,1.0.0+1,release,mobilenet_v3_small_dynamic_int8,1c3ca9e08ab14de0d8e7ca58f127b9955ae2cf3e9ffaad5033952bcbb51dd82f,mobilenet_v3_small,dynamic_int8,float32,float32,1x224x224x3,builtin_cpu,none,none_builtin,,2,1,16,measured,84,304.707000,2.872000,167.9833984375,9.579238891601562,46.0,charging,false,0,,,44.3,FLAG_KEEP_SCREEN_ON,no_load_injected_background_apps_unverified,
2026-08-22T08:39:40.751398Z,1.0.0,realme_RMX3760_api35,1.0.0+1,release,mobilenet_v3_small_dynamic_int8,1c3ca9e08ab14de0d8e7ca58f127b9955ae2cf3e9ffaad5033952bcbb51dd82f,mobilenet_v3_small,dynamic_int8,float32,float32,1x224x224x3,builtin_cpu,none,none_builtin,,2,1,16,measured,85,324.811000,2.872000,167.462890625,9.579483032226562,46.0,charging,false,0,,,44.3,FLAG_KEEP_SCREEN_ON,no_load_injected_background_apps_unverified,
2026-08-22T08:39:41.107791Z,1.0.0,realme_RMX3760_api35,1.0.0+1,release,mobilenet_v3_small_dynamic_int8,1c3ca9e08ab14de0d8e7ca58f127b9955ae2cf3e9ffaad5033952bcbb51dd82f,mobilenet_v3_small,dynamic_int8,float32,float32,1x224x224x3,builtin_cpu,none,none_builtin,,2,1,16,measured,86,304.107000,2.872000,167.9951171875,9.579727172851562,46.0,charging,false,0,,,44.3,FLAG_KEEP_SCREEN_ON,no_load_injected_background_apps_unverified,
2026-08-22T08:39:41.487101Z,1.0.0,realme_RMX3760_api35,1.0.0+1,release,mobilenet_v3_small_dynamic_int8,1c3ca9e08ab14de0d8e7ca58f127b9955ae2cf3e9ffaad5033952bcbb51dd82f,mobilenet_v3_small,dynamic_int8,float32,float32,1x224x224x3,builtin_cpu,none,none_builtin,,2,1,16,measured,87,322.702000,2.872000,168.03125,9.579971313476562,46.0,charging,false,0,,,44.3,FLAG_KEEP_SCREEN_ON,no_load_injected_background_apps_unverified,
2026-08-22T08:39:41.846606Z,1.0.0,realme_RMX3760_api35,1.0.0+1,release,mobilenet_v3_small_dynamic_int8,1c3ca9e08ab14de0d8e7ca58f127b9955ae2cf3e9ffaad5033952bcbb51dd82f,mobilenet_v3_small,dynamic_int8,float32,float32,1x224x224x3,builtin_cpu,none,none_builtin,,2,1,16,measured,88,303.904000,2.872000,168.037109375,9.611465454101562,46.0,charging,false,0,,,44.3,FLAG_KEEP_SCREEN_ON,no_load_injected_background_apps_unverified,
2026-08-22T08:39:42.232877Z,1.0.0,realme_RMX3760_api35,1.0.0+1,release,mobilenet_v3_small_dynamic_int8,1c3ca9e08ab14de0d8e7ca58f127b9955ae2cf3e9ffaad5033952bcbb51dd82f,mobilenet_v3_small,dynamic_int8,float32,float32,1x224x224x3,builtin_cpu,none,none_builtin,,2,1,16,measured,89,329.562000,2.872000,169.12890625,9.611709594726562,46.0,charging,false,0,,,44.3,FLAG_KEEP_SCREEN_ON,no_load_injected_background_apps_unverified,
2026-08-22T08:39:42.588590Z,1.0.0,realme_RMX3760_api35,1.0.0+1,release,mobilenet_v3_small_dynamic_int8,1c3ca9e08ab14de0d8e7ca58f127b9955ae2cf3e9ffaad5033952bcbb51dd82f,mobilenet_v3_small,dynamic_int8,float32,float32,1x224x224x3,builtin_cpu,none,none_builtin,,2,1,16,measured,90,299.260000,2.872000,168.62109375,9.611953735351562,46.0,charging,false,0,,,44.3,FLAG_KEEP_SCREEN_ON,no_load_injected_background_apps_unverified,
2026-08-22T08:39:42.968418Z,1.0.0,realme_RMX3760_api35,1.0.0+1,release,mobilenet_v3_small_dynamic_int8,1c3ca9e08ab14de0d8e7ca58f127b9955ae2cf3e9ffaad5033952bcbb51dd82f,mobilenet_v3_small,dynamic_int8,float32,float32,1x224x224x3,builtin_cpu,none,none_builtin,,2,1,16,measured,91,322.828000,2.872000,168.63671875,9.612197875976562,46.0,charging,false,0,,,44.3,FLAG_KEEP_SCREEN_ON,no_load_injected_background_apps_unverified,
2026-08-22T08:39:43.426637Z,1.0.0,realme_RMX3760_api35,1.0.0+1,release,mobilenet_v3_small_dynamic_int8,1c3ca9e08ab14de0d8e7ca58f127b9955ae2cf3e9ffaad5033952bcbb51dd82f,mobilenet_v3_small,dynamic_int8,float32,float32,1x224x224x3,builtin_cpu,none,none_builtin,,2,1,16,measured,92,403.432000,2.872000,167.6494140625,9.612442016601562,46.0,charging,false,0,,,44.3,FLAG_KEEP_SCREEN_ON,no_load_injected_background_apps_unverified,
2026-08-22T08:39:43.782984Z,1.0.0,realme_RMX3760_api35,1.0.0+1,release,mobilenet_v3_small_dynamic_int8,1c3ca9e08ab14de0d8e7ca58f127b9955ae2cf3e9ffaad5033952bcbb51dd82f,mobilenet_v3_small,dynamic_int8,float32,float32,1x224x224x3,builtin_cpu,none,none_builtin,,2,1,16,measured,93,304.273000,2.872000,168.0791015625,9.612686157226562,46.0,charging,false,0,,,44.3,FLAG_KEEP_SCREEN_ON,no_load_injected_background_apps_unverified,
2026-08-22T08:39:44.144911Z,1.0.0,realme_RMX3760_api35,1.0.0+1,release,mobilenet_v3_small_dynamic_int8,1c3ca9e08ab14de0d8e7ca58f127b9955ae2cf3e9ffaad5033952bcbb51dd82f,mobilenet_v3_small,dynamic_int8,float32,float32,1x224x224x3,builtin_cpu,none,none_builtin,,2,1,16,measured,94,301.819000,2.872000,168.0791015625,9.644180297851562,46.0,charging,false,0,,,44.3,FLAG_KEEP_SCREEN_ON,no_load_injected_background_apps_unverified,
2026-08-22T08:39:44.503237Z,1.0.0,realme_RMX3760_api35,1.0.0+1,release,mobilenet_v3_small_dynamic_int8,1c3ca9e08ab14de0d8e7ca58f127b9955ae2cf3e9ffaad5033952bcbb51dd82f,mobilenet_v3_small,dynamic_int8,float32,float32,1x224x224x3,builtin_cpu,none,none_builtin,,2,1,16,measured,95,306.183000,2.872000,168.185546875,9.644424438476562,46.0,charging,false,0,,,44.3,FLAG_KEEP_SCREEN_ON,no_load_injected_background_apps_unverified,
2026-08-22T08:39:44.856616Z,1.0.0,realme_RMX3760_api35,1.0.0+1,release,mobilenet_v3_small_dynamic_int8,1c3ca9e08ab14de0d8e7ca58f127b9955ae2cf3e9ffaad5033952bcbb51dd82f,mobilenet_v3_small,dynamic_int8,float32,float32,1x224x224x3,builtin_cpu,none,none_builtin,,2,1,16,measured,96,299.188000,2.872000,168.1845703125,9.644668579101562,46.0,charging,false,0,,,44.3,FLAG_KEEP_SCREEN_ON,no_load_injected_background_apps_unverified,
2026-08-22T08:39:45.221957Z,1.0.0,realme_RMX3760_api35,1.0.0+1,release,mobilenet_v3_small_dynamic_int8,1c3ca9e08ab14de0d8e7ca58f127b9955ae2cf3e9ffaad5033952bcbb51dd82f,mobilenet_v3_small,dynamic_int8,float32,float32,1x224x224x3,builtin_cpu,none,none_builtin,,2,1,16,measured,97,313.079000,2.872000,168.69140625,9.644912719726562,46.0,charging,false,0,,,44.3,FLAG_KEEP_SCREEN_ON,no_load_injected_background_apps_unverified,
2026-08-22T08:39:45.577800Z,1.0.0,realme_RMX3760_api35,1.0.0+1,release,mobilenet_v3_small_dynamic_int8,1c3ca9e08ab14de0d8e7ca58f127b9955ae2cf3e9ffaad5033952bcbb51dd82f,mobilenet_v3_small,dynamic_int8,float32,float32,1x224x224x3,builtin_cpu,none,none_builtin,,2,1,16,measured,98,303.429000,2.872000,168.1640625,9.645156860351562,46.0,charging,false,0,,,44.3,FLAG_KEEP_SCREEN_ON,no_load_injected_background_apps_unverified,
2026-08-22T08:39:45.953499Z,1.0.0,realme_RMX3760_api35,1.0.0+1,release,mobilenet_v3_small_dynamic_int8,1c3ca9e08ab14de0d8e7ca58f127b9955ae2cf3e9ffaad5033952bcbb51dd82f,mobilenet_v3_small,dynamic_int8,float32,float32,1x224x224x3,builtin_cpu,none,none_builtin,,2,1,16,measured,99,318.799000,2.872000,168.1640625,9.676651000976562,46.0,charging,false,0,,,44.3,FLAG_KEEP_SCREEN_ON,no_load_injected_background_apps_unverified,
2026-08-22T08:39:52.708913Z,1.0.0,realme_RMX3760_api35,1.0.0+1,release,mobilenet_v3_small_float16,201167c633c4c8714d7c84905e88fe159d76e9eff38c91b70708b1ced5a8bb00,mobilenet_v3_small,float16,float32,float32,1x224x224x3,builtin_cpu,none,none_builtin,,2,1,17,measured,0,403.459000,3.889000,180.283203125,9.708145141601562,46.0,charging,false,0,,,44.5,FLAG_KEEP_SCREEN_ON,no_load_injected_background_apps_unverified,
2026-08-22T08:39:53.073210Z,1.0.0,realme_RMX3760_api35,1.0.0+1,release,mobilenet_v3_small_float16,201167c633c4c8714d7c84905e88fe159d76e9eff38c91b70708b1ced5a8bb00,mobilenet_v3_small,float16,float32,float32,1x224x224x3,builtin_cpu,none,none_builtin,,2,1,17,measured,1,308.283000,3.889000,178.017578125,9.708389282226562,46.0,charging,false,0,,,44.5,FLAG_KEEP_SCREEN_ON,no_load_injected_background_apps_unverified,
2026-08-22T08:39:53.439211Z,1.0.0,realme_RMX3760_api35,1.0.0+1,release,mobilenet_v3_small_float16,201167c633c4c8714d7c84905e88fe159d76e9eff38c91b70708b1ced5a8bb00,mobilenet_v3_small,float16,float32,float32,1x224x224x3,builtin_cpu,none,none_builtin,,2,1,17,measured,2,307.075000,3.889000,178.091796875,9.708633422851562,46.0,charging,false,0,,,44.5,FLAG_KEEP_SCREEN_ON,no_load_injected_background_apps_unverified,
2026-08-22T08:39:53.805773Z,1.0.0,realme_RMX3760_api35,1.0.0+1,release,mobilenet_v3_small_float16,201167c633c4c8714d7c84905e88fe159d76e9eff38c91b70708b1ced5a8bb00,mobilenet_v3_small,float16,float32,float32,1x224x224x3,builtin_cpu,none,none_builtin,,2,1,17,measured,3,309.595000,3.889000,178.107421875,9.708877563476562,46.0,charging,false,0,,,44.5,FLAG_KEEP_SCREEN_ON,no_load_injected_background_apps_unverified,
2026-08-22T08:39:54.160255Z,1.0.0,realme_RMX3760_api35,1.0.0+1,release,mobilenet_v3_small_float16,201167c633c4c8714d7c84905e88fe159d76e9eff38c91b70708b1ced5a8bb00,mobilenet_v3_small,float16,float32,float32,1x224x224x3,builtin_cpu,none,none_builtin,,2,1,17,measured,4,301.365000,3.889000,178.908203125,9.709121704101562,46.0,charging,false,0,,,44.5,FLAG_KEEP_SCREEN_ON,no_load_injected_background_apps_unverified,
2026-08-22T08:39:54.512514Z,1.0.0,realme_RMX3760_api35,1.0.0+1,release,mobilenet_v3_small_float16,201167c633c4c8714d7c84905e88fe159d76e9eff38c91b70708b1ced5a8bb00,mobilenet_v3_small,float16,float32,float32,1x224x224x3,builtin_cpu,none,none_builtin,,2,1,17,measured,5,296.337000,3.889000,178.939453125,9.709365844726562,46.0,charging,false,0,,,44.5,FLAG_KEEP_SCREEN_ON,no_load_injected_background_apps_unverified,
2026-08-22T08:39:54.871953Z,1.0.0,realme_RMX3760_api35,1.0.0+1,release,mobilenet_v3_small_float16,201167c633c4c8714d7c84905e88fe159d76e9eff38c91b70708b1ced5a8bb00,mobilenet_v3_small,float16,float32,float32,1x224x224x3,builtin_cpu,none,none_builtin,,2,1,17,measured,6,306.055000,3.889000,177.603515625,9.740859985351562,46.0,charging,false,0,,,44.5,FLAG_KEEP_SCREEN_ON,no_load_injected_background_apps_unverified,
2026-08-22T08:39:55.239976Z,1.0.0,realme_RMX3760_api35,1.0.0+1,release,mobilenet_v3_small_float16,201167c633c4c8714d7c84905e88fe159d76e9eff38c91b70708b1ced5a8bb00,mobilenet_v3_small,float16,float32,float32,1x224x224x3,builtin_cpu,none,none_builtin,,2,1,17,measured,7,312.235000,3.889000,177.615234375,9.741104125976562,46.0,charging,false,0,,,44.5,FLAG_KEEP_SCREEN_ON,no_load_injected_background_apps_unverified,
2026-08-22T08:39:55.592512Z,1.0.0,realme_RMX3760_api35,1.0.0+1,release,mobilenet_v3_small_float16,201167c633c4c8714d7c84905e88fe159d76e9eff38c91b70708b1ced5a8bb00,mobilenet_v3_small,float16,float32,float32,1x224x224x3,builtin_cpu,none,none_builtin,,2,1,17,measured,8,301.354000,3.889000,177.654296875,9.741348266601562,46.0,charging,false,0,,,44.5,FLAG_KEEP_SCREEN_ON,no_load_injected_background_apps_unverified,
2026-08-22T08:39:55.943049Z,1.0.0,realme_RMX3760_api35,1.0.0+1,release,mobilenet_v3_small_float16,201167c633c4c8714d7c84905e88fe159d76e9eff38c91b70708b1ced5a8bb00,mobilenet_v3_small,float16,float32,float32,1x224x224x3,builtin_cpu,none,none_builtin,,2,1,17,measured,9,296.932000,3.889000,177.654296875,9.741592407226562,46.0,charging,false,0,,,44.5,FLAG_KEEP_SCREEN_ON,no_load_injected_background_apps_unverified,
2026-08-22T08:39:56.300938Z,1.0.0,realme_RMX3760_api35,1.0.0+1,release,mobilenet_v3_small_float16,201167c633c4c8714d7c84905e88fe159d76e9eff38c91b70708b1ced5a8bb00,mobilenet_v3_small,float16,float32,float32,1x224x224x3,builtin_cpu,none,none_builtin,,2,1,17,measured,10,303.124000,3.889000,177.662109375,9.741836547851562,46.0,charging,false,0,,,44.5,FLAG_KEEP_SCREEN_ON,no_load_injected_background_apps_unverified,
2026-08-22T08:39:56.664155Z,1.0.0,realme_RMX3760_api35,1.0.0+1,release,mobilenet_v3_small_float16,201167c633c4c8714d7c84905e88fe159d76e9eff38c91b70708b1ced5a8bb00,mobilenet_v3_small,float16,float32,float32,1x224x224x3,builtin_cpu,none,none_builtin,,2,1,17,measured,11,307.935000,3.889000,177.666015625,9.742080688476562,46.0,charging,false,0,,,44.5,FLAG_KEEP_SCREEN_ON,no_load_injected_background_apps_unverified,
2026-08-22T08:39:57.024825Z,1.0.0,realme_RMX3760_api35,1.0.0+1,release,mobilenet_v3_small_float16,201167c633c4c8714d7c84905e88fe159d76e9eff38c91b70708b1ced5a8bb00,mobilenet_v3_small,float16,float32,float32,1x224x224x3,builtin_cpu,none,none_builtin,,2,1,17,measured,12,304.444000,3.889000,177.580078125,9.773574829101562,46.0,charging,false,0,,,44.5,FLAG_KEEP_SCREEN_ON,no_load_injected_background_apps_unverified,
2026-08-22T08:39:57.392956Z,1.0.0,realme_RMX3760_api35,1.0.0+1,release,mobilenet_v3_small_float16,201167c633c4c8714d7c84905e88fe159d76e9eff38c91b70708b1ced5a8bb00,mobilenet_v3_small,float16,float32,float32,1x224x224x3,builtin_cpu,none,none_builtin,,2,1,17,measured,13,316.788000,3.889000,177.587890625,9.773818969726562,46.0,charging,false,0,,,44.5,FLAG_KEEP_SCREEN_ON,no_load_injected_background_apps_unverified,
2026-08-22T08:39:57.748348Z,1.0.0,realme_RMX3760_api35,1.0.0+1,release,mobilenet_v3_small_float16,201167c633c4c8714d7c84905e88fe159d76e9eff38c91b70708b1ced5a8bb00,mobilenet_v3_small,float16,float32,float32,1x224x224x3,builtin_cpu,none,none_builtin,,2,1,17,measured,14,301.661000,3.889000,177.611328125,9.774063110351562,46.0,charging,false,0,,,44.5,FLAG_KEEP_SCREEN_ON,no_load_injected_background_apps_unverified,
2026-08-22T08:39:58.114258Z,1.0.0,realme_RMX3760_api35,1.0.0+1,release,mobilenet_v3_small_float16,201167c633c4c8714d7c84905e88fe159d76e9eff38c91b70708b1ced5a8bb00,mobilenet_v3_small,float16,float32,float32,1x224x224x3,builtin_cpu,none,none_builtin,,2,1,17,measured,15,313.891000,3.889000,178.119140625,9.774307250976562,46.0,charging,false,0,,,44.5,FLAG_KEEP_SCREEN_ON,no_load_injected_background_apps_unverified,
2026-08-22T08:39:58.465829Z,1.0.0,realme_RMX3760_api35,1.0.0+1,release,mobilenet_v3_small_float16,201167c633c4c8714d7c84905e88fe159d76e9eff38c91b70708b1ced5a8bb00,mobilenet_v3_small,float16,float32,float32,1x224x224x3,builtin_cpu,none,none_builtin,,2,1,17,measured,16,297.048000,3.889000,178.130859375,9.774551391601562,46.0,charging,false,0,,,44.5,FLAG_KEEP_SCREEN_ON,no_load_injected_background_apps_unverified,
2026-08-22T08:39:58.849641Z,1.0.0,realme_RMX3760_api35,1.0.0+1,release,mobilenet_v3_small_float16,201167c633c4c8714d7c84905e88fe159d76e9eff38c91b70708b1ced5a8bb00,mobilenet_v3_small,float16,float32,float32,1x224x224x3,builtin_cpu,none,none_builtin,,2,1,17,measured,17,330.773000,3.889000,178.134765625,9.774795532226562,46.0,charging,false,0,,,44.5,FLAG_KEEP_SCREEN_ON,no_load_injected_background_apps_unverified,
2026-08-22T08:39:59.217080Z,1.0.0,realme_RMX3760_api35,1.0.0+1,release,mobilenet_v3_small_float16,201167c633c4c8714d7c84905e88fe159d76e9eff38c91b70708b1ced5a8bb00,mobilenet_v3_small,float16,float32,float32,1x224x224x3,builtin_cpu,none,none_builtin,,2,1,17,measured,18,312.464000,3.889000,178.134765625,9.775039672851562,46.0,charging,false,0,,,44.5,FLAG_KEEP_SCREEN_ON,no_load_injected_background_apps_unverified,
2026-08-22T08:39:59.579992Z,1.0.0,realme_RMX3760_api35,1.0.0+1,release,mobilenet_v3_small_float16,201167c633c4c8714d7c84905e88fe159d76e9eff38c91b70708b1ced5a8bb00,mobilenet_v3_small,float16,float32,float32,1x224x224x3,builtin_cpu,none,none_builtin,,2,1,17,measured,19,309.796000,3.889000,177.638671875,9.806533813476562,46.0,charging,false,0,,,44.5,FLAG_KEEP_SCREEN_ON,no_load_injected_background_apps_unverified,
2026-08-22T08:39:59.940200Z,1.0.0,realme_RMX3760_api35,1.0.0+1,release,mobilenet_v3_small_float16,201167c633c4c8714d7c84905e88fe159d76e9eff38c91b70708b1ced5a8bb00,mobilenet_v3_small,float16,float32,float32,1x224x224x3,builtin_cpu,none,none_builtin,,2,1,17,measured,20,304.784000,3.889000,177.646484375,9.806777954101562,46.0,charging,false,0,,,44.5,FLAG_KEEP_SCREEN_ON,no_load_injected_background_apps_unverified,
2026-08-22T08:40:00.301475Z,1.0.0,realme_RMX3760_api35,1.0.0+1,release,mobilenet_v3_small_float16,201167c633c4c8714d7c84905e88fe159d76e9eff38c91b70708b1ced5a8bb00,mobilenet_v3_small,float16,float32,float32,1x224x224x3,builtin_cpu,none,none_builtin,,2,1,17,measured,21,306.497000,3.889000,178.232421875,9.807022094726562,46.0,charging,false,0,,,44.5,FLAG_KEEP_SCREEN_ON,no_load_injected_background_apps_unverified,
2026-08-22T08:40:00.657506Z,1.0.0,realme_RMX3760_api35,1.0.0+1,release,mobilenet_v3_small_float16,201167c633c4c8714d7c84905e88fe159d76e9eff38c91b70708b1ced5a8bb00,mobilenet_v3_small,float16,float32,float32,1x224x224x3,builtin_cpu,none,none_builtin,,2,1,17,measured,22,302.892000,3.889000,177.736328125,9.807266235351562,46.0,charging,false,0,,,44.5,FLAG_KEEP_SCREEN_ON,no_load_injected_background_apps_unverified,
2026-08-22T08:40:01.016534Z,1.0.0,realme_RMX3760_api35,1.0.0+1,release,mobilenet_v3_small_float16,201167c633c4c8714d7c84905e88fe159d76e9eff38c91b70708b1ced5a8bb00,mobilenet_v3_small,float16,float32,float32,1x224x224x3,builtin_cpu,none,none_builtin,,2,1,17,measured,23,306.091000,3.889000,177.740234375,9.807510375976562,46.0,charging,false,0,,,44.5,FLAG_KEEP_SCREEN_ON,no_load_injected_background_apps_unverified,
2026-08-22T08:40:01.376178Z,1.0.0,realme_RMX3760_api35,1.0.0+1,release,mobilenet_v3_small_float16,201167c633c4c8714d7c84905e88fe159d76e9eff38c91b70708b1ced5a8bb00,mobilenet_v3_small,float16,float32,float32,1x224x224x3,builtin_cpu,none,none_builtin,,2,1,17,measured,24,305.330000,3.889000,177.658203125,9.807754516601562,46.0,charging,false,0,,,44.5,FLAG_KEEP_SCREEN_ON,no_load_injected_background_apps_unverified,
2026-08-22T08:40:01.739239Z,1.0.0,realme_RMX3760_api35,1.0.0+1,release,mobilenet_v3_small_float16,201167c633c4c8714d7c84905e88fe159d76e9eff38c91b70708b1ced5a8bb00,mobilenet_v3_small,float16,float32,float32,1x224x224x3,builtin_cpu,none,none_builtin,,2,1,17,measured,25,304.483000,3.889000,177.662109375,9.839248657226562,46.0,charging,false,0,,,44.5,FLAG_KEEP_SCREEN_ON,no_load_injected_background_apps_unverified,
2026-08-22T08:40:02.112474Z,1.0.0,realme_RMX3760_api35,1.0.0+1,release,mobilenet_v3_small_float16,201167c633c4c8714d7c84905e88fe159d76e9eff38c91b70708b1ced5a8bb00,mobilenet_v3_small,float16,float32,float32,1x224x224x3,builtin_cpu,none,none_builtin,,2,1,17,measured,26,321.906000,3.889000,177.689453125,9.839492797851562,46.0,charging,false,0,,,44.7,FLAG_KEEP_SCREEN_ON,no_load_injected_background_apps_unverified,
2026-08-22T08:40:02.476675Z,1.0.0,realme_RMX3760_api35,1.0.0+1,release,mobilenet_v3_small_float16,201167c633c4c8714d7c84905e88fe159d76e9eff38c91b70708b1ced5a8bb00,mobilenet_v3_small,float16,float32,float32,1x224x224x3,builtin_cpu,none,none_builtin,,2,1,17,measured,27,310.612000,3.889000,177.728515625,9.839736938476562,46.0,charging,false,0,,,44.7,FLAG_KEEP_SCREEN_ON,no_load_injected_background_apps_unverified,
2026-08-22T08:40:02.831983Z,1.0.0,realme_RMX3760_api35,1.0.0+1,release,mobilenet_v3_small_float16,201167c633c4c8714d7c84905e88fe159d76e9eff38c91b70708b1ced5a8bb00,mobilenet_v3_small,float16,float32,float32,1x224x224x3,builtin_cpu,none,none_builtin,,2,1,17,measured,28,300.025000,3.889000,177.744140625,9.839981079101562,46.0,charging,false,0,,,44.7,FLAG_KEEP_SCREEN_ON,no_load_injected_background_apps_unverified,
2026-08-22T08:40:03.196167Z,1.0.0,realme_RMX3760_api35,1.0.0+1,release,mobilenet_v3_small_float16,201167c633c4c8714d7c84905e88fe159d76e9eff38c91b70708b1ced5a8bb00,mobilenet_v3_small,float16,float32,float32,1x224x224x3,builtin_cpu,none,none_builtin,,2,1,17,measured,29,308.861000,3.889000,177.751953125,9.840225219726562,46.0,charging,false,0,,,44.7,FLAG_KEEP_SCREEN_ON,no_load_injected_background_apps_unverified,
2026-08-22T08:40:03.548732Z,1.0.0,realme_RMX3760_api35,1.0.0+1,release,mobilenet_v3_small_float16,201167c633c4c8714d7c84905e88fe159d76e9eff38c91b70708b1ced5a8bb00,mobilenet_v3_small,float16,float32,float32,1x224x224x3,builtin_cpu,none,none_builtin,,2,1,17,measured,30,299.377000,3.889000,177.697265625,9.840469360351562,46.0,charging,false,0,,,44.7,FLAG_KEEP_SCREEN_ON,no_load_injected_background_apps_unverified,
2026-08-22T08:40:03.908526Z,1.0.0,realme_RMX3760_api35,1.0.0+1,release,mobilenet_v3_small_float16,201167c633c4c8714d7c84905e88fe159d76e9eff38c91b70708b1ced5a8bb00,mobilenet_v3_small,float16,float32,float32,1x224x224x3,builtin_cpu,none,none_builtin,,2,1,17,measured,31,304.937000,3.889000,177.771484375,9.871963500976562,46.0,charging,false,0,,,44.7,FLAG_KEEP_SCREEN_ON,no_load_injected_background_apps_unverified,
2026-08-22T08:40:04.266746Z,1.0.0,realme_RMX3760_api35,1.0.0+1,release,mobilenet_v3_small_float16,201167c633c4c8714d7c84905e88fe159d76e9eff38c91b70708b1ced5a8bb00,mobilenet_v3_small,float16,float32,float32,1x224x224x3,builtin_cpu,none,none_builtin,,2,1,17,measured,32,306.662000,3.889000,178.771484375,9.872207641601562,46.0,charging,false,0,,,44.7,FLAG_KEEP_SCREEN_ON,no_load_injected_background_apps_unverified,
2026-08-22T08:40:04.621496Z,1.0.0,realme_RMX3760_api35,1.0.0+1,release,mobilenet_v3_small_float16,201167c633c4c8714d7c84905e88fe159d76e9eff38c91b70708b1ced5a8bb00,mobilenet_v3_small,float16,float32,float32,1x224x224x3,builtin_cpu,none,none_builtin,,2,1,17,measured,33,301.153000,3.889000,177.666015625,9.872451782226562,46.0,charging,false,0,,,44.7,FLAG_KEEP_SCREEN_ON,no_load_injected_background_apps_unverified,
2026-08-22T08:40:04.979990Z,1.0.0,realme_RMX3760_api35,1.0.0+1,release,mobilenet_v3_small_float16,201167c633c4c8714d7c84905e88fe159d76e9eff38c91b70708b1ced5a8bb00,mobilenet_v3_small,float16,float32,float32,1x224x224x3,builtin_cpu,none,none_builtin,,2,1,17,measured,34,306.191000,3.889000,177.755859375,9.872695922851562,46.0,charging,false,0,,,44.7,FLAG_KEEP_SCREEN_ON,no_load_injected_background_apps_unverified,
2026-08-22T08:40:05.350658Z,1.0.0,realme_RMX3760_api35,1.0.0+1,release,mobilenet_v3_small_float16,201167c633c4c8714d7c84905e88fe159d76e9eff38c91b70708b1ced5a8bb00,mobilenet_v3_small,float16,float32,float32,1x224x224x3,builtin_cpu,none,none_builtin,,2,1,17,measured,35,319.060000,3.889000,177.798828125,9.872940063476562,46.0,charging,false,0,,,44.7,FLAG_KEEP_SCREEN_ON,no_load_injected_background_apps_unverified,
2026-08-22T08:40:05.716196Z,1.0.0,realme_RMX3760_api35,1.0.0+1,release,mobilenet_v3_small_float16,201167c633c4c8714d7c84905e88fe159d76e9eff38c91b70708b1ced5a8bb00,mobilenet_v3_small,float16,float32,float32,1x224x224x3,builtin_cpu,none,none_builtin,,2,1,17,measured,36,309.467000,3.889000,177.744140625,9.873184204101562,46.0,charging,false,0,,,44.7,FLAG_KEEP_SCREEN_ON,no_load_injected_background_apps_unverified,
2026-08-22T08:40:06.083818Z,1.0.0,realme_RMX3760_api35,1.0.0+1,release,mobilenet_v3_small_float16,201167c633c4c8714d7c84905e88fe159d76e9eff38c91b70708b1ced5a8bb00,mobilenet_v3_small,float16,float32,float32,1x224x224x3,builtin_cpu,none,none_builtin,,2,1,17,measured,37,314.720000,3.889000,178.314453125,9.904678344726562,46.0,charging,false,0,,,44.7,FLAG_KEEP_SCREEN_ON,no_load_injected_background_apps_unverified,
2026-08-22T08:40:06.436545Z,1.0.0,realme_RMX3760_api35,1.0.0+1,release,mobilenet_v3_small_float16,201167c633c4c8714d7c84905e88fe159d76e9eff38c91b70708b1ced5a8bb00,mobilenet_v3_small,float16,float32,float32,1x224x224x3,builtin_cpu,none,none_builtin,,2,1,17,measured,38,299.723000,3.889000,178.314453125,9.904922485351562,46.0,charging,false,0,,,44.7,FLAG_KEEP_SCREEN_ON,no_load_injected_background_apps_unverified,
2026-08-22T08:40:06.793712Z,1.0.0,realme_RMX3760_api35,1.0.0+1,release,mobilenet_v3_small_float16,201167c633c4c8714d7c84905e88fe159d76e9eff38c91b70708b1ced5a8bb00,mobilenet_v3_small,float16,float32,float32,1x224x224x3,builtin_cpu,none,none_builtin,,2,1,17,measured,39,301.739000,3.889000,178.736328125,9.905166625976562,46.0,charging,false,0,,,44.7,FLAG_KEEP_SCREEN_ON,no_load_injected_background_apps_unverified,
2026-08-22T08:40:07.148088Z,1.0.0,realme_RMX3760_api35,1.0.0+1,release,mobilenet_v3_small_float16,201167c633c4c8714d7c84905e88fe159d76e9eff38c91b70708b1ced5a8bb00,mobilenet_v3_small,float16,float32,float32,1x224x224x3,builtin_cpu,none,none_builtin,,2,1,17,measured,40,298.535000,3.889000,178.759765625,9.905410766601562,46.0,charging,false,0,,,44.7,FLAG_KEEP_SCREEN_ON,no_load_injected_background_apps_unverified,
2026-08-22T08:40:07.512260Z,1.0.0,realme_RMX3760_api35,1.0.0+1,release,mobilenet_v3_small_float16,201167c633c4c8714d7c84905e88fe159d76e9eff38c91b70708b1ced5a8bb00,mobilenet_v3_small,float16,float32,float32,1x224x224x3,builtin_cpu,none,none_builtin,,2,1,17,measured,41,311.906000,3.889000,177.857421875,9.905654907226562,46.0,charging,false,0,,,44.7,FLAG_KEEP_SCREEN_ON,no_load_injected_background_apps_unverified,
2026-08-22T08:40:07.865802Z,1.0.0,realme_RMX3760_api35,1.0.0+1,release,mobilenet_v3_small_float16,201167c633c4c8714d7c84905e88fe159d76e9eff38c91b70708b1ced5a8bb00,mobilenet_v3_small,float16,float32,float32,1x224x224x3,builtin_cpu,none,none_builtin,,2,1,17,measured,42,301.266000,3.889000,177.814453125,9.905899047851562,46.0,charging,false,0,,,44.7,FLAG_KEEP_SCREEN_ON,no_load_injected_background_apps_unverified,
2026-08-22T08:40:08.223626Z,1.0.0,realme_RMX3760_api35,1.0.0+1,release,mobilenet_v3_small_float16,201167c633c4c8714d7c84905e88fe159d76e9eff38c91b70708b1ced5a8bb00,mobilenet_v3_small,float16,float32,float32,1x224x224x3,builtin_cpu,none,none_builtin,,2,1,17,measured,43,305.227000,3.889000,178.326171875,9.906143188476562,46.0,charging,false,0,,,44.7,FLAG_KEEP_SCREEN_ON,no_load_injected_background_apps_unverified,
2026-08-22T08:40:08.576987Z,1.0.0,realme_RMX3760_api35,1.0.0+1,release,mobilenet_v3_small_float16,201167c633c4c8714d7c84905e88fe159d76e9eff38c91b70708b1ced5a8bb00,mobilenet_v3_small,float16,float32,float32,1x224x224x3,builtin_cpu,none,none_builtin,,2,1,17,measured,44,300.728000,3.889000,177.830078125,9.937637329101562,46.0,charging,false,0,,,44.7,FLAG_KEEP_SCREEN_ON,no_load_injected_background_apps_unverified,
2026-08-22T08:40:08.929633Z,1.0.0,realme_RMX3760_api35,1.0.0+1,release,mobilenet_v3_small_float16,201167c633c4c8714d7c84905e88fe159d76e9eff38c91b70708b1ced5a8bb00,mobilenet_v3_small,float16,float32,float32,1x224x224x3,builtin_cpu,none,none_builtin,,2,1,17,measured,45,297.185000,3.889000,178.294921875,9.937881469726562,46.0,charging,false,0,,,44.7,FLAG_KEEP_SCREEN_ON,no_load_injected_background_apps_unverified,
2026-08-22T08:40:09.288482Z,1.0.0,realme_RMX3760_api35,1.0.0+1,release,mobilenet_v3_small_float16,201167c633c4c8714d7c84905e88fe159d76e9eff38c91b70708b1ced5a8bb00,mobilenet_v3_small,float16,float32,float32,1x224x224x3,builtin_cpu,none,none_builtin,,2,1,17,measured,46,305.553000,3.889000,177.818359375,9.938125610351562,46.0,charging,false,0,,,44.7,FLAG_KEEP_SCREEN_ON,no_load_injected_background_apps_unverified,
2026-08-22T08:40:09.645967Z,1.0.0,realme_RMX3760_api35,1.0.0+1,release,mobilenet_v3_small_float16,201167c633c4c8714d7c84905e88fe159d76e9eff38c91b70708b1ced5a8bb00,mobilenet_v3_small,float16,float32,float32,1x224x224x3,builtin_cpu,none,none_builtin,,2,1,17,measured,47,303.509000,3.889000,177.826171875,9.938369750976562,46.0,charging,false,0,,,44.7,FLAG_KEEP_SCREEN_ON,no_load_injected_background_apps_unverified,
2026-08-22T08:40:09.996234Z,1.0.0,realme_RMX3760_api35,1.0.0+1,release,mobilenet_v3_small_float16,201167c633c4c8714d7c84905e88fe159d76e9eff38c91b70708b1ced5a8bb00,mobilenet_v3_small,float16,float32,float32,1x224x224x3,builtin_cpu,none,none_builtin,,2,1,17,measured,48,296.536000,3.889000,177.798828125,9.938613891601562,46.0,charging,false,0,,,44.7,FLAG_KEEP_SCREEN_ON,no_load_injected_background_apps_unverified,
2026-08-22T08:40:10.358110Z,1.0.0,realme_RMX3760_api35,1.0.0+1,release,mobilenet_v3_small_float16,201167c633c4c8714d7c84905e88fe159d76e9eff38c91b70708b1ced5a8bb00,mobilenet_v3_small,float16,float32,float32,1x224x224x3,builtin_cpu,none,none_builtin,,2,1,17,measured,49,310.242000,3.889000,177.849609375,9.938858032226562,46.0,charging,false,0,,,44.7,FLAG_KEEP_SCREEN_ON,no_load_injected_background_apps_unverified,
2026-08-22T08:40:10.711575Z,1.0.0,realme_RMX3760_api35,1.0.0+1,release,mobilenet_v3_small_float16,201167c633c4c8714d7c84905e88fe159d76e9eff38c91b70708b1ced5a8bb00,mobilenet_v3_small,float16,float32,float32,1x224x224x3,builtin_cpu,none,none_builtin,,2,1,17,measured,50,301.030000,3.889000,177.900390625,9.970352172851562,46.0,charging,false,0,,,44.7,FLAG_KEEP_SCREEN_ON,no_load_injected_background_apps_unverified,
2026-08-22T08:40:11.071063Z,1.0.0,realme_RMX3760_api35,1.0.0+1,release,mobilenet_v3_small_float16,201167c633c4c8714d7c84905e88fe159d76e9eff38c91b70708b1ced5a8bb00,mobilenet_v3_small,float16,float32,float32,1x224x224x3,builtin_cpu,none,none_builtin,,2,1,17,measured,51,306.056000,3.889000,177.814453125,9.970596313476562,46.0,charging,false,0,,,44.7,FLAG_KEEP_SCREEN_ON,no_load_injected_background_apps_unverified,
2026-08-22T08:40:11.428583Z,1.0.0,realme_RMX3760_api35,1.0.0+1,release,mobilenet_v3_small_float16,201167c633c4c8714d7c84905e88fe159d76e9eff38c91b70708b1ced5a8bb00,mobilenet_v3_small,float16,float32,float32,1x224x224x3,builtin_cpu,none,none_builtin,,2,1,17,measured,52,304.398000,3.889000,177.822265625,9.970840454101562,46.0,charging,false,0,,,44.7,FLAG_KEEP_SCREEN_ON,no_load_injected_background_apps_unverified,
2026-08-22T08:40:11.781162Z,1.0.0,realme_RMX3760_api35,1.0.0+1,release,mobilenet_v3_small_float16,201167c633c4c8714d7c84905e88fe159d76e9eff38c91b70708b1ced5a8bb00,mobilenet_v3_small,float16,float32,float32,1x224x224x3,builtin_cpu,none,none_builtin,,2,1,17,measured,53,298.600000,3.889000,177.931640625,9.971084594726562,46.0,charging,false,0,,,44.7,FLAG_KEEP_SCREEN_ON,no_load_injected_background_apps_unverified,
2026-08-22T08:40:12.146350Z,1.0.0,realme_RMX3760_api35,1.0.0+1,release,mobilenet_v3_small_float16,201167c633c4c8714d7c84905e88fe159d76e9eff38c91b70708b1ced5a8bb00,mobilenet_v3_small,float16,float32,float32,1x224x224x3,builtin_cpu,none,none_builtin,,2,1,17,measured,54,308.731000,3.889000,177.927734375,9.971328735351562,46.0,charging,false,0,,,44.7,FLAG_KEEP_SCREEN_ON,no_load_injected_background_apps_unverified,
2026-08-22T08:40:12.500688Z,1.0.0,realme_RMX3760_api35,1.0.0+1,release,mobilenet_v3_small_float16,201167c633c4c8714d7c84905e88fe159d76e9eff38c91b70708b1ced5a8bb00,mobilenet_v3_small,float16,float32,float32,1x224x224x3,builtin_cpu,none,none_builtin,,2,1,17,measured,55,301.111000,3.889000,177.931640625,9.971572875976562,46.0,charging,false,0,,,44.7,FLAG_KEEP_SCREEN_ON,no_load_injected_background_apps_unverified,
2026-08-22T08:40:12.864378Z,1.0.0,realme_RMX3760_api35,1.0.0+1,release,mobilenet_v3_small_float16,201167c633c4c8714d7c84905e88fe159d76e9eff38c91b70708b1ced5a8bb00,mobilenet_v3_small,float16,float32,float32,1x224x224x3,builtin_cpu,none,none_builtin,,2,1,17,measured,56,310.642000,3.889000,177.935546875,10.003067016601562,46.0,charging,false,0,,,44.7,FLAG_KEEP_SCREEN_ON,no_load_injected_background_apps_unverified,
2026-08-22T08:40:13.217718Z,1.0.0,realme_RMX3760_api35,1.0.0+1,release,mobilenet_v3_small_float16,201167c633c4c8714d7c84905e88fe159d76e9eff38c91b70708b1ced5a8bb00,mobilenet_v3_small,float16,float32,float32,1x224x224x3,builtin_cpu,none,none_builtin,,2,1,17,measured,57,298.705000,3.889000,177.888671875,10.003311157226562,46.0,charging,false,0,,,44.7,FLAG_KEEP_SCREEN_ON,no_load_injected_background_apps_unverified,
2026-08-22T08:40:13.580418Z,1.0.0,realme_RMX3760_api35,1.0.0+1,release,mobilenet_v3_small_float16,201167c633c4c8714d7c84905e88fe159d76e9eff38c91b70708b1ced5a8bb00,mobilenet_v3_small,float16,float32,float32,1x224x224x3,builtin_cpu,none,none_builtin,,2,1,17,measured,58,307.047000,3.889000,177.908203125,10.003555297851562,46.0,charging,false,0,,,44.7,FLAG_KEEP_SCREEN_ON,no_load_injected_background_apps_unverified,
2026-08-22T08:40:13.940512Z,1.0.0,realme_RMX3760_api35,1.0.0+1,release,mobilenet_v3_small_float16,201167c633c4c8714d7c84905e88fe159d76e9eff38c91b70708b1ced5a8bb00,mobilenet_v3_small,float16,float32,float32,1x224x224x3,builtin_cpu,none,none_builtin,,2,1,17,measured,59,304.740000,3.889000,177.931640625,10.003799438476562,46.0,charging,false,0,,,44.7,FLAG_KEEP_SCREEN_ON,no_load_injected_background_apps_unverified,
2026-08-22T08:40:14.313529Z,1.0.0,realme_RMX3760_api35,1.0.0+1,release,mobilenet_v3_small_float16,201167c633c4c8714d7c84905e88fe159d76e9eff38c91b70708b1ced5a8bb00,mobilenet_v3_small,float16,float32,float32,1x224x224x3,builtin_cpu,none,none_builtin,,2,1,17,measured,60,315.603000,3.889000,177.943359375,10.004043579101562,46.0,charging,false,0,,,44.7,FLAG_KEEP_SCREEN_ON,no_load_injected_background_apps_unverified,
2026-08-22T08:40:14.666537Z,1.0.0,realme_RMX3760_api35,1.0.0+1,release,mobilenet_v3_small_float16,201167c633c4c8714d7c84905e88fe159d76e9eff38c91b70708b1ced5a8bb00,mobilenet_v3_small,float16,float32,float32,1x224x224x3,builtin_cpu,none,none_builtin,,2,1,17,measured,61,296.951000,3.889000,178.458984375,10.004287719726562,46.0,charging,false,0,,,44.7,FLAG_KEEP_SCREEN_ON,no_load_injected_background_apps_unverified,
2026-08-22T08:40:15.023703Z,1.0.0,realme_RMX3760_api35,1.0.0+1,release,mobilenet_v3_small_float16,201167c633c4c8714d7c84905e88fe159d76e9eff38c91b70708b1ced5a8bb00,mobilenet_v3_small,float16,float32,float32,1x224x224x3,builtin_cpu,none,none_builtin,,2,1,17,measured,62,304.465000,3.889000,177.966796875,10.035781860351562,46.0,charging,false,0,,,44.7,FLAG_KEEP_SCREEN_ON,no_load_injected_background_apps_unverified,
2026-08-22T08:40:15.378020Z,1.0.0,realme_RMX3760_api35,1.0.0+1,release,mobilenet_v3_small_float16,201167c633c4c8714d7c84905e88fe159d76e9eff38c91b70708b1ced5a8bb00,mobilenet_v3_small,float16,float32,float32,1x224x224x3,builtin_cpu,none,none_builtin,,2,1,17,measured,63,299.560000,3.889000,177.900390625,10.036026000976562,46.0,charging,false,0,,,44.7,FLAG_KEEP_SCREEN_ON,no_load_injected_background_apps_unverified,
2026-08-22T08:40:15.732516Z,1.0.0,realme_RMX3760_api35,1.0.0+1,release,mobilenet_v3_small_float16,201167c633c4c8714d7c84905e88fe159d76e9eff38c91b70708b1ced5a8bb00,mobilenet_v3_small,float16,float32,float32,1x224x224x3,builtin_cpu,none,none_builtin,,2,1,17,measured,64,301.030000,3.889000,177.904296875,10.036270141601562,46.0,charging,false,0,,,44.7,FLAG_KEEP_SCREEN_ON,no_load_injected_background_apps_unverified,
2026-08-22T08:40:16.092202Z,1.0.0,realme_RMX3760_api35,1.0.0+1,release,mobilenet_v3_small_float16,201167c633c4c8714d7c84905e88fe159d76e9eff38c91b70708b1ced5a8bb00,mobilenet_v3_small,float16,float32,float32,1x224x224x3,builtin_cpu,none,none_builtin,,2,1,17,measured,65,308.054000,3.889000,177.912109375,10.036514282226562,46.0,charging,false,0,,,44.7,FLAG_KEEP_SCREEN_ON,no_load_injected_background_apps_unverified,
2026-08-22T08:40:16.441827Z,1.0.0,realme_RMX3760_api35,1.0.0+1,release,mobilenet_v3_small_float16,201167c633c4c8714d7c84905e88fe159d76e9eff38c91b70708b1ced5a8bb00,mobilenet_v3_small,float16,float32,float32,1x224x224x3,builtin_cpu,none,none_builtin,,2,1,17,measured,66,296.238000,3.889000,177.927734375,10.036758422851562,46.0,charging,false,0,,,44.7,FLAG_KEEP_SCREEN_ON,no_load_injected_background_apps_unverified,
2026-08-22T08:40:16.796118Z,1.0.0,realme_RMX3760_api35,1.0.0+1,release,mobilenet_v3_small_float16,201167c633c4c8714d7c84905e88fe159d76e9eff38c91b70708b1ced5a8bb00,mobilenet_v3_small,float16,float32,float32,1x224x224x3,builtin_cpu,none,none_builtin,,2,1,17,measured,67,301.246000,3.889000,177.939453125,10.037002563476562,46.0,charging,false,0,,,44.7,FLAG_KEEP_SCREEN_ON,no_load_injected_background_apps_unverified,
2026-08-22T08:40:17.154789Z,1.0.0,realme_RMX3760_api35,1.0.0+1,release,mobilenet_v3_small_float16,201167c633c4c8714d7c84905e88fe159d76e9eff38c91b70708b1ced5a8bb00,mobilenet_v3_small,float16,float32,float32,1x224x224x3,builtin_cpu,none,none_builtin,,2,1,17,measured,68,307.090000,3.889000,177.951171875,10.037246704101562,46.0,charging,false,0,,,44.7,FLAG_KEEP_SCREEN_ON,no_load_injected_background_apps_unverified,
2026-08-22T08:40:17.512114Z,1.0.0,realme_RMX3760_api35,1.0.0+1,release,mobilenet_v3_small_float16,201167c633c4c8714d7c84905e88fe159d76e9eff38c91b70708b1ced5a8bb00,mobilenet_v3_small,float16,float32,float32,1x224x224x3,builtin_cpu,none,none_builtin,,2,1,17,measured,69,303.745000,3.889000,177.955078125,10.068740844726562,46.0,charging,false,0,,,44.7,FLAG_KEEP_SCREEN_ON,no_load_injected_background_apps_unverified,
2026-08-22T08:40:17.860618Z,1.0.0,realme_RMX3760_api35,1.0.0+1,release,mobilenet_v3_small_float16,201167c633c4c8714d7c84905e88fe159d76e9eff38c91b70708b1ced5a8bb00,mobilenet_v3_small,float16,float32,float32,1x224x224x3,builtin_cpu,none,none_builtin,,2,1,17,measured,70,295.851000,3.889000,178.966796875,10.068984985351562,46.0,charging,false,0,,,44.7,FLAG_KEEP_SCREEN_ON,no_load_injected_background_apps_unverified,
2026-08-22T08:40:18.216430Z,1.0.0,realme_RMX3760_api35,1.0.0+1,release,mobilenet_v3_small_float16,201167c633c4c8714d7c84905e88fe159d76e9eff38c91b70708b1ced5a8bb00,mobilenet_v3_small,float16,float32,float32,1x224x224x3,builtin_cpu,none,none_builtin,,2,1,17,measured,71,299.793000,3.889000,178.962890625,10.069229125976562,46.0,charging,false,0,,,44.8,FLAG_KEEP_SCREEN_ON,no_load_injected_background_apps_unverified,
2026-08-22T08:40:18.572657Z,1.0.0,realme_RMX3760_api35,1.0.0+1,release,mobilenet_v3_small_float16,201167c633c4c8714d7c84905e88fe159d76e9eff38c91b70708b1ced5a8bb00,mobilenet_v3_small,float16,float32,float32,1x224x224x3,builtin_cpu,none,none_builtin,,2,1,17,measured,72,300.841000,3.889000,178.384765625,10.069473266601562,46.0,charging,false,0,,,44.8,FLAG_KEEP_SCREEN_ON,no_load_injected_background_apps_unverified,
2026-08-22T08:40:18.928349Z,1.0.0,realme_RMX3760_api35,1.0.0+1,release,mobilenet_v3_small_float16,201167c633c4c8714d7c84905e88fe159d76e9eff38c91b70708b1ced5a8bb00,mobilenet_v3_small,float16,float32,float32,1x224x224x3,builtin_cpu,none,none_builtin,,2,1,17,measured,73,302.592000,3.889000,178.408203125,10.069717407226562,46.0,charging,false,0,,,44.8,FLAG_KEEP_SCREEN_ON,no_load_injected_background_apps_unverified,
2026-08-22T08:40:19.296433Z,1.0.0,realme_RMX3760_api35,1.0.0+1,release,mobilenet_v3_small_float16,201167c633c4c8714d7c84905e88fe159d76e9eff38c91b70708b1ced5a8bb00,mobilenet_v3_small,float16,float32,float32,1x224x224x3,builtin_cpu,none,none_builtin,,2,1,17,measured,74,316.643000,3.889000,178.404296875,10.069961547851562,46.0,charging,false,0,,,44.8,FLAG_KEEP_SCREEN_ON,no_load_injected_background_apps_unverified,
2026-08-22T08:40:19.655140Z,1.0.0,realme_RMX3760_api35,1.0.0+1,release,mobilenet_v3_small_float16,201167c633c4c8714d7c84905e88fe159d76e9eff38c91b70708b1ced5a8bb00,mobilenet_v3_small,float16,float32,float32,1x224x224x3,builtin_cpu,none,none_builtin,,2,1,17,measured,75,305.435000,3.889000,177.970703125,10.101455688476562,46.0,charging,false,0,,,44.8,FLAG_KEEP_SCREEN_ON,no_load_injected_background_apps_unverified,
2026-08-22T08:40:19.999793Z,1.0.0,realme_RMX3760_api35,1.0.0+1,release,mobilenet_v3_small_float16,201167c633c4c8714d7c84905e88fe159d76e9eff38c91b70708b1ced5a8bb00,mobilenet_v3_small,float16,float32,float32,1x224x224x3,builtin_cpu,none,none_builtin,,2,1,17,measured,76,291.660000,3.889000,177.982421875,10.101699829101562,46.0,charging,false,0,,,44.8,FLAG_KEEP_SCREEN_ON,no_load_injected_background_apps_unverified,
2026-08-22T08:40:20.352169Z,1.0.0,realme_RMX3760_api35,1.0.0+1,release,mobilenet_v3_small_float16,201167c633c4c8714d7c84905e88fe159d76e9eff38c91b70708b1ced5a8bb00,mobilenet_v3_small,float16,float32,float32,1x224x224x3,builtin_cpu,none,none_builtin,,2,1,17,measured,77,299.649000,3.889000,177.994140625,10.101943969726562,46.0,charging,false,0,,,44.8,FLAG_KEEP_SCREEN_ON,no_load_injected_background_apps_unverified,
2026-08-22T08:40:20.715497Z,1.0.0,realme_RMX3760_api35,1.0.0+1,release,mobilenet_v3_small_float16,201167c633c4c8714d7c84905e88fe159d76e9eff38c91b70708b1ced5a8bb00,mobilenet_v3_small,float16,float32,float32,1x224x224x3,builtin_cpu,none,none_builtin,,2,1,17,measured,78,310.955000,3.889000,178.583984375,10.102188110351562,46.0,charging,false,0,,,44.8,FLAG_KEEP_SCREEN_ON,no_load_injected_background_apps_unverified,
2026-08-22T08:40:21.072257Z,1.0.0,realme_RMX3760_api35,1.0.0+1,release,mobilenet_v3_small_float16,201167c633c4c8714d7c84905e88fe159d76e9eff38c91b70708b1ced5a8bb00,mobilenet_v3_small,float16,float32,float32,1x224x224x3,builtin_cpu,none,none_builtin,,2,1,17,measured,79,304.072000,3.889000,178.591796875,10.102432250976562,46.0,charging,false,0,,,44.8,FLAG_KEEP_SCREEN_ON,no_load_injected_background_apps_unverified,
2026-08-22T08:40:21.434900Z,1.0.0,realme_RMX3760_api35,1.0.0+1,release,mobilenet_v3_small_float16,201167c633c4c8714d7c84905e88fe159d76e9eff38c91b70708b1ced5a8bb00,mobilenet_v3_small,float16,float32,float32,1x224x224x3,builtin_cpu,none,none_builtin,,2,1,17,measured,80,310.269000,3.889000,178.091796875,10.102676391601562,46.0,charging,false,0,,,44.8,FLAG_KEEP_SCREEN_ON,no_load_injected_background_apps_unverified,
2026-08-22T08:40:21.795053Z,1.0.0,realme_RMX3760_api35,1.0.0+1,release,mobilenet_v3_small_float16,201167c633c4c8714d7c84905e88fe159d76e9eff38c91b70708b1ced5a8bb00,mobilenet_v3_small,float16,float32,float32,1x224x224x3,builtin_cpu,none,none_builtin,,2,1,17,measured,81,306.761000,3.889000,178.513671875,10.134170532226562,46.0,charging,false,0,,,44.8,FLAG_KEEP_SCREEN_ON,no_load_injected_background_apps_unverified,
2026-08-22T08:40:22.155669Z,1.0.0,realme_RMX3760_api35,1.0.0+1,release,mobilenet_v3_small_float16,201167c633c4c8714d7c84905e88fe159d76e9eff38c91b70708b1ced5a8bb00,mobilenet_v3_small,float16,float32,float32,1x224x224x3,builtin_cpu,none,none_builtin,,2,1,17,measured,82,307.107000,3.889000,178.568359375,10.134414672851562,46.0,charging,false,0,,,44.8,FLAG_KEEP_SCREEN_ON,no_load_injected_background_apps_unverified,
2026-08-22T08:40:22.515992Z,1.0.0,realme_RMX3760_api35,1.0.0+1,release,mobilenet_v3_small_float16,201167c633c4c8714d7c84905e88fe159d76e9eff38c91b70708b1ced5a8bb00,mobilenet_v3_small,float16,float32,float32,1x224x224x3,builtin_cpu,none,none_builtin,,2,1,17,measured,83,305.203000,3.889000,178.072265625,10.134658813476562,46.0,charging,false,0,,,44.8,FLAG_KEEP_SCREEN_ON,no_load_injected_background_apps_unverified,
2026-08-22T08:40:22.875403Z,1.0.0,realme_RMX3760_api35,1.0.0+1,release,mobilenet_v3_small_float16,201167c633c4c8714d7c84905e88fe159d76e9eff38c91b70708b1ced5a8bb00,mobilenet_v3_small,float16,float32,float32,1x224x224x3,builtin_cpu,none,none_builtin,,2,1,17,measured,84,307.262000,3.889000,178.501953125,10.134902954101562,46.0,charging,false,0,,,44.8,FLAG_KEEP_SCREEN_ON,no_load_injected_background_apps_unverified,
2026-08-22T08:40:23.232370Z,1.0.0,realme_RMX3760_api35,1.0.0+1,release,mobilenet_v3_small_float16,201167c633c4c8714d7c84905e88fe159d76e9eff38c91b70708b1ced5a8bb00,mobilenet_v3_small,float16,float32,float32,1x224x224x3,builtin_cpu,none,none_builtin,,2,1,17,measured,85,300.154000,3.889000,178.005859375,10.135147094726562,46.0,charging,false,0,,,44.8,FLAG_KEEP_SCREEN_ON,no_load_injected_background_apps_unverified,
2026-08-22T08:40:23.593122Z,1.0.0,realme_RMX3760_api35,1.0.0+1,release,mobilenet_v3_small_float16,201167c633c4c8714d7c84905e88fe159d76e9eff38c91b70708b1ced5a8bb00,mobilenet_v3_small,float16,float32,float32,1x224x224x3,builtin_cpu,none,none_builtin,,2,1,17,measured,86,307.950000,3.889000,178.587890625,10.135391235351562,46.0,charging,false,0,,,44.8,FLAG_KEEP_SCREEN_ON,no_load_injected_background_apps_unverified,
2026-08-22T08:40:23.951101Z,1.0.0,realme_RMX3760_api35,1.0.0+1,release,mobilenet_v3_small_float16,201167c633c4c8714d7c84905e88fe159d76e9eff38c91b70708b1ced5a8bb00,mobilenet_v3_small,float16,float32,float32,1x224x224x3,builtin_cpu,none,none_builtin,,2,1,17,measured,87,304.608000,3.889000,178.572265625,10.166885375976562,46.0,charging,false,0,,,44.8,FLAG_KEEP_SCREEN_ON,no_load_injected_background_apps_unverified,
2026-08-22T08:40:24.312448Z,1.0.0,realme_RMX3760_api35,1.0.0+1,release,mobilenet_v3_small_float16,201167c633c4c8714d7c84905e88fe159d76e9eff38c91b70708b1ced5a8bb00,mobilenet_v3_small,float16,float32,float32,1x224x224x3,builtin_cpu,none,none_builtin,,2,1,17,measured,88,305.313000,3.889000,178.583984375,10.167129516601562,46.0,charging,false,0,,,44.8,FLAG_KEEP_SCREEN_ON,no_load_injected_background_apps_unverified,
2026-08-22T08:40:24.667527Z,1.0.0,realme_RMX3760_api35,1.0.0+1,release,mobilenet_v3_small_float16,201167c633c4c8714d7c84905e88fe159d76e9eff38c91b70708b1ced5a8bb00,mobilenet_v3_small,float16,float32,float32,1x224x224x3,builtin_cpu,none,none_builtin,,2,1,17,measured,89,301.785000,3.889000,178.595703125,10.167373657226562,46.0,charging,false,0,,,44.8,FLAG_KEEP_SCREEN_ON,no_load_injected_background_apps_unverified,
2026-08-22T08:40:25.024843Z,1.0.0,realme_RMX3760_api35,1.0.0+1,release,mobilenet_v3_small_float16,201167c633c4c8714d7c84905e88fe159d76e9eff38c91b70708b1ced5a8bb00,mobilenet_v3_small,float16,float32,float32,1x224x224x3,builtin_cpu,none,none_builtin,,2,1,17,measured,90,301.292000,3.889000,178.076171875,10.167617797851562,46.0,charging,false,0,,,44.8,FLAG_KEEP_SCREEN_ON,no_load_injected_background_apps_unverified,
2026-08-22T08:40:25.379677Z,1.0.0,realme_RMX3760_api35,1.0.0+1,release,mobilenet_v3_small_float16,201167c633c4c8714d7c84905e88fe159d76e9eff38c91b70708b1ced5a8bb00,mobilenet_v3_small,float16,float32,float32,1x224x224x3,builtin_cpu,none,none_builtin,,2,1,17,measured,91,302.174000,3.889000,178.087890625,10.167861938476562,46.0,charging,false,0,,,44.8,FLAG_KEEP_SCREEN_ON,no_load_injected_background_apps_unverified,
2026-08-22T08:40:25.731871Z,1.0.0,realme_RMX3760_api35,1.0.0+1,release,mobilenet_v3_small_float16,201167c633c4c8714d7c84905e88fe159d76e9eff38c91b70708b1ced5a8bb00,mobilenet_v3_small,float16,float32,float32,1x224x224x3,builtin_cpu,none,none_builtin,,2,1,17,measured,92,298.234000,3.889000,179.083984375,10.168106079101562,46.0,charging,false,0,,,44.8,FLAG_KEEP_SCREEN_ON,no_load_injected_background_apps_unverified,
2026-08-22T08:40:26.093271Z,1.0.0,realme_RMX3760_api35,1.0.0+1,release,mobilenet_v3_small_float16,201167c633c4c8714d7c84905e88fe159d76e9eff38c91b70708b1ced5a8bb00,mobilenet_v3_small,float16,float32,float32,1x224x224x3,builtin_cpu,none,none_builtin,,2,1,17,measured,93,305.812000,3.889000,178.091796875,10.168350219726562,46.0,charging,false,0,,,44.8,FLAG_KEEP_SCREEN_ON,no_load_injected_background_apps_unverified,
2026-08-22T08:40:26.452753Z,1.0.0,realme_RMX3760_api35,1.0.0+1,release,mobilenet_v3_small_float16,201167c633c4c8714d7c84905e88fe159d76e9eff38c91b70708b1ced5a8bb00,mobilenet_v3_small,float16,float32,float32,1x224x224x3,builtin_cpu,none,none_builtin,,2,1,17,measured,94,307.790000,3.889000,178.103515625,10.199844360351562,46.0,charging,false,0,,,44.8,FLAG_KEEP_SCREEN_ON,no_load_injected_background_apps_unverified,
2026-08-22T08:40:26.803503Z,1.0.0,realme_RMX3760_api35,1.0.0+1,release,mobilenet_v3_small_float16,201167c633c4c8714d7c84905e88fe159d76e9eff38c91b70708b1ced5a8bb00,mobilenet_v3_small,float16,float32,float32,1x224x224x3,builtin_cpu,none,none_builtin,,2,1,17,measured,95,297.803000,3.889000,178.607421875,10.200088500976562,46.0,charging,false,0,,,44.8,FLAG_KEEP_SCREEN_ON,no_load_injected_background_apps_unverified,
2026-08-22T08:40:27.168261Z,1.0.0,realme_RMX3760_api35,1.0.0+1,release,mobilenet_v3_small_float16,201167c633c4c8714d7c84905e88fe159d76e9eff38c91b70708b1ced5a8bb00,mobilenet_v3_small,float16,float32,float32,1x224x224x3,builtin_cpu,none,none_builtin,,2,1,17,measured,96,307.672000,3.889000,178.580078125,10.200332641601562,46.0,charging,false,0,,,44.8,FLAG_KEEP_SCREEN_ON,no_load_injected_background_apps_unverified,
2026-08-22T08:40:27.522818Z,1.0.0,realme_RMX3760_api35,1.0.0+1,release,mobilenet_v3_small_float16,201167c633c4c8714d7c84905e88fe159d76e9eff38c91b70708b1ced5a8bb00,mobilenet_v3_small,float16,float32,float32,1x224x224x3,builtin_cpu,none,none_builtin,,2,1,17,measured,97,300.875000,3.889000,178.138671875,10.200576782226562,46.0,charging,false,0,,,44.8,FLAG_KEEP_SCREEN_ON,no_load_injected_background_apps_unverified,
2026-08-22T08:40:27.889061Z,1.0.0,realme_RMX3760_api35,1.0.0+1,release,mobilenet_v3_small_float16,201167c633c4c8714d7c84905e88fe159d76e9eff38c91b70708b1ced5a8bb00,mobilenet_v3_small,float16,float32,float32,1x224x224x3,builtin_cpu,none,none_builtin,,2,1,17,measured,98,311.625000,3.889000,178.150390625,10.200820922851562,46.0,charging,false,0,,,44.8,FLAG_KEEP_SCREEN_ON,no_load_injected_background_apps_unverified,
2026-08-22T08:40:28.245452Z,1.0.0,realme_RMX3760_api35,1.0.0+1,release,mobilenet_v3_small_float16,201167c633c4c8714d7c84905e88fe159d76e9eff38c91b70708b1ced5a8bb00,mobilenet_v3_small,float16,float32,float32,1x224x224x3,builtin_cpu,none,none_builtin,,2,1,17,measured,99,302.502000,3.889000,178.115234375,10.201065063476562,46.0,charging,false,0,,,44.8,FLAG_KEEP_SCREEN_ON,no_load_injected_background_apps_unverified,
2026-08-22T08:40:34.688994Z,1.0.0,realme_RMX3760_api35,1.0.0+1,release,mobilenet_v3_small_dynamic_int8,1c3ca9e08ab14de0d8e7ca58f127b9955ae2cf3e9ffaad5033952bcbb51dd82f,mobilenet_v3_small,dynamic_int8,float32,float32,1x224x224x3,builtin_cpu,none,none_builtin,,1,1,18,measured,0,298.663000,2.844000,171.888671875,10.232559204101562,46.0,charging,false,0,,,44.8,FLAG_KEEP_SCREEN_ON,no_load_injected_background_apps_unverified,
2026-08-22T08:40:35.039842Z,1.0.0,realme_RMX3760_api35,1.0.0+1,release,mobilenet_v3_small_dynamic_int8,1c3ca9e08ab14de0d8e7ca58f127b9955ae2cf3e9ffaad5033952bcbb51dd82f,mobilenet_v3_small,dynamic_int8,float32,float32,1x224x224x3,builtin_cpu,none,none_builtin,,1,1,18,measured,1,297.537000,2.844000,170.873046875,10.232803344726562,46.0,charging,false,0,,,44.8,FLAG_KEEP_SCREEN_ON,no_load_injected_background_apps_unverified,
2026-08-22T08:40:35.388844Z,1.0.0,realme_RMX3760_api35,1.0.0+1,release,mobilenet_v3_small_dynamic_int8,1c3ca9e08ab14de0d8e7ca58f127b9955ae2cf3e9ffaad5033952bcbb51dd82f,mobilenet_v3_small,dynamic_int8,float32,float32,1x224x224x3,builtin_cpu,none,none_builtin,,1,1,18,measured,2,293.817000,2.844000,170.849609375,10.233047485351562,46.0,charging,false,0,,,44.8,FLAG_KEEP_SCREEN_ON,no_load_injected_background_apps_unverified,
2026-08-22T08:40:35.734737Z,1.0.0,realme_RMX3760_api35,1.0.0+1,release,mobilenet_v3_small_dynamic_int8,1c3ca9e08ab14de0d8e7ca58f127b9955ae2cf3e9ffaad5033952bcbb51dd82f,mobilenet_v3_small,dynamic_int8,float32,float32,1x224x224x3,builtin_cpu,none,none_builtin,,1,1,18,measured,3,293.388000,2.844000,170.888671875,10.233291625976562,46.0,charging,false,0,,,44.8,FLAG_KEEP_SCREEN_ON,no_load_injected_background_apps_unverified,
2026-08-22T08:40:36.088280Z,1.0.0,realme_RMX3760_api35,1.0.0+1,release,mobilenet_v3_small_dynamic_int8,1c3ca9e08ab14de0d8e7ca58f127b9955ae2cf3e9ffaad5033952bcbb51dd82f,mobilenet_v3_small,dynamic_int8,float32,float32,1x224x224x3,builtin_cpu,none,none_builtin,,1,1,18,measured,4,301.851000,2.844000,170.916015625,10.233535766601562,46.0,charging,false,0,,,44.8,FLAG_KEEP_SCREEN_ON,no_load_injected_background_apps_unverified,
2026-08-22T08:40:36.454131Z,1.0.0,realme_RMX3760_api35,1.0.0+1,release,mobilenet_v3_small_dynamic_int8,1c3ca9e08ab14de0d8e7ca58f127b9955ae2cf3e9ffaad5033952bcbb51dd82f,mobilenet_v3_small,dynamic_int8,float32,float32,1x224x224x3,builtin_cpu,none,none_builtin,,1,1,18,measured,5,314.851000,2.844000,170.935546875,10.233779907226562,46.0,charging,false,0,,,44.8,FLAG_KEEP_SCREEN_ON,no_load_injected_background_apps_unverified,
2026-08-22T08:40:36.802451Z,1.0.0,realme_RMX3760_api35,1.0.0+1,release,mobilenet_v3_small_dynamic_int8,1c3ca9e08ab14de0d8e7ca58f127b9955ae2cf3e9ffaad5033952bcbb51dd82f,mobilenet_v3_small,dynamic_int8,float32,float32,1x224x224x3,builtin_cpu,none,none_builtin,,1,1,18,measured,6,295.318000,2.844000,170.939453125,10.265274047851562,46.0,charging,false,0,,,44.8,FLAG_KEEP_SCREEN_ON,no_load_injected_background_apps_unverified,
2026-08-22T08:40:37.144871Z,1.0.0,realme_RMX3760_api35,1.0.0+1,release,mobilenet_v3_small_dynamic_int8,1c3ca9e08ab14de0d8e7ca58f127b9955ae2cf3e9ffaad5033952bcbb51dd82f,mobilenet_v3_small,dynamic_int8,float32,float32,1x224x224x3,builtin_cpu,none,none_builtin,,1,1,18,measured,7,286.117000,2.844000,170.970703125,10.265518188476562,46.0,charging,false,0,,,44.8,FLAG_KEEP_SCREEN_ON,no_load_injected_background_apps_unverified,
2026-08-22T08:40:37.507347Z,1.0.0,realme_RMX3760_api35,1.0.0+1,release,mobilenet_v3_small_dynamic_int8,1c3ca9e08ab14de0d8e7ca58f127b9955ae2cf3e9ffaad5033952bcbb51dd82f,mobilenet_v3_small,dynamic_int8,float32,float32,1x224x224x3,builtin_cpu,none,none_builtin,,1,1,18,measured,8,307.933000,2.844000,170.849609375,10.265762329101562,46.0,charging,false,0,,,44.8,FLAG_KEEP_SCREEN_ON,no_load_injected_background_apps_unverified,
2026-08-22T08:40:37.850331Z,1.0.0,realme_RMX3760_api35,1.0.0+1,release,mobilenet_v3_small_dynamic_int8,1c3ca9e08ab14de0d8e7ca58f127b9955ae2cf3e9ffaad5033952bcbb51dd82f,mobilenet_v3_small,dynamic_int8,float32,float32,1x224x224x3,builtin_cpu,none,none_builtin,,1,1,18,measured,9,290.773000,2.844000,170.896484375,10.266006469726562,46.0,charging,false,0,,,44.8,FLAG_KEEP_SCREEN_ON,no_load_injected_background_apps_unverified,
2026-08-22T08:40:38.197446Z,1.0.0,realme_RMX3760_api35,1.0.0+1,release,mobilenet_v3_small_dynamic_int8,1c3ca9e08ab14de0d8e7ca58f127b9955ae2cf3e9ffaad5033952bcbb51dd82f,mobilenet_v3_small,dynamic_int8,float32,float32,1x224x224x3,builtin_cpu,none,none_builtin,,1,1,18,measured,10,295.105000,2.844000,170.927734375,10.266250610351562,46.0,charging,false,0,,,44.8,FLAG_KEEP_SCREEN_ON,no_load_injected_background_apps_unverified,
2026-08-22T08:40:38.547245Z,1.0.0,realme_RMX3760_api35,1.0.0+1,release,mobilenet_v3_small_dynamic_int8,1c3ca9e08ab14de0d8e7ca58f127b9955ae2cf3e9ffaad5033952bcbb51dd82f,mobilenet_v3_small,dynamic_int8,float32,float32,1x224x224x3,builtin_cpu,none,none_builtin,,1,1,18,measured,11,297.346000,2.844000,170.853515625,10.266494750976562,46.0,charging,false,0,,,44.8,FLAG_KEEP_SCREEN_ON,no_load_injected_background_apps_unverified,
2026-08-22T08:40:38.890450Z,1.0.0,realme_RMX3760_api35,1.0.0+1,release,mobilenet_v3_small_dynamic_int8,1c3ca9e08ab14de0d8e7ca58f127b9955ae2cf3e9ffaad5033952bcbb51dd82f,mobilenet_v3_small,dynamic_int8,float32,float32,1x224x224x3,builtin_cpu,none,none_builtin,,1,1,18,measured,12,292.115000,2.844000,170.861328125,10.297988891601562,46.0,charging,false,0,,,44.8,FLAG_KEEP_SCREEN_ON,no_load_injected_background_apps_unverified,
2026-08-22T08:40:39.228768Z,1.0.0,realme_RMX3760_api35,1.0.0+1,release,mobilenet_v3_small_dynamic_int8,1c3ca9e08ab14de0d8e7ca58f127b9955ae2cf3e9ffaad5033952bcbb51dd82f,mobilenet_v3_small,dynamic_int8,float32,float32,1x224x224x3,builtin_cpu,none,none_builtin,,1,1,18,measured,13,285.420000,2.844000,170.869140625,10.298233032226562,46.0,charging,false,0,,,44.8,FLAG_KEEP_SCREEN_ON,no_load_injected_background_apps_unverified,
2026-08-22T08:40:39.576531Z,1.0.0,realme_RMX3760_api35,1.0.0+1,release,mobilenet_v3_small_dynamic_int8,1c3ca9e08ab14de0d8e7ca58f127b9955ae2cf3e9ffaad5033952bcbb51dd82f,mobilenet_v3_small,dynamic_int8,float32,float32,1x224x224x3,builtin_cpu,none,none_builtin,,1,1,18,measured,14,291.360000,2.844000,171.931640625,10.298477172851562,46.0,charging,false,0,,,44.8,FLAG_KEEP_SCREEN_ON,no_load_injected_background_apps_unverified,
2026-08-22T08:40:39.921396Z,1.0.0,realme_RMX3760_api35,1.0.0+1,release,mobilenet_v3_small_dynamic_int8,1c3ca9e08ab14de0d8e7ca58f127b9955ae2cf3e9ffaad5033952bcbb51dd82f,mobilenet_v3_small,dynamic_int8,float32,float32,1x224x224x3,builtin_cpu,none,none_builtin,,1,1,18,measured,15,292.482000,2.844000,170.994140625,10.298721313476562,46.0,charging,false,0,,,44.8,FLAG_KEEP_SCREEN_ON,no_load_injected_background_apps_unverified,
2026-08-22T08:40:40.275889Z,1.0.0,realme_RMX3760_api35,1.0.0+1,release,mobilenet_v3_small_dynamic_int8,1c3ca9e08ab14de0d8e7ca58f127b9955ae2cf3e9ffaad5033952bcbb51dd82f,mobilenet_v3_small,dynamic_int8,float32,float32,1x224x224x3,builtin_cpu,none,none_builtin,,1,1,18,measured,16,298.167000,2.844000,171.001953125,10.298965454101562,46.0,charging,false,0,,,44.8,FLAG_KEEP_SCREEN_ON,no_load_injected_background_apps_unverified,
2026-08-22T08:40:40.625343Z,1.0.0,realme_RMX3760_api35,1.0.0+1,release,mobilenet_v3_small_dynamic_int8,1c3ca9e08ab14de0d8e7ca58f127b9955ae2cf3e9ffaad5033952bcbb51dd82f,mobilenet_v3_small,dynamic_int8,float32,float32,1x224x224x3,builtin_cpu,none,none_builtin,,1,1,18,measured,17,298.445000,2.844000,170.923828125,10.299209594726562,46.0,charging,false,0,,,44.8,FLAG_KEEP_SCREEN_ON,no_load_injected_background_apps_unverified,
2026-08-22T08:40:40.971273Z,1.0.0,realme_RMX3760_api35,1.0.0+1,release,mobilenet_v3_small_dynamic_int8,1c3ca9e08ab14de0d8e7ca58f127b9955ae2cf3e9ffaad5033952bcbb51dd82f,mobilenet_v3_small,dynamic_int8,float32,float32,1x224x224x3,builtin_cpu,none,none_builtin,,1,1,18,measured,18,290.241000,2.844000,170.978515625,10.299453735351562,46.0,charging,false,0,,,44.8,FLAG_KEEP_SCREEN_ON,no_load_injected_background_apps_unverified,
2026-08-22T08:40:41.318998Z,1.0.0,realme_RMX3760_api35,1.0.0+1,release,mobilenet_v3_small_dynamic_int8,1c3ca9e08ab14de0d8e7ca58f127b9955ae2cf3e9ffaad5033952bcbb51dd82f,mobilenet_v3_small,dynamic_int8,float32,float32,1x224x224x3,builtin_cpu,none,none_builtin,,1,1,18,measured,19,294.835000,2.844000,171.001953125,10.330947875976562,46.0,charging,false,0,,,44.8,FLAG_KEEP_SCREEN_ON,no_load_injected_background_apps_unverified,
2026-08-22T08:40:41.670160Z,1.0.0,realme_RMX3760_api35,1.0.0+1,release,mobilenet_v3_small_dynamic_int8,1c3ca9e08ab14de0d8e7ca58f127b9955ae2cf3e9ffaad5033952bcbb51dd82f,mobilenet_v3_small,dynamic_int8,float32,float32,1x224x224x3,builtin_cpu,none,none_builtin,,1,1,18,measured,20,299.296000,2.844000,170.951171875,10.331192016601562,46.0,charging,false,0,,,44.8,FLAG_KEEP_SCREEN_ON,no_load_injected_background_apps_unverified,
2026-08-22T08:40:42.011287Z,1.0.0,realme_RMX3760_api35,1.0.0+1,release,mobilenet_v3_small_dynamic_int8,1c3ca9e08ab14de0d8e7ca58f127b9955ae2cf3e9ffaad5033952bcbb51dd82f,mobilenet_v3_small,dynamic_int8,float32,float32,1x224x224x3,builtin_cpu,none,none_builtin,,1,1,18,measured,21,288.562000,2.844000,170.958984375,10.331436157226562,46.0,charging,false,0,,,44.8,FLAG_KEEP_SCREEN_ON,no_load_injected_background_apps_unverified,
2026-08-22T08:40:42.360163Z,1.0.0,realme_RMX3760_api35,1.0.0+1,release,mobilenet_v3_small_dynamic_int8,1c3ca9e08ab14de0d8e7ca58f127b9955ae2cf3e9ffaad5033952bcbb51dd82f,mobilenet_v3_small,dynamic_int8,float32,float32,1x224x224x3,builtin_cpu,none,none_builtin,,1,1,18,measured,22,293.366000,2.844000,171.982421875,10.331680297851562,46.0,charging,false,0,,,44.8,FLAG_KEEP_SCREEN_ON,no_load_injected_background_apps_unverified,
2026-08-22T08:40:42.704581Z,1.0.0,realme_RMX3760_api35,1.0.0+1,release,mobilenet_v3_small_dynamic_int8,1c3ca9e08ab14de0d8e7ca58f127b9955ae2cf3e9ffaad5033952bcbb51dd82f,mobilenet_v3_small,dynamic_int8,float32,float32,1x224x224x3,builtin_cpu,none,none_builtin,,1,1,18,measured,23,292.301000,2.844000,170.947265625,10.331924438476562,46.0,charging,false,0,,,44.8,FLAG_KEEP_SCREEN_ON,no_load_injected_background_apps_unverified,
2026-08-22T08:40:43.059421Z,1.0.0,realme_RMX3760_api35,1.0.0+1,release,mobilenet_v3_small_dynamic_int8,1c3ca9e08ab14de0d8e7ca58f127b9955ae2cf3e9ffaad5033952bcbb51dd82f,mobilenet_v3_small,dynamic_int8,float32,float32,1x224x224x3,builtin_cpu,none,none_builtin,,1,1,18,measured,24,303.839000,2.844000,170.998046875,10.332168579101562,46.0,charging,false,0,,,44.8,FLAG_KEEP_SCREEN_ON,no_load_injected_background_apps_unverified,
2026-08-22T08:40:43.412115Z,1.0.0,realme_RMX3760_api35,1.0.0+1,release,mobilenet_v3_small_dynamic_int8,1c3ca9e08ab14de0d8e7ca58f127b9955ae2cf3e9ffaad5033952bcbb51dd82f,mobilenet_v3_small,dynamic_int8,float32,float32,1x224x224x3,builtin_cpu,none,none_builtin,,1,1,18,measured,25,297.189000,2.844000,171.068359375,10.363662719726562,46.0,charging,false,0,,,44.8,FLAG_KEEP_SCREEN_ON,no_load_injected_background_apps_unverified,
2026-08-22T08:40:43.766100Z,1.0.0,realme_RMX3760_api35,1.0.0+1,release,mobilenet_v3_small_dynamic_int8,1c3ca9e08ab14de0d8e7ca58f127b9955ae2cf3e9ffaad5033952bcbb51dd82f,mobilenet_v3_small,dynamic_int8,float32,float32,1x224x224x3,builtin_cpu,none,none_builtin,,1,1,18,measured,26,302.749000,2.844000,171.048828125,10.363906860351562,46.0,charging,false,0,,,44.8,FLAG_KEEP_SCREEN_ON,no_load_injected_background_apps_unverified,
2026-08-22T08:40:44.119505Z,1.0.0,realme_RMX3760_api35,1.0.0+1,release,mobilenet_v3_small_dynamic_int8,1c3ca9e08ab14de0d8e7ca58f127b9955ae2cf3e9ffaad5033952bcbb51dd82f,mobilenet_v3_small,dynamic_int8,float32,float32,1x224x224x3,builtin_cpu,none,none_builtin,,1,1,18,measured,27,301.482000,2.844000,171.048828125,10.364151000976562,46.0,charging,false,0,,,44.8,FLAG_KEEP_SCREEN_ON,no_load_injected_background_apps_unverified,
2026-08-22T08:40:44.468065Z,1.0.0,realme_RMX3760_api35,1.0.0+1,release,mobilenet_v3_small_dynamic_int8,1c3ca9e08ab14de0d8e7ca58f127b9955ae2cf3e9ffaad5033952bcbb51dd82f,mobilenet_v3_small,dynamic_int8,float32,float32,1x224x224x3,builtin_cpu,none,none_builtin,,1,1,18,measured,28,296.734000,2.844000,171.560546875,10.364395141601562,46.0,charging,false,0,,,44.8,FLAG_KEEP_SCREEN_ON,no_load_injected_background_apps_unverified,
2026-08-22T08:40:44.818811Z,1.0.0,realme_RMX3760_api35,1.0.0+1,release,mobilenet_v3_small_dynamic_int8,1c3ca9e08ab14de0d8e7ca58f127b9955ae2cf3e9ffaad5033952bcbb51dd82f,mobilenet_v3_small,dynamic_int8,float32,float32,1x224x224x3,builtin_cpu,none,none_builtin,,1,1,18,measured,29,299.497000,2.844000,171.064453125,10.364639282226562,46.0,charging,false,0,,,44.8,FLAG_KEEP_SCREEN_ON,no_load_injected_background_apps_unverified,
2026-08-22T08:40:45.166174Z,1.0.0,realme_RMX3760_api35,1.0.0+1,release,mobilenet_v3_small_dynamic_int8,1c3ca9e08ab14de0d8e7ca58f127b9955ae2cf3e9ffaad5033952bcbb51dd82f,mobilenet_v3_small,dynamic_int8,float32,float32,1x224x224x3,builtin_cpu,none,none_builtin,,1,1,18,measured,30,295.258000,2.844000,171.068359375,10.364883422851562,46.0,charging,false,0,,,44.8,FLAG_KEEP_SCREEN_ON,no_load_injected_background_apps_unverified,
2026-08-22T08:40:45.519568Z,1.0.0,realme_RMX3760_api35,1.0.0+1,release,mobilenet_v3_small_dynamic_int8,1c3ca9e08ab14de0d8e7ca58f127b9955ae2cf3e9ffaad5033952bcbb51dd82f,mobilenet_v3_small,dynamic_int8,float32,float32,1x224x224x3,builtin_cpu,none,none_builtin,,1,1,18,measured,31,300.656000,2.844000,171.583984375,10.396377563476562,46.0,charging,false,0,,,44.8,FLAG_KEEP_SCREEN_ON,no_load_injected_background_apps_unverified,
2026-08-22T08:40:45.866946Z,1.0.0,realme_RMX3760_api35,1.0.0+1,release,mobilenet_v3_small_dynamic_int8,1c3ca9e08ab14de0d8e7ca58f127b9955ae2cf3e9ffaad5033952bcbb51dd82f,mobilenet_v3_small,dynamic_int8,float32,float32,1x224x224x3,builtin_cpu,none,none_builtin,,1,1,18,measured,32,294.640000,2.844000,171.087890625,10.396621704101562,46.0,charging,false,0,,,44.8,FLAG_KEEP_SCREEN_ON,no_load_injected_background_apps_unverified,
2026-08-22T08:40:46.221851Z,1.0.0,realme_RMX3760_api35,1.0.0+1,release,mobilenet_v3_small_dynamic_int8,1c3ca9e08ab14de0d8e7ca58f127b9955ae2cf3e9ffaad5033952bcbb51dd82f,mobilenet_v3_small,dynamic_int8,float32,float32,1x224x224x3,builtin_cpu,none,none_builtin,,1,1,18,measured,33,300.425000,2.844000,171.123046875,10.396865844726562,46.0,charging,false,0,,,44.8,FLAG_KEEP_SCREEN_ON,no_load_injected_background_apps_unverified,
2026-08-22T08:40:46.568407Z,1.0.0,realme_RMX3760_api35,1.0.0+1,release,mobilenet_v3_small_dynamic_int8,1c3ca9e08ab14de0d8e7ca58f127b9955ae2cf3e9ffaad5033952bcbb51dd82f,mobilenet_v3_small,dynamic_int8,float32,float32,1x224x224x3,builtin_cpu,none,none_builtin,,1,1,18,measured,34,293.682000,2.844000,171.130859375,10.397109985351562,46.0,charging,false,0,,,44.8,FLAG_KEEP_SCREEN_ON,no_load_injected_background_apps_unverified,
2026-08-22T08:40:46.908447Z,1.0.0,realme_RMX3760_api35,1.0.0+1,release,mobilenet_v3_small_dynamic_int8,1c3ca9e08ab14de0d8e7ca58f127b9955ae2cf3e9ffaad5033952bcbb51dd82f,mobilenet_v3_small,dynamic_int8,float32,float32,1x224x224x3,builtin_cpu,none,none_builtin,,1,1,18,measured,35,287.102000,2.844000,171.607421875,10.397354125976562,46.0,charging,false,0,,,44.8,FLAG_KEEP_SCREEN_ON,no_load_injected_background_apps_unverified,
2026-08-22T08:40:47.250468Z,1.0.0,realme_RMX3760_api35,1.0.0+1,release,mobilenet_v3_small_dynamic_int8,1c3ca9e08ab14de0d8e7ca58f127b9955ae2cf3e9ffaad5033952bcbb51dd82f,mobilenet_v3_small,dynamic_int8,float32,float32,1x224x224x3,builtin_cpu,none,none_builtin,,1,1,18,measured,36,289.003000,2.844000,171.107421875,10.397598266601562,46.0,charging,false,0,,,44.8,FLAG_KEEP_SCREEN_ON,no_load_injected_background_apps_unverified,
2026-08-22T08:40:47.600561Z,1.0.0,realme_RMX3760_api35,1.0.0+1,release,mobilenet_v3_small_dynamic_int8,1c3ca9e08ab14de0d8e7ca58f127b9955ae2cf3e9ffaad5033952bcbb51dd82f,mobilenet_v3_small,dynamic_int8,float32,float32,1x224x224x3,builtin_cpu,none,none_builtin,,1,1,18,measured,37,297.225000,2.844000,171.115234375,10.429092407226562,46.0,charging,false,0,,,44.8,FLAG_KEEP_SCREEN_ON,no_load_injected_background_apps_unverified,
2026-08-22T08:40:47.943838Z,1.0.0,realme_RMX3760_api35,1.0.0+1,release,mobilenet_v3_small_dynamic_int8,1c3ca9e08ab14de0d8e7ca58f127b9955ae2cf3e9ffaad5033952bcbb51dd82f,mobilenet_v3_small,dynamic_int8,float32,float32,1x224x224x3,builtin_cpu,none,none_builtin,,1,1,18,measured,38,288.189000,2.844000,171.521484375,10.429336547851562,46.0,charging,false,0,,,44.8,FLAG_KEEP_SCREEN_ON,no_load_injected_background_apps_unverified,
2026-08-22T08:40:48.296251Z,1.0.0,realme_RMX3760_api35,1.0.0+1,release,mobilenet_v3_small_dynamic_int8,1c3ca9e08ab14de0d8e7ca58f127b9955ae2cf3e9ffaad5033952bcbb51dd82f,mobilenet_v3_small,dynamic_int8,float32,float32,1x224x224x3,builtin_cpu,none,none_builtin,,1,1,18,measured,39,294.825000,2.844000,171.103515625,10.429580688476562,46.0,charging,false,0,,,44.8,FLAG_KEEP_SCREEN_ON,no_load_injected_background_apps_unverified,
2026-08-22T08:40:48.640135Z,1.0.0,realme_RMX3760_api35,1.0.0+1,release,mobilenet_v3_small_dynamic_int8,1c3ca9e08ab14de0d8e7ca58f127b9955ae2cf3e9ffaad5033952bcbb51dd82f,mobilenet_v3_small,dynamic_int8,float32,float32,1x224x224x3,builtin_cpu,none,none_builtin,,1,1,18,measured,40,288.586000,2.844000,171.111328125,10.429824829101562,46.0,charging,false,0,,,44.8,FLAG_KEEP_SCREEN_ON,no_load_injected_background_apps_unverified,
2026-08-22T08:40:48.991234Z,1.0.0,realme_RMX3760_api35,1.0.0+1,release,mobilenet_v3_small_dynamic_int8,1c3ca9e08ab14de0d8e7ca58f127b9955ae2cf3e9ffaad5033952bcbb51dd82f,mobilenet_v3_small,dynamic_int8,float32,float32,1x224x224x3,builtin_cpu,none,none_builtin,,1,1,18,measured,41,297.300000,2.844000,170.923828125,10.430068969726562,46.0,charging,false,0,,,44.8,FLAG_KEEP_SCREEN_ON,no_load_injected_background_apps_unverified,
2026-08-22T08:40:49.347849Z,1.0.0,realme_RMX3760_api35,1.0.0+1,release,mobilenet_v3_small_dynamic_int8,1c3ca9e08ab14de0d8e7ca58f127b9955ae2cf3e9ffaad5033952bcbb51dd82f,mobilenet_v3_small,dynamic_int8,float32,float32,1x224x224x3,builtin_cpu,none,none_builtin,,1,1,18,measured,42,303.811000,2.844000,171.091796875,10.430313110351562,46.0,charging,false,0,,,44.8,FLAG_KEEP_SCREEN_ON,no_load_injected_background_apps_unverified,
2026-08-22T08:40:49.696257Z,1.0.0,realme_RMX3760_api35,1.0.0+1,release,mobilenet_v3_small_dynamic_int8,1c3ca9e08ab14de0d8e7ca58f127b9955ae2cf3e9ffaad5033952bcbb51dd82f,mobilenet_v3_small,dynamic_int8,float32,float32,1x224x224x3,builtin_cpu,none,none_builtin,,1,1,18,measured,43,293.252000,2.844000,171.189453125,10.430557250976562,46.0,charging,false,0,,,44.8,FLAG_KEEP_SCREEN_ON,no_load_injected_background_apps_unverified,
2026-08-22T08:40:50.045450Z,1.0.0,realme_RMX3760_api35,1.0.0+1,release,mobilenet_v3_small_dynamic_int8,1c3ca9e08ab14de0d8e7ca58f127b9955ae2cf3e9ffaad5033952bcbb51dd82f,mobilenet_v3_small,dynamic_int8,float32,float32,1x224x224x3,builtin_cpu,none,none_builtin,,1,1,18,measured,44,298.281000,2.844000,171.435546875,10.462051391601562,46.0,charging,false,0,,,44.8,FLAG_KEEP_SCREEN_ON,no_load_injected_background_apps_unverified,
2026-08-22T08:40:50.385758Z,1.0.0,realme_RMX3760_api35,1.0.0+1,release,mobilenet_v3_small_dynamic_int8,1c3ca9e08ab14de0d8e7ca58f127b9955ae2cf3e9ffaad5033952bcbb51dd82f,mobilenet_v3_small,dynamic_int8,float32,float32,1x224x224x3,builtin_cpu,none,none_builtin,,1,1,18,measured,45,288.221000,2.844000,171.1796875,10.462295532226562,46.0,charging,false,0,,,44.8,FLAG_KEEP_SCREEN_ON,no_load_injected_background_apps_unverified,
2026-08-22T08:40:50.736189Z,1.0.0,realme_RMX3760_api35,1.0.0+1,release,mobilenet_v3_small_dynamic_int8,1c3ca9e08ab14de0d8e7ca58f127b9955ae2cf3e9ffaad5033952bcbb51dd82f,mobilenet_v3_small,dynamic_int8,float32,float32,1x224x224x3,builtin_cpu,none,none_builtin,,1,1,18,measured,46,297.181000,2.844000,171.189453125,10.462539672851562,46.0,charging,false,0,,,44.8,FLAG_KEEP_SCREEN_ON,no_load_injected_background_apps_unverified,
2026-08-22T08:40:51.079241Z,1.0.0,realme_RMX3760_api35,1.0.0+1,release,mobilenet_v3_small_dynamic_int8,1c3ca9e08ab14de0d8e7ca58f127b9955ae2cf3e9ffaad5033952bcbb51dd82f,mobilenet_v3_small,dynamic_int8,float32,float32,1x224x224x3,builtin_cpu,none,none_builtin,,1,1,18,measured,47,291.010000,2.844000,171.115234375,10.462783813476562,46.0,charging,false,0,,,44.8,FLAG_KEEP_SCREEN_ON,no_load_injected_background_apps_unverified,
2026-08-22T08:40:51.423531Z,1.0.0,realme_RMX3760_api35,1.0.0+1,release,mobilenet_v3_small_dynamic_int8,1c3ca9e08ab14de0d8e7ca58f127b9955ae2cf3e9ffaad5033952bcbb51dd82f,mobilenet_v3_small,dynamic_int8,float32,float32,1x224x224x3,builtin_cpu,none,none_builtin,,1,1,18,measured,48,288.714000,2.844000,171.240234375,10.463027954101562,46.0,charging,false,0,,,44.8,FLAG_KEEP_SCREEN_ON,no_load_injected_background_apps_unverified,
2026-08-22T08:40:51.772629Z,1.0.0,realme_RMX3760_api35,1.0.0+1,release,mobilenet_v3_small_dynamic_int8,1c3ca9e08ab14de0d8e7ca58f127b9955ae2cf3e9ffaad5033952bcbb51dd82f,mobilenet_v3_small,dynamic_int8,float32,float32,1x224x224x3,builtin_cpu,none,none_builtin,,1,1,18,measured,49,296.686000,2.844000,171.244140625,10.463272094726562,46.0,charging,false,0,,,44.8,FLAG_KEEP_SCREEN_ON,no_load_injected_background_apps_unverified,
2026-08-22T08:40:52.107809Z,1.0.0,realme_RMX3760_api35,1.0.0+1,release,mobilenet_v3_small_dynamic_int8,1c3ca9e08ab14de0d8e7ca58f127b9955ae2cf3e9ffaad5033952bcbb51dd82f,mobilenet_v3_small,dynamic_int8,float32,float32,1x224x224x3,builtin_cpu,none,none_builtin,,1,1,18,measured,50,283.006000,2.844000,175.431640625,10.494766235351562,46.0,charging,false,0,,,44.8,FLAG_KEEP_SCREEN_ON,no_load_injected_background_apps_unverified,
2026-08-22T08:40:52.453593Z,1.0.0,realme_RMX3760_api35,1.0.0+1,release,mobilenet_v3_small_dynamic_int8,1c3ca9e08ab14de0d8e7ca58f127b9955ae2cf3e9ffaad5033952bcbb51dd82f,mobilenet_v3_small,dynamic_int8,float32,float32,1x224x224x3,builtin_cpu,none,none_builtin,,1,1,18,measured,51,293.476000,2.844000,171.119140625,10.495010375976562,46.0,charging,false,0,,,44.8,FLAG_KEEP_SCREEN_ON,no_load_injected_background_apps_unverified,
2026-08-22T08:40:52.795583Z,1.0.0,realme_RMX3760_api35,1.0.0+1,release,mobilenet_v3_small_dynamic_int8,1c3ca9e08ab14de0d8e7ca58f127b9955ae2cf3e9ffaad5033952bcbb51dd82f,mobilenet_v3_small,dynamic_int8,float32,float32,1x224x224x3,builtin_cpu,none,none_builtin,,1,1,18,measured,52,289.286000,2.844000,171.130859375,10.495254516601562,46.0,charging,false,0,,,44.8,FLAG_KEEP_SCREEN_ON,no_load_injected_background_apps_unverified,
2026-08-22T08:40:53.140526Z,1.0.0,realme_RMX3760_api35,1.0.0+1,release,mobilenet_v3_small_dynamic_int8,1c3ca9e08ab14de0d8e7ca58f127b9955ae2cf3e9ffaad5033952bcbb51dd82f,mobilenet_v3_small,dynamic_int8,float32,float32,1x224x224x3,builtin_cpu,none,none_builtin,,1,1,18,measured,53,288.629000,2.844000,171.623046875,10.495498657226562,46.0,charging,false,0,,,44.8,FLAG_KEEP_SCREEN_ON,no_load_injected_background_apps_unverified,
2026-08-22T08:40:53.489718Z,1.0.0,realme_RMX3760_api35,1.0.0+1,release,mobilenet_v3_small_dynamic_int8,1c3ca9e08ab14de0d8e7ca58f127b9955ae2cf3e9ffaad5033952bcbb51dd82f,mobilenet_v3_small,dynamic_int8,float32,float32,1x224x224x3,builtin_cpu,none,none_builtin,,1,1,18,measured,54,297.867000,2.844000,171.6650390625,10.495742797851562,46.0,charging,false,0,,,44.8,FLAG_KEEP_SCREEN_ON,no_load_injected_background_apps_unverified,
2026-08-22T08:40:53.836536Z,1.0.0,realme_RMX3760_api35,1.0.0+1,release,mobilenet_v3_small_dynamic_int8,1c3ca9e08ab14de0d8e7ca58f127b9955ae2cf3e9ffaad5033952bcbb51dd82f,mobilenet_v3_small,dynamic_int8,float32,float32,1x224x224x3,builtin_cpu,none,none_builtin,,1,1,18,measured,55,291.412000,2.844000,171.697265625,10.495986938476562,46.0,charging,false,0,,,44.8,FLAG_KEEP_SCREEN_ON,no_load_injected_background_apps_unverified,
2026-08-22T08:40:54.181989Z,1.0.0,realme_RMX3760_api35,1.0.0+1,release,mobilenet_v3_small_dynamic_int8,1c3ca9e08ab14de0d8e7ca58f127b9955ae2cf3e9ffaad5033952bcbb51dd82f,mobilenet_v3_small,dynamic_int8,float32,float32,1x224x224x3,builtin_cpu,none,none_builtin,,1,1,18,measured,56,293.238000,2.844000,171.685546875,10.527481079101562,46.0,charging,false,0,,,44.8,FLAG_KEEP_SCREEN_ON,no_load_injected_background_apps_unverified,
2026-08-22T08:40:54.539689Z,1.0.0,realme_RMX3760_api35,1.0.0+1,release,mobilenet_v3_small_dynamic_int8,1c3ca9e08ab14de0d8e7ca58f127b9955ae2cf3e9ffaad5033952bcbb51dd82f,mobilenet_v3_small,dynamic_int8,float32,float32,1x224x224x3,builtin_cpu,none,none_builtin,,1,1,18,measured,57,303.486000,2.844000,171.802734375,10.527725219726562,46.0,charging,false,0,,,44.8,FLAG_KEEP_SCREEN_ON,no_load_injected_background_apps_unverified,
2026-08-22T08:40:54.892049Z,1.0.0,realme_RMX3760_api35,1.0.0+1,release,mobilenet_v3_small_dynamic_int8,1c3ca9e08ab14de0d8e7ca58f127b9955ae2cf3e9ffaad5033952bcbb51dd82f,mobilenet_v3_small,dynamic_int8,float32,float32,1x224x224x3,builtin_cpu,none,none_builtin,,1,1,18,measured,58,299.995000,2.844000,171.306640625,10.527969360351562,46.0,charging,false,0,,,44.8,FLAG_KEEP_SCREEN_ON,no_load_injected_background_apps_unverified,
2026-08-22T08:40:55.246106Z,1.0.0,realme_RMX3760_api35,1.0.0+1,release,mobilenet_v3_small_dynamic_int8,1c3ca9e08ab14de0d8e7ca58f127b9955ae2cf3e9ffaad5033952bcbb51dd82f,mobilenet_v3_small,dynamic_int8,float32,float32,1x224x224x3,builtin_cpu,none,none_builtin,,1,1,18,measured,59,303.072000,2.844000,171.162109375,10.528213500976562,46.0,charging,false,0,,,44.8,FLAG_KEEP_SCREEN_ON,no_load_injected_background_apps_unverified,
2026-08-22T08:40:55.597226Z,1.0.0,realme_RMX3760_api35,1.0.0+1,release,mobilenet_v3_small_dynamic_int8,1c3ca9e08ab14de0d8e7ca58f127b9955ae2cf3e9ffaad5033952bcbb51dd82f,mobilenet_v3_small,dynamic_int8,float32,float32,1x224x224x3,builtin_cpu,none,none_builtin,,1,1,18,measured,60,296.217000,2.844000,171.337890625,10.528457641601562,46.0,charging,false,0,,,44.8,FLAG_KEEP_SCREEN_ON,no_load_injected_background_apps_unverified,
2026-08-22T08:40:55.939437Z,1.0.0,realme_RMX3760_api35,1.0.0+1,release,mobilenet_v3_small_dynamic_int8,1c3ca9e08ab14de0d8e7ca58f127b9955ae2cf3e9ffaad5033952bcbb51dd82f,mobilenet_v3_small,dynamic_int8,float32,float32,1x224x224x3,builtin_cpu,none,none_builtin,,1,1,18,measured,61,289.505000,2.844000,171.341796875,10.528701782226562,46.0,charging,false,0,,,44.8,FLAG_KEEP_SCREEN_ON,no_load_injected_background_apps_unverified,
2026-08-22T08:40:56.276196Z,1.0.0,realme_RMX3760_api35,1.0.0+1,release,mobilenet_v3_small_dynamic_int8,1c3ca9e08ab14de0d8e7ca58f127b9955ae2cf3e9ffaad5033952bcbb51dd82f,mobilenet_v3_small,dynamic_int8,float32,float32,1x224x224x3,builtin_cpu,none,none_builtin,,1,1,18,measured,62,284.078000,2.844000,171.083984375,10.560195922851562,46.0,charging,false,0,,,44.8,FLAG_KEEP_SCREEN_ON,no_load_injected_background_apps_unverified,
2026-08-22T08:40:56.639504Z,1.0.0,realme_RMX3760_api35,1.0.0+1,release,mobilenet_v3_small_dynamic_int8,1c3ca9e08ab14de0d8e7ca58f127b9955ae2cf3e9ffaad5033952bcbb51dd82f,mobilenet_v3_small,dynamic_int8,float32,float32,1x224x224x3,builtin_cpu,none,none_builtin,,1,1,18,measured,63,308.006000,2.844000,171.791015625,10.560440063476562,46.0,charging,false,0,,,44.8,FLAG_KEEP_SCREEN_ON,no_load_injected_background_apps_unverified,
2026-08-22T08:40:56.984068Z,1.0.0,realme_RMX3760_api35,1.0.0+1,release,mobilenet_v3_small_dynamic_int8,1c3ca9e08ab14de0d8e7ca58f127b9955ae2cf3e9ffaad5033952bcbb51dd82f,mobilenet_v3_small,dynamic_int8,float32,float32,1x224x224x3,builtin_cpu,none,none_builtin,,1,1,18,measured,64,291.144000,2.844000,171.794921875,10.560684204101562,46.0,charging,false,0,,,44.8,FLAG_KEEP_SCREEN_ON,no_load_injected_background_apps_unverified,
2026-08-22T08:40:57.340595Z,1.0.0,realme_RMX3760_api35,1.0.0+1,release,mobilenet_v3_small_dynamic_int8,1c3ca9e08ab14de0d8e7ca58f127b9955ae2cf3e9ffaad5033952bcbb51dd82f,mobilenet_v3_small,dynamic_int8,float32,float32,1x224x224x3,builtin_cpu,none,none_builtin,,1,1,18,measured,65,301.890000,2.844000,171.693359375,10.560928344726562,46.0,charging,false,0,,,44.8,FLAG_KEEP_SCREEN_ON,no_load_injected_background_apps_unverified,
2026-08-22T08:40:57.693715Z,1.0.0,realme_RMX3760_api35,1.0.0+1,release,mobilenet_v3_small_dynamic_int8,1c3ca9e08ab14de0d8e7ca58f127b9955ae2cf3e9ffaad5033952bcbb51dd82f,mobilenet_v3_small,dynamic_int8,float32,float32,1x224x224x3,builtin_cpu,none,none_builtin,,1,1,18,measured,66,302.337000,2.844000,171.322265625,10.561172485351562,46.0,charging,false,0,,,44.8,FLAG_KEEP_SCREEN_ON,no_load_injected_background_apps_unverified,
2026-08-22T08:40:58.044492Z,1.0.0,realme_RMX3760_api35,1.0.0+1,release,mobilenet_v3_small_dynamic_int8,1c3ca9e08ab14de0d8e7ca58f127b9955ae2cf3e9ffaad5033952bcbb51dd82f,mobilenet_v3_small,dynamic_int8,float32,float32,1x224x224x3,builtin_cpu,none,none_builtin,,1,1,18,measured,67,297.573000,2.844000,171.369140625,10.561416625976562,46.0,charging,false,0,,,44.8,FLAG_KEEP_SCREEN_ON,no_load_injected_background_apps_unverified,
2026-08-22T08:40:58.401227Z,1.0.0,realme_RMX3760_api35,1.0.0+1,release,mobilenet_v3_small_dynamic_int8,1c3ca9e08ab14de0d8e7ca58f127b9955ae2cf3e9ffaad5033952bcbb51dd82f,mobilenet_v3_small,dynamic_int8,float32,float32,1x224x224x3,builtin_cpu,none,none_builtin,,1,1,18,measured,68,305.955000,2.844000,171.373046875,10.561660766601562,46.0,charging,false,0,,,44.8,FLAG_KEEP_SCREEN_ON,no_load_injected_background_apps_unverified,
2026-08-22T08:40:58.742954Z,1.0.0,realme_RMX3760_api35,1.0.0+1,release,mobilenet_v3_small_dynamic_int8,1c3ca9e08ab14de0d8e7ca58f127b9955ae2cf3e9ffaad5033952bcbb51dd82f,mobilenet_v3_small,dynamic_int8,float32,float32,1x224x224x3,builtin_cpu,none,none_builtin,,1,1,18,measured,69,289.681000,2.844000,172.369140625,10.593154907226562,46.0,charging,false,0,,,44.8,FLAG_KEEP_SCREEN_ON,no_load_injected_background_apps_unverified,
2026-08-22T08:40:59.088339Z,1.0.0,realme_RMX3760_api35,1.0.0+1,release,mobilenet_v3_small_dynamic_int8,1c3ca9e08ab14de0d8e7ca58f127b9955ae2cf3e9ffaad5033952bcbb51dd82f,mobilenet_v3_small,dynamic_int8,float32,float32,1x224x224x3,builtin_cpu,none,none_builtin,,1,1,18,measured,70,289.360000,2.844000,172.376953125,10.593399047851562,46.0,charging,false,0,,,44.8,FLAG_KEEP_SCREEN_ON,no_load_injected_background_apps_unverified,
2026-08-22T08:40:59.438577Z,1.0.0,realme_RMX3760_api35,1.0.0+1,release,mobilenet_v3_small_dynamic_int8,1c3ca9e08ab14de0d8e7ca58f127b9955ae2cf3e9ffaad5033952bcbb51dd82f,mobilenet_v3_small,dynamic_int8,float32,float32,1x224x224x3,builtin_cpu,none,none_builtin,,1,1,18,measured,71,297.738000,2.844000,170.990234375,10.593643188476562,46.0,charging,false,0,,,44.8,FLAG_KEEP_SCREEN_ON,no_load_injected_background_apps_unverified,
2026-08-22T08:40:59.784256Z,1.0.0,realme_RMX3760_api35,1.0.0+1,release,mobilenet_v3_small_dynamic_int8,1c3ca9e08ab14de0d8e7ca58f127b9955ae2cf3e9ffaad5033952bcbb51dd82f,mobilenet_v3_small,dynamic_int8,float32,float32,1x224x224x3,builtin_cpu,none,none_builtin,,1,1,18,measured,72,291.565000,2.844000,171.345703125,10.593887329101562,46.0,charging,false,0,,,44.8,FLAG_KEEP_SCREEN_ON,no_load_injected_background_apps_unverified,
2026-08-22T08:41:00.127257Z,1.0.0,realme_RMX3760_api35,1.0.0+1,release,mobilenet_v3_small_dynamic_int8,1c3ca9e08ab14de0d8e7ca58f127b9955ae2cf3e9ffaad5033952bcbb51dd82f,mobilenet_v3_small,dynamic_int8,float32,float32,1x224x224x3,builtin_cpu,none,none_builtin,,1,1,18,measured,73,290.378000,2.844000,171.419921875,10.594131469726562,46.0,charging,false,0,,,44.8,FLAG_KEEP_SCREEN_ON,no_load_injected_background_apps_unverified,
2026-08-22T08:41:00.490111Z,1.0.0,realme_RMX3760_api35,1.0.0+1,release,mobilenet_v3_small_dynamic_int8,1c3ca9e08ab14de0d8e7ca58f127b9955ae2cf3e9ffaad5033952bcbb51dd82f,mobilenet_v3_small,dynamic_int8,float32,float32,1x224x224x3,builtin_cpu,none,none_builtin,,1,1,18,measured,74,311.719000,2.844000,171.244140625,10.594375610351562,46.0,charging,false,0,,,44.8,FLAG_KEEP_SCREEN_ON,no_load_injected_background_apps_unverified,
2026-08-22T08:41:00.839506Z,1.0.0,realme_RMX3760_api35,1.0.0+1,release,mobilenet_v3_small_dynamic_int8,1c3ca9e08ab14de0d8e7ca58f127b9955ae2cf3e9ffaad5033952bcbb51dd82f,mobilenet_v3_small,dynamic_int8,float32,float32,1x224x224x3,builtin_cpu,none,none_builtin,,1,1,18,measured,75,298.420000,2.844000,171.376953125,10.625869750976562,46.0,charging,false,0,,,44.8,FLAG_KEEP_SCREEN_ON,no_load_injected_background_apps_unverified,
2026-08-22T08:41:01.182999Z,1.0.0,realme_RMX3760_api35,1.0.0+1,release,mobilenet_v3_small_dynamic_int8,1c3ca9e08ab14de0d8e7ca58f127b9955ae2cf3e9ffaad5033952bcbb51dd82f,mobilenet_v3_small,dynamic_int8,float32,float32,1x224x224x3,builtin_cpu,none,none_builtin,,1,1,18,measured,76,290.540000,2.844000,171.380859375,10.626113891601562,46.0,charging,false,0,,,44.9,FLAG_KEEP_SCREEN_ON,no_load_injected_background_apps_unverified,
2026-08-22T08:41:01.527680Z,1.0.0,realme_RMX3760_api35,1.0.0+1,release,mobilenet_v3_small_dynamic_int8,1c3ca9e08ab14de0d8e7ca58f127b9955ae2cf3e9ffaad5033952bcbb51dd82f,mobilenet_v3_small,dynamic_int8,float32,float32,1x224x224x3,builtin_cpu,none,none_builtin,,1,1,18,measured,77,289.840000,2.844000,171.779296875,10.626358032226562,46.0,charging,false,0,,,44.9,FLAG_KEEP_SCREEN_ON,no_load_injected_background_apps_unverified,
2026-08-22T08:41:01.872032Z,1.0.0,realme_RMX3760_api35,1.0.0+1,release,mobilenet_v3_small_dynamic_int8,1c3ca9e08ab14de0d8e7ca58f127b9955ae2cf3e9ffaad5033952bcbb51dd82f,mobilenet_v3_small,dynamic_int8,float32,float32,1x224x224x3,builtin_cpu,none,none_builtin,,1,1,18,measured,78,288.745000,2.844000,171.919921875,10.626602172851562,46.0,charging,false,0,,,44.9,FLAG_KEEP_SCREEN_ON,no_load_injected_background_apps_unverified,
2026-08-22T08:41:02.221576Z,1.0.0,realme_RMX3760_api35,1.0.0+1,release,mobilenet_v3_small_dynamic_int8,1c3ca9e08ab14de0d8e7ca58f127b9955ae2cf3e9ffaad5033952bcbb51dd82f,mobilenet_v3_small,dynamic_int8,float32,float32,1x224x224x3,builtin_cpu,none,none_builtin,,1,1,18,measured,79,297.879000,2.844000,171.923828125,10.626846313476562,46.0,charging,false,0,,,44.9,FLAG_KEEP_SCREEN_ON,no_load_injected_background_apps_unverified,
2026-08-22T08:41:02.566339Z,1.0.0,realme_RMX3760_api35,1.0.0+1,release,mobilenet_v3_small_dynamic_int8,1c3ca9e08ab14de0d8e7ca58f127b9955ae2cf3e9ffaad5033952bcbb51dd82f,mobilenet_v3_small,dynamic_int8,float32,float32,1x224x224x3,builtin_cpu,none,none_builtin,,1,1,18,measured,80,292.828000,2.844000,171.787109375,10.627090454101562,46.0,charging,false,0,,,44.9,FLAG_KEEP_SCREEN_ON,no_load_injected_background_apps_unverified,
2026-08-22T08:41:02.916161Z,1.0.0,realme_RMX3760_api35,1.0.0+1,release,mobilenet_v3_small_dynamic_int8,1c3ca9e08ab14de0d8e7ca58f127b9955ae2cf3e9ffaad5033952bcbb51dd82f,mobilenet_v3_small,dynamic_int8,float32,float32,1x224x224x3,builtin_cpu,none,none_builtin,,1,1,18,measured,81,298.882000,2.844000,171.287109375,10.658584594726562,46.0,charging,false,0,,,44.9,FLAG_KEEP_SCREEN_ON,no_load_injected_background_apps_unverified,
2026-08-22T08:41:03.264787Z,1.0.0,realme_RMX3760_api35,1.0.0+1,release,mobilenet_v3_small_dynamic_int8,1c3ca9e08ab14de0d8e7ca58f127b9955ae2cf3e9ffaad5033952bcbb51dd82f,mobilenet_v3_small,dynamic_int8,float32,float32,1x224x224x3,builtin_cpu,none,none_builtin,,1,1,18,measured,82,292.993000,2.844000,171.357421875,10.658828735351562,46.0,charging,false,0,,,44.9,FLAG_KEEP_SCREEN_ON,no_load_injected_background_apps_unverified,
2026-08-22T08:41:03.611143Z,1.0.0,realme_RMX3760_api35,1.0.0+1,release,mobilenet_v3_small_dynamic_int8,1c3ca9e08ab14de0d8e7ca58f127b9955ae2cf3e9ffaad5033952bcbb51dd82f,mobilenet_v3_small,dynamic_int8,float32,float32,1x224x224x3,builtin_cpu,none,none_builtin,,1,1,18,measured,83,294.331000,2.844000,171.337890625,10.659072875976562,46.0,charging,false,0,,,44.9,FLAG_KEEP_SCREEN_ON,no_load_injected_background_apps_unverified,
2026-08-22T08:41:03.954187Z,1.0.0,realme_RMX3760_api35,1.0.0+1,release,mobilenet_v3_small_dynamic_int8,1c3ca9e08ab14de0d8e7ca58f127b9955ae2cf3e9ffaad5033952bcbb51dd82f,mobilenet_v3_small,dynamic_int8,float32,float32,1x224x224x3,builtin_cpu,none,none_builtin,,1,1,18,measured,84,291.125000,2.844000,171.353515625,10.659317016601562,46.0,charging,false,0,,,44.9,FLAG_KEEP_SCREEN_ON,no_load_injected_background_apps_unverified,
2026-08-22T08:41:04.304891Z,1.0.0,realme_RMX3760_api35,1.0.0+1,release,mobilenet_v3_small_dynamic_int8,1c3ca9e08ab14de0d8e7ca58f127b9955ae2cf3e9ffaad5033952bcbb51dd82f,mobilenet_v3_small,dynamic_int8,float32,float32,1x224x224x3,builtin_cpu,none,none_builtin,,1,1,18,measured,85,295.126000,2.844000,171.357421875,10.659561157226562,46.0,charging,false,0,,,44.9,FLAG_KEEP_SCREEN_ON,no_load_injected_background_apps_unverified,
2026-08-22T08:41:04.642937Z,1.0.0,realme_RMX3760_api35,1.0.0+1,release,mobilenet_v3_small_dynamic_int8,1c3ca9e08ab14de0d8e7ca58f127b9955ae2cf3e9ffaad5033952bcbb51dd82f,mobilenet_v3_small,dynamic_int8,float32,float32,1x224x224x3,builtin_cpu,none,none_builtin,,1,1,18,measured,86,286.000000,2.844000,171.724609375,10.659805297851562,46.0,charging,false,0,,,44.9,FLAG_KEEP_SCREEN_ON,no_load_injected_background_apps_unverified,
2026-08-22T08:41:04.987619Z,1.0.0,realme_RMX3760_api35,1.0.0+1,release,mobilenet_v3_small_dynamic_int8,1c3ca9e08ab14de0d8e7ca58f127b9955ae2cf3e9ffaad5033952bcbb51dd82f,mobilenet_v3_small,dynamic_int8,float32,float32,1x224x224x3,builtin_cpu,none,none_builtin,,1,1,18,measured,87,289.753000,2.844000,171.431640625,10.691299438476562,46.0,charging,false,0,,,44.9,FLAG_KEEP_SCREEN_ON,no_load_injected_background_apps_unverified,
2026-08-22T08:41:05.332468Z,1.0.0,realme_RMX3760_api35,1.0.0+1,release,mobilenet_v3_small_dynamic_int8,1c3ca9e08ab14de0d8e7ca58f127b9955ae2cf3e9ffaad5033952bcbb51dd82f,mobilenet_v3_small,dynamic_int8,float32,float32,1x224x224x3,builtin_cpu,none,none_builtin,,1,1,18,measured,88,291.265000,2.844000,171.435546875,10.691543579101562,46.0,charging,false,0,,,44.9,FLAG_KEEP_SCREEN_ON,no_load_injected_background_apps_unverified,
2026-08-22T08:41:05.679756Z,1.0.0,realme_RMX3760_api35,1.0.0+1,release,mobilenet_v3_small_dynamic_int8,1c3ca9e08ab14de0d8e7ca58f127b9955ae2cf3e9ffaad5033952bcbb51dd82f,mobilenet_v3_small,dynamic_int8,float32,float32,1x224x224x3,builtin_cpu,none,none_builtin,,1,1,18,measured,89,294.720000,2.844000,171.341796875,10.691787719726562,46.0,charging,false,0,,,44.9,FLAG_KEEP_SCREEN_ON,no_load_injected_background_apps_unverified,
2026-08-22T08:41:06.034782Z,1.0.0,realme_RMX3760_api35,1.0.0+1,release,mobilenet_v3_small_dynamic_int8,1c3ca9e08ab14de0d8e7ca58f127b9955ae2cf3e9ffaad5033952bcbb51dd82f,mobilenet_v3_small,dynamic_int8,float32,float32,1x224x224x3,builtin_cpu,none,none_builtin,,1,1,18,measured,90,304.043000,2.844000,171.412109375,10.692031860351562,46.0,charging,false,0,,,44.9,FLAG_KEEP_SCREEN_ON,no_load_injected_background_apps_unverified,
2026-08-22T08:41:06.376849Z,1.0.0,realme_RMX3760_api35,1.0.0+1,release,mobilenet_v3_small_dynamic_int8,1c3ca9e08ab14de0d8e7ca58f127b9955ae2cf3e9ffaad5033952bcbb51dd82f,mobilenet_v3_small,dynamic_int8,float32,float32,1x224x224x3,builtin_cpu,none,none_builtin,,1,1,18,measured,91,289.030000,2.844000,171.423828125,10.692276000976562,46.0,charging,false,0,,,44.9,FLAG_KEEP_SCREEN_ON,no_load_injected_background_apps_unverified,
2026-08-22T08:41:06.723521Z,1.0.0,realme_RMX3760_api35,1.0.0+1,release,mobilenet_v3_small_dynamic_int8,1c3ca9e08ab14de0d8e7ca58f127b9955ae2cf3e9ffaad5033952bcbb51dd82f,mobilenet_v3_small,dynamic_int8,float32,float32,1x224x224x3,builtin_cpu,none,none_builtin,,1,1,18,measured,92,294.396000,2.844000,171.091796875,10.692520141601562,46.0,charging,false,0,,,44.9,FLAG_KEEP_SCREEN_ON,no_load_injected_background_apps_unverified,
2026-08-22T08:41:07.079370Z,1.0.0,realme_RMX3760_api35,1.0.0+1,release,mobilenet_v3_small_dynamic_int8,1c3ca9e08ab14de0d8e7ca58f127b9955ae2cf3e9ffaad5033952bcbb51dd82f,mobilenet_v3_small,dynamic_int8,float32,float32,1x224x224x3,builtin_cpu,none,none_builtin,,1,1,18,measured,93,301.655000,2.844000,171.408203125,10.692764282226562,46.0,charging,false,0,,,44.9,FLAG_KEEP_SCREEN_ON,no_load_injected_background_apps_unverified,
